AccountID,CustomerID,BankID,AccountType,Balance,AccountStatus,OpeningDate,BranchID,AverageMonthlyBalance,TransactionLimit,InternationalEnabled
AC0000001,C000001,7,Credit,3202.78,Dormant,2017-05-18,B02003,6930.88,25000,True
AC0000002,C000002,8,Current,3656.49,Active,2024-11-01,B09002,9601.36,250000,True
AC0000003,C000003,1,Current,45567.56,Active,2025-10-09,B10005,26485.81,250000,True
AC0000004,C000004,9,Checking,2687.85,Active,2017-05-09,B08007,8626.46,50000,False
AC0000005,C000005,8,Current,16762.24,Active,2021-05-11,B04007,6967.6,250000,True
AC0000006,C000006,8,Credit,16385.49,Active,2022-12-03,B02010,3663.89,100000,True
AC0000007,C000007,4,Business,7124.26,Active,2025-03-22,B07003,23860.88,100000,True
AC0000008,C000008,9,Business,16909.06,Active,2018-12-21,B05009,9463.77,25000,True
AC0000009,C000009,4,Credit,25150.25,Active,2022-11-28,B10010,9158.07,25000,True
AC0000010,C000010,1,Current,11557.95,Active,2022-07-31,B05009,7689.35,100000,True
AC0000011,C000011,10,Business,7666.47,Active,2017-08-04,B06010,10351.24,50000,True
AC0000012,C000012,3,Current,3886.62,Active,2018-10-18,B05004,12776.79,25000,True
AC0000013,C000013,2,Credit,16349.86,Active,2019-06-29,B05004,10159.96,50000,True
AC0000014,C000014,7,Business,32575.47,Dormant,2016-07-20,B10004,7201.53,25000,True
AC0000015,C000015,3,Credit,13696.87,Active,2020-05-27,B10006,8168.72,250000,True
AC0000016,C000016,9,Checking,53817.36,Active,2025-12-05,B03004,2257.83,250000,False
AC0000017,C000017,5,Business,5491.01,Active,2018-01-02,B08009,13955.7,25000,True
AC0000018,C000018,1,Business,8313.59,Active,2017-11-23,B07009,18095.08,100000,True
AC0000019,C000019,10,Current,9951.43,Active,2024-07-09,B07004,7893.12,25000,False
AC0000020,C000020,6,Current,9817.69,Dormant,2022-12-28,B04007,4985.85,250000,True
AC0000021,C000021,3,Business,16562.05,Active,2017-01-07,B04005,12563.33,50000,False
AC0000022,C000022,7,Current,33103.78,Active,2025-10-23,B03010,7259.38,250000,True
AC0000023,C000023,6,Business,43722.07,Active,2020-10-22,B04003,6114.39,250000,False
AC0000024,C000024,1,Current,10389.64,Active,2023-10-04,B02002,17869.69,25000,False
AC0000025,C000025,8,Credit,1230.51,Active,2020-09-17,B10008,6512.48,250000,True
AC0000026,C000026,5,Business,188591.3,Active,2025-03-12,B09009,19079.73,25000,False
AC0000027,C000027,7,Current,857.44,Active,2025-11-26,B02002,19310.03,25000,True
AC0000028,C000028,9,Checking,10804.56,Active,2023-03-21,B05005,7706.19,50000,True
AC0000029,C000029,7,Current,19963.12,Active,2018-10-26,B06004,8773.33,25000,False
AC0000030,C000030,7,Current,6623.4,Active,2018-08-25,B06007,10402.04,100000,True
AC0000031,C000031,3,Business,52881.13,Active,2017-12-25,B06007,2517.96,250000,False
AC0000032,C000032,3,Business,11187.0,Active,2023-06-06,B04006,5337.24,100000,True
AC0000033,C000033,5,Checking,16141.98,Active,2016-12-08,B02006,7337.63,50000,False
AC0000034,C000034,9,Credit,10815.7,Active,2024-03-15,B01010,6100.77,100000,False
AC0000035,C000035,6,Savings,51315.49,Active,2017-01-24,B06003,8908.79,250000,False
AC0000036,C000036,4,Checking,5393.85,Active,2019-08-07,B05004,14196.28,100000,False
AC0000037,C000037,8,Credit,2798.95,Active,2025-06-12,B04003,15246.46,250000,True
AC0000038,C000038,9,Credit,5703.93,Active,2023-12-08,B08008,4302.23,50000,True
AC0000039,C000039,10,Credit,100872.29,Dormant,2024-06-19,B01004,4825.02,25000,True
AC0000040,C000040,3,Savings,7194.17,Active,2025-01-10,B06003,3025.77,50000,True
AC0000041,C000041,8,Checking,20717.21,Active,2025-03-26,B07001,2371.22,25000,True
AC0000042,C000042,6,Credit,5017.22,Active,2018-03-27,B03001,5432.39,50000,False
AC0000043,C000043,5,Credit,9929.26,Active,2022-03-17,B07008,7012.96,100000,True
AC0000044,C000044,4,Current,3090.3,Active,2017-09-13,B07006,7465.45,50000,True
AC0000045,C000045,2,Current,24273.88,Active,2017-03-29,B04005,2353.5,100000,True
AC0000046,C000046,3,Checking,11393.18,Active,2022-02-27,B07004,3013.33,250000,True
AC0000047,C000047,6,Savings,35117.0,Closed,2015-02-01,B07006,9143.35,25000,True
AC0000048,C000048,9,Credit,7041.25,Active,2024-02-14,B07008,12080.86,50000,False
AC0000049,C000049,9,Checking,5217.58,Dormant,2022-12-10,B03005,7867.87,100000,True
AC0000050,C000050,2,Business,1505.21,Active,2015-07-21,B04005,15364.15,25000,True
AC0000051,C000051,7,Savings,10484.58,Active,2020-02-07,B05007,20568.72,100000,True
AC0000052,C000052,1,Credit,3476.88,Active,2015-04-20,B04003,14048.03,100000,True
AC0000053,C000053,7,Checking,56028.66,Active,2025-10-23,B05004,9279.56,100000,False
AC0000054,C000054,4,Business,5213.85,Active,2021-08-18,B10009,12494.15,25000,True
AC0000055,C000055,5,Current,20730.28,Active,2017-03-25,B10006,14238.77,25000,True
AC0000056,C000056,8,Checking,9576.28,Active,2019-12-01,B03003,22090.8,100000,True
AC0000057,C000057,5,Checking,10546.05,Closed,2017-07-18,B01005,10552.44,250000,True
AC0000058,C000058,9,Current,2818.59,Active,2019-02-11,B04007,8309.06,100000,True
AC0000059,C000059,6,Current,13168.74,Active,2021-09-26,B08003,9489.41,250000,True
AC0000060,C000060,10,Credit,11865.47,Dormant,2018-03-15,B03006,16858.5,50000,True
AC0000061,C000061,7,Credit,17917.82,Active,2022-11-18,B10004,10978.15,25000,True
AC0000062,C000062,3,Credit,36499.71,Active,2018-01-22,B04009,7828.42,25000,True
AC0000063,C000063,8,Business,6451.87,Active,2018-04-19,B07002,2553.41,250000,False
AC0000064,C000064,5,Business,25921.35,Active,2024-09-04,B10006,3884.38,25000,False
AC0000065,C000065,6,Checking,3123.34,Active,2016-11-17,B07006,7329.38,50000,True
AC0000066,C000066,2,Current,5602.89,Active,2025-04-24,B09007,2640.01,50000,True
AC0000067,C000067,2,Credit,6251.91,Active,2015-11-03,B01005,7898.47,100000,True
AC0000068,C000068,6,Credit,6172.69,Active,2025-02-18,B03009,2492.26,50000,False
AC0000069,C000069,2,Business,3591.8,Active,2018-06-19,B01009,2138.39,50000,True
AC0000070,C000070,10,Checking,6459.91,Active,2024-09-02,B08009,8254.3,25000,False
AC0000071,C000071,9,Business,9003.04,Active,2015-12-09,B04001,8792.71,250000,True
AC0000072,C000072,8,Credit,5841.48,Active,2017-10-09,B08006,34372.1,50000,False
AC0000073,C000073,8,Current,24597.43,Active,2021-04-06,B04003,3962.7,50000,True
AC0000074,C000074,6,Business,25000.84,Active,2018-08-17,B07010,5864.3,100000,True
AC0000075,C000075,1,Business,43674.62,Active,2024-09-03,B02007,8213.96,100000,False
AC0000076,C000076,4,Checking,31889.44,Active,2018-04-01,B06005,1977.34,25000,True
AC0000077,C000077,5,Credit,40474.66,Active,2018-06-12,B07008,3910.34,50000,True
AC0000078,C000078,10,Current,8457.88,Active,2023-11-09,B06005,11901.91,250000,True
AC0000079,C000079,3,Credit,7348.26,Active,2018-04-02,B09001,7959.62,250000,True
AC0000080,C000080,5,Checking,13043.63,Dormant,2024-04-14,B09009,4626.72,25000,True
AC0000081,C000081,4,Checking,12404.22,Active,2018-01-19,B08003,5755.9,25000,True
AC0000082,C000082,2,Business,41427.43,Active,2018-12-27,B08005,13900.57,25000,False
AC0000083,C000083,2,Checking,12603.61,Active,2023-06-05,B08010,9323.3,250000,True
AC0000084,C000084,4,Checking,10337.88,Active,2022-09-29,B10004,17818.36,100000,True
AC0000085,C000085,1,Savings,11720.82,Active,2016-01-21,B10006,9199.57,25000,True
AC0000086,C000086,1,Checking,19022.36,Active,2016-10-05,B05004,19171.76,25000,False
AC0000087,C000087,4,Current,5669.29,Active,2018-06-27,B02006,15519.04,25000,True
AC0000088,C000088,3,Savings,26834.6,Active,2021-04-10,B05002,1817.58,25000,True
AC0000089,C000089,6,Checking,11527.63,Active,2022-02-28,B04005,3767.89,100000,True
AC0000090,C000090,1,Business,3779.91,Active,2024-11-12,B02010,11583.53,50000,True
AC0000091,C000091,4,Credit,8033.77,Active,2017-12-30,B02003,8780.05,50000,True
AC0000092,C000092,5,Business,13064.29,Active,2019-03-10,B09001,4041.34,250000,False
AC0000093,C000093,10,Credit,11781.73,Active,2019-04-29,B03009,5895.64,100000,False
AC0000094,C000094,7,Checking,13461.05,Active,2018-05-22,B07004,22184.33,250000,True
AC0000095,C000095,9,Savings,36536.78,Active,2021-04-24,B07008,14148.87,100000,True
AC0000096,C000096,4,Current,11800.62,Active,2019-03-04,B02004,1441.9,25000,False
AC0000097,C000097,5,Current,19783.62,Active,2018-06-25,B01003,5815.8,25000,False
AC0000098,C000098,5,Savings,108205.31,Active,2017-06-05,B07008,6335.67,50000,True
AC0000099,C000099,9,Current,3985.62,Active,2020-01-29,B06009,6891.7,50000,False
AC0000100,C000100,10,Business,48716.71,Active,2019-03-24,B06007,5333.03,100000,True
AC0000101,C000101,10,Savings,3625.92,Active,2017-08-11,B01004,4852.07,250000,False
AC0000102,C000102,8,Credit,27163.62,Active,2018-08-09,B02004,1352.06,100000,False
AC0000103,C000103,6,Credit,7192.84,Active,2020-08-04,B08009,3666.75,100000,True
AC0000104,C000104,6,Current,10756.71,Dormant,2018-08-04,B02007,2411.82,50000,True
AC0000105,C000105,10,Checking,12020.95,Active,2023-06-27,B01009,7317.7,100000,True
AC0000106,C000106,3,Current,4382.17,Active,2016-07-03,B02003,7963.59,25000,False
AC0000107,C000107,4,Savings,15265.88,Active,2023-03-29,B03002,15384.48,250000,True
AC0000108,C000108,9,Checking,3253.62,Active,2024-05-14,B05001,7861.7,250000,False
AC0000109,C000109,4,Checking,35574.02,Active,2017-03-16,B08003,11405.42,100000,True
AC0000110,C000110,3,Savings,10514.13,Active,2022-07-28,B01008,6323.9,25000,False
AC0000111,C000111,6,Credit,45827.12,Dormant,2020-05-28,B01002,19918.19,100000,True
AC0000112,C000112,4,Savings,19523.81,Active,2015-04-27,B05009,5887.55,100000,True
AC0000113,C000113,9,Business,1864.76,Active,2025-12-08,B03004,8000.95,250000,True
AC0000114,C000114,10,Savings,12301.04,Active,2016-02-27,B08007,1572.64,50000,True
AC0000115,C000115,4,Current,11252.93,Active,2024-05-30,B03005,2708.9,100000,True
AC0000116,C000116,6,Business,17951.04,Active,2025-05-31,B03005,7700.79,100000,True
AC0000117,C000117,10,Credit,7990.22,Dormant,2021-02-28,B04010,2732.95,50000,True
AC0000118,C000118,8,Current,27239.82,Active,2016-12-22,B08006,3179.23,50000,True
AC0000119,C000119,3,Credit,25677.2,Active,2015-04-15,B02002,10562.35,100000,False
AC0000120,C000120,6,Checking,4407.88,Active,2025-08-03,B05001,3815.46,250000,False
AC0000121,C000121,7,Current,3846.81,Active,2015-05-05,B01010,3413.41,250000,True
AC0000122,C000122,7,Business,20271.46,Dormant,2017-10-06,B06005,31268.53,100000,True
AC0000123,C000123,1,Business,45276.84,Active,2022-09-11,B03009,2467.49,50000,True
AC0000124,C000124,3,Current,6655.51,Active,2022-09-10,B09002,12645.33,50000,True
AC0000125,C000125,9,Credit,6063.06,Active,2015-10-06,B07005,4014.4,100000,True
AC0000126,C000126,3,Savings,8127.5,Active,2024-11-23,B09006,4939.77,50000,True
AC0000127,C000127,3,Business,21257.37,Active,2024-11-15,B06010,12747.3,250000,False
AC0000128,C000128,4,Current,32635.83,Active,2019-08-04,B01010,3957.16,25000,True
AC0000129,C000129,2,Checking,26838.69,Active,2017-02-08,B01007,4192.72,100000,True
AC0000130,C000130,2,Checking,13247.61,Active,2022-06-07,B06005,4820.47,250000,True
AC0000131,C000131,4,Business,903.67,Active,2022-10-22,B10005,16783.55,25000,True
AC0000132,C000132,9,Current,13060.69,Active,2015-12-16,B02005,10250.13,50000,True
AC0000133,C000133,1,Business,5783.35,Active,2018-06-03,B02001,11930.07,50000,True
AC0000134,C000134,3,Credit,3676.97,Active,2015-03-03,B01007,20453.26,50000,True
AC0000135,C000135,1,Current,7589.47,Active,2023-10-03,B08005,6423.47,25000,False
AC0000136,C000136,6,Savings,6500.66,Active,2021-09-07,B03005,8080.33,250000,True
AC0000137,C000137,3,Checking,10577.88,Active,2019-09-28,B01003,8837.77,25000,True
AC0000138,C000138,8,Savings,39493.59,Active,2015-06-16,B09006,2229.83,250000,False
AC0000139,C000139,6,Savings,8697.48,Active,2016-07-23,B07009,4477.82,100000,True
AC0000140,C000140,8,Credit,36058.39,Dormant,2019-11-26,B06003,3579.87,50000,True
AC0000141,C000141,7,Checking,48586.34,Active,2025-01-23,B08002,10189.66,50000,False
AC0000142,C000142,5,Credit,74609.05,Active,2025-01-04,B03003,5652.31,250000,False
AC0000143,C000143,9,Business,15202.23,Active,2023-02-27,B06008,23280.23,100000,False
AC0000144,C000144,5,Current,15836.47,Dormant,2022-05-31,B02006,12799.61,100000,True
AC0000145,C000145,10,Current,28077.56,Dormant,2021-08-31,B03010,12919.03,250000,False
AC0000146,C000146,10,Checking,4646.97,Active,2023-05-10,B06008,10676.38,250000,False
AC0000147,C000147,6,Credit,6252.25,Active,2015-06-27,B02004,7403.55,25000,False
AC0000148,C000148,7,Current,20989.29,Active,2024-04-08,B01009,18851.59,250000,True
AC0000149,C000149,3,Credit,50794.34,Active,2017-09-30,B06008,4049.44,250000,True
AC0000150,C000150,9,Business,23829.53,Active,2019-09-22,B05001,3053.07,100000,True
AC0000151,C000151,7,Credit,22077.76,Active,2023-07-24,B05004,10065.3,100000,False
AC0000152,C000152,10,Current,16288.55,Active,2020-02-13,B10003,7180.29,25000,True
AC0000153,C000153,3,Business,48388.75,Active,2016-01-21,B03008,4097.04,25000,False
AC0000154,C000154,8,Business,21690.62,Active,2020-02-11,B09010,22145.78,100000,True
AC0000155,C000155,5,Current,18140.46,Active,2023-09-26,B08003,23710.97,250000,True
AC0000156,C000156,2,Credit,10832.24,Active,2023-10-27,B03005,19826.54,100000,False
AC0000157,C000157,2,Business,2866.98,Active,2024-04-23,B05010,5104.9,250000,True
AC0000158,C000158,6,Current,684.98,Dormant,2015-08-25,B10010,7147.03,100000,True
AC0000159,C000159,4,Savings,2167.21,Active,2024-02-24,B03006,16856.43,25000,False
AC0000160,C000160,2,Savings,26248.96,Dormant,2015-11-12,B07008,9348.02,250000,False
AC0000161,C000161,5,Savings,37528.9,Active,2022-02-23,B03002,6691.84,250000,True
AC0000162,C000162,7,Credit,2813.79,Active,2022-01-30,B07007,14212.13,250000,True
AC0000163,C000163,4,Savings,10596.3,Closed,2020-05-21,B10007,8586.38,50000,False
AC0000164,C000164,10,Business,19942.82,Active,2017-11-06,B06002,2449.43,25000,True
AC0000165,C000165,8,Savings,14769.92,Active,2022-04-10,B04007,40937.15,250000,True
AC0000166,C000166,6,Checking,8250.23,Active,2018-09-17,B02005,5657.77,25000,True
AC0000167,C000167,10,Checking,7529.51,Active,2020-07-20,B06006,2085.93,100000,True
AC0000168,C000168,5,Credit,39108.36,Active,2023-10-31,B10005,14020.08,50000,False
AC0000169,C000169,2,Checking,28882.33,Active,2021-04-07,B03010,5089.14,25000,False
AC0000170,C000170,1,Current,2556.34,Active,2019-04-29,B09002,5815.19,250000,False
AC0000171,C000171,10,Savings,32760.04,Active,2019-01-28,B01009,11755.74,250000,True
AC0000172,C000172,10,Business,6425.52,Active,2015-11-03,B03009,12247.05,250000,False
AC0000173,C000173,8,Credit,7884.14,Closed,2016-07-12,B10010,5416.9,250000,True
AC0000174,C000174,2,Current,21581.49,Active,2019-05-14,B08006,8154.68,250000,True
AC0000175,C000175,3,Credit,15723.36,Active,2018-01-27,B02009,6968.47,50000,True
AC0000176,C000176,1,Savings,30800.1,Active,2020-10-27,B07007,12337.26,100000,True
AC0000177,C000177,1,Current,7462.06,Active,2023-10-22,B04002,7212.05,100000,True
AC0000178,C000178,3,Checking,77838.49,Active,2016-09-28,B08008,4158.05,25000,False
AC0000179,C000179,6,Checking,4311.63,Active,2021-03-30,B05003,4432.13,25000,False
AC0000180,C000180,1,Checking,7854.08,Active,2018-09-20,B06001,11605.45,25000,True
AC0000181,C000181,10,Checking,12376.26,Active,2024-12-23,B06010,3768.79,25000,False
AC0000182,C000182,5,Business,18883.69,Active,2023-07-19,B10002,5256.04,100000,False
AC0000183,C000183,3,Business,22176.77,Active,2018-12-21,B04002,10740.66,50000,True
AC0000184,C000184,6,Checking,33007.6,Active,2016-10-15,B03003,15077.19,25000,False
AC0000185,C000185,8,Credit,32033.73,Active,2017-06-27,B08007,5499.54,250000,True
AC0000186,C000186,4,Current,11402.2,Active,2017-01-08,B05004,16265.26,100000,True
AC0000187,C000187,1,Credit,9357.24,Active,2017-12-17,B05009,34627.2,250000,False
AC0000188,C000188,1,Checking,13458.99,Active,2021-01-01,B10008,18912.13,100000,True
AC0000189,C000189,9,Savings,9542.51,Active,2022-07-17,B01006,8042.67,25000,False
AC0000190,C000190,2,Credit,51389.88,Active,2024-09-17,B06009,3796.41,250000,True
AC0000191,C000191,7,Current,17431.81,Active,2019-01-07,B08003,1884.66,50000,True
AC0000192,C000192,4,Business,15762.81,Active,2025-10-20,B06009,6133.72,250000,True
AC0000193,C000193,8,Current,3363.39,Active,2021-10-06,B01001,22970.97,50000,True
AC0000194,C000194,1,Credit,17065.25,Active,2022-03-23,B05002,3974.08,100000,True
AC0000195,C000195,9,Credit,12630.86,Active,2019-09-28,B05009,1318.97,250000,False
AC0000196,C000196,7,Savings,4642.26,Dormant,2022-11-08,B01006,23799.53,250000,True
AC0000197,C000197,5,Checking,1468.15,Active,2022-05-03,B01006,9440.3,25000,True
AC0000198,C000198,3,Checking,10406.34,Active,2024-02-02,B04002,9385.45,25000,True
AC0000199,C000199,10,Savings,8945.1,Active,2018-02-05,B02001,1439.05,25000,True
AC0000200,C000200,4,Savings,17443.36,Active,2025-10-04,B10007,4773.15,250000,True
AC0000201,C000201,5,Checking,41049.9,Active,2019-11-25,B08006,22439.01,100000,True
AC0000202,C000202,4,Business,13667.17,Active,2023-11-08,B02008,37138.08,100000,True
AC0000203,C000203,3,Checking,2139.99,Active,2025-08-10,B08002,11102.63,250000,True
AC0000204,C000204,5,Checking,18828.44,Active,2020-05-08,B06004,5446.82,50000,False
AC0000205,C000205,2,Credit,15252.7,Active,2024-06-22,B10004,11553.35,100000,True
AC0000206,C000206,1,Savings,5420.19,Active,2019-11-11,B07001,20501.96,100000,True
AC0000207,C000207,3,Credit,8954.36,Active,2021-03-02,B02001,42746.12,250000,False
AC0000208,C000208,2,Current,32292.41,Active,2019-07-28,B02001,8674.72,50000,True
AC0000209,C000209,5,Business,4644.61,Dormant,2020-03-23,B06002,6578.29,50000,True
AC0000210,C000210,9,Savings,8843.03,Active,2017-01-26,B09002,2980.59,250000,True
AC0000211,C000211,2,Business,2952.28,Active,2025-08-02,B08008,22542.29,250000,True
AC0000212,C000212,1,Credit,22931.85,Active,2024-07-16,B10006,7603.16,250000,True
AC0000213,C000213,2,Current,9291.1,Active,2022-08-18,B06002,9198.5,100000,True
AC0000214,C000214,6,Savings,15109.34,Active,2020-03-14,B04008,18958.45,25000,True
AC0000215,C000215,3,Checking,9239.87,Active,2021-08-10,B01006,8301.76,25000,True
AC0000216,C000216,5,Checking,11855.39,Closed,2023-01-27,B04006,4592.07,50000,False
AC0000217,C000217,1,Credit,83492.6,Active,2024-04-16,B04006,16347.99,100000,True
AC0000218,C000218,4,Business,9232.56,Active,2016-01-31,B05007,23873.87,50000,True
AC0000219,C000219,5,Savings,11117.89,Closed,2015-08-19,B09010,3225.97,250000,False
AC0000220,C000220,5,Checking,20166.63,Dormant,2016-02-22,B01010,4731.61,50000,True
AC0000221,C000221,6,Savings,1723.45,Active,2019-02-16,B04001,19035.93,100000,True
AC0000222,C000222,8,Business,31728.58,Active,2025-01-05,B07002,11426.64,250000,True
AC0000223,C000223,5,Business,3940.03,Active,2018-08-30,B07009,8147.27,25000,False
AC0000224,C000224,9,Current,5306.02,Active,2024-10-05,B02003,12807.64,25000,False
AC0000225,C000225,6,Current,33880.69,Active,2015-10-05,B03004,11123.71,25000,False
AC0000226,C000226,3,Current,29734.0,Active,2018-02-18,B09001,12615.98,25000,False
AC0000227,C000227,3,Business,8232.92,Active,2022-11-12,B06008,12448.86,100000,True
AC0000228,C000228,4,Credit,15931.48,Active,2020-05-13,B02008,6768.42,250000,True
AC0000229,C000229,6,Business,8662.18,Active,2019-04-02,B02007,3220.6,250000,True
AC0000230,C000230,3,Checking,24454.35,Active,2016-03-21,B05010,2220.52,100000,False
AC0000231,C000231,10,Current,165065.6,Active,2018-05-04,B09010,8795.4,25000,False
AC0000232,C000232,5,Current,12591.05,Active,2015-06-02,B07007,17793.16,25000,True
AC0000233,C000233,9,Current,20583.61,Dormant,2018-01-17,B05005,10167.76,50000,False
AC0000234,C000234,7,Business,17775.74,Active,2020-08-27,B09006,4724.47,100000,True
AC0000235,C000235,4,Savings,18150.91,Active,2018-05-02,B04009,5141.01,250000,False
AC0000236,C000236,3,Savings,7977.94,Active,2025-09-11,B05002,6579.33,25000,True
AC0000237,C000237,8,Current,6147.53,Active,2017-07-19,B07003,11397.83,50000,True
AC0000238,C000238,4,Business,40904.93,Active,2017-06-30,B09010,5446.37,50000,True
AC0000239,C000239,3,Savings,6366.56,Active,2017-09-06,B10001,6241.03,100000,False
AC0000240,C000240,10,Credit,2253.92,Active,2018-07-09,B08005,22300.7,250000,True
AC0000241,C000241,5,Checking,40413.58,Active,2023-09-16,B01007,8582.09,25000,False
AC0000242,C000242,1,Credit,24565.85,Active,2019-07-17,B10003,13545.04,250000,False
AC0000243,C000243,5,Credit,38671.37,Active,2019-11-29,B01004,6583.12,25000,False
AC0000244,C000244,5,Savings,7458.99,Active,2024-03-09,B02009,3390.1,100000,False
AC0000245,C000245,9,Current,1702.69,Active,2016-07-12,B08010,5866.2,25000,True
AC0000246,C000246,8,Checking,23010.48,Active,2022-02-24,B03002,15758.44,50000,True
AC0000247,C000247,2,Current,1070.79,Active,2015-11-06,B01001,7534.42,100000,True
AC0000248,C000248,2,Savings,4192.41,Active,2025-01-15,B10002,4304.88,250000,False
AC0000249,C000249,7,Checking,8220.96,Active,2024-01-04,B03009,10329.45,25000,True
AC0000250,C000250,1,Current,19141.83,Active,2024-03-12,B03004,6493.72,100000,True
AC0000251,C000251,4,Savings,3380.76,Active,2023-05-27,B09002,10440.75,25000,True
AC0000252,C000252,2,Credit,76801.0,Active,2019-08-21,B03009,3403.0,250000,False
AC0000253,C000253,1,Savings,9917.87,Dormant,2025-10-25,B02005,5313.97,25000,False
AC0000254,C000254,10,Credit,22883.46,Dormant,2022-05-05,B03009,4415.6,250000,False
AC0000255,C000255,1,Business,34750.26,Active,2017-03-01,B07009,3239.18,100000,True
AC0000256,C000256,1,Current,11135.71,Active,2023-01-07,B05008,3998.15,25000,False
AC0000257,C000257,10,Savings,8995.93,Active,2016-03-28,B08007,8991.25,50000,True
AC0000258,C000258,2,Current,25083.74,Active,2017-03-20,B04009,6854.63,100000,True
AC0000259,C000259,9,Business,11188.12,Active,2025-06-13,B05010,14762.46,25000,True
AC0000260,C000260,1,Business,43445.75,Active,2020-09-10,B04002,18376.69,100000,True
AC0000261,C000261,2,Savings,6987.43,Active,2018-04-28,B04001,4367.47,100000,True
AC0000262,C000262,2,Checking,19941.61,Active,2017-05-29,B02006,6759.62,50000,True
AC0000263,C000263,8,Credit,2024.56,Active,2015-09-27,B07004,5356.93,100000,True
AC0000264,C000264,7,Business,27487.78,Active,2022-03-19,B02005,4561.56,100000,True
AC0000265,C000265,5,Business,1766.01,Active,2020-08-07,B09003,22741.59,50000,True
AC0000266,C000266,3,Current,44332.83,Dormant,2017-11-29,B02008,3492.44,100000,False
AC0000267,C000267,1,Business,6791.95,Active,2017-05-05,B02006,2982.53,25000,True
AC0000268,C000268,6,Current,176382.76,Active,2016-04-04,B05010,4208.49,100000,True
AC0000269,C000269,3,Savings,15606.42,Active,2017-05-16,B03009,13788.11,25000,False
AC0000270,C000270,6,Current,18215.53,Active,2017-03-30,B01005,7123.66,100000,True
AC0000271,C000271,7,Business,12950.13,Active,2018-12-04,B08007,14320.37,25000,True
AC0000272,C000272,9,Savings,6861.91,Active,2023-10-19,B07001,6361.48,25000,False
AC0000273,C000273,5,Savings,42868.66,Active,2016-06-07,B10005,3736.6,25000,False
AC0000274,C000274,1,Checking,3941.96,Active,2015-04-03,B05002,7121.13,25000,True
AC0000275,C000275,3,Credit,65477.05,Active,2023-05-25,B06007,9086.79,50000,False
AC0000276,C000276,9,Current,7143.37,Active,2018-01-16,B01010,4758.17,100000,True
AC0000277,C000277,6,Savings,7697.74,Active,2019-06-08,B04005,9314.65,100000,True
AC0000278,C000278,7,Savings,11211.94,Active,2025-12-28,B08006,5685.56,250000,True
AC0000279,C000279,5,Savings,35491.35,Active,2019-10-11,B01006,6326.22,50000,True
AC0000280,C000280,2,Business,20535.24,Active,2024-07-27,B03006,4185.49,100000,False
AC0000281,C000281,9,Savings,2780.22,Active,2017-09-21,B02006,14547.85,250000,True
AC0000282,C000282,8,Credit,19539.33,Active,2020-03-29,B06001,21115.51,100000,True
AC0000283,C000283,10,Current,10378.69,Active,2021-03-30,B01001,3454.55,250000,True
AC0000284,C000284,9,Checking,18345.8,Active,2018-10-28,B07003,7626.54,100000,True
AC0000285,C000285,3,Savings,3989.02,Active,2022-09-05,B10005,2837.87,100000,True
AC0000286,C000286,3,Checking,32050.71,Active,2024-08-03,B08004,5590.83,100000,False
AC0000287,C000287,3,Credit,8411.84,Active,2022-09-28,B07007,13091.56,25000,True
AC0000288,C000288,10,Business,2950.91,Active,2016-05-21,B03003,17484.26,250000,True
AC0000289,C000289,6,Credit,15356.42,Active,2023-06-21,B08004,9248.31,100000,True
AC0000290,C000290,5,Credit,20255.43,Active,2017-09-26,B10002,4835.25,250000,False
AC0000291,C000291,10,Savings,2939.08,Active,2019-05-14,B03009,4863.14,50000,False
AC0000292,C000292,7,Current,22136.4,Active,2021-05-28,B10004,8701.83,100000,True
AC0000293,C000293,10,Business,15501.14,Active,2016-01-12,B03007,4568.4,25000,True
AC0000294,C000294,10,Credit,5273.54,Active,2025-11-12,B07001,9731.81,50000,False
AC0000295,C000295,1,Credit,3515.06,Active,2020-02-28,B09001,19355.45,100000,True
AC0000296,C000296,4,Credit,35297.18,Active,2016-05-26,B04005,2248.88,25000,False
AC0000297,C000297,8,Credit,10152.24,Active,2023-02-21,B02003,3752.23,25000,True
AC0000298,C000298,9,Credit,90293.07,Active,2015-05-26,B04003,9925.28,50000,True
AC0000299,C000299,2,Checking,120586.9,Active,2024-04-05,B05004,5084.13,250000,True
AC0000300,C000300,4,Business,4509.08,Active,2020-08-12,B09002,2702.93,100000,True
AC0000301,C000301,6,Current,7715.59,Active,2023-10-22,B05004,15406.78,25000,False
AC0000302,C000302,8,Business,20740.72,Active,2015-05-08,B10001,3852.46,250000,False
AC0000303,C000303,2,Checking,5398.96,Active,2020-04-20,B08004,4877.72,50000,False
AC0000304,C000304,7,Checking,2055.76,Active,2020-02-03,B09005,10710.47,250000,True
AC0000305,C000305,3,Credit,54840.09,Active,2019-06-19,B10004,8113.93,100000,True
AC0000306,C000306,3,Checking,9204.86,Active,2018-09-10,B04007,6096.37,100000,True
AC0000307,C000307,6,Business,8712.54,Active,2015-03-05,B05001,4992.12,50000,True
AC0000308,C000308,5,Checking,5799.6,Active,2025-08-11,B03004,4841.11,100000,True
AC0000309,C000309,7,Savings,24044.74,Active,2015-05-16,B03007,8832.58,100000,True
AC0000310,C000310,4,Current,21183.66,Closed,2024-12-20,B01010,3925.68,25000,False
AC0000311,C000311,9,Business,4749.1,Dormant,2015-12-16,B02004,11018.05,50000,False
AC0000312,C000312,1,Checking,3499.47,Active,2017-06-21,B03009,3636.84,100000,False
AC0000313,C000313,9,Checking,60504.32,Active,2018-03-25,B07007,25817.36,25000,True
AC0000314,C000314,1,Current,33575.94,Active,2016-03-13,B03008,5210.71,25000,True
AC0000315,C000315,8,Savings,32526.77,Active,2023-05-18,B07008,9859.71,100000,True
AC0000316,C000316,4,Business,36693.1,Active,2023-01-23,B05002,8066.66,100000,True
AC0000317,C000317,4,Current,74984.18,Active,2023-01-25,B03001,25030.18,25000,True
AC0000318,C000318,1,Business,12518.61,Active,2024-06-26,B06007,4274.59,50000,True
AC0000319,C000319,8,Checking,22480.82,Active,2020-06-08,B08007,16487.99,250000,True
AC0000320,C000320,2,Checking,19663.79,Active,2021-10-05,B04002,6032.25,25000,True
AC0000321,C000321,7,Business,26923.75,Active,2015-01-04,B01009,6841.41,50000,True
AC0000322,C000322,8,Credit,410.28,Active,2018-05-02,B02008,1592.35,250000,True
AC0000323,C000323,9,Credit,9359.46,Active,2016-11-14,B03004,6259.17,100000,False
AC0000324,C000324,8,Credit,17984.67,Active,2024-12-04,B03001,3477.77,250000,True
AC0000325,C000325,4,Checking,10161.16,Active,2022-12-05,B08007,6077.76,100000,True
AC0000326,C000326,8,Business,50915.99,Active,2022-12-22,B01007,15421.49,25000,True
AC0000327,C000327,9,Credit,26722.9,Active,2015-11-13,B08009,2807.45,100000,True
AC0000328,C000328,4,Savings,9989.3,Active,2022-10-23,B01010,8474.93,50000,False
AC0000329,C000329,2,Business,15014.49,Active,2018-09-04,B02005,5309.81,25000,True
AC0000330,C000330,9,Current,30323.17,Active,2018-11-15,B09009,4131.93,100000,False
AC0000331,C000331,2,Business,12508.79,Active,2022-12-15,B06003,1584.93,25000,True
AC0000332,C000332,6,Current,26139.11,Active,2024-08-16,B02009,8915.27,100000,True
AC0000333,C000333,3,Credit,33355.35,Active,2023-05-12,B07009,27114.24,250000,True
AC0000334,C000334,2,Business,10338.11,Active,2023-08-07,B08003,29497.6,25000,True
AC0000335,C000335,8,Savings,4073.12,Dormant,2016-01-20,B03006,2649.56,100000,True
AC0000336,C000336,2,Credit,2865.35,Active,2023-02-14,B09007,11858.05,50000,False
AC0000337,C000337,7,Credit,6989.54,Active,2022-04-17,B08001,10518.93,50000,True
AC0000338,C000338,7,Current,23106.36,Dormant,2025-08-01,B09004,13029.6,50000,False
AC0000339,C000339,1,Credit,7561.64,Active,2018-03-23,B10005,25038.46,250000,True
AC0000340,C000340,2,Savings,19892.05,Active,2023-06-16,B06001,3212.66,100000,True
AC0000341,C000341,8,Business,8315.85,Closed,2022-09-28,B05005,8456.65,100000,True
AC0000342,C000342,6,Current,13463.23,Dormant,2025-02-25,B05006,4274.21,250000,False
AC0000343,C000343,2,Business,34079.14,Active,2023-08-12,B09003,4215.68,250000,True
AC0000344,C000344,10,Current,1799.58,Active,2016-07-11,B06001,5197.33,100000,False
AC0000345,C000345,3,Savings,12542.95,Active,2020-04-25,B06008,15153.68,250000,False
AC0000346,C000346,1,Checking,10743.52,Active,2017-02-24,B06009,5504.25,50000,False
AC0000347,C000347,10,Current,3726.16,Active,2019-05-12,B10005,6260.84,50000,True
AC0000348,C000348,1,Credit,24762.36,Active,2021-06-04,B07010,10500.81,50000,False
AC0000349,C000349,6,Credit,2530.18,Active,2018-02-23,B05008,11004.51,25000,True
AC0000350,C000350,10,Business,12981.78,Active,2025-02-18,B09010,4765.82,25000,True
AC0000351,C000351,6,Savings,879.79,Active,2015-07-09,B09002,16561.25,25000,False
AC0000352,C000352,6,Savings,6947.03,Active,2025-04-03,B10007,11334.25,25000,True
AC0000353,C000353,4,Savings,5164.12,Active,2025-09-20,B08010,4499.93,25000,True
AC0000354,C000354,2,Savings,25835.2,Active,2019-06-18,B05008,11479.04,250000,False
AC0000355,C000355,6,Savings,1520.54,Active,2025-08-15,B02002,2697.68,50000,True
AC0000356,C000356,9,Business,3482.26,Active,2022-05-28,B05005,4565.72,25000,True
AC0000357,C000357,1,Checking,1691.65,Active,2015-08-15,B01001,7091.8,250000,True
AC0000358,C000358,9,Business,57243.77,Active,2023-09-11,B05010,6435.13,25000,True
AC0000359,C000359,5,Business,43691.67,Active,2025-06-19,B02002,12492.52,100000,True
AC0000360,C000360,6,Savings,6402.95,Closed,2017-03-28,B04008,12992.21,100000,True
AC0000361,C000361,2,Checking,10047.92,Active,2019-01-05,B03007,2763.89,100000,False
AC0000362,C000362,7,Current,2002.38,Active,2024-08-04,B04001,1987.23,25000,False
AC0000363,C000363,2,Current,91012.34,Active,2018-11-13,B02002,11467.04,50000,False
AC0000364,C000364,3,Current,28143.62,Active,2020-02-28,B02009,14009.18,250000,False
AC0000365,C000365,8,Credit,1646.09,Active,2016-04-29,B04002,7273.4,250000,True
AC0000366,C000366,1,Savings,11558.91,Active,2018-07-14,B03010,7860.3,100000,True
AC0000367,C000367,5,Checking,38287.54,Active,2017-02-18,B06002,3804.81,25000,True
AC0000368,C000368,6,Credit,4875.0,Active,2017-04-08,B06004,23808.24,100000,True
AC0000369,C000369,2,Current,2898.85,Active,2022-06-15,B08002,3922.13,100000,False
AC0000370,C000370,3,Current,6677.41,Active,2022-02-02,B10010,8258.16,50000,False
AC0000371,C000371,4,Business,15175.28,Active,2023-01-19,B09008,34122.85,50000,True
AC0000372,C000372,7,Credit,6592.25,Dormant,2017-05-10,B05006,9896.76,50000,True
AC0000373,C000373,10,Credit,4989.88,Active,2025-12-10,B08009,5309.45,25000,True
AC0000374,C000374,9,Current,23053.97,Dormant,2017-08-21,B03003,3820.76,50000,True
AC0000375,C000375,2,Business,3227.45,Active,2016-05-22,B09006,7573.64,250000,False
AC0000376,C000376,1,Checking,5918.19,Active,2022-04-19,B07007,8786.51,50000,False
AC0000377,C000377,1,Business,12128.3,Active,2015-11-24,B03009,21182.05,50000,True
AC0000378,C000378,6,Current,52894.99,Active,2020-08-26,B04009,6746.58,50000,True
AC0000379,C000379,2,Credit,23580.64,Active,2024-07-30,B10005,6469.09,25000,True
AC0000380,C000380,3,Checking,3088.14,Active,2025-10-27,B08008,3398.8,25000,False
AC0000381,C000381,9,Current,53649.68,Active,2023-02-03,B05007,12510.95,50000,False
AC0000382,C000382,9,Business,20287.44,Active,2016-08-06,B10007,2996.9,25000,True
AC0000383,C000383,9,Business,22264.64,Dormant,2023-12-17,B01006,6783.84,250000,True
AC0000384,C000384,3,Credit,6974.47,Active,2020-01-10,B01006,9979.1,250000,False
AC0000385,C000385,7,Business,3223.72,Active,2022-07-15,B09009,20356.45,100000,True
AC0000386,C000386,7,Business,6855.49,Active,2018-12-16,B08010,28947.36,100000,True
AC0000387,C000387,2,Current,9384.47,Active,2020-10-22,B01010,9367.23,250000,True
AC0000388,C000388,6,Credit,12756.6,Active,2024-06-08,B01007,23880.23,50000,True
AC0000389,C000389,6,Current,22497.86,Active,2017-02-22,B09002,13124.26,100000,True
AC0000390,C000390,4,Savings,9703.74,Active,2023-11-01,B01005,6184.75,50000,True
AC0000391,C000391,8,Checking,13809.54,Active,2018-04-21,B07005,7660.83,25000,False
AC0000392,C000392,7,Savings,9605.11,Active,2018-02-16,B06004,26144.72,250000,False
AC0000393,C000393,6,Current,51496.63,Dormant,2020-07-20,B04006,7411.38,25000,False
AC0000394,C000394,8,Business,10758.33,Active,2019-12-02,B10009,3849.48,50000,True
AC0000395,C000395,8,Checking,5589.72,Active,2015-09-26,B08004,19973.48,100000,True
AC0000396,C000396,6,Credit,2208.29,Active,2019-03-25,B08004,7263.95,100000,True
AC0000397,C000397,3,Savings,25213.3,Active,2015-10-13,B04009,9997.12,250000,True
AC0000398,C000398,8,Savings,12765.76,Active,2023-11-24,B04008,4135.29,250000,True
AC0000399,C000399,8,Credit,1813.25,Active,2018-12-16,B03006,19515.55,250000,True
AC0000400,C000400,10,Checking,5404.63,Active,2020-10-21,B05005,7114.2,50000,False
AC0000401,C000401,2,Checking,3377.35,Active,2018-07-08,B10008,13716.45,50000,True
AC0000402,C000402,5,Credit,11062.55,Active,2020-11-19,B03003,4949.81,250000,False
AC0000403,C000403,10,Checking,8968.53,Active,2024-06-26,B04003,15821.04,50000,True
AC0000404,C000404,6,Credit,9729.66,Active,2018-07-26,B03007,6936.78,50000,False
AC0000405,C000405,10,Credit,8929.64,Active,2023-11-17,B08001,3856.13,250000,True
AC0000406,C000406,1,Savings,20120.42,Active,2021-01-25,B10003,16452.94,50000,True
AC0000407,C000407,1,Business,4056.76,Active,2020-04-19,B05003,6720.72,50000,True
AC0000408,C000408,8,Savings,12475.93,Active,2017-03-26,B04010,16812.55,100000,True
AC0000409,C000409,4,Current,38927.88,Active,2025-12-26,B08006,45039.3,50000,False
AC0000410,C000410,6,Savings,41463.04,Active,2020-01-15,B06008,5374.57,50000,True
AC0000411,C000411,5,Business,5657.75,Active,2019-01-13,B10004,11972.74,25000,True
AC0000412,C000412,5,Business,22326.06,Active,2019-12-15,B01002,8099.86,50000,True
AC0000413,C000413,10,Checking,33268.43,Active,2018-05-11,B02006,15634.52,250000,False
AC0000414,C000414,1,Current,27870.49,Active,2016-02-23,B05004,2797.1,100000,True
AC0000415,C000415,8,Current,142157.54,Active,2025-11-25,B03008,6027.96,25000,False
AC0000416,C000416,9,Checking,6338.04,Active,2015-05-26,B03007,4433.02,50000,True
AC0000417,C000417,7,Credit,7269.69,Closed,2017-06-24,B07004,6812.45,25000,False
AC0000418,C000418,4,Savings,10498.04,Active,2020-09-06,B10008,3837.67,100000,False
AC0000419,C000419,2,Business,9234.73,Active,2021-09-20,B02006,8414.83,50000,True
AC0000420,C000420,7,Current,5853.9,Active,2018-06-14,B06001,4981.64,50000,True
AC0000421,C000421,5,Credit,19853.25,Active,2019-12-11,B01003,5704.6,250000,True
AC0000422,C000422,2,Checking,2405.12,Active,2020-01-20,B03006,1620.97,100000,True
AC0000423,C000423,4,Current,8407.43,Active,2023-08-13,B02008,11074.53,250000,False
AC0000424,C000424,10,Current,16500.84,Active,2018-07-15,B06002,3825.39,25000,False
AC0000425,C000425,3,Business,10607.09,Active,2025-07-09,B04005,10450.59,50000,True
AC0000426,C000426,2,Checking,15957.41,Active,2016-02-26,B08003,13706.11,25000,False
AC0000427,C000427,7,Business,53282.06,Active,2017-01-16,B07008,7029.88,100000,False
AC0000428,C000428,2,Savings,23865.96,Active,2020-05-17,B02006,15377.84,50000,True
AC0000429,C000429,10,Current,20400.05,Active,2016-09-21,B09007,8133.32,100000,False
AC0000430,C000430,9,Credit,4382.47,Active,2020-07-14,B08001,5056.37,50000,True
AC0000431,C000431,10,Checking,11300.03,Active,2020-07-24,B05008,7195.35,100000,True
AC0000432,C000432,10,Business,2060.63,Active,2021-09-03,B10002,20242.15,50000,True
AC0000433,C000433,3,Business,12559.18,Active,2019-05-16,B10003,10959.34,100000,False
AC0000434,C000434,3,Current,86903.18,Active,2015-01-23,B05009,16020.0,100000,False
AC0000435,C000435,4,Savings,3246.75,Active,2024-12-24,B04004,4548.98,250000,True
AC0000436,C000436,5,Savings,9277.28,Active,2019-06-19,B10003,3285.85,50000,True
AC0000437,C000437,9,Business,12054.91,Active,2015-09-06,B05009,7886.28,250000,True
AC0000438,C000438,8,Checking,23912.71,Active,2016-04-20,B04008,4564.22,50000,True
AC0000439,C000439,7,Savings,16225.68,Active,2019-03-28,B04007,10533.79,250000,True
AC0000440,C000440,9,Business,27655.94,Active,2020-02-24,B05001,15547.97,50000,True
AC0000441,C000441,7,Checking,34952.48,Active,2015-01-31,B09008,5756.27,250000,True
AC0000442,C000442,4,Checking,17412.46,Active,2025-05-29,B01008,14402.66,100000,True
AC0000443,C000443,5,Credit,2713.52,Active,2021-06-25,B04008,12167.93,25000,True
AC0000444,C000444,6,Credit,27661.45,Active,2020-04-30,B10001,5004.24,25000,True
AC0000445,C000445,1,Checking,18452.4,Active,2021-12-14,B08005,40625.24,50000,True
AC0000446,C000446,8,Credit,8163.76,Active,2018-01-01,B02002,15079.06,250000,True
AC0000447,C000447,7,Savings,1340.96,Active,2023-09-10,B05004,7742.52,250000,True
AC0000448,C000448,8,Credit,14938.55,Closed,2022-11-29,B03004,1154.35,25000,True
AC0000449,C000449,6,Credit,2083.04,Active,2016-01-17,B09005,15217.02,50000,True
AC0000450,C000450,8,Savings,1571.63,Active,2018-01-29,B08002,22328.9,250000,False
AC0000451,C000451,10,Credit,12199.11,Active,2018-10-01,B05002,4813.48,250000,True
AC0000452,C000452,6,Business,6904.18,Dormant,2025-09-02,B02007,11153.72,25000,False
AC0000453,C000453,5,Credit,8282.32,Active,2017-03-18,B04005,11559.85,250000,False
AC0000454,C000454,2,Savings,4465.77,Active,2024-10-07,B04010,2546.83,100000,False
AC0000455,C000455,8,Checking,14344.98,Active,2020-04-03,B10004,2969.3,250000,False
AC0000456,C000456,10,Credit,11756.86,Active,2022-01-15,B07002,5015.73,50000,False
AC0000457,C000457,7,Checking,17148.64,Dormant,2019-03-19,B03007,4276.53,25000,False
AC0000458,C000458,9,Current,4001.72,Dormant,2022-08-28,B05010,6509.66,100000,True
AC0000459,C000459,9,Savings,75285.94,Active,2018-08-06,B05001,18053.4,250000,True
AC0000460,C000460,8,Credit,3471.96,Active,2023-04-25,B10009,6121.26,50000,False
AC0000461,C000461,6,Credit,21319.32,Active,2019-02-23,B09008,8146.29,250000,True
AC0000462,C000462,1,Current,50986.53,Active,2018-09-01,B03003,3019.06,50000,True
AC0000463,C000463,1,Current,6362.59,Dormant,2022-05-04,B05003,49285.5,250000,False
AC0000464,C000464,3,Checking,20180.31,Dormant,2018-10-19,B04009,6502.01,25000,True
AC0000465,C000465,5,Savings,12979.04,Active,2019-03-01,B06004,8565.13,100000,True
AC0000466,C000466,8,Savings,5191.9,Active,2016-01-14,B01007,10130.72,100000,False
AC0000467,C000467,5,Checking,58529.44,Active,2024-11-25,B09008,6285.39,25000,True
AC0000468,C000468,1,Savings,40134.75,Active,2022-01-19,B10005,4085.12,25000,False
AC0000469,C000469,3,Current,6272.28,Dormant,2024-07-13,B03003,9969.48,25000,False
AC0000470,C000470,10,Current,10620.73,Active,2024-08-27,B01007,20286.47,100000,False
AC0000471,C000471,10,Savings,73579.6,Active,2018-10-01,B08006,16259.13,50000,True
AC0000472,C000472,4,Credit,3029.77,Active,2019-07-10,B09005,14891.57,100000,True
AC0000473,C000473,9,Business,1544.28,Dormant,2021-09-04,B03009,12483.11,100000,True
AC0000474,C000474,8,Checking,2762.14,Active,2022-11-17,B03008,13895.61,50000,True
AC0000475,C000475,10,Checking,13638.85,Active,2021-12-22,B05010,15311.29,25000,True
AC0000476,C000476,9,Checking,8281.4,Active,2022-11-10,B08001,5030.31,50000,True
AC0000477,C000477,7,Business,4790.05,Active,2021-12-05,B04001,1955.01,50000,True
AC0000478,C000478,4,Current,7199.26,Active,2024-08-24,B02003,3461.43,100000,True
AC0000479,C000479,7,Savings,45401.81,Active,2018-12-10,B09008,4966.63,100000,False
AC0000480,C000480,4,Business,8586.53,Closed,2021-11-07,B03002,4479.09,25000,False
AC0000481,C000481,4,Checking,20532.97,Active,2022-09-29,B04006,3543.56,25000,True
AC0000482,C000482,7,Credit,15454.9,Active,2023-07-07,B07007,9304.73,100000,False
AC0000483,C000483,6,Credit,3431.97,Active,2023-09-09,B07004,3828.99,100000,True
AC0000484,C000484,6,Checking,16889.74,Active,2024-10-21,B02008,7953.57,100000,True
AC0000485,C000485,4,Business,4069.71,Active,2022-05-12,B02005,11061.93,100000,True
AC0000486,C000486,5,Savings,14423.81,Active,2021-05-03,B09005,13310.66,250000,True
AC0000487,C000487,1,Savings,22958.83,Active,2015-10-10,B02004,8674.12,25000,False
AC0000488,C000488,7,Credit,25669.02,Active,2025-08-27,B10005,18707.83,250000,True
AC0000489,C000489,6,Current,46057.98,Active,2023-11-13,B05010,2557.23,50000,True
AC0000490,C000490,10,Checking,2116.24,Active,2025-03-12,B08009,5235.51,100000,True
AC0000491,C000491,6,Checking,3324.53,Active,2023-07-21,B09008,5320.38,25000,True
AC0000492,C000492,5,Savings,27239.49,Active,2023-07-03,B10001,3468.57,50000,False
AC0000493,C000493,1,Checking,10983.78,Active,2019-04-08,B06007,1778.22,100000,False
AC0000494,C000494,2,Checking,17360.66,Dormant,2018-01-03,B01002,7565.68,25000,False
AC0000495,C000495,4,Savings,3013.46,Active,2025-11-04,B05010,7715.44,50000,False
AC0000496,C000496,4,Credit,18902.08,Active,2022-12-26,B02001,8388.4,100000,True
AC0000497,C000497,4,Business,2730.5,Active,2016-01-02,B09002,13320.39,50000,True
AC0000498,C000498,4,Savings,16196.82,Active,2018-10-31,B06005,3408.09,25000,False
AC0000499,C000499,8,Checking,14690.86,Active,2024-06-18,B05010,6585.11,25000,False
AC0000500,C000500,2,Credit,7351.89,Active,2016-03-18,B09008,5045.69,25000,True
AC0000501,C000501,4,Credit,3404.13,Active,2016-01-27,B01005,34446.98,25000,True
AC0000502,C000502,2,Current,13412.81,Active,2022-04-08,B08002,14024.58,25000,True
AC0000503,C000503,4,Credit,10414.54,Active,2017-07-15,B04007,3764.09,250000,False
AC0000504,C000504,7,Credit,10289.34,Active,2017-09-12,B04003,2700.92,50000,True
AC0000505,C000505,1,Credit,47954.22,Active,2023-05-05,B07001,2293.52,100000,False
AC0000506,C000506,4,Checking,721.89,Active,2021-07-27,B05007,9638.53,250000,False
AC0000507,C000507,1,Savings,9371.45,Active,2022-03-24,B10006,7931.68,50000,False
AC0000508,C000508,10,Business,1855.24,Active,2018-12-11,B06007,6369.57,250000,False
AC0000509,C000509,8,Savings,33444.56,Active,2019-11-24,B09005,8340.16,100000,True
AC0000510,C000510,3,Business,21283.0,Active,2018-01-06,B01010,9565.25,50000,False
AC0000511,C000511,2,Current,10209.24,Active,2018-11-08,B05007,11156.29,250000,True
AC0000512,C000512,1,Checking,9915.15,Active,2020-01-06,B10008,1479.31,50000,False
AC0000513,C000513,5,Savings,3759.39,Active,2016-02-15,B02004,18428.09,50000,True
AC0000514,C000514,8,Checking,20254.8,Active,2025-05-03,B06010,9402.78,100000,True
AC0000515,C000515,6,Current,14788.3,Active,2024-05-13,B04008,6304.35,25000,True
AC0000516,C000516,9,Checking,87983.45,Dormant,2019-06-27,B09002,7530.48,100000,False
AC0000517,C000517,4,Credit,1616.61,Active,2016-10-17,B03006,10929.37,250000,True
AC0000518,C000518,3,Checking,7119.62,Active,2018-07-16,B07005,10101.6,50000,True
AC0000519,C000519,5,Credit,3212.42,Active,2018-11-12,B01007,6493.04,25000,True
AC0000520,C000520,3,Business,7427.75,Active,2024-10-14,B06005,3541.93,25000,True
AC0000521,C000521,10,Current,10106.89,Active,2025-12-23,B10009,15821.11,100000,True
AC0000522,C000522,2,Current,11032.23,Active,2017-09-15,B09005,23200.94,50000,True
AC0000523,C000523,5,Checking,5857.87,Active,2021-06-12,B09009,6890.65,25000,False
AC0000524,C000524,6,Savings,40061.9,Active,2019-01-31,B07006,4407.53,50000,True
AC0000525,C000525,1,Checking,42742.84,Closed,2023-04-06,B04006,4585.74,100000,True
AC0000526,C000526,5,Credit,6187.9,Active,2015-03-09,B08005,9406.77,250000,True
AC0000527,C000527,5,Current,4035.89,Active,2015-05-09,B04007,15481.75,25000,True
AC0000528,C000528,3,Savings,5868.93,Dormant,2021-08-20,B08005,7844.76,25000,True
AC0000529,C000529,2,Credit,20991.61,Active,2015-07-04,B03002,4254.23,250000,False
AC0000530,C000530,1,Checking,11591.24,Active,2022-10-02,B08005,3855.26,100000,True
AC0000531,C000531,1,Business,14262.56,Dormant,2023-02-04,B08007,18939.86,250000,False
AC0000532,C000532,5,Credit,7566.06,Active,2020-06-13,B10002,13013.06,250000,True
AC0000533,C000533,1,Checking,34272.54,Closed,2018-01-19,B08001,10796.2,25000,False
AC0000534,C000534,10,Credit,4066.65,Active,2023-10-21,B01005,11647.03,50000,True
AC0000535,C000535,3,Current,15979.04,Active,2016-02-20,B10009,15344.96,100000,True
AC0000536,C000536,7,Checking,3564.44,Active,2017-11-30,B10004,11784.52,100000,True
AC0000537,C000537,7,Checking,8095.83,Active,2024-12-31,B05006,18312.4,50000,True
AC0000538,C000538,5,Credit,19579.21,Active,2021-04-12,B04001,19659.24,100000,True
AC0000539,C000539,9,Checking,23288.48,Active,2021-11-04,B08009,3700.21,50000,False
AC0000540,C000540,2,Credit,11915.65,Active,2024-10-05,B06005,12015.57,250000,False
AC0000541,C000541,3,Credit,3588.37,Active,2024-07-13,B09001,13906.72,50000,False
AC0000542,C000542,3,Checking,54134.17,Active,2016-01-21,B03004,2259.17,100000,True
AC0000543,C000543,2,Checking,11228.5,Active,2015-09-20,B10007,9623.97,25000,False
AC0000544,C000544,3,Current,34520.92,Active,2023-01-02,B05008,20542.2,50000,True
AC0000545,C000545,4,Business,1976.03,Active,2018-12-02,B06001,9490.6,100000,True
AC0000546,C000546,8,Checking,16991.79,Active,2021-07-01,B07006,3187.67,250000,False
AC0000547,C000547,4,Checking,31999.28,Active,2023-08-28,B03007,15813.55,100000,True
AC0000548,C000548,9,Current,35576.54,Active,2024-05-05,B02006,3045.75,250000,True
AC0000549,C000549,8,Business,2012.48,Active,2015-04-28,B01001,23058.98,100000,True
AC0000550,C000550,10,Savings,14169.55,Active,2017-09-16,B01009,5298.62,50000,True
AC0000551,C000551,2,Business,2268.54,Active,2015-10-12,B01001,23712.16,100000,True
AC0000552,C000552,10,Savings,26349.74,Closed,2022-03-09,B04007,6193.55,25000,False
AC0000553,C000553,7,Current,14321.03,Dormant,2015-12-01,B09002,6710.27,100000,True
AC0000554,C000554,10,Business,9015.27,Active,2016-03-10,B04009,10510.13,250000,True
AC0000555,C000555,4,Business,3600.81,Active,2022-12-31,B02004,16842.48,250000,True
AC0000556,C000556,10,Checking,3531.06,Active,2021-09-01,B04003,2905.12,50000,True
AC0000557,C000557,6,Current,13235.76,Active,2022-03-03,B10001,10630.27,25000,True
AC0000558,C000558,1,Checking,12503.09,Active,2015-02-28,B01008,4755.43,50000,True
AC0000559,C000559,5,Credit,24942.73,Active,2021-03-10,B04005,7182.81,250000,False
AC0000560,C000560,2,Savings,49495.32,Active,2024-11-18,B01008,17928.69,100000,True
AC0000561,C000561,10,Business,31456.97,Active,2017-10-12,B05010,6236.67,50000,True
AC0000562,C000562,4,Business,61439.96,Active,2018-03-01,B06007,14876.39,50000,False
AC0000563,C000563,3,Credit,14824.54,Active,2022-11-08,B09008,12407.48,25000,True
AC0000564,C000564,6,Checking,2256.27,Dormant,2025-10-26,B10007,10723.48,250000,True
AC0000565,C000565,5,Savings,7923.99,Active,2024-11-29,B05007,16153.89,50000,True
AC0000566,C000566,1,Savings,7226.01,Active,2020-04-07,B03004,10005.23,100000,True
AC0000567,C000567,9,Savings,37918.18,Active,2019-08-01,B09005,3500.01,100000,False
AC0000568,C000568,9,Business,7072.16,Active,2018-06-23,B06002,9969.7,100000,True
AC0000569,C000569,8,Credit,30374.47,Active,2021-05-14,B06006,2030.97,250000,True
AC0000570,C000570,7,Savings,142489.67,Active,2019-02-06,B08005,11706.77,50000,False
AC0000571,C000571,5,Savings,22641.98,Active,2022-01-19,B08010,29601.65,50000,True
AC0000572,C000572,6,Credit,4641.5,Active,2016-05-10,B08001,12208.25,50000,False
AC0000573,C000573,6,Current,8020.49,Active,2023-08-20,B05008,21616.66,100000,True
AC0000574,C000574,2,Current,19299.96,Dormant,2018-11-29,B06009,15466.51,25000,True
AC0000575,C000575,1,Savings,10410.24,Active,2019-05-29,B04005,7536.19,25000,True
AC0000576,C000576,3,Business,48863.22,Active,2018-06-26,B07005,8918.9,25000,True
AC0000577,C000577,5,Credit,1064.47,Active,2023-01-22,B03009,24206.63,25000,False
AC0000578,C000578,2,Checking,12439.95,Active,2024-02-04,B04010,17358.69,250000,False
AC0000579,C000579,2,Business,40977.11,Dormant,2017-01-14,B06009,5821.95,25000,False
AC0000580,C000580,9,Savings,25754.38,Active,2018-05-27,B02006,9120.27,50000,True
AC0000581,C000581,4,Checking,2015.54,Active,2015-03-26,B07005,7997.69,100000,True
AC0000582,C000582,6,Checking,20610.78,Active,2018-08-08,B10007,10824.07,100000,True
AC0000583,C000583,6,Current,14885.99,Active,2020-07-18,B10008,23026.02,100000,False
AC0000584,C000584,8,Credit,6530.77,Active,2020-05-17,B04003,14915.14,100000,False
AC0000585,C000585,8,Business,62924.49,Dormant,2022-12-19,B07003,3650.7,50000,False
AC0000586,C000586,3,Business,11301.63,Active,2016-07-21,B01005,11378.68,50000,True
AC0000587,C000587,9,Checking,13074.8,Active,2024-06-02,B03002,34687.81,25000,True
AC0000588,C000588,4,Savings,12117.32,Active,2024-07-10,B03004,20285.74,25000,True
AC0000589,C000589,9,Savings,18141.33,Active,2021-12-23,B02010,12008.83,50000,True
AC0000590,C000590,5,Business,19437.43,Active,2023-11-25,B04010,8045.67,100000,True
AC0000591,C000591,2,Business,34299.44,Active,2025-08-03,B02001,18626.61,100000,False
AC0000592,C000592,8,Savings,6502.98,Active,2015-10-05,B06009,7934.2,250000,True
AC0000593,C000593,1,Current,16581.3,Active,2022-07-02,B08006,12278.52,100000,True
AC0000594,C000594,8,Savings,9646.53,Active,2019-01-12,B02006,9891.94,25000,False
AC0000595,C000595,1,Savings,48711.5,Active,2015-06-02,B04010,2506.34,100000,True
AC0000596,C000596,3,Credit,2280.19,Active,2016-01-11,B05008,6628.61,100000,True
AC0000597,C000597,7,Current,6283.98,Active,2018-05-15,B03003,2448.62,25000,True
AC0000598,C000598,10,Checking,5859.87,Active,2024-11-13,B04009,15794.5,100000,True
AC0000599,C000599,5,Business,2336.1,Active,2020-12-29,B02003,6156.61,250000,False
AC0000600,C000600,2,Checking,3226.08,Active,2024-06-02,B09005,6098.14,250000,True
AC0000601,C000601,3,Checking,89086.74,Active,2022-11-21,B06010,4117.85,250000,False
AC0000602,C000602,9,Credit,15277.3,Active,2017-02-02,B02010,4164.35,250000,True
AC0000603,C000603,8,Savings,5268.95,Active,2016-07-06,B04001,22916.25,250000,True
AC0000604,C000604,2,Checking,1854.37,Active,2024-07-18,B04010,6447.4,25000,True
AC0000605,C000605,4,Credit,2804.31,Active,2025-08-22,B06009,19423.17,250000,True
AC0000606,C000606,3,Credit,2887.78,Active,2019-07-12,B09006,19894.77,25000,True
AC0000607,C000607,2,Business,7848.38,Active,2023-04-18,B04003,8077.48,50000,True
AC0000608,C000608,9,Savings,5340.94,Active,2025-03-22,B03006,8949.53,100000,True
AC0000609,C000609,7,Business,12441.2,Active,2016-11-09,B01007,13871.01,100000,True
AC0000610,C000610,2,Savings,7941.15,Active,2017-08-22,B07008,10494.42,250000,True
AC0000611,C000611,7,Credit,21009.76,Active,2021-04-18,B08006,14829.8,250000,True
AC0000612,C000612,5,Checking,2113.75,Active,2017-11-11,B03001,6495.99,250000,False
AC0000613,C000613,1,Savings,26034.55,Active,2024-07-06,B06002,7080.84,250000,True
AC0000614,C000614,5,Savings,22921.27,Active,2025-02-13,B02004,6684.96,250000,True
AC0000615,C000615,2,Business,3023.44,Active,2015-12-29,B10004,2044.19,50000,False
AC0000616,C000616,3,Business,9186.2,Active,2018-07-23,B08006,10097.43,25000,True
AC0000617,C000617,9,Credit,39100.67,Active,2023-09-30,B06008,30118.93,25000,True
AC0000618,C000618,8,Business,16707.98,Active,2024-08-04,B10001,8515.59,100000,True
AC0000619,C000619,2,Business,11136.06,Active,2024-09-11,B04002,15558.29,50000,True
AC0000620,C000620,9,Business,11624.58,Active,2022-05-30,B04006,4567.41,250000,True
AC0000621,C000621,6,Credit,9452.73,Active,2022-09-27,B02007,4483.15,250000,False
AC0000622,C000622,9,Savings,12414.57,Active,2018-06-25,B04006,19864.32,50000,True
AC0000623,C000623,8,Business,17270.87,Active,2021-12-10,B05009,13896.32,50000,True
AC0000624,C000624,4,Business,8383.37,Dormant,2024-12-19,B04010,4120.95,100000,True
AC0000625,C000625,6,Business,4705.15,Active,2016-04-19,B10008,12679.36,50000,True
AC0000626,C000626,6,Credit,13545.48,Active,2022-07-23,B01001,8119.26,25000,True
AC0000627,C000627,8,Savings,8801.91,Active,2016-02-22,B02008,4242.26,25000,False
AC0000628,C000628,3,Business,13674.48,Active,2017-02-20,B09005,2794.18,50000,True
AC0000629,C000629,4,Current,1565.76,Active,2021-11-16,B07006,3825.87,50000,True
AC0000630,C000630,3,Business,31496.59,Active,2025-11-24,B02002,8152.23,100000,False
AC0000631,C000631,3,Savings,11214.05,Active,2023-11-14,B01005,10732.72,250000,True
AC0000632,C000632,2,Current,7094.54,Active,2022-09-24,B03010,10301.97,100000,False
AC0000633,C000633,1,Savings,12385.93,Active,2018-04-06,B10007,8475.09,250000,True
AC0000634,C000634,10,Business,11038.94,Active,2024-10-02,B05009,5057.8,50000,True
AC0000635,C000635,1,Credit,1646.68,Active,2016-12-02,B08006,4148.06,50000,True
AC0000636,C000636,9,Credit,12539.95,Active,2018-06-19,B03009,7732.38,25000,False
AC0000637,C000637,1,Savings,11819.76,Dormant,2015-04-07,B08003,12577.2,25000,True
AC0000638,C000638,8,Business,193268.41,Active,2023-01-10,B01010,12642.83,100000,True
AC0000639,C000639,4,Business,80074.61,Active,2015-01-22,B01010,9931.55,25000,False
AC0000640,C000640,6,Savings,18808.82,Active,2021-05-20,B06007,5174.96,100000,True
AC0000641,C000641,3,Credit,18899.21,Active,2021-03-09,B07004,12504.41,250000,True
AC0000642,C000642,5,Current,13419.08,Active,2020-12-27,B06001,3916.89,100000,False
AC0000643,C000643,5,Checking,36024.57,Active,2019-11-28,B10010,3171.39,250000,False
AC0000644,C000644,6,Business,13026.04,Active,2018-09-06,B07003,17141.45,25000,True
AC0000645,C000645,4,Business,11289.5,Active,2016-04-18,B01003,9316.36,100000,True
AC0000646,C000646,6,Savings,1957.65,Active,2018-01-06,B07002,3576.62,25000,False
AC0000647,C000647,9,Current,13049.77,Active,2024-04-26,B01006,5686.02,250000,True
AC0000648,C000648,5,Current,65098.04,Active,2025-12-02,B09009,17997.32,50000,True
AC0000649,C000649,4,Business,17607.83,Closed,2016-07-02,B03006,12967.96,250000,True
AC0000650,C000650,2,Business,18871.55,Dormant,2020-01-19,B06003,5634.58,100000,False
AC0000651,C000651,4,Business,14002.55,Active,2019-09-07,B03010,23328.79,50000,True
AC0000652,C000652,2,Business,65301.55,Active,2017-03-14,B03008,7077.19,250000,True
AC0000653,C000653,2,Savings,9791.87,Active,2017-01-18,B03010,10175.22,25000,False
AC0000654,C000654,10,Savings,71106.96,Active,2023-03-22,B08010,5906.71,25000,True
AC0000655,C000655,1,Checking,9481.01,Active,2017-03-16,B10009,3451.16,250000,False
AC0000656,C000656,5,Business,8689.85,Active,2025-11-07,B05006,17025.83,100000,False
AC0000657,C000657,9,Credit,1549.24,Active,2017-07-25,B10010,9947.06,25000,True
AC0000658,C000658,10,Credit,13979.75,Active,2017-12-04,B01008,17374.19,25000,True
AC0000659,C000659,2,Savings,17073.1,Active,2020-02-15,B06001,36381.06,50000,False
AC0000660,C000660,2,Credit,9028.28,Closed,2022-04-09,B09001,6736.9,100000,True
AC0000661,C000661,4,Business,29833.11,Active,2025-07-15,B01006,4832.65,50000,True
AC0000662,C000662,6,Credit,14299.05,Active,2016-10-11,B06010,3590.71,50000,True
AC0000663,C000663,10,Business,1433.33,Active,2021-12-01,B09005,12873.68,50000,True
AC0000664,C000664,3,Credit,9082.5,Closed,2020-11-03,B05001,7706.1,25000,False
AC0000665,C000665,2,Checking,12614.71,Active,2024-01-14,B04007,8244.59,50000,True
AC0000666,C000666,3,Credit,14320.52,Active,2020-12-02,B04006,12611.2,25000,True
AC0000667,C000667,9,Checking,36283.24,Active,2017-01-06,B07005,6353.48,250000,False
AC0000668,C000668,1,Business,9017.15,Dormant,2016-12-28,B03002,22634.68,250000,False
AC0000669,C000669,4,Checking,10051.9,Active,2019-10-23,B05005,6975.79,250000,False
AC0000670,C000670,2,Credit,39282.79,Active,2016-01-23,B07007,35404.68,100000,True
AC0000671,C000671,2,Current,11604.38,Active,2025-07-12,B02002,4569.77,250000,True
AC0000672,C000672,10,Checking,6823.65,Active,2015-03-25,B10003,4900.17,250000,True
AC0000673,C000673,1,Business,3935.97,Active,2016-06-05,B09009,10394.38,50000,True
AC0000674,C000674,4,Business,29808.38,Dormant,2018-02-08,B08010,10136.15,50000,True
AC0000675,C000675,10,Business,12808.68,Active,2022-06-28,B03004,8863.75,50000,False
AC0000676,C000676,7,Savings,36907.56,Closed,2017-10-26,B02002,10899.25,50000,True
AC0000677,C000677,1,Savings,9951.47,Active,2022-10-06,B09001,12901.8,100000,True
AC0000678,C000678,5,Credit,15163.22,Active,2016-08-21,B07010,9415.95,100000,True
AC0000679,C000679,10,Current,10807.24,Active,2025-01-18,B07010,6754.36,25000,True
AC0000680,C000680,5,Current,37121.09,Active,2025-12-24,B07003,18760.51,25000,True
AC0000681,C000681,6,Savings,17450.78,Active,2023-10-21,B05004,6291.14,250000,False
AC0000682,C000682,6,Current,2472.09,Active,2022-01-02,B02007,6100.33,100000,True
AC0000683,C000683,7,Credit,14538.15,Active,2024-09-14,B07009,8183.56,25000,False
AC0000684,C000684,2,Credit,3009.64,Active,2021-11-22,B01009,5101.85,250000,False
AC0000685,C000685,9,Savings,11821.39,Active,2025-08-21,B04008,6305.61,100000,True
AC0000686,C000686,10,Credit,15218.88,Active,2016-04-07,B05008,3006.55,25000,True
AC0000687,C000687,2,Savings,7725.83,Active,2025-01-27,B08004,3333.51,250000,False
AC0000688,C000688,9,Business,15542.68,Active,2023-04-07,B06010,5790.85,25000,True
AC0000689,C000689,9,Business,18223.58,Active,2016-10-01,B04008,12516.38,250000,False
AC0000690,C000690,8,Savings,39036.67,Active,2015-04-01,B02003,7616.17,50000,True
AC0000691,C000691,4,Business,27965.51,Active,2025-04-26,B10002,6797.36,100000,True
AC0000692,C000692,5,Checking,15083.93,Active,2025-07-18,B10008,4773.57,100000,True
AC0000693,C000693,9,Business,3785.84,Active,2023-10-12,B01009,2664.4,50000,True
AC0000694,C000694,2,Checking,1512.21,Active,2021-09-21,B10005,3190.53,250000,True
AC0000695,C000695,9,Savings,10617.6,Active,2023-10-05,B09001,9075.97,250000,True
AC0000696,C000696,10,Credit,6402.46,Active,2022-01-06,B09010,5083.78,50000,True
AC0000697,C000697,7,Credit,8908.83,Active,2022-11-07,B08003,8226.45,100000,False
AC0000698,C000698,4,Business,9695.86,Active,2020-08-23,B06006,7170.85,100000,False
AC0000699,C000699,6,Savings,18574.71,Active,2022-03-19,B02007,8914.54,250000,True
AC0000700,C000700,1,Current,3299.78,Active,2023-02-11,B05009,23520.23,50000,False
AC0000701,C000701,10,Savings,7938.66,Active,2015-02-08,B05002,14765.81,250000,True
AC0000702,C000702,4,Credit,8306.69,Active,2019-11-20,B05006,2059.41,25000,True
AC0000703,C000703,1,Savings,8112.71,Active,2024-10-14,B08002,2685.45,100000,True
AC0000704,C000704,8,Current,19845.97,Active,2016-11-30,B03004,4256.58,25000,False
AC0000705,C000705,7,Current,5615.6,Active,2018-01-28,B05002,5904.02,50000,True
AC0000706,C000706,7,Current,38577.79,Active,2020-11-20,B03005,7067.41,100000,False
AC0000707,C000707,1,Business,26656.85,Active,2016-05-10,B02004,9581.36,50000,False
AC0000708,C000708,8,Checking,18961.48,Active,2021-12-23,B03001,31831.55,250000,True
AC0000709,C000709,7,Credit,18459.86,Active,2015-08-08,B10007,5123.66,25000,True
AC0000710,C000710,8,Current,6314.19,Active,2023-05-14,B08005,17784.45,250000,True
AC0000711,C000711,9,Business,13619.55,Active,2016-03-25,B10010,5163.68,100000,True
AC0000712,C000712,3,Business,12828.54,Active,2025-05-11,B07002,2685.49,100000,True
AC0000713,C000713,3,Business,31478.43,Dormant,2024-02-20,B09002,11534.53,50000,True
AC0000714,C000714,10,Checking,11359.98,Active,2022-08-01,B05002,6491.57,25000,True
AC0000715,C000715,6,Savings,15558.76,Active,2020-07-03,B01002,3769.11,50000,False
AC0000716,C000716,5,Checking,7753.83,Active,2017-12-06,B05003,10395.6,25000,True
AC0000717,C000717,3,Credit,37444.93,Active,2025-05-17,B04005,9161.93,250000,False
AC0000718,C000718,7,Credit,17732.22,Active,2023-10-24,B06002,4781.76,250000,True
AC0000719,C000719,8,Current,3817.31,Active,2016-11-22,B04007,1629.55,100000,True
AC0000720,C000720,1,Current,47550.06,Active,2022-10-07,B07010,15205.3,25000,True
AC0000721,C000721,6,Current,6593.26,Active,2019-04-28,B09001,8058.14,25000,True
AC0000722,C000722,10,Current,84080.81,Active,2023-12-30,B03009,7283.19,50000,True
AC0000723,C000723,3,Savings,13073.65,Active,2025-07-03,B06009,5561.93,100000,True
AC0000724,C000724,3,Savings,5995.27,Active,2016-01-01,B03007,3131.92,25000,True
AC0000725,C000725,9,Business,6390.75,Active,2024-10-28,B10003,9258.49,25000,False
AC0000726,C000726,1,Current,39404.74,Active,2022-01-22,B08008,26012.36,250000,True
AC0000727,C000727,4,Savings,11440.76,Active,2021-01-24,B10001,7769.83,250000,False
AC0000728,C000728,5,Credit,32528.16,Active,2025-04-05,B01007,4646.72,100000,True
AC0000729,C000729,8,Checking,17543.51,Dormant,2021-05-28,B04002,5183.8,50000,True
AC0000730,C000730,2,Current,58786.34,Active,2016-03-03,B03005,3612.36,250000,True
AC0000731,C000731,5,Business,20911.59,Active,2017-12-26,B05004,6541.04,50000,True
AC0000732,C000732,2,Checking,11573.08,Active,2025-01-29,B06002,2911.08,50000,False
AC0000733,C000733,8,Current,10265.63,Active,2024-01-22,B05007,7070.81,50000,True
AC0000734,C000734,7,Checking,5275.19,Active,2021-08-31,B09006,3161.16,100000,True
AC0000735,C000735,5,Checking,5832.87,Active,2022-08-08,B08004,4037.67,25000,True
AC0000736,C000736,4,Savings,3927.03,Active,2016-08-21,B01008,5372.18,50000,False
AC0000737,C000737,2,Business,13779.39,Closed,2021-03-25,B02003,7542.58,50000,True
AC0000738,C000738,10,Current,25263.05,Active,2024-12-21,B05004,16541.11,50000,False
AC0000739,C000739,7,Checking,81176.63,Active,2020-05-04,B01008,17845.61,100000,False
AC0000740,C000740,4,Credit,13053.63,Active,2018-04-06,B10010,8396.47,100000,False
AC0000741,C000741,5,Business,3688.06,Active,2020-01-31,B06007,6210.12,50000,True
AC0000742,C000742,8,Savings,71817.03,Active,2017-04-24,B04009,5044.63,25000,True
AC0000743,C000743,8,Savings,8858.85,Active,2016-08-28,B04009,16111.34,25000,False
AC0000744,C000744,5,Business,4560.12,Active,2020-06-02,B09006,11827.79,250000,True
AC0000745,C000745,4,Business,8293.93,Active,2018-12-16,B01003,1858.24,250000,True
AC0000746,C000746,7,Business,4564.24,Active,2015-10-18,B08007,5029.67,25000,False
AC0000747,C000747,7,Checking,16655.18,Closed,2017-11-03,B02007,6046.66,50000,True
AC0000748,C000748,6,Checking,11578.05,Active,2019-08-25,B10004,9930.18,50000,False
AC0000749,C000749,1,Current,2919.98,Active,2022-05-06,B03004,10837.49,50000,True
AC0000750,C000750,5,Checking,8566.61,Active,2016-10-12,B03010,5168.39,100000,True
AC0000751,C000751,7,Checking,12571.66,Active,2022-08-19,B05008,3488.55,100000,True
AC0000752,C000752,10,Credit,47876.82,Active,2019-10-07,B08002,7908.74,50000,False
AC0000753,C000753,6,Savings,47685.79,Active,2024-11-28,B07007,6721.65,50000,True
AC0000754,C000754,4,Checking,15533.66,Active,2019-03-12,B09001,8434.2,100000,False
AC0000755,C000755,6,Business,73054.67,Active,2016-10-22,B09002,4085.24,250000,False
AC0000756,C000756,2,Checking,38742.7,Active,2016-10-31,B02004,8673.26,100000,False
AC0000757,C000757,1,Credit,20647.8,Active,2025-03-23,B05001,3424.48,250000,True
AC0000758,C000758,7,Checking,10286.6,Active,2015-09-17,B04007,21594.87,250000,False
AC0000759,C000759,10,Credit,1568.03,Active,2016-06-30,B08006,10553.75,250000,True
AC0000760,C000760,9,Savings,7374.71,Active,2020-06-23,B07010,13901.86,25000,True
AC0000761,C000761,6,Savings,18162.9,Dormant,2015-05-03,B05002,6987.23,100000,True
AC0000762,C000762,1,Current,1288.34,Active,2022-12-29,B07009,18852.6,250000,False
AC0000763,C000763,10,Credit,11404.12,Active,2024-11-16,B08008,15239.03,250000,True
AC0000764,C000764,5,Checking,4112.04,Active,2020-04-07,B09002,13053.33,50000,True
AC0000765,C000765,3,Savings,5420.68,Active,2021-08-29,B06001,13684.34,100000,True
AC0000766,C000766,9,Checking,30994.87,Active,2018-07-12,B03005,7063.65,250000,True
AC0000767,C000767,8,Current,49033.64,Active,2016-10-17,B10001,25140.9,50000,True
AC0000768,C000768,8,Current,3109.63,Dormant,2023-03-02,B04005,2694.52,50000,True
AC0000769,C000769,3,Savings,2471.44,Active,2018-10-12,B05008,7604.75,250000,True
AC0000770,C000770,10,Current,14691.44,Active,2022-05-09,B05009,7420.44,50000,True
AC0000771,C000771,5,Business,17159.36,Active,2016-06-26,B08004,4232.99,25000,False
AC0000772,C000772,6,Credit,6923.82,Active,2024-04-30,B05006,12967.69,50000,True
AC0000773,C000773,8,Savings,4615.61,Closed,2018-05-09,B02007,13271.9,100000,True
AC0000774,C000774,7,Checking,2589.95,Active,2015-08-03,B09006,19982.48,25000,False
AC0000775,C000775,2,Checking,18611.32,Active,2018-01-31,B08002,12289.09,250000,True
AC0000776,C000776,4,Savings,4493.39,Active,2025-06-14,B09003,6286.31,25000,True
AC0000777,C000777,4,Checking,5036.08,Active,2016-11-26,B01003,4166.08,100000,True
AC0000778,C000778,10,Business,25310.43,Active,2019-05-12,B08002,3904.35,25000,True
AC0000779,C000779,8,Credit,9091.28,Active,2021-08-03,B03005,6307.21,50000,True
AC0000780,C000780,4,Savings,6640.04,Active,2024-02-27,B04002,16753.1,250000,True
AC0000781,C000781,8,Current,32589.52,Active,2017-11-11,B08005,4799.49,250000,False
AC0000782,C000782,8,Business,25786.09,Active,2020-12-04,B10001,9767.24,100000,False
AC0000783,C000783,4,Business,19679.43,Active,2016-06-30,B09007,5302.88,250000,False
AC0000784,C000784,5,Business,153097.09,Active,2022-04-02,B10005,4110.88,50000,True
AC0000785,C000785,9,Business,42782.59,Active,2016-10-15,B10003,12171.19,100000,False
AC0000786,C000786,6,Savings,13912.31,Active,2021-07-19,B08007,10155.87,25000,False
AC0000787,C000787,2,Business,31183.3,Active,2015-09-12,B04009,3963.57,25000,False
AC0000788,C000788,8,Current,23890.54,Active,2018-04-16,B03007,32114.01,100000,False
AC0000789,C000789,6,Checking,2518.63,Active,2022-12-19,B09009,6054.3,50000,True
AC0000790,C000790,6,Current,8030.72,Active,2022-03-31,B04003,5761.23,250000,True
AC0000791,C000791,8,Savings,21901.41,Active,2021-08-07,B01008,21434.62,25000,True
AC0000792,C000792,10,Checking,4861.59,Active,2021-04-26,B01008,29540.67,50000,True
AC0000793,C000793,4,Current,53300.35,Active,2021-02-07,B05005,9379.2,250000,True
AC0000794,C000794,5,Business,10453.48,Active,2016-05-12,B03001,5459.72,50000,True
AC0000795,C000795,2,Checking,5473.16,Dormant,2023-01-17,B05002,4498.32,250000,True
AC0000796,C000796,7,Credit,29932.32,Dormant,2015-12-24,B05005,4378.65,250000,True
AC0000797,C000797,5,Checking,31429.27,Active,2017-04-08,B05008,22048.47,100000,False
AC0000798,C000798,4,Savings,15063.01,Active,2023-04-25,B02005,13066.96,25000,True
AC0000799,C000799,7,Credit,7194.56,Active,2015-11-03,B03008,15611.18,25000,True
AC0000800,C000800,5,Current,32624.39,Dormant,2021-02-05,B09001,2419.86,50000,False
AC0000801,C000801,5,Checking,10395.67,Active,2025-01-31,B07007,12302.95,100000,False
AC0000802,C000802,5,Current,6654.79,Active,2023-11-18,B05009,1520.59,25000,True
AC0000803,C000803,3,Savings,2440.58,Active,2018-07-01,B09009,7319.48,25000,False
AC0000804,C000804,2,Savings,14219.17,Active,2016-10-02,B02005,35891.41,250000,True
AC0000805,C000805,9,Savings,133438.74,Active,2020-06-09,B01005,2494.05,50000,False
AC0000806,C000806,1,Current,22234.91,Closed,2018-07-30,B01010,14936.13,250000,True
AC0000807,C000807,4,Savings,40395.89,Active,2023-05-21,B07010,11219.84,25000,True
AC0000808,C000808,7,Credit,2647.01,Active,2016-10-31,B04002,21771.88,100000,True
AC0000809,C000809,2,Savings,11927.02,Active,2016-09-28,B08006,12704.68,250000,True
AC0000810,C000810,7,Checking,10260.95,Dormant,2020-03-02,B03008,13321.49,50000,False
AC0000811,C000811,8,Checking,2564.64,Active,2025-10-27,B07010,15646.06,50000,False
AC0000812,C000812,7,Business,5279.4,Active,2017-05-17,B05005,6489.16,25000,False
AC0000813,C000813,4,Savings,6719.26,Active,2022-05-15,B02003,4435.52,100000,True
AC0000814,C000814,1,Current,18772.35,Active,2017-09-17,B10010,5339.9,50000,True
AC0000815,C000815,9,Savings,13766.08,Active,2022-09-11,B09006,3047.72,25000,True
AC0000816,C000816,4,Credit,51621.4,Active,2017-11-17,B08001,3646.37,50000,True
AC0000817,C000817,9,Current,78229.89,Active,2025-05-29,B05004,18002.37,100000,True
AC0000818,C000818,2,Checking,26121.4,Dormant,2020-03-17,B10001,5404.61,25000,False
AC0000819,C000819,2,Current,5018.74,Active,2025-04-18,B10002,6127.93,25000,True
AC0000820,C000820,8,Savings,2577.27,Active,2016-01-09,B10003,46674.85,50000,True
AC0000821,C000821,10,Current,18267.52,Active,2018-11-13,B09006,6928.91,25000,False
AC0000822,C000822,9,Business,55198.17,Active,2017-12-02,B06004,4612.01,250000,True
AC0000823,C000823,8,Credit,1027.66,Active,2022-10-21,B01006,1919.96,50000,True
AC0000824,C000824,3,Business,6457.46,Active,2024-01-24,B08006,3123.44,25000,True
AC0000825,C000825,10,Savings,23786.86,Active,2015-08-28,B01006,5409.93,50000,True
AC0000826,C000826,7,Business,18383.43,Active,2018-05-25,B04004,12320.8,100000,True
AC0000827,C000827,2,Business,22214.11,Active,2018-11-03,B08010,10311.49,50000,True
AC0000828,C000828,2,Current,23151.29,Active,2017-08-27,B08008,11609.22,25000,False
AC0000829,C000829,9,Checking,18904.69,Active,2018-12-21,B07004,4519.99,25000,True
AC0000830,C000830,3,Checking,13638.71,Dormant,2025-11-25,B09008,3327.22,250000,False
AC0000831,C000831,8,Business,15249.75,Dormant,2020-07-02,B01005,6526.15,50000,False
AC0000832,C000832,2,Savings,21978.58,Active,2025-09-17,B02006,11478.23,250000,False
AC0000833,C000833,3,Credit,13502.39,Active,2025-03-30,B05009,6676.1,250000,False
AC0000834,C000834,3,Checking,8937.55,Active,2017-04-09,B02010,11496.56,50000,True
AC0000835,C000835,3,Savings,5905.28,Active,2022-03-09,B01009,2748.23,100000,True
AC0000836,C000836,7,Current,8255.05,Active,2018-05-12,B09005,10433.52,50000,True
AC0000837,C000837,10,Business,7441.15,Active,2024-09-28,B01006,7562.6,250000,True
AC0000838,C000838,10,Checking,15862.71,Active,2016-10-19,B01002,9115.55,50000,True
AC0000839,C000839,8,Business,4942.41,Active,2025-03-03,B07006,3146.37,25000,True
AC0000840,C000840,3,Business,9900.41,Active,2023-09-24,B09008,7040.43,50000,True
AC0000841,C000841,10,Credit,8884.63,Active,2025-05-27,B06002,9117.76,100000,True
AC0000842,C000842,6,Savings,18106.65,Active,2024-08-20,B04006,10241.24,25000,False
AC0000843,C000843,6,Credit,13790.56,Active,2019-01-02,B02002,16726.57,100000,True
AC0000844,C000844,8,Savings,9482.66,Active,2020-11-25,B09009,7305.18,250000,False
AC0000845,C000845,8,Checking,4440.58,Dormant,2019-05-15,B05005,14145.3,100000,True
AC0000846,C000846,10,Credit,12233.21,Active,2023-01-17,B09006,7667.41,250000,True
AC0000847,C000847,6,Current,30583.06,Active,2015-06-06,B01008,1048.39,25000,True
AC0000848,C000848,7,Business,70889.09,Active,2018-08-20,B01010,4086.24,250000,False
AC0000849,C000849,8,Current,55230.98,Active,2023-05-18,B01002,4261.43,250000,True
AC0000850,C000850,3,Checking,13988.7,Active,2018-03-24,B10001,9564.64,250000,False
AC0000851,C000851,4,Checking,21989.93,Active,2015-02-04,B09010,11496.79,100000,False
AC0000852,C000852,7,Current,3813.99,Active,2018-04-15,B01002,1895.44,100000,False
AC0000853,C000853,1,Checking,10698.55,Active,2022-06-10,B02001,1813.66,50000,True
AC0000854,C000854,4,Current,13609.76,Active,2020-04-28,B10008,13083.16,25000,True
AC0000855,C000855,8,Current,11399.56,Active,2023-03-22,B03010,12406.04,50000,True
AC0000856,C000856,10,Credit,2472.82,Active,2015-08-16,B03009,3304.82,250000,True
AC0000857,C000857,6,Savings,5409.24,Active,2018-06-13,B01007,2566.98,100000,True
AC0000858,C000858,4,Credit,232899.55,Active,2019-10-26,B10003,26295.04,25000,True
AC0000859,C000859,5,Credit,16647.82,Dormant,2018-11-22,B08004,30235.1,100000,True
AC0000860,C000860,7,Checking,19240.69,Active,2023-08-10,B06007,38770.85,100000,True
AC0000861,C000861,6,Credit,22281.37,Active,2018-07-03,B02004,7400.24,250000,True
AC0000862,C000862,1,Credit,91409.47,Active,2025-07-14,B04004,3871.91,250000,False
AC0000863,C000863,6,Business,6228.91,Active,2019-02-10,B01009,21238.16,250000,False
AC0000864,C000864,5,Checking,4332.22,Dormant,2024-05-02,B09008,5160.61,100000,False
AC0000865,C000865,8,Credit,8162.17,Active,2024-08-19,B10007,12046.54,25000,True
AC0000866,C000866,9,Business,19866.33,Active,2025-04-19,B07009,3524.76,25000,True
AC0000867,C000867,10,Credit,31475.95,Active,2015-11-06,B07004,21961.41,25000,True
AC0000868,C000868,7,Checking,10875.45,Active,2019-11-03,B02007,7418.64,25000,False
AC0000869,C000869,4,Credit,27565.02,Active,2024-12-03,B07005,3551.22,250000,True
AC0000870,C000870,5,Savings,1899.07,Active,2018-03-02,B06003,19698.31,100000,True
AC0000871,C000871,2,Savings,2212.26,Active,2017-01-11,B01008,9830.56,100000,True
AC0000872,C000872,10,Credit,19485.49,Active,2021-03-17,B01004,3563.14,250000,True
AC0000873,C000873,9,Credit,13732.88,Active,2025-12-04,B10002,12369.5,250000,False
AC0000874,C000874,9,Business,29218.86,Active,2023-08-21,B07003,1756.08,100000,True
AC0000875,C000875,4,Checking,13030.48,Active,2025-05-04,B02010,5120.28,250000,True
AC0000876,C000876,4,Checking,26632.06,Active,2019-07-17,B01004,7615.46,25000,True
AC0000877,C000877,9,Current,44686.59,Active,2024-06-27,B07008,9271.74,100000,True
AC0000878,C000878,6,Checking,24102.34,Active,2025-03-17,B03005,4773.25,25000,True
AC0000879,C000879,8,Business,10158.14,Active,2022-10-22,B06003,13386.17,50000,True
AC0000880,C000880,5,Business,26597.74,Active,2025-06-19,B07001,10421.55,25000,False
AC0000881,C000881,5,Current,22681.75,Dormant,2021-02-20,B02007,17279.3,100000,False
AC0000882,C000882,7,Current,2018.9,Active,2022-12-01,B05005,12260.17,100000,False
AC0000883,C000883,9,Current,9425.62,Active,2015-07-01,B02001,2853.25,100000,False
AC0000884,C000884,4,Current,23910.25,Active,2024-06-15,B04007,19841.66,250000,True
AC0000885,C000885,9,Checking,2442.56,Active,2021-12-30,B02001,16551.94,25000,False
AC0000886,C000886,3,Savings,1929.12,Active,2021-04-20,B10006,15049.48,50000,True
AC0000887,C000887,5,Checking,8978.21,Closed,2024-08-17,B09001,7017.63,250000,True
AC0000888,C000888,10,Business,15967.95,Active,2024-05-19,B03005,12255.55,250000,False
AC0000889,C000889,10,Current,66361.25,Dormant,2025-12-20,B02001,15799.15,25000,True
AC0000890,C000890,10,Credit,28494.32,Active,2022-06-26,B05003,3989.28,50000,True
AC0000891,C000891,4,Business,29527.85,Active,2020-10-13,B02008,10676.09,25000,False
AC0000892,C000892,9,Credit,14447.56,Active,2016-05-04,B03002,8099.02,50000,False
AC0000893,C000893,10,Savings,8298.9,Active,2018-04-11,B07001,16100.37,25000,True
AC0000894,C000894,10,Credit,50282.72,Active,2020-07-10,B01008,13781.69,100000,False
AC0000895,C000895,1,Savings,9391.07,Active,2021-10-26,B06008,3063.33,100000,True
AC0000896,C000896,8,Savings,10713.69,Active,2017-10-14,B06001,4483.68,250000,True
AC0000897,C000897,10,Checking,25258.27,Dormant,2021-10-13,B02005,15145.59,25000,True
AC0000898,C000898,8,Credit,4663.42,Active,2015-01-23,B10001,13891.57,50000,True
AC0000899,C000899,3,Checking,4176.74,Active,2020-09-03,B05001,4488.96,25000,False
AC0000900,C000900,8,Checking,12518.88,Active,2025-10-26,B01004,3132.25,250000,True
AC0000901,C000901,2,Checking,9313.8,Active,2022-05-08,B09001,7713.53,250000,True
AC0000902,C000902,5,Savings,16978.81,Active,2015-07-12,B02007,5873.6,250000,False
AC0000903,C000903,7,Savings,5937.53,Active,2015-07-27,B02007,11856.2,50000,True
AC0000904,C000904,5,Checking,6594.0,Active,2022-09-29,B05001,6197.08,250000,False
AC0000905,C000905,7,Checking,2331.01,Active,2025-09-05,B09010,2547.0,25000,True
AC0000906,C000906,3,Business,12503.94,Active,2021-08-30,B04003,4295.61,100000,True
AC0000907,C000907,7,Credit,43937.5,Active,2023-12-04,B05001,19834.41,250000,True
AC0000908,C000908,7,Business,6400.57,Active,2024-12-03,B06007,10313.72,25000,True
AC0000909,C000909,7,Checking,46385.98,Active,2021-01-05,B09006,6871.29,250000,False
AC0000910,C000910,3,Current,4400.9,Active,2016-07-05,B08004,9676.35,50000,False
AC0000911,C000911,4,Business,17316.98,Active,2025-09-07,B07003,20551.62,100000,False
AC0000912,C000912,3,Current,12301.78,Active,2019-12-02,B07003,8946.56,25000,True
AC0000913,C000913,5,Credit,10399.56,Active,2022-06-14,B03010,4010.85,100000,True
AC0000914,C000914,6,Credit,6450.37,Active,2023-03-22,B03008,18234.67,100000,False
AC0000915,C000915,4,Checking,45863.7,Active,2025-07-14,B02001,8779.95,25000,True
AC0000916,C000916,5,Checking,5896.27,Dormant,2018-01-06,B03008,9276.93,25000,True
AC0000917,C000917,3,Current,2658.17,Active,2023-01-11,B05004,3175.1,250000,False
AC0000918,C000918,3,Checking,8593.28,Active,2020-04-22,B10006,4166.62,100000,False
AC0000919,C000919,7,Credit,6284.27,Dormant,2019-08-10,B10005,11031.51,50000,False
AC0000920,C000920,9,Checking,14920.01,Active,2017-03-14,B09002,9311.28,50000,True
AC0000921,C000921,3,Savings,38852.55,Active,2019-10-07,B10008,26485.47,25000,False
AC0000922,C000922,9,Checking,9409.13,Active,2022-01-08,B06004,7180.52,250000,True
AC0000923,C000923,6,Savings,6419.93,Dormant,2017-11-10,B03001,3370.95,25000,True
AC0000924,C000924,2,Credit,4258.03,Active,2019-04-23,B09005,5872.07,50000,True
AC0000925,C000925,4,Credit,2554.42,Dormant,2015-02-22,B05010,6548.19,100000,False
AC0000926,C000926,1,Business,21663.08,Active,2018-01-12,B09009,5012.98,25000,False
AC0000927,C000927,1,Current,12824.76,Active,2021-08-12,B01005,15324.14,50000,False
AC0000928,C000928,4,Savings,20295.32,Active,2023-02-01,B10009,12054.46,250000,True
AC0000929,C000929,5,Credit,29804.99,Active,2024-01-14,B10001,22419.75,25000,True
AC0000930,C000930,8,Savings,46250.08,Active,2016-07-06,B04010,5140.1,250000,False
AC0000931,C000931,2,Business,69343.03,Active,2020-01-15,B02005,2910.18,250000,True
AC0000932,C000932,9,Current,1555.38,Closed,2020-02-10,B01003,13805.7,250000,True
AC0000933,C000933,3,Business,29959.2,Dormant,2015-01-06,B03007,5254.6,100000,False
AC0000934,C000934,2,Savings,3567.02,Active,2022-07-13,B10003,11436.87,100000,False
AC0000935,C000935,7,Business,12516.59,Active,2017-08-29,B04005,2634.82,25000,True
AC0000936,C000936,8,Current,2181.77,Active,2016-08-16,B05007,15750.63,25000,False
AC0000937,C000937,7,Credit,18739.91,Active,2023-05-16,B01006,20063.68,25000,True
AC0000938,C000938,2,Current,3954.82,Active,2015-05-05,B04005,1729.1,100000,True
AC0000939,C000939,2,Savings,7353.63,Active,2016-01-10,B10009,5303.61,25000,True
AC0000940,C000940,4,Credit,10023.66,Active,2016-09-16,B04008,35054.74,100000,False
AC0000941,C000941,5,Business,2074.51,Active,2019-11-21,B10007,15546.0,50000,True
AC0000942,C000942,10,Current,8604.32,Active,2021-04-26,B02009,33046.72,50000,False
AC0000943,C000943,3,Business,4512.92,Active,2020-07-15,B08010,28644.0,250000,True
AC0000944,C000944,2,Credit,19067.95,Active,2021-03-02,B02006,8488.85,250000,True
AC0000945,C000945,10,Credit,4449.66,Active,2018-01-26,B03004,1963.89,25000,True
AC0000946,C000946,2,Current,10221.87,Active,2020-08-13,B06009,5376.08,100000,True
AC0000947,C000947,1,Checking,12606.33,Active,2023-04-29,B10006,23288.27,250000,True
AC0000948,C000948,5,Savings,9411.56,Active,2020-09-04,B02002,15344.44,50000,False
AC0000949,C000949,5,Checking,2207.88,Active,2015-04-02,B04010,32664.0,100000,True
AC0000950,C000950,7,Business,18524.99,Active,2023-02-01,B01006,4820.94,100000,True
AC0000951,C000951,9,Current,6132.15,Active,2024-04-26,B08006,16684.48,250000,True
AC0000952,C000952,10,Current,3587.56,Active,2015-02-02,B10005,15051.73,25000,True
AC0000953,C000953,3,Savings,25668.18,Active,2020-07-29,B04009,13487.08,50000,True
AC0000954,C000954,10,Checking,1048.41,Active,2017-07-14,B02009,17392.92,250000,False
AC0000955,C000955,7,Savings,31450.13,Active,2023-11-19,B09001,13241.45,25000,False
AC0000956,C000956,1,Checking,7065.46,Active,2017-08-23,B03010,2291.92,25000,True
AC0000957,C000957,10,Business,8123.99,Active,2023-05-29,B04001,2552.91,100000,False
AC0000958,C000958,2,Business,3102.67,Active,2022-12-20,B07004,3255.98,25000,False
AC0000959,C000959,6,Credit,28078.26,Dormant,2021-08-21,B02009,9075.21,100000,True
AC0000960,C000960,8,Business,23409.14,Active,2023-05-10,B01008,17866.77,25000,True
AC0000961,C000961,3,Credit,4579.4,Active,2018-11-06,B05007,14832.14,250000,True
AC0000962,C000962,3,Current,11867.49,Active,2018-01-05,B03007,7420.12,250000,True
AC0000963,C000963,5,Savings,10302.35,Active,2018-09-08,B04009,18963.87,50000,True
AC0000964,C000964,9,Credit,14510.81,Active,2022-09-27,B04009,3601.45,50000,True
AC0000965,C000965,3,Savings,9213.82,Active,2015-09-20,B01007,6090.89,100000,True
AC0000966,C000966,7,Savings,12071.43,Active,2022-04-18,B09004,8631.56,50000,True
AC0000967,C000967,5,Savings,18118.43,Active,2024-10-24,B08010,5893.25,100000,True
AC0000968,C000968,2,Credit,5969.52,Active,2023-01-31,B09005,13920.66,250000,False
AC0000969,C000969,8,Current,2160.94,Active,2017-07-31,B09005,18996.07,250000,True
AC0000970,C000970,9,Business,8290.48,Active,2022-05-30,B05003,13343.7,25000,True
AC0000971,C000971,6,Savings,22271.83,Active,2016-05-23,B08010,713.29,25000,True
AC0000972,C000972,2,Business,1194.26,Active,2025-07-04,B03007,10294.83,250000,True
AC0000973,C000973,2,Credit,20714.33,Active,2025-04-02,B04001,14988.5,100000,True
AC0000974,C000974,5,Business,6344.54,Active,2023-01-02,B07005,2387.44,250000,False
AC0000975,C000975,6,Savings,28574.31,Active,2017-12-30,B02002,7016.55,100000,False
AC0000976,C000976,6,Current,4934.47,Active,2024-08-15,B08001,16194.56,50000,True
AC0000977,C000977,3,Credit,17093.04,Active,2018-08-22,B04010,4135.5,25000,True
AC0000978,C000978,6,Credit,1626.41,Active,2015-08-29,B02004,4899.97,25000,False
AC0000979,C000979,3,Business,49141.18,Dormant,2023-10-20,B10006,12998.59,250000,True
AC0000980,C000980,7,Current,40897.68,Active,2025-10-23,B06002,5964.9,25000,True
AC0000981,C000981,8,Savings,2915.98,Active,2015-10-26,B04001,26305.53,100000,False
AC0000982,C000982,7,Savings,31618.72,Active,2019-08-28,B08010,4437.73,25000,False
AC0000983,C000983,1,Credit,15630.61,Active,2022-02-21,B06009,8624.52,250000,True
AC0000984,C000984,10,Savings,10827.62,Active,2018-05-18,B06010,11105.49,50000,True
AC0000985,C000985,1,Checking,16602.67,Active,2022-08-27,B01006,12229.01,100000,False
AC0000986,C000986,10,Savings,14671.36,Active,2017-09-12,B03005,6948.01,100000,True
AC0000987,C000987,1,Checking,85047.67,Active,2023-08-17,B08003,6104.76,250000,True
AC0000988,C000988,6,Credit,10221.04,Active,2017-05-07,B07010,3200.73,50000,True
AC0000989,C000989,2,Checking,6857.94,Closed,2020-12-11,B03010,3315.18,25000,False
AC0000990,C000990,1,Current,7644.6,Active,2020-01-17,B04008,22184.42,50000,False
AC0000991,C000991,7,Savings,11075.83,Active,2017-02-19,B05010,12506.48,50000,True
AC0000992,C000992,8,Credit,21439.15,Active,2019-12-21,B08010,9624.1,250000,True
AC0000993,C000993,2,Business,2103.13,Active,2023-06-10,B09003,2267.8,250000,True
AC0000994,C000994,10,Credit,20454.24,Active,2016-05-24,B08001,19194.79,100000,True
AC0000995,C000995,4,Business,18034.9,Active,2020-11-22,B02009,11965.42,25000,False
AC0000996,C000996,4,Business,18482.29,Active,2017-07-28,B05004,6298.06,100000,True
AC0000997,C000997,3,Current,9149.65,Active,2025-03-26,B05004,28789.33,100000,True
AC0000998,C000998,5,Savings,7858.5,Active,2019-12-11,B03007,13971.7,25000,False
AC0000999,C000999,2,Business,33961.46,Active,2022-08-11,B05002,8814.87,50000,True
AC0001000,C001000,5,Checking,5105.57,Active,2024-05-20,B07004,3182.05,25000,False
AC0001001,C001001,3,Checking,41873.29,Active,2023-08-06,B08003,19723.09,25000,False
AC0001002,C001002,1,Current,11250.23,Active,2022-04-03,B02006,2828.96,250000,True
AC0001003,C001003,4,Business,13460.06,Active,2020-03-16,B01003,2591.08,25000,False
AC0001004,C001004,7,Current,6541.06,Active,2025-12-07,B04005,6809.52,100000,False
AC0001005,C001005,8,Checking,17649.23,Active,2025-03-17,B10006,8351.93,250000,True
AC0001006,C001006,4,Business,7178.25,Active,2018-04-05,B05001,15723.41,50000,False
AC0001007,C001007,4,Current,33247.25,Active,2018-07-14,B10010,10241.55,250000,False
AC0001008,C001008,8,Current,9755.76,Active,2018-04-20,B07002,28750.5,25000,False
AC0001009,C001009,7,Business,3893.69,Active,2019-05-01,B08006,34173.16,100000,True
AC0001010,C001010,9,Business,46383.53,Active,2016-12-01,B09004,12536.18,50000,True
AC0001011,C001011,10,Credit,37335.52,Active,2024-11-03,B02006,5552.27,50000,False
AC0001012,C001012,9,Business,3897.62,Active,2025-11-05,B04001,15315.52,50000,True
AC0001013,C001013,10,Checking,6436.16,Closed,2016-01-24,B04008,6450.56,100000,False
AC0001014,C001014,5,Savings,3580.02,Active,2021-03-23,B10007,9588.56,100000,True
AC0001015,C001015,4,Savings,2043.59,Active,2019-01-13,B05002,12530.5,100000,False
AC0001016,C001016,4,Checking,36330.38,Closed,2024-04-04,B10005,3825.13,250000,True
AC0001017,C001017,3,Current,19446.85,Dormant,2016-04-22,B04009,8226.35,25000,True
AC0001018,C001018,8,Savings,6278.25,Active,2024-12-15,B10010,26360.37,25000,True
AC0001019,C001019,8,Savings,26058.88,Dormant,2023-12-27,B07008,2116.51,50000,False
AC0001020,C001020,9,Current,14133.05,Active,2020-03-08,B10007,7784.29,100000,True
AC0001021,C001021,2,Savings,2817.71,Active,2021-11-24,B06002,9076.71,250000,True
AC0001022,C001022,5,Business,200866.35,Active,2019-09-27,B10010,7215.91,100000,False
AC0001023,C001023,3,Business,36749.97,Active,2024-11-29,B08001,8133.97,50000,True
AC0001024,C001024,9,Business,7773.37,Active,2018-12-30,B09010,6484.34,25000,True
AC0001025,C001025,3,Current,5512.05,Dormant,2020-06-27,B08001,41100.12,50000,False
AC0001026,C001026,2,Checking,3251.97,Active,2017-11-30,B10006,26316.87,100000,False
AC0001027,C001027,6,Business,29565.28,Active,2015-02-03,B01010,12839.8,25000,True
AC0001028,C001028,9,Credit,3815.54,Active,2015-11-01,B09002,3406.53,100000,False
AC0001029,C001029,10,Credit,6837.27,Active,2015-12-20,B04004,21855.11,25000,True
AC0001030,C001030,1,Savings,39930.6,Active,2018-12-25,B08008,10099.59,250000,True
AC0001031,C001031,4,Current,8003.92,Active,2020-08-13,B02008,12012.5,25000,True
AC0001032,C001032,2,Credit,1632.03,Active,2018-11-29,B10008,13901.47,25000,True
AC0001033,C001033,4,Current,4067.26,Active,2015-04-10,B07008,7570.55,25000,False
AC0001034,C001034,6,Credit,13839.37,Active,2019-02-28,B03003,3749.7,25000,True
AC0001035,C001035,3,Business,7758.17,Active,2021-05-30,B08009,1455.83,25000,True
AC0001036,C001036,1,Current,10607.33,Active,2016-02-01,B02005,14439.72,50000,True
AC0001037,C001037,6,Business,24940.73,Active,2021-01-03,B07004,5334.76,100000,True
AC0001038,C001038,1,Savings,32753.43,Active,2018-07-21,B01005,7957.76,50000,False
AC0001039,C001039,3,Credit,41957.16,Active,2025-01-24,B07006,2753.09,250000,True
AC0001040,C001040,1,Credit,18205.6,Active,2015-04-05,B10002,2346.16,25000,True
AC0001041,C001041,1,Current,47369.1,Closed,2015-07-24,B02010,2763.51,25000,True
AC0001042,C001042,5,Savings,47053.3,Active,2018-09-15,B02003,4500.22,25000,False
AC0001043,C001043,9,Savings,13834.36,Active,2017-11-29,B03003,2606.7,250000,False
AC0001044,C001044,8,Checking,2317.77,Active,2022-06-03,B02003,4625.96,100000,False
AC0001045,C001045,1,Checking,8783.9,Active,2020-02-24,B02004,39282.25,50000,True
AC0001046,C001046,1,Business,7939.32,Active,2023-01-10,B08009,7188.85,250000,True
AC0001047,C001047,4,Credit,1164.99,Closed,2019-09-27,B05006,21472.54,100000,True
AC0001048,C001048,7,Checking,5443.34,Active,2016-03-11,B02001,8223.7,50000,False
AC0001049,C001049,8,Business,8947.99,Active,2022-02-12,B07008,9177.56,250000,False
AC0001050,C001050,9,Checking,17180.01,Active,2016-09-05,B04010,8658.24,25000,False
AC0001051,C001051,4,Current,17641.8,Active,2017-03-21,B02007,7367.81,25000,False
AC0001052,C001052,2,Checking,4676.22,Active,2020-06-30,B06001,6032.0,100000,True
AC0001053,C001053,1,Current,41576.32,Dormant,2015-10-29,B08004,15435.69,50000,True
AC0001054,C001054,2,Credit,29217.69,Active,2022-12-24,B07002,13040.22,250000,False
AC0001055,C001055,1,Savings,48156.85,Active,2017-07-23,B01002,13972.48,100000,False
AC0001056,C001056,9,Savings,15448.0,Dormant,2016-04-29,B10001,5675.2,25000,False
AC0001057,C001057,3,Credit,73994.82,Active,2023-04-05,B04008,2816.65,50000,True
AC0001058,C001058,9,Savings,3705.55,Active,2019-03-24,B02005,10328.72,100000,True
AC0001059,C001059,6,Business,30715.45,Active,2017-08-13,B10001,4530.64,50000,True
AC0001060,C001060,6,Savings,4208.4,Active,2024-06-05,B04003,8721.34,100000,True
AC0001061,C001061,5,Savings,11306.76,Active,2016-03-13,B08002,11337.48,50000,True
AC0001062,C001062,9,Savings,3119.69,Dormant,2022-03-05,B09007,4451.68,100000,True
AC0001063,C001063,1,Current,17386.23,Active,2018-10-31,B04004,29709.4,25000,False
AC0001064,C001064,1,Current,2260.65,Active,2023-05-04,B03009,2985.75,250000,False
AC0001065,C001065,5,Credit,41298.3,Active,2021-04-04,B05001,8002.31,100000,False
AC0001066,C001066,4,Checking,15729.4,Active,2020-03-25,B05009,10740.84,50000,False
AC0001067,C001067,6,Savings,9348.65,Active,2025-01-12,B03007,53976.34,25000,True
AC0001068,C001068,8,Business,7065.54,Active,2023-07-12,B01003,8665.53,100000,False
AC0001069,C001069,6,Current,35412.2,Active,2019-08-29,B03003,18895.53,50000,True
AC0001070,C001070,3,Current,25034.84,Active,2024-03-16,B05004,3604.66,50000,False
AC0001071,C001071,4,Checking,7443.95,Active,2025-07-22,B04007,17026.08,100000,True
AC0001072,C001072,8,Business,23724.2,Active,2019-10-11,B09002,5777.38,25000,False
AC0001073,C001073,3,Business,3618.91,Active,2015-04-19,B04010,11937.88,100000,True
AC0001074,C001074,6,Business,8587.03,Active,2025-11-25,B09007,9670.76,50000,False
AC0001075,C001075,6,Checking,12323.87,Active,2022-09-06,B05003,16076.78,25000,False
AC0001076,C001076,8,Checking,21097.99,Active,2021-04-22,B10008,7348.72,50000,False
AC0001077,C001077,8,Business,22416.14,Active,2022-06-22,B04001,8737.64,25000,True
AC0001078,C001078,5,Current,7938.68,Active,2022-08-08,B08002,11443.36,250000,True
AC0001079,C001079,4,Business,22619.36,Active,2021-11-07,B09007,7701.21,50000,False
AC0001080,C001080,4,Current,11944.87,Active,2015-06-22,B04008,11131.07,50000,True
AC0001081,C001081,5,Credit,22487.22,Active,2016-03-22,B05006,7233.58,50000,True
AC0001082,C001082,3,Checking,12458.14,Active,2025-01-30,B03007,49920.4,50000,False
AC0001083,C001083,7,Credit,2929.68,Active,2020-02-08,B07005,3430.2,250000,False
AC0001084,C001084,3,Savings,45404.63,Active,2024-12-02,B06005,1263.11,25000,False
AC0001085,C001085,7,Credit,8781.1,Active,2023-09-23,B05004,4782.48,50000,False
AC0001086,C001086,8,Checking,20122.57,Dormant,2019-08-19,B04006,4636.97,50000,True
AC0001087,C001087,10,Checking,2913.44,Active,2020-09-12,B03008,28050.07,250000,True
AC0001088,C001088,2,Checking,16352.14,Active,2023-11-27,B04002,1669.29,25000,True
AC0001089,C001089,8,Checking,20750.37,Active,2017-10-27,B03003,2500.12,250000,True
AC0001090,C001090,1,Checking,6354.79,Active,2017-12-26,B07002,11849.34,50000,True
AC0001091,C001091,4,Current,11586.15,Active,2019-01-31,B04006,5947.95,100000,True
AC0001092,C001092,2,Current,31785.0,Active,2015-11-06,B01001,14738.18,250000,True
AC0001093,C001093,2,Savings,5658.2,Active,2015-03-17,B05010,11803.73,250000,True
AC0001094,C001094,2,Business,10232.18,Active,2020-05-27,B08007,14329.25,50000,True
AC0001095,C001095,1,Business,18105.01,Active,2017-04-21,B02006,6664.47,25000,True
AC0001096,C001096,9,Checking,24364.75,Active,2016-01-13,B10005,4572.95,50000,True
AC0001097,C001097,1,Current,41284.56,Active,2015-09-29,B06008,9862.48,50000,True
AC0001098,C001098,4,Checking,12032.6,Dormant,2018-06-05,B02004,28133.5,50000,False
AC0001099,C001099,7,Business,2554.9,Active,2025-12-16,B07010,3160.76,100000,True
AC0001100,C001100,10,Credit,22452.28,Dormant,2022-02-21,B09006,32687.25,50000,True
AC0001101,C001101,9,Credit,13550.3,Active,2016-03-03,B10003,7004.47,50000,True
AC0001102,C001102,2,Credit,6350.55,Active,2025-06-11,B03004,4649.63,100000,False
AC0001103,C001103,10,Current,3991.89,Active,2020-01-27,B05003,8598.48,25000,True
AC0001104,C001104,7,Savings,10455.73,Active,2016-03-08,B01006,8479.07,25000,True
AC0001105,C001105,2,Current,2783.83,Active,2016-04-12,B07007,21806.56,100000,False
AC0001106,C001106,5,Current,4912.98,Active,2015-03-13,B04010,4200.4,250000,False
AC0001107,C001107,10,Savings,4858.1,Active,2019-11-28,B06001,10658.45,25000,True
AC0001108,C001108,4,Savings,10577.75,Active,2016-06-25,B02003,5834.21,250000,True
AC0001109,C001109,2,Current,14700.37,Active,2015-11-20,B06009,10859.61,50000,False
AC0001110,C001110,9,Credit,13542.22,Active,2020-03-29,B03008,12703.34,25000,False
AC0001111,C001111,10,Checking,4779.47,Active,2023-06-29,B01008,33829.59,25000,True
AC0001112,C001112,10,Checking,7357.8,Closed,2024-05-24,B08001,6377.69,100000,True
AC0001113,C001113,10,Savings,16268.59,Active,2018-02-27,B01002,4738.33,250000,True
AC0001114,C001114,9,Current,17421.63,Active,2024-02-22,B03002,4591.4,250000,True
AC0001115,C001115,5,Current,4960.22,Active,2016-11-01,B08001,1357.85,100000,True
AC0001116,C001116,2,Savings,17653.7,Active,2018-06-29,B07002,4088.55,100000,False
AC0001117,C001117,7,Business,13356.28,Active,2018-06-02,B08003,3601.46,50000,False
AC0001118,C001118,3,Current,5304.99,Active,2019-05-08,B05003,5700.4,50000,True
AC0001119,C001119,5,Checking,6389.98,Active,2023-07-04,B01010,2348.96,50000,False
AC0001120,C001120,7,Credit,13378.83,Active,2017-02-09,B01007,13931.79,100000,True
AC0001121,C001121,10,Credit,9023.84,Active,2021-02-05,B01001,6410.8,25000,False
AC0001122,C001122,3,Checking,18083.21,Active,2020-01-14,B01010,2531.6,25000,True
AC0001123,C001123,3,Savings,3026.42,Active,2024-05-13,B02006,4442.11,25000,True
AC0001124,C001124,8,Credit,27529.16,Active,2020-12-19,B01010,6319.14,100000,False
AC0001125,C001125,1,Checking,10617.48,Active,2022-05-08,B05009,3343.14,250000,True
AC0001126,C001126,6,Business,6523.94,Active,2019-05-08,B05006,2323.45,250000,True
AC0001127,C001127,8,Checking,11159.28,Active,2016-08-27,B08007,5879.23,50000,False
AC0001128,C001128,6,Credit,66997.96,Active,2022-09-08,B09006,7237.76,25000,True
AC0001129,C001129,4,Checking,2073.26,Active,2023-06-02,B04003,16295.7,250000,False
AC0001130,C001130,9,Savings,6745.35,Active,2016-02-21,B04003,10861.38,250000,True
AC0001131,C001131,4,Current,21673.98,Active,2018-06-26,B02001,10427.17,25000,True
AC0001132,C001132,8,Credit,8118.41,Active,2016-05-25,B08008,6720.59,100000,True
AC0001133,C001133,5,Current,20332.23,Active,2016-01-15,B05004,8246.8,100000,True
AC0001134,C001134,1,Savings,44010.61,Active,2024-04-30,B08002,6037.07,50000,False
AC0001135,C001135,6,Current,27986.78,Active,2019-01-12,B02002,12824.0,50000,False
AC0001136,C001136,1,Business,14370.32,Active,2022-03-13,B01005,9768.29,50000,True
AC0001137,C001137,10,Business,4717.4,Active,2015-07-08,B07003,5201.86,25000,False
AC0001138,C001138,7,Checking,5822.58,Active,2017-05-26,B08008,3032.88,250000,True
AC0001139,C001139,4,Checking,2905.92,Active,2018-03-26,B02006,17622.01,100000,False
AC0001140,C001140,5,Business,12007.02,Active,2022-05-16,B10010,29916.26,250000,False
AC0001141,C001141,7,Savings,66409.76,Active,2025-06-11,B05001,11013.84,100000,False
AC0001142,C001142,3,Current,51701.96,Active,2024-01-09,B08008,22768.45,25000,True
AC0001143,C001143,3,Current,25242.43,Dormant,2016-09-08,B10010,6528.78,25000,True
AC0001144,C001144,5,Checking,14918.48,Active,2020-01-30,B05001,14353.16,25000,False
AC0001145,C001145,3,Business,31068.48,Active,2023-03-28,B09008,2806.2,250000,True
AC0001146,C001146,8,Credit,3346.28,Active,2016-05-31,B02006,12612.79,250000,True
AC0001147,C001147,2,Business,45365.07,Active,2016-03-21,B10005,7219.38,50000,False
AC0001148,C001148,9,Business,32188.47,Active,2023-07-25,B08006,19478.34,25000,True
AC0001149,C001149,4,Credit,11424.44,Active,2024-02-22,B09009,3198.68,25000,True
AC0001150,C001150,6,Current,10100.27,Active,2019-06-17,B10006,5790.9,50000,True
AC0001151,C001151,2,Business,20156.02,Active,2025-12-21,B06003,12397.57,25000,True
AC0001152,C001152,4,Savings,11440.1,Active,2016-04-08,B03005,14178.26,25000,True
AC0001153,C001153,8,Current,5168.7,Active,2023-03-26,B03004,3604.04,100000,True
AC0001154,C001154,3,Credit,2896.83,Active,2023-09-24,B02006,5497.56,100000,True
AC0001155,C001155,2,Current,14433.98,Dormant,2020-04-21,B03004,8467.52,100000,False
AC0001156,C001156,6,Current,1757.31,Active,2018-01-10,B09004,16324.29,50000,False
AC0001157,C001157,2,Current,4178.29,Dormant,2018-11-18,B05004,7175.31,50000,True
AC0001158,C001158,4,Credit,30197.92,Active,2020-01-22,B05008,11567.49,100000,False
AC0001159,C001159,5,Business,82551.76,Active,2022-10-18,B03009,6597.75,25000,True
AC0001160,C001160,6,Savings,5660.25,Active,2019-05-16,B09004,5830.49,250000,True
AC0001161,C001161,7,Current,15602.34,Active,2021-03-21,B10009,562.63,100000,True
AC0001162,C001162,7,Checking,5186.66,Active,2017-10-22,B08006,6643.22,50000,False
AC0001163,C001163,9,Business,11483.32,Active,2019-08-20,B08008,4785.51,50000,True
AC0001164,C001164,1,Business,7316.22,Active,2016-06-12,B06005,5685.22,25000,True
AC0001165,C001165,4,Business,2211.0,Active,2019-04-27,B09009,16979.34,100000,False
AC0001166,C001166,1,Savings,7344.85,Active,2025-07-24,B03010,3612.09,100000,True
AC0001167,C001167,1,Business,2160.71,Active,2019-06-20,B07006,8813.69,250000,True
AC0001168,C001168,3,Savings,29611.62,Active,2022-12-08,B10001,6066.22,100000,True
AC0001169,C001169,6,Checking,6290.37,Active,2018-04-16,B10005,10471.87,100000,False
AC0001170,C001170,9,Current,30664.9,Active,2024-01-26,B05005,13634.87,50000,True
AC0001171,C001171,8,Credit,31654.03,Active,2018-09-17,B05008,3060.9,25000,True
AC0001172,C001172,7,Credit,4477.11,Active,2016-10-02,B02001,4745.79,100000,True
AC0001173,C001173,8,Checking,18729.13,Dormant,2015-02-03,B05008,4803.49,100000,True
AC0001174,C001174,2,Savings,2422.62,Active,2023-02-04,B01001,2718.55,250000,True
AC0001175,C001175,9,Checking,39751.08,Closed,2017-01-22,B05009,3064.54,50000,True
AC0001176,C001176,9,Current,5799.01,Active,2016-06-24,B03009,24967.98,25000,False
AC0001177,C001177,1,Business,5049.56,Active,2021-08-06,B07006,2264.31,250000,True
AC0001178,C001178,5,Business,5663.18,Active,2018-01-16,B10003,4693.41,50000,True
AC0001179,C001179,9,Credit,83862.91,Active,2016-12-18,B07010,6222.6,250000,False
AC0001180,C001180,5,Current,10830.35,Active,2015-11-17,B02002,5639.02,250000,True
AC0001181,C001181,9,Business,21801.36,Active,2016-06-21,B04002,15669.83,25000,True
AC0001182,C001182,10,Business,652.79,Active,2023-02-16,B01010,4712.41,25000,True
AC0001183,C001183,5,Credit,131202.43,Active,2023-08-29,B09004,9388.84,50000,True
AC0001184,C001184,1,Current,10146.32,Dormant,2019-11-24,B07006,11714.89,100000,True
AC0001185,C001185,4,Credit,2192.95,Active,2020-09-26,B02007,14008.31,250000,True
AC0001186,C001186,3,Savings,32525.37,Active,2020-11-23,B06008,12365.76,25000,True
AC0001187,C001187,5,Checking,10389.53,Active,2017-01-22,B09001,6603.2,50000,False
AC0001188,C001188,6,Checking,5009.02,Active,2021-10-21,B07005,18858.33,50000,False
AC0001189,C001189,5,Business,3019.19,Active,2018-10-08,B03008,34872.94,50000,False
AC0001190,C001190,2,Checking,38562.16,Active,2019-07-31,B01007,28300.2,250000,True
AC0001191,C001191,4,Savings,7534.62,Dormant,2025-10-02,B10002,8371.84,25000,True
AC0001192,C001192,7,Business,12401.99,Active,2023-06-09,B02006,5986.79,50000,True
AC0001193,C001193,1,Current,6169.73,Active,2022-04-20,B04004,4879.28,250000,False
AC0001194,C001194,3,Business,7864.05,Active,2017-10-29,B08003,11029.68,250000,True
AC0001195,C001195,9,Business,17539.14,Active,2019-05-14,B04007,8704.93,50000,True
AC0001196,C001196,1,Business,10105.52,Closed,2021-10-01,B07010,7512.95,250000,False
AC0001197,C001197,5,Business,8113.0,Active,2023-02-17,B01010,28201.36,25000,True
AC0001198,C001198,3,Savings,18924.79,Active,2016-01-03,B07009,10988.2,25000,True
AC0001199,C001199,2,Savings,886.3,Active,2017-04-15,B02009,20499.87,50000,True
AC0001200,C001200,5,Checking,3719.11,Active,2023-02-17,B06004,2634.75,50000,False
AC0001201,C001201,6,Business,86441.85,Active,2018-08-12,B01010,6109.87,50000,True
AC0001202,C001202,2,Checking,10593.1,Active,2024-11-14,B04004,12096.98,50000,False
AC0001203,C001203,1,Credit,10918.04,Active,2017-05-07,B01007,8614.68,25000,True
AC0001204,C001204,2,Savings,3587.77,Active,2016-04-22,B10006,2728.44,250000,True
AC0001205,C001205,7,Credit,6373.85,Active,2017-12-09,B10003,15144.31,50000,True
AC0001206,C001206,9,Checking,1221.78,Active,2017-07-10,B03005,14860.67,25000,False
AC0001207,C001207,2,Current,31471.69,Active,2023-01-05,B10004,6005.67,250000,True
AC0001208,C001208,4,Savings,2890.75,Active,2016-01-14,B07001,15426.89,25000,False
AC0001209,C001209,4,Savings,11362.02,Active,2018-09-03,B01003,12656.06,25000,True
AC0001210,C001210,4,Current,14908.45,Active,2022-09-05,B07004,3948.68,50000,True
AC0001211,C001211,3,Credit,14537.97,Active,2022-06-01,B08008,10001.04,25000,True
AC0001212,C001212,1,Credit,2561.73,Active,2023-05-30,B04009,6692.27,50000,True
AC0001213,C001213,6,Checking,10799.86,Active,2025-11-18,B03010,15563.14,100000,True
AC0001214,C001214,4,Checking,9818.43,Active,2019-04-12,B03010,4886.9,100000,True
AC0001215,C001215,4,Checking,8988.46,Active,2025-04-26,B06002,1980.14,100000,True
AC0001216,C001216,3,Checking,19170.44,Active,2020-11-10,B01004,15282.92,50000,True
AC0001217,C001217,10,Checking,3848.74,Active,2020-06-07,B09004,3769.8,25000,True
AC0001218,C001218,7,Savings,14832.37,Active,2016-02-19,B07002,4479.21,25000,False
AC0001219,C001219,5,Checking,12729.27,Active,2017-07-29,B07007,8258.26,25000,False
AC0001220,C001220,3,Current,10529.35,Active,2015-11-23,B07008,6887.19,250000,False
AC0001221,C001221,9,Checking,2429.41,Active,2017-01-21,B03001,7342.15,100000,True
AC0001222,C001222,9,Credit,5894.84,Active,2023-08-13,B10007,12222.94,250000,True
AC0001223,C001223,1,Current,7850.23,Active,2016-05-11,B04004,3709.33,25000,False
AC0001224,C001224,10,Savings,4086.04,Active,2015-10-19,B01001,4842.77,50000,True
AC0001225,C001225,7,Savings,1971.63,Active,2019-07-01,B04005,19414.37,50000,True
AC0001226,C001226,1,Checking,12021.64,Active,2020-06-24,B02002,8165.48,50000,False
AC0001227,C001227,8,Checking,58430.24,Active,2023-02-18,B07004,9646.1,50000,True
AC0001228,C001228,2,Business,13474.33,Active,2015-12-25,B02006,3771.72,25000,True
AC0001229,C001229,1,Savings,41071.5,Active,2015-08-23,B04007,11579.79,50000,False
AC0001230,C001230,2,Business,8523.31,Active,2022-10-24,B05008,11950.92,25000,True
AC0001231,C001231,5,Business,14153.69,Dormant,2016-11-14,B02007,9354.47,50000,True
AC0001232,C001232,7,Current,148081.55,Dormant,2019-05-06,B08008,11439.44,100000,False
AC0001233,C001233,5,Business,19340.76,Active,2016-12-20,B02006,3201.5,25000,True
AC0001234,C001234,2,Credit,3891.18,Active,2024-06-03,B02003,6855.01,50000,True
AC0001235,C001235,2,Checking,12315.11,Active,2019-11-16,B01004,4089.4,50000,True
AC0001236,C001236,9,Current,101931.45,Active,2021-02-05,B01010,4551.83,100000,False
AC0001237,C001237,10,Current,6508.41,Active,2019-09-22,B08004,5736.14,100000,True
AC0001238,C001238,8,Checking,86979.35,Active,2017-12-11,B10005,1393.15,250000,True
AC0001239,C001239,2,Credit,20834.32,Active,2025-07-18,B02007,5131.21,25000,True
AC0001240,C001240,9,Current,4736.79,Active,2021-07-07,B06010,7279.3,100000,True
AC0001241,C001241,7,Checking,2249.6,Dormant,2017-01-02,B04010,13982.67,100000,True
AC0001242,C001242,6,Checking,21972.06,Active,2017-02-17,B04006,5953.05,25000,False
AC0001243,C001243,2,Savings,36531.96,Active,2018-10-04,B07006,13737.78,100000,False
AC0001244,C001244,10,Credit,9758.23,Active,2016-06-08,B07010,4950.42,250000,True
AC0001245,C001245,5,Savings,72865.64,Active,2025-06-08,B05005,3366.56,50000,True
AC0001246,C001246,1,Savings,3952.83,Active,2024-12-31,B01002,6797.96,50000,True
AC0001247,C001247,3,Current,11800.95,Active,2024-09-16,B04005,4554.56,50000,False
AC0001248,C001248,5,Checking,21243.03,Active,2020-02-24,B10002,12086.61,50000,True
AC0001249,C001249,1,Current,5058.81,Active,2020-09-02,B06010,14738.02,250000,True
AC0001250,C001250,4,Savings,39816.49,Active,2021-05-05,B07001,3189.26,250000,True
AC0001251,C001251,5,Checking,11574.08,Active,2022-09-21,B08009,12870.09,250000,True
AC0001252,C001252,10,Savings,30721.8,Active,2018-10-19,B03010,7373.89,50000,True
AC0001253,C001253,1,Savings,5964.09,Active,2016-11-07,B09006,4933.51,50000,True
AC0001254,C001254,6,Credit,1703.33,Dormant,2020-03-10,B09007,4965.24,50000,False
AC0001255,C001255,10,Current,33692.01,Active,2015-09-08,B09010,2438.17,50000,True
AC0001256,C001256,9,Checking,86323.1,Active,2023-07-23,B05007,10159.64,100000,True
AC0001257,C001257,10,Credit,3554.51,Active,2024-05-08,B04005,6335.7,50000,True
AC0001258,C001258,2,Current,21898.36,Active,2018-02-07,B10008,14333.85,100000,False
AC0001259,C001259,9,Checking,7932.87,Active,2024-11-17,B07009,4521.37,50000,True
AC0001260,C001260,10,Credit,2578.63,Active,2017-06-01,B01004,16198.63,50000,True
AC0001261,C001261,4,Checking,3653.12,Active,2021-12-31,B06002,4671.77,100000,True
AC0001262,C001262,5,Current,9267.3,Active,2020-04-10,B09007,7601.03,25000,True
AC0001263,C001263,6,Credit,17765.21,Dormant,2017-10-21,B03010,1581.69,250000,True
AC0001264,C001264,5,Credit,34839.2,Active,2016-07-05,B05003,6251.26,50000,True
AC0001265,C001265,3,Business,12773.42,Active,2025-07-29,B03006,7202.68,25000,False
AC0001266,C001266,10,Current,2339.71,Active,2017-06-20,B07001,5525.18,25000,True
AC0001267,C001267,10,Current,4000.65,Active,2023-06-10,B03003,9925.39,250000,True
AC0001268,C001268,4,Current,7975.53,Active,2018-12-29,B03007,6802.41,25000,True
AC0001269,C001269,9,Checking,9550.21,Active,2020-04-13,B03004,5495.25,100000,True
AC0001270,C001270,4,Savings,5636.5,Active,2018-01-07,B01005,16195.69,25000,True
AC0001271,C001271,8,Business,6913.9,Active,2023-05-10,B08007,9806.86,250000,True
AC0001272,C001272,6,Checking,4949.42,Active,2024-11-15,B03005,18470.52,250000,False
AC0001273,C001273,5,Savings,27060.77,Active,2018-06-26,B10003,1262.45,50000,True
AC0001274,C001274,2,Checking,6414.14,Dormant,2015-06-11,B03004,17131.62,250000,True
AC0001275,C001275,7,Current,2760.06,Active,2021-12-15,B01004,15666.49,25000,True
AC0001276,C001276,4,Business,6108.78,Active,2015-05-30,B04004,691.45,25000,False
AC0001277,C001277,3,Current,7173.24,Active,2024-05-11,B10004,6593.73,50000,True
AC0001278,C001278,2,Checking,19693.29,Active,2024-05-14,B06008,7658.25,25000,False
AC0001279,C001279,10,Credit,11380.33,Active,2015-02-12,B06006,5790.01,250000,True
AC0001280,C001280,2,Business,10523.98,Dormant,2022-07-19,B02008,14722.43,50000,True
AC0001281,C001281,8,Credit,22146.77,Active,2017-05-29,B03006,9647.58,100000,True
AC0001282,C001282,9,Current,10453.25,Active,2021-10-20,B03003,3616.2,100000,True
AC0001283,C001283,1,Checking,4970.11,Active,2024-01-26,B09001,4759.5,50000,False
AC0001284,C001284,6,Savings,12649.26,Active,2025-11-26,B05008,2916.6,50000,True
AC0001285,C001285,6,Credit,4264.65,Active,2018-03-10,B03002,14258.44,25000,False
AC0001286,C001286,4,Checking,11228.93,Active,2022-05-19,B04008,32605.82,100000,False
AC0001287,C001287,7,Checking,6645.4,Active,2018-01-30,B07003,23636.73,25000,True
AC0001288,C001288,5,Business,28170.45,Active,2016-11-09,B01007,16306.78,100000,True
AC0001289,C001289,5,Current,74433.4,Active,2018-01-05,B06005,6343.13,25000,False
AC0001290,C001290,5,Current,19077.15,Dormant,2018-07-02,B01004,11816.32,250000,True
AC0001291,C001291,9,Current,36748.59,Active,2025-09-05,B04001,15334.26,100000,False
AC0001292,C001292,7,Savings,7310.34,Active,2018-03-24,B03005,9440.57,25000,True
AC0001293,C001293,4,Savings,9699.86,Active,2022-08-05,B09005,13023.45,50000,True
AC0001294,C001294,10,Savings,4728.64,Dormant,2016-04-22,B10007,11779.59,50000,True
AC0001295,C001295,9,Credit,3037.93,Active,2018-08-07,B07004,15289.55,50000,False
AC0001296,C001296,10,Business,15211.13,Active,2025-10-05,B01008,10110.57,250000,True
AC0001297,C001297,8,Business,15266.82,Active,2018-12-03,B09009,4144.35,25000,True
AC0001298,C001298,4,Credit,4624.69,Active,2022-12-13,B08008,6717.6,50000,False
AC0001299,C001299,8,Savings,4104.77,Active,2022-05-21,B10002,6867.53,100000,True
AC0001300,C001300,4,Savings,3534.01,Active,2024-02-02,B08002,8260.08,50000,True
AC0001301,C001301,3,Credit,11513.51,Active,2024-11-29,B06007,13085.35,250000,False
AC0001302,C001302,5,Checking,21278.17,Active,2015-08-30,B04008,3490.58,50000,True
AC0001303,C001303,10,Business,11448.82,Active,2017-10-03,B09003,23591.13,50000,True
AC0001304,C001304,6,Current,8737.29,Active,2024-08-16,B09009,11263.55,100000,False
AC0001305,C001305,4,Business,2505.98,Active,2017-04-30,B01001,6717.67,250000,True
AC0001306,C001306,5,Checking,1975.64,Active,2017-06-22,B09003,11531.74,25000,True
AC0001307,C001307,3,Credit,6539.34,Active,2017-12-20,B05001,7885.97,100000,False
AC0001308,C001308,7,Checking,1492.79,Active,2021-06-26,B01003,5474.48,50000,False
AC0001309,C001309,4,Credit,11044.03,Active,2023-08-22,B05004,4143.58,50000,True
AC0001310,C001310,6,Credit,34622.0,Active,2020-10-20,B04010,4231.84,250000,True
AC0001311,C001311,4,Savings,43811.65,Active,2020-10-16,B10001,6909.42,250000,False
AC0001312,C001312,4,Savings,16573.82,Active,2017-10-30,B09007,18369.79,50000,True
AC0001313,C001313,10,Savings,9619.92,Active,2015-07-23,B04002,7679.73,25000,True
AC0001314,C001314,4,Current,1285.91,Closed,2017-05-20,B01004,11603.76,100000,True
AC0001315,C001315,1,Credit,629.61,Active,2019-12-25,B08005,14141.73,100000,True
AC0001316,C001316,4,Credit,6919.71,Active,2015-03-29,B06008,12696.95,50000,True
AC0001317,C001317,6,Savings,15700.78,Active,2018-04-19,B08006,2477.93,250000,True
AC0001318,C001318,1,Credit,6124.65,Active,2017-07-28,B05009,7324.12,50000,True
AC0001319,C001319,4,Current,8985.09,Active,2025-03-07,B03010,7317.75,100000,True
AC0001320,C001320,2,Checking,3331.95,Active,2021-06-22,B07010,6698.59,250000,True
AC0001321,C001321,6,Current,16236.46,Active,2016-08-26,B08006,7779.36,25000,False
AC0001322,C001322,8,Savings,9975.84,Active,2021-12-05,B07003,13982.7,50000,True
AC0001323,C001323,10,Credit,6276.37,Closed,2019-04-03,B02008,5330.51,50000,True
AC0001324,C001324,4,Business,16891.5,Active,2025-12-28,B08010,23504.5,250000,False
AC0001325,C001325,9,Credit,72928.95,Active,2025-05-08,B09008,2250.95,250000,True
AC0001326,C001326,3,Savings,48257.44,Dormant,2019-03-18,B05008,56822.17,25000,True
AC0001327,C001327,8,Checking,20716.25,Active,2019-04-28,B01002,3672.18,50000,True
AC0001328,C001328,6,Checking,2994.31,Active,2024-06-16,B06006,34616.91,100000,True
AC0001329,C001329,8,Credit,21666.69,Active,2025-11-21,B05004,21893.58,50000,False
AC0001330,C001330,8,Savings,27180.31,Active,2020-05-08,B10006,13036.62,25000,True
AC0001331,C001331,6,Checking,10947.33,Active,2024-05-22,B07002,7968.43,50000,True
AC0001332,C001332,3,Current,3747.12,Active,2019-06-08,B09005,8387.81,100000,True
AC0001333,C001333,6,Current,8524.14,Active,2025-08-21,B07001,4487.29,250000,True
AC0001334,C001334,9,Savings,42892.94,Closed,2020-05-04,B02006,5915.73,250000,True
AC0001335,C001335,10,Savings,30123.52,Closed,2015-03-18,B01005,24599.04,100000,False
AC0001336,C001336,10,Savings,11516.7,Active,2018-06-13,B10008,7442.62,100000,True
AC0001337,C001337,2,Checking,12562.78,Active,2017-10-06,B02002,14913.13,50000,False
AC0001338,C001338,6,Credit,50692.6,Active,2025-08-14,B10005,16663.29,100000,False
AC0001339,C001339,2,Business,10649.35,Active,2022-02-17,B10003,7943.85,250000,True
AC0001340,C001340,7,Credit,4540.56,Active,2024-11-21,B03006,2952.35,100000,False
AC0001341,C001341,10,Current,48755.15,Active,2024-05-26,B03003,3730.16,25000,True
AC0001342,C001342,1,Savings,12830.55,Active,2023-07-05,B02006,13380.52,100000,True
AC0001343,C001343,7,Checking,31465.73,Active,2024-09-24,B10005,5822.8,100000,False
AC0001344,C001344,10,Credit,6896.43,Active,2022-02-18,B05003,48840.65,250000,True
AC0001345,C001345,9,Checking,89437.9,Active,2019-12-19,B07004,9718.56,25000,True
AC0001346,C001346,4,Checking,8911.77,Active,2025-09-11,B05007,23224.19,50000,True
AC0001347,C001347,2,Current,59294.77,Active,2019-03-03,B08008,3161.11,100000,True
AC0001348,C001348,10,Savings,3715.26,Active,2016-05-02,B04006,19761.0,25000,True
AC0001349,C001349,10,Checking,6783.55,Active,2025-10-17,B09002,8832.46,100000,False
AC0001350,C001350,6,Business,9190.9,Active,2017-12-13,B03005,10630.95,50000,True
AC0001351,C001351,10,Savings,4049.78,Active,2023-03-03,B05010,7596.93,50000,False
AC0001352,C001352,1,Credit,14465.9,Active,2021-10-27,B09008,18592.75,100000,False
AC0001353,C001353,7,Current,37093.71,Active,2023-05-23,B02009,3633.13,25000,True
AC0001354,C001354,1,Checking,27784.33,Active,2019-12-11,B07002,8276.12,50000,True
AC0001355,C001355,10,Savings,21520.32,Active,2016-09-18,B03008,30888.64,250000,False
AC0001356,C001356,7,Credit,12318.57,Active,2019-07-11,B06002,8764.29,100000,False
AC0001357,C001357,10,Checking,2568.37,Active,2020-10-22,B05006,26678.79,50000,False
AC0001358,C001358,6,Credit,38397.61,Active,2020-10-21,B01009,5927.35,250000,False
AC0001359,C001359,1,Savings,12518.11,Active,2019-01-03,B07009,14188.76,250000,False
AC0001360,C001360,1,Current,6046.6,Active,2017-02-15,B07005,5774.54,50000,True
AC0001361,C001361,4,Credit,19580.59,Active,2021-07-16,B10009,12489.95,50000,True
AC0001362,C001362,8,Credit,12919.48,Active,2021-04-21,B10010,2769.56,250000,True
AC0001363,C001363,2,Current,1063.0,Active,2019-01-26,B07006,6472.31,50000,True
AC0001364,C001364,9,Business,14410.4,Active,2016-10-16,B01003,1665.57,50000,True
AC0001365,C001365,3,Credit,31036.62,Active,2021-08-10,B01006,13871.12,250000,False
AC0001366,C001366,5,Savings,3881.01,Active,2017-08-28,B07005,13760.01,100000,True
AC0001367,C001367,3,Credit,4297.06,Active,2019-09-06,B06001,5014.07,100000,True
AC0001368,C001368,5,Current,27775.46,Active,2017-06-22,B08003,4127.67,100000,False
AC0001369,C001369,5,Savings,7166.15,Active,2021-10-02,B10001,21825.85,50000,False
AC0001370,C001370,1,Credit,6603.48,Active,2022-08-28,B05005,2717.18,25000,True
AC0001371,C001371,6,Credit,6297.05,Active,2024-05-05,B01006,10663.97,250000,True
AC0001372,C001372,8,Business,5798.64,Active,2024-08-24,B07002,2858.57,100000,True
AC0001373,C001373,10,Savings,10659.9,Active,2021-01-04,B05009,11432.12,50000,True
AC0001374,C001374,4,Checking,5228.43,Active,2015-11-06,B01006,8161.55,100000,True
AC0001375,C001375,9,Checking,4955.26,Dormant,2015-08-24,B03001,10335.29,100000,True
AC0001376,C001376,9,Current,996.16,Active,2017-06-13,B02006,3337.42,25000,True
AC0001377,C001377,10,Savings,10745.76,Active,2024-06-22,B02008,14720.8,50000,True
AC0001378,C001378,4,Business,9570.05,Active,2015-08-28,B02006,5472.86,25000,True
AC0001379,C001379,9,Business,34476.51,Active,2017-07-02,B01002,40405.51,50000,True
AC0001380,C001380,6,Business,9804.32,Active,2025-01-09,B04008,16425.62,100000,True
AC0001381,C001381,1,Checking,2958.62,Active,2019-07-23,B10006,14909.33,50000,True
AC0001382,C001382,3,Checking,13291.76,Active,2016-02-02,B04010,4399.72,250000,False
AC0001383,C001383,7,Credit,11600.7,Active,2025-12-07,B05005,9463.99,100000,False
AC0001384,C001384,2,Savings,6170.86,Active,2023-02-19,B10009,7814.24,25000,True
AC0001385,C001385,5,Credit,5717.53,Active,2021-08-31,B10006,4240.44,50000,True
AC0001386,C001386,8,Checking,23942.95,Active,2019-07-19,B08010,8482.37,25000,True
AC0001387,C001387,2,Savings,9206.01,Active,2016-08-02,B03010,15424.35,50000,False
AC0001388,C001388,5,Savings,14704.9,Active,2023-04-15,B03005,7210.55,50000,True
AC0001389,C001389,3,Business,1745.5,Active,2021-07-01,B08007,3091.61,250000,False
AC0001390,C001390,6,Business,11238.51,Active,2025-07-02,B05006,17813.97,100000,True
AC0001391,C001391,3,Business,16676.59,Active,2023-12-09,B06001,10383.75,50000,True
AC0001392,C001392,10,Checking,31459.19,Active,2018-07-03,B09006,745.23,100000,False
AC0001393,C001393,1,Current,43742.87,Active,2025-09-02,B10001,15586.98,250000,False
AC0001394,C001394,10,Checking,4666.87,Active,2020-09-28,B02009,4143.63,100000,True
AC0001395,C001395,8,Savings,4966.75,Active,2016-01-29,B04002,5345.48,50000,True
AC0001396,C001396,9,Checking,39348.23,Active,2018-12-11,B07008,2926.33,250000,False
AC0001397,C001397,9,Current,7496.39,Active,2021-08-10,B02001,9445.95,100000,False
AC0001398,C001398,2,Business,7291.26,Active,2022-04-13,B03001,3903.74,100000,True
AC0001399,C001399,10,Business,21865.25,Active,2023-06-10,B09002,3784.1,250000,False
AC0001400,C001400,6,Business,39616.14,Dormant,2022-02-28,B07009,4127.82,250000,True
AC0001401,C001401,10,Current,17694.21,Active,2025-02-18,B06003,24025.59,50000,False
AC0001402,C001402,9,Current,9435.99,Active,2019-09-09,B02007,13022.62,250000,True
AC0001403,C001403,6,Savings,34732.55,Active,2025-11-11,B02002,3005.71,50000,True
AC0001404,C001404,4,Current,5506.27,Active,2018-04-10,B09002,5173.11,25000,True
AC0001405,C001405,2,Business,65056.25,Dormant,2016-11-21,B07008,19722.19,25000,True
AC0001406,C001406,2,Business,15595.13,Active,2020-07-08,B05010,22637.91,50000,False
AC0001407,C001407,4,Current,6430.9,Active,2022-05-10,B10001,15237.25,25000,True
AC0001408,C001408,9,Credit,45211.75,Active,2016-07-19,B04005,16122.64,50000,False
AC0001409,C001409,6,Checking,5265.03,Active,2023-10-08,B10005,5032.44,100000,True
AC0001410,C001410,5,Business,6416.08,Active,2017-03-10,B07006,16186.84,50000,True
AC0001411,C001411,3,Savings,3052.27,Dormant,2019-05-15,B03009,8894.12,100000,False
AC0001412,C001412,6,Current,1464.48,Active,2019-10-20,B10009,11106.35,25000,False
AC0001413,C001413,7,Current,16090.95,Active,2019-07-20,B03009,26527.78,100000,True
AC0001414,C001414,10,Business,13250.0,Active,2019-01-14,B05006,4062.01,250000,True
AC0001415,C001415,8,Checking,4371.13,Active,2020-04-18,B09010,4266.83,100000,False
AC0001416,C001416,7,Checking,10988.64,Dormant,2021-06-24,B07007,15170.85,50000,False
AC0001417,C001417,10,Checking,15240.67,Active,2023-06-19,B03008,6364.48,25000,True
AC0001418,C001418,5,Savings,25386.03,Active,2019-11-04,B08001,5470.0,100000,False
AC0001419,C001419,10,Credit,23068.22,Active,2021-06-19,B06006,5732.2,50000,True
AC0001420,C001420,4,Savings,14369.34,Active,2020-02-11,B03010,1836.19,250000,True
AC0001421,C001421,2,Business,19293.58,Active,2015-11-01,B09007,13337.9,100000,False
AC0001422,C001422,5,Savings,20542.73,Dormant,2021-03-14,B08010,4422.08,50000,True
AC0001423,C001423,2,Checking,8899.84,Active,2023-02-12,B03003,3917.41,50000,True
AC0001424,C001424,2,Credit,9753.7,Active,2023-06-04,B09010,19274.51,50000,True
AC0001425,C001425,9,Current,3945.71,Active,2020-07-31,B09010,22805.43,250000,True
AC0001426,C001426,8,Checking,36784.82,Dormant,2020-01-26,B07003,3997.26,50000,True
AC0001427,C001427,3,Credit,18244.0,Active,2019-05-30,B10001,2044.97,25000,True
AC0001428,C001428,9,Current,32017.83,Active,2016-10-24,B06001,28093.48,250000,False
AC0001429,C001429,1,Checking,19771.63,Active,2022-04-26,B02001,2530.04,100000,True
AC0001430,C001430,3,Business,9642.34,Dormant,2025-11-23,B10008,6879.53,250000,True
AC0001431,C001431,8,Current,5939.55,Active,2016-05-27,B07010,14951.02,250000,False
AC0001432,C001432,4,Savings,14481.46,Active,2015-01-16,B08002,14925.75,100000,False
AC0001433,C001433,8,Business,31436.73,Active,2016-03-08,B05010,13740.5,250000,True
AC0001434,C001434,9,Credit,23341.76,Active,2023-10-07,B10007,2228.27,25000,True
AC0001435,C001435,1,Checking,13002.04,Active,2020-01-16,B09001,5651.24,25000,True
AC0001436,C001436,1,Credit,9354.31,Active,2023-05-22,B03008,13793.0,50000,True
AC0001437,C001437,10,Business,6477.04,Active,2020-08-03,B06005,4752.35,250000,False
AC0001438,C001438,6,Business,2772.11,Active,2024-09-13,B10004,12944.03,25000,False
AC0001439,C001439,6,Current,22173.17,Active,2015-11-18,B10007,7164.08,100000,False
AC0001440,C001440,5,Checking,8789.98,Active,2017-02-01,B09008,22063.28,250000,True
AC0001441,C001441,5,Credit,55683.79,Active,2016-12-25,B05006,6029.48,250000,False
AC0001442,C001442,7,Savings,3600.88,Active,2024-10-31,B10007,15661.72,100000,False
AC0001443,C001443,6,Savings,4972.33,Closed,2022-08-03,B03004,10167.34,250000,False
AC0001444,C001444,2,Checking,3005.01,Active,2024-10-13,B05001,8352.06,25000,True
AC0001445,C001445,7,Credit,20217.83,Active,2016-07-10,B06003,19054.67,50000,True
AC0001446,C001446,7,Savings,73682.61,Active,2025-08-28,B10003,6164.0,25000,True
AC0001447,C001447,2,Checking,24342.37,Active,2017-04-30,B10008,5792.74,250000,True
AC0001448,C001448,4,Credit,8102.52,Active,2020-03-21,B09001,7831.07,50000,False
AC0001449,C001449,8,Credit,58501.22,Active,2025-04-25,B02008,14069.65,50000,False
AC0001450,C001450,7,Business,33100.24,Active,2022-04-22,B08005,12403.12,100000,True
AC0001451,C001451,2,Credit,10532.69,Active,2023-11-06,B02002,3647.94,25000,False
AC0001452,C001452,1,Business,11429.03,Active,2021-12-06,B08008,25854.41,50000,True
AC0001453,C001453,6,Credit,14624.79,Active,2016-04-26,B06007,4739.94,100000,True
AC0001454,C001454,5,Credit,35117.92,Dormant,2018-09-09,B03002,3127.15,25000,True
AC0001455,C001455,10,Business,41625.38,Active,2018-05-16,B03010,37606.99,250000,False
AC0001456,C001456,6,Business,4702.72,Dormant,2024-09-08,B04008,16206.19,100000,True
AC0001457,C001457,10,Checking,10765.96,Active,2016-08-31,B03005,15227.41,250000,True
AC0001458,C001458,3,Credit,33877.14,Active,2018-06-16,B06003,13478.13,50000,True
AC0001459,C001459,5,Credit,33897.2,Active,2025-05-12,B09008,714.25,100000,True
AC0001460,C001460,2,Current,4471.29,Active,2019-05-25,B10001,7393.58,250000,True
AC0001461,C001461,6,Credit,23799.93,Closed,2024-08-09,B07007,8465.59,100000,True
AC0001462,C001462,2,Credit,10256.21,Active,2017-06-03,B08005,16669.78,50000,True
AC0001463,C001463,5,Checking,13514.41,Active,2015-05-29,B01004,4473.85,100000,True
AC0001464,C001464,4,Savings,7275.53,Active,2021-03-04,B01008,10913.72,100000,True
AC0001465,C001465,2,Current,18365.33,Active,2017-03-25,B01005,4021.31,250000,False
AC0001466,C001466,1,Credit,37711.83,Active,2017-10-11,B02007,30262.98,25000,True
AC0001467,C001467,6,Current,40697.62,Active,2020-02-26,B06009,8681.3,100000,True
AC0001468,C001468,10,Current,5449.86,Active,2025-07-25,B04004,12376.67,50000,True
AC0001469,C001469,2,Savings,7790.15,Dormant,2019-04-21,B07006,3392.94,250000,True
AC0001470,C001470,5,Current,9021.01,Closed,2016-03-16,B07003,23270.12,25000,True
AC0001471,C001471,3,Current,15105.59,Active,2023-02-15,B01003,7965.92,50000,False
AC0001472,C001472,9,Business,1795.84,Active,2022-05-04,B10008,4361.58,50000,True
AC0001473,C001473,5,Checking,5423.76,Active,2018-08-23,B03005,13958.95,50000,True
AC0001474,C001474,10,Checking,7670.69,Active,2020-06-16,B10001,18277.99,100000,True
AC0001475,C001475,3,Current,3372.07,Active,2022-12-31,B09001,6752.9,100000,True
AC0001476,C001476,1,Business,16861.66,Active,2015-05-18,B09007,19605.82,50000,False
AC0001477,C001477,6,Business,3693.55,Active,2017-06-24,B01005,13860.52,25000,True
AC0001478,C001478,7,Credit,17463.03,Closed,2018-10-08,B08005,12289.31,250000,False
AC0001479,C001479,10,Current,13257.42,Dormant,2024-03-07,B01006,9059.33,100000,False
AC0001480,C001480,9,Business,8417.65,Active,2017-02-09,B06010,12824.95,250000,True
AC0001481,C001481,9,Savings,8905.36,Active,2022-01-20,B04001,6000.58,100000,True
AC0001482,C001482,7,Credit,12684.51,Active,2017-07-09,B03004,8366.17,50000,False
AC0001483,C001483,4,Business,4512.91,Closed,2022-05-08,B08003,9795.47,25000,False
AC0001484,C001484,5,Current,5705.11,Active,2021-01-21,B02004,12299.07,100000,False
AC0001485,C001485,2,Business,17978.1,Active,2021-02-06,B01001,10919.93,100000,True
AC0001486,C001486,5,Credit,16687.43,Active,2024-01-12,B10001,5163.81,50000,True
AC0001487,C001487,4,Savings,13356.17,Active,2025-10-04,B01008,17636.53,100000,False
AC0001488,C001488,1,Savings,4794.87,Active,2024-03-03,B08003,7005.01,25000,True
AC0001489,C001489,3,Business,40456.36,Active,2024-09-08,B05006,4607.02,100000,False
AC0001490,C001490,6,Business,18172.07,Active,2018-05-25,B04004,24263.66,50000,True
AC0001491,C001491,4,Business,20143.3,Active,2020-10-26,B10010,4673.34,100000,False
AC0001492,C001492,10,Checking,2332.36,Active,2020-02-05,B03001,23149.94,50000,False
AC0001493,C001493,5,Checking,9719.05,Active,2016-10-20,B09006,9820.96,100000,True
AC0001494,C001494,10,Business,8087.85,Active,2024-07-14,B01003,3447.57,25000,False
AC0001495,C001495,7,Business,4770.29,Dormant,2017-12-05,B06007,3844.66,25000,False
AC0001496,C001496,1,Business,4105.38,Active,2016-01-28,B01002,4314.65,25000,False
AC0001497,C001497,3,Credit,9080.71,Dormant,2023-10-26,B07004,2342.59,100000,True
AC0001498,C001498,8,Checking,75742.39,Active,2016-07-16,B06002,12513.4,25000,True
AC0001499,C001499,6,Current,13362.31,Active,2022-05-04,B10007,7549.53,50000,True
AC0001500,C001500,4,Current,14402.69,Active,2022-02-19,B01010,7717.83,25000,True
AC0001501,C001501,6,Credit,5235.57,Active,2022-06-28,B07007,15172.88,250000,True
AC0001502,C001502,10,Business,2519.77,Active,2022-08-09,B06010,19884.65,100000,False
AC0001503,C001503,4,Current,3869.2,Active,2024-08-12,B03002,9092.84,100000,True
AC0001504,C001504,1,Savings,265918.09,Active,2018-02-16,B07004,23006.49,250000,True
AC0001505,C001505,4,Current,3288.49,Active,2018-09-02,B02001,2657.76,100000,False
AC0001506,C001506,10,Credit,12475.09,Active,2025-08-28,B01007,17716.16,100000,True
AC0001507,C001507,8,Checking,16886.85,Closed,2024-02-17,B05008,3459.41,25000,False
AC0001508,C001508,9,Business,20935.97,Active,2023-10-22,B10002,4613.43,25000,True
AC0001509,C001509,10,Checking,13305.94,Active,2017-12-30,B05009,10170.18,250000,True
AC0001510,C001510,2,Credit,25039.79,Active,2015-11-01,B10009,8410.85,25000,True
AC0001511,C001511,3,Savings,6361.18,Active,2023-06-29,B01007,3890.4,50000,False
AC0001512,C001512,1,Checking,2096.91,Active,2015-04-02,B02002,4820.04,25000,False
AC0001513,C001513,1,Business,17198.32,Active,2017-08-15,B09009,16980.06,50000,True
AC0001514,C001514,9,Credit,5813.26,Active,2025-12-29,B07007,17641.76,100000,True
AC0001515,C001515,10,Credit,16837.86,Active,2020-01-07,B03005,7961.76,25000,True
AC0001516,C001516,2,Current,11857.87,Active,2019-07-30,B06009,7352.12,25000,True
AC0001517,C001517,8,Savings,2826.89,Active,2021-04-05,B04008,3632.15,100000,False
AC0001518,C001518,6,Checking,12409.1,Active,2024-12-04,B03004,8846.14,25000,True
AC0001519,C001519,1,Business,35387.7,Active,2016-09-22,B07004,7817.57,100000,True
AC0001520,C001520,10,Savings,9990.17,Active,2024-12-09,B08008,27524.48,100000,False
AC0001521,C001521,9,Checking,4268.13,Active,2017-02-14,B07010,5171.86,100000,False
AC0001522,C001522,6,Savings,2532.3,Active,2024-10-19,B09002,9704.58,25000,True
AC0001523,C001523,8,Current,13490.19,Active,2023-06-26,B01007,5943.29,25000,True
AC0001524,C001524,4,Business,11999.34,Active,2024-09-09,B06009,5014.09,25000,True
AC0001525,C001525,8,Savings,4494.97,Active,2024-07-11,B10010,13768.62,25000,True
AC0001526,C001526,5,Current,50722.14,Active,2025-01-11,B08002,2972.69,25000,True
AC0001527,C001527,10,Checking,5069.64,Active,2015-12-03,B09008,11014.1,50000,True
AC0001528,C001528,1,Savings,16080.4,Active,2015-12-10,B05002,6726.98,100000,True
AC0001529,C001529,2,Credit,5499.26,Active,2023-05-28,B06010,23516.18,100000,False
AC0001530,C001530,10,Savings,31631.73,Active,2019-01-27,B09002,2934.26,25000,True
AC0001531,C001531,3,Current,24759.41,Active,2023-06-08,B03005,4450.42,25000,True
AC0001532,C001532,4,Business,55159.81,Active,2019-08-18,B04001,9005.16,100000,False
AC0001533,C001533,8,Business,8101.72,Active,2024-10-02,B07001,3167.13,250000,False
AC0001534,C001534,2,Checking,4496.86,Dormant,2024-03-16,B07003,10181.28,100000,True
AC0001535,C001535,6,Current,140786.28,Active,2024-04-28,B01009,3680.59,25000,True
AC0001536,C001536,3,Business,24444.72,Active,2022-05-02,B08001,4508.88,250000,True
AC0001537,C001537,2,Current,15719.29,Active,2024-09-29,B05010,12112.8,25000,True
AC0001538,C001538,10,Checking,25080.72,Active,2019-02-22,B05010,2259.76,250000,False
AC0001539,C001539,2,Checking,33494.36,Active,2025-06-29,B06003,7677.3,250000,True
AC0001540,C001540,1,Current,4328.97,Active,2019-07-05,B04002,10946.92,250000,True
AC0001541,C001541,7,Credit,16592.03,Active,2017-05-29,B02006,8193.14,100000,False
AC0001542,C001542,9,Credit,79974.47,Active,2021-09-14,B10002,5787.39,50000,True
AC0001543,C001543,2,Business,2086.85,Active,2017-08-17,B08006,17851.57,25000,True
AC0001544,C001544,8,Savings,15571.77,Active,2024-12-06,B01003,6250.8,25000,True
AC0001545,C001545,6,Credit,7002.72,Active,2016-04-29,B01008,11113.75,50000,True
AC0001546,C001546,9,Business,11208.03,Dormant,2019-07-21,B04005,8802.75,100000,False
AC0001547,C001547,2,Credit,7494.69,Active,2024-10-21,B02005,10113.58,250000,False
AC0001548,C001548,10,Savings,4308.69,Active,2016-11-19,B03003,19294.26,250000,True
AC0001549,C001549,7,Business,10795.16,Active,2017-08-04,B09002,6132.86,50000,True
AC0001550,C001550,9,Current,8504.72,Active,2018-08-13,B10002,5437.3,50000,True
AC0001551,C001551,4,Business,11996.51,Active,2024-11-13,B01002,11861.72,25000,True
AC0001552,C001552,10,Checking,8436.78,Active,2024-11-17,B01008,35601.14,50000,False
AC0001553,C001553,7,Savings,3726.08,Active,2016-01-19,B07006,5804.44,50000,False
AC0001554,C001554,2,Checking,8756.41,Active,2022-09-17,B09001,4253.89,50000,False
AC0001555,C001555,10,Current,6961.83,Active,2016-11-26,B09004,2721.31,100000,True
AC0001556,C001556,8,Credit,6690.22,Active,2017-12-25,B09005,9223.17,250000,False
AC0001557,C001557,4,Checking,13993.38,Dormant,2023-05-15,B06002,2595.71,50000,True
AC0001558,C001558,6,Current,5245.9,Active,2016-02-07,B09002,9520.73,100000,True
AC0001559,C001559,4,Checking,29834.58,Active,2024-09-17,B02007,12459.19,25000,True
AC0001560,C001560,6,Business,54297.85,Active,2024-07-12,B02003,24432.79,100000,False
AC0001561,C001561,10,Business,23773.48,Active,2023-02-15,B09009,56215.84,50000,True
AC0001562,C001562,9,Checking,9251.57,Dormant,2021-04-27,B05002,6021.45,50000,True
AC0001563,C001563,3,Business,6623.85,Active,2019-12-22,B05004,2358.76,250000,False
AC0001564,C001564,10,Business,3240.01,Active,2015-04-09,B08009,16400.0,25000,True
AC0001565,C001565,5,Current,29029.42,Active,2020-12-28,B08002,3258.41,250000,False
AC0001566,C001566,8,Business,5404.46,Active,2018-06-27,B03002,2778.85,50000,True
AC0001567,C001567,8,Current,6879.62,Active,2015-01-25,B08009,6653.1,25000,True
AC0001568,C001568,5,Checking,6938.0,Active,2022-01-16,B09002,11228.88,100000,True
AC0001569,C001569,5,Credit,91141.59,Active,2017-05-31,B06008,5912.23,100000,True
AC0001570,C001570,5,Business,11778.31,Active,2021-01-07,B01002,872.49,100000,False
AC0001571,C001571,9,Business,22957.95,Active,2022-01-03,B03008,2675.91,100000,False
AC0001572,C001572,4,Credit,14168.11,Active,2016-01-05,B06004,4663.77,250000,True
AC0001573,C001573,3,Business,4456.76,Active,2023-07-28,B02003,6664.66,25000,True
AC0001574,C001574,4,Credit,29183.17,Active,2017-12-02,B03004,3551.82,25000,True
AC0001575,C001575,2,Savings,31656.8,Active,2018-11-27,B05002,21706.07,25000,True
AC0001576,C001576,4,Business,1837.51,Active,2017-12-11,B07008,4144.01,25000,True
AC0001577,C001577,2,Savings,4054.4,Dormant,2017-11-20,B02008,5598.91,250000,True
AC0001578,C001578,1,Savings,53997.9,Active,2024-09-02,B06009,7065.94,250000,True
AC0001579,C001579,8,Credit,27549.65,Active,2017-09-03,B10009,2833.88,250000,True
AC0001580,C001580,1,Current,25142.36,Active,2024-05-11,B09002,6839.0,250000,False
AC0001581,C001581,6,Checking,6217.18,Active,2021-09-05,B05009,3468.09,25000,True
AC0001582,C001582,8,Savings,35779.25,Active,2017-07-20,B05001,5980.43,100000,True
AC0001583,C001583,8,Savings,10955.02,Active,2016-02-10,B03005,6490.81,250000,False
AC0001584,C001584,5,Business,37453.07,Active,2018-06-14,B04007,2612.29,250000,True
AC0001585,C001585,2,Business,20538.94,Active,2021-05-21,B07005,6414.22,250000,False
AC0001586,C001586,10,Business,13095.89,Active,2019-04-04,B10005,19944.56,25000,True
AC0001587,C001587,9,Business,31225.08,Dormant,2019-08-18,B04001,15472.09,250000,True
AC0001588,C001588,7,Checking,3206.7,Active,2020-11-22,B06006,2499.89,100000,True
AC0001589,C001589,1,Current,13393.44,Closed,2016-01-17,B09001,3668.33,100000,False
AC0001590,C001590,1,Current,4752.49,Active,2025-12-18,B01004,3867.37,25000,True
AC0001591,C001591,4,Credit,20042.79,Active,2018-08-09,B07008,14147.35,100000,True
AC0001592,C001592,2,Current,4023.55,Active,2023-02-25,B08006,6908.57,250000,True
AC0001593,C001593,9,Current,44865.59,Active,2018-10-07,B05006,6237.88,50000,False
AC0001594,C001594,3,Savings,38623.27,Active,2015-03-06,B10005,4562.71,100000,False
AC0001595,C001595,3,Checking,9126.15,Active,2024-12-07,B06010,26348.33,100000,True
AC0001596,C001596,10,Checking,7155.97,Active,2025-09-05,B04009,7423.87,100000,False
AC0001597,C001597,9,Savings,11940.41,Active,2018-08-29,B07003,3711.44,25000,True
AC0001598,C001598,3,Current,1262.37,Closed,2020-12-05,B04009,2604.36,25000,True
AC0001599,C001599,4,Checking,8887.29,Active,2017-11-27,B07005,5436.67,25000,True
AC0001600,C001600,6,Current,16692.37,Active,2017-01-04,B06003,2704.86,250000,True
AC0001601,C001601,7,Business,30167.81,Active,2020-01-22,B10003,7874.41,50000,True
AC0001602,C001602,10,Savings,20739.85,Active,2016-07-01,B05005,5678.01,25000,True
AC0001603,C001603,9,Savings,15717.63,Active,2025-11-09,B08004,20442.86,250000,True
AC0001604,C001604,10,Credit,50657.81,Active,2022-09-26,B10001,5973.64,50000,True
AC0001605,C001605,1,Checking,13899.22,Active,2022-06-15,B07005,5885.8,25000,False
AC0001606,C001606,3,Current,11242.93,Active,2016-02-29,B10007,9903.97,250000,True
AC0001607,C001607,6,Savings,19663.25,Active,2017-01-26,B02007,10024.12,50000,False
AC0001608,C001608,1,Credit,37885.17,Active,2023-04-29,B02006,6208.92,25000,False
AC0001609,C001609,4,Savings,5036.17,Active,2016-09-22,B02008,19062.11,25000,True
AC0001610,C001610,2,Credit,4163.23,Active,2018-02-04,B05005,18788.31,50000,False
AC0001611,C001611,10,Checking,4695.72,Active,2023-04-06,B08003,11503.17,100000,True
AC0001612,C001612,1,Current,6322.9,Active,2022-10-06,B06006,9551.07,50000,True
AC0001613,C001613,2,Savings,48424.69,Active,2019-11-21,B05001,10606.62,50000,True
AC0001614,C001614,2,Savings,17148.84,Active,2015-04-11,B02004,15454.92,50000,False
AC0001615,C001615,2,Savings,112178.13,Active,2020-10-19,B03003,13316.99,100000,False
AC0001616,C001616,6,Savings,7588.17,Active,2016-05-16,B01001,25973.23,250000,False
AC0001617,C001617,4,Credit,7793.14,Closed,2020-06-18,B03007,3223.05,25000,False
AC0001618,C001618,10,Business,6918.14,Active,2025-02-15,B01006,7810.15,100000,True
AC0001619,C001619,3,Current,5172.01,Active,2015-07-28,B05008,3036.79,250000,True
AC0001620,C001620,6,Business,13014.45,Active,2025-05-25,B05005,9815.69,100000,True
AC0001621,C001621,7,Business,38465.32,Active,2019-09-22,B09006,2986.71,25000,True
AC0001622,C001622,7,Current,31155.36,Active,2025-10-02,B04004,6524.43,25000,True
AC0001623,C001623,8,Savings,2688.4,Active,2016-03-20,B04002,17092.64,50000,True
AC0001624,C001624,3,Savings,33911.9,Active,2025-12-22,B03002,17700.16,25000,True
AC0001625,C001625,6,Current,3824.09,Active,2017-04-25,B10001,1687.19,250000,False
AC0001626,C001626,9,Credit,40802.82,Active,2021-08-07,B06002,20098.64,25000,True
AC0001627,C001627,9,Savings,7357.21,Active,2020-01-28,B07007,6359.39,250000,True
AC0001628,C001628,7,Current,7665.19,Active,2019-08-06,B01007,5406.58,100000,False
AC0001629,C001629,7,Current,14611.46,Active,2016-07-14,B05007,5457.06,25000,False
AC0001630,C001630,9,Checking,13315.29,Active,2015-11-16,B06010,19441.07,50000,True
AC0001631,C001631,7,Savings,7403.58,Dormant,2018-12-11,B09007,5400.02,50000,False
AC0001632,C001632,10,Credit,22636.94,Active,2015-09-27,B06007,2123.19,250000,False
AC0001633,C001633,2,Business,16450.12,Active,2024-02-22,B10004,2475.46,25000,False
AC0001634,C001634,4,Credit,1440.9,Active,2024-04-05,B06008,9845.7,50000,True
AC0001635,C001635,2,Business,8011.41,Active,2023-03-04,B04007,2741.01,50000,True
AC0001636,C001636,1,Checking,15168.15,Active,2020-12-18,B09002,9933.04,50000,True
AC0001637,C001637,5,Credit,9067.11,Active,2023-05-05,B10003,15385.16,250000,False
AC0001638,C001638,3,Current,38301.38,Active,2017-03-21,B10003,11806.12,50000,True
AC0001639,C001639,5,Savings,9251.8,Active,2025-06-23,B10006,16461.6,25000,True
AC0001640,C001640,5,Current,31314.61,Active,2023-11-14,B07008,7168.01,100000,True
AC0001641,C001641,7,Current,20012.43,Active,2024-08-27,B04009,4575.97,100000,True
AC0001642,C001642,10,Credit,97445.48,Active,2024-04-19,B05001,5948.34,50000,False
AC0001643,C001643,9,Checking,12563.86,Active,2019-10-31,B02008,4382.6,100000,False
AC0001644,C001644,4,Credit,32070.44,Dormant,2025-08-10,B05009,9391.08,250000,True
AC0001645,C001645,4,Business,11016.03,Dormant,2018-09-30,B09008,7193.98,25000,True
AC0001646,C001646,8,Savings,5024.42,Active,2021-07-05,B01003,1536.43,25000,True
AC0001647,C001647,2,Credit,2070.73,Active,2022-12-06,B05006,7662.57,250000,False
AC0001648,C001648,6,Credit,18414.83,Active,2016-01-28,B05007,21324.67,25000,True
AC0001649,C001649,5,Savings,2897.49,Active,2018-07-08,B10010,22594.0,25000,False
AC0001650,C001650,2,Current,12561.85,Active,2015-08-26,B04009,19919.1,50000,True
AC0001651,C001651,7,Savings,7975.78,Active,2022-07-12,B05002,3478.99,100000,True
AC0001652,C001652,4,Credit,11559.17,Active,2024-11-14,B05005,7236.32,25000,True
AC0001653,C001653,2,Savings,6926.84,Active,2016-04-23,B07006,15259.79,50000,True
AC0001654,C001654,7,Business,36327.28,Active,2015-09-17,B10001,5512.8,25000,True
AC0001655,C001655,2,Current,22292.43,Active,2017-03-04,B09009,19546.26,250000,True
AC0001656,C001656,7,Credit,50330.88,Active,2022-10-18,B05001,5241.43,50000,False
AC0001657,C001657,2,Savings,4723.52,Active,2018-10-14,B02008,8381.75,250000,True
AC0001658,C001658,5,Credit,2293.49,Active,2021-04-25,B03001,2592.76,100000,True
AC0001659,C001659,9,Business,4115.86,Active,2018-04-07,B03009,8493.53,250000,False
AC0001660,C001660,3,Current,4904.23,Active,2025-05-05,B05003,4569.43,50000,False
AC0001661,C001661,8,Current,8075.07,Active,2016-02-25,B08008,4557.72,50000,True
AC0001662,C001662,8,Current,53254.51,Active,2023-04-24,B04010,13154.86,25000,False
AC0001663,C001663,10,Current,5621.4,Closed,2015-08-25,B07001,14215.88,50000,True
AC0001664,C001664,2,Credit,14889.38,Active,2016-02-07,B02008,21429.4,50000,True
AC0001665,C001665,8,Savings,67985.88,Active,2020-10-22,B05001,7256.58,25000,False
AC0001666,C001666,10,Credit,25095.8,Active,2016-08-26,B10007,11598.75,100000,False
AC0001667,C001667,8,Credit,9790.87,Active,2018-06-18,B03004,3952.98,100000,True
AC0001668,C001668,2,Savings,13430.69,Active,2022-02-21,B01006,6084.22,250000,False
AC0001669,C001669,9,Savings,19546.07,Dormant,2022-11-12,B04005,10382.66,250000,False
AC0001670,C001670,2,Business,3485.67,Active,2017-07-10,B04003,4814.38,100000,False
AC0001671,C001671,6,Checking,72661.35,Active,2020-02-10,B10007,6475.19,50000,True
AC0001672,C001672,5,Current,39137.17,Active,2023-08-28,B06005,6973.8,250000,False
AC0001673,C001673,6,Checking,67848.88,Dormant,2016-05-21,B02008,8897.1,25000,False
AC0001674,C001674,6,Current,41169.18,Active,2023-05-08,B03001,40651.46,100000,True
AC0001675,C001675,1,Current,40903.37,Dormant,2023-10-26,B06006,20334.06,50000,True
AC0001676,C001676,6,Savings,19924.55,Active,2022-09-24,B08010,5531.63,50000,False
AC0001677,C001677,10,Checking,21086.22,Active,2016-11-28,B10010,6938.79,100000,False
AC0001678,C001678,5,Business,3436.5,Closed,2017-05-07,B10009,8085.58,100000,False
AC0001679,C001679,3,Current,14561.2,Active,2020-08-02,B08009,16013.15,100000,False
AC0001680,C001680,10,Current,40592.72,Active,2017-07-05,B02001,3851.84,50000,False
AC0001681,C001681,1,Checking,3612.67,Active,2024-01-07,B07006,4100.99,100000,False
AC0001682,C001682,5,Checking,9245.3,Active,2019-10-02,B04007,5510.62,50000,True
AC0001683,C001683,6,Credit,4150.63,Dormant,2021-04-15,B01008,13057.22,50000,True
AC0001684,C001684,5,Savings,2548.58,Active,2019-03-25,B03002,9155.14,100000,True
AC0001685,C001685,10,Business,8523.36,Active,2015-07-19,B10002,5647.45,25000,False
AC0001686,C001686,5,Savings,26807.1,Active,2024-08-08,B01008,6086.65,250000,True
AC0001687,C001687,10,Credit,9696.11,Active,2015-08-13,B04006,11770.16,250000,False
AC0001688,C001688,1,Savings,10788.71,Active,2019-11-02,B03007,17444.57,25000,True
AC0001689,C001689,8,Credit,34164.66,Dormant,2022-11-13,B05006,17310.5,100000,False
AC0001690,C001690,6,Business,481.13,Active,2017-10-23,B01003,9730.35,50000,True
AC0001691,C001691,3,Credit,21575.55,Active,2019-11-04,B02005,18737.07,250000,True
AC0001692,C001692,3,Savings,7320.34,Active,2024-08-27,B07001,12114.96,50000,False
AC0001693,C001693,8,Savings,19472.44,Dormant,2016-04-06,B06001,12847.45,250000,True
AC0001694,C001694,7,Current,5250.31,Active,2018-11-26,B05008,11605.4,250000,True
AC0001695,C001695,7,Savings,6404.92,Active,2020-06-19,B07001,6833.63,250000,False
AC0001696,C001696,1,Checking,13039.12,Active,2025-09-30,B09009,17977.49,100000,True
AC0001697,C001697,6,Business,7652.02,Active,2024-10-17,B06006,8727.27,50000,True
AC0001698,C001698,10,Credit,49619.03,Active,2025-03-28,B06009,10564.36,50000,False
AC0001699,C001699,1,Credit,5220.48,Active,2021-05-09,B09009,5676.65,25000,True
AC0001700,C001700,5,Business,53892.93,Active,2022-12-25,B08001,28732.05,50000,True
AC0001701,C001701,5,Savings,15372.54,Active,2018-12-24,B04003,7125.01,50000,True
AC0001702,C001702,9,Current,14899.2,Active,2016-05-19,B06001,15741.26,250000,False
AC0001703,C001703,3,Credit,34064.52,Active,2021-12-03,B03001,9764.94,100000,True
AC0001704,C001704,5,Business,21146.19,Dormant,2017-07-12,B03008,26955.87,250000,False
AC0001705,C001705,8,Current,35911.61,Active,2022-01-28,B09003,7540.82,50000,True
AC0001706,C001706,1,Current,695.99,Active,2024-04-07,B04007,5474.95,50000,True
AC0001707,C001707,9,Business,2382.48,Active,2023-04-21,B03006,7082.91,100000,False
AC0001708,C001708,9,Credit,10706.66,Active,2025-07-20,B05002,19469.29,25000,True
AC0001709,C001709,8,Savings,6044.64,Active,2023-04-22,B05001,9864.39,25000,True
AC0001710,C001710,7,Credit,19396.57,Active,2022-08-03,B01006,4885.06,25000,True
AC0001711,C001711,8,Current,3040.67,Active,2021-06-09,B01008,8768.8,250000,False
AC0001712,C001712,8,Business,5328.37,Active,2020-03-15,B06009,15113.99,25000,False
AC0001713,C001713,10,Checking,10413.18,Active,2018-09-20,B04010,13996.22,25000,True
AC0001714,C001714,5,Credit,6263.97,Active,2022-01-24,B06004,4296.89,25000,True
AC0001715,C001715,5,Savings,4969.14,Active,2019-02-28,B07001,13819.14,250000,True
AC0001716,C001716,7,Checking,2903.66,Active,2020-02-26,B10010,5524.6,100000,False
AC0001717,C001717,2,Credit,10310.45,Active,2024-02-06,B01007,5764.0,100000,False
AC0001718,C001718,9,Credit,63754.33,Active,2023-03-03,B08006,12434.4,100000,False
AC0001719,C001719,8,Credit,3953.43,Active,2017-10-30,B07004,6127.33,100000,True
AC0001720,C001720,7,Credit,2264.07,Active,2022-04-11,B02009,12275.23,25000,True
AC0001721,C001721,4,Savings,3057.37,Active,2025-01-30,B05001,5179.53,250000,False
AC0001722,C001722,4,Savings,16492.75,Active,2019-09-26,B05001,2665.5,250000,True
AC0001723,C001723,5,Current,12808.13,Active,2024-07-10,B03002,7181.2,50000,True
AC0001724,C001724,7,Business,5865.27,Active,2018-08-15,B03007,5877.11,25000,True
AC0001725,C001725,8,Current,3276.77,Active,2022-09-10,B01008,13034.85,100000,False
AC0001726,C001726,7,Business,4668.41,Active,2023-09-09,B05002,37334.46,50000,True
AC0001727,C001727,10,Savings,10601.84,Active,2023-09-19,B08005,30070.68,250000,True
AC0001728,C001728,10,Savings,19151.82,Dormant,2017-06-25,B01002,13449.75,50000,True
AC0001729,C001729,8,Savings,26056.48,Active,2022-03-20,B07004,16203.9,250000,True
AC0001730,C001730,4,Current,13723.71,Active,2024-06-20,B10002,8457.48,100000,False
AC0001731,C001731,6,Credit,11956.89,Active,2021-01-04,B05002,10206.16,50000,False
AC0001732,C001732,5,Current,7219.58,Active,2025-08-20,B02009,21777.51,50000,True
AC0001733,C001733,7,Credit,8440.94,Dormant,2019-08-22,B07007,15659.41,50000,False
AC0001734,C001734,9,Savings,89828.52,Active,2021-10-10,B09010,15409.52,100000,True
AC0001735,C001735,4,Credit,17590.49,Active,2015-09-06,B05001,11114.71,50000,True
AC0001736,C001736,6,Current,10784.36,Active,2016-10-19,B10001,5567.65,25000,True
AC0001737,C001737,1,Credit,12690.23,Active,2024-03-12,B01004,3740.51,250000,True
AC0001738,C001738,8,Credit,6613.19,Active,2016-03-18,B05001,15161.14,25000,True
AC0001739,C001739,5,Business,6393.11,Active,2017-06-27,B06003,2390.83,250000,False
AC0001740,C001740,5,Current,14766.11,Dormant,2019-06-07,B01002,6428.39,50000,True
AC0001741,C001741,6,Business,25624.68,Active,2019-09-15,B04008,8839.65,100000,True
AC0001742,C001742,3,Savings,6045.19,Active,2020-11-11,B03006,5802.7,100000,True
AC0001743,C001743,6,Savings,16816.22,Dormant,2017-09-30,B05004,4692.39,25000,False
AC0001744,C001744,8,Savings,14205.19,Active,2019-08-09,B08009,9088.31,50000,True
AC0001745,C001745,4,Business,3434.66,Active,2015-05-27,B03005,9506.43,50000,False
AC0001746,C001746,2,Business,9494.52,Active,2019-09-08,B10005,9363.83,50000,True
AC0001747,C001747,4,Savings,16900.94,Active,2024-06-01,B04005,29164.67,50000,True
AC0001748,C001748,2,Business,9117.22,Active,2022-08-13,B08007,17843.04,25000,False
AC0001749,C001749,4,Savings,10694.25,Dormant,2019-03-21,B08004,7950.53,25000,True
AC0001750,C001750,7,Savings,212739.98,Active,2024-04-25,B07010,10743.08,250000,True
AC0001751,C001751,2,Current,11701.36,Active,2024-03-31,B08003,17721.89,250000,False
AC0001752,C001752,8,Credit,8466.11,Active,2018-05-08,B08007,2685.93,250000,True
AC0001753,C001753,3,Credit,25189.03,Active,2020-10-28,B08003,14068.95,250000,False
AC0001754,C001754,9,Savings,34378.92,Active,2022-02-13,B05009,1916.24,250000,True
AC0001755,C001755,8,Checking,11915.94,Closed,2016-07-26,B07005,13091.69,50000,False
AC0001756,C001756,3,Credit,2256.71,Active,2020-10-29,B01010,8891.6,100000,True
AC0001757,C001757,6,Current,13899.6,Active,2015-07-06,B06004,21198.6,100000,False
AC0001758,C001758,2,Checking,8007.62,Active,2025-03-01,B10004,5397.64,50000,True
AC0001759,C001759,1,Credit,9502.69,Active,2022-07-20,B08002,25124.52,50000,True
AC0001760,C001760,10,Current,5089.02,Active,2021-04-06,B09005,7501.05,25000,False
AC0001761,C001761,9,Current,2295.8,Active,2023-08-06,B02010,5832.74,25000,True
AC0001762,C001762,2,Current,13049.67,Active,2024-05-17,B02003,4631.37,100000,False
AC0001763,C001763,3,Savings,15876.32,Active,2020-02-13,B01003,13353.21,50000,True
AC0001764,C001764,2,Current,3590.96,Active,2018-09-08,B10003,4275.0,50000,True
AC0001765,C001765,4,Current,39802.41,Active,2018-02-12,B08001,22889.42,25000,True
AC0001766,C001766,3,Credit,12205.03,Dormant,2025-04-09,B01007,18277.84,100000,True
AC0001767,C001767,4,Current,777.78,Active,2018-02-06,B04003,6868.27,250000,False
AC0001768,C001768,6,Current,40930.22,Active,2024-12-17,B09002,7023.18,50000,True
AC0001769,C001769,2,Savings,6268.56,Active,2022-07-16,B09008,3698.98,25000,False
AC0001770,C001770,9,Credit,16030.01,Active,2023-07-11,B08004,13140.87,250000,True
AC0001771,C001771,8,Current,59449.33,Active,2020-12-12,B02004,9813.51,250000,False
AC0001772,C001772,8,Credit,6686.01,Active,2023-10-11,B07002,6719.55,50000,True
AC0001773,C001773,2,Savings,9297.21,Active,2020-12-14,B06005,2257.42,50000,False
AC0001774,C001774,8,Savings,5516.77,Active,2025-07-17,B04006,24425.81,50000,True
AC0001775,C001775,9,Savings,24208.67,Active,2023-07-01,B09009,10119.51,50000,True
AC0001776,C001776,2,Current,18071.6,Active,2024-07-23,B04005,1945.32,50000,True
AC0001777,C001777,8,Savings,45147.05,Active,2019-05-04,B02006,10985.28,25000,True
AC0001778,C001778,4,Credit,25172.26,Active,2019-11-13,B02008,6159.26,250000,True
AC0001779,C001779,8,Current,7599.22,Active,2024-04-20,B02003,6982.87,250000,True
AC0001780,C001780,5,Savings,17938.93,Active,2017-01-05,B05008,12910.59,100000,True
AC0001781,C001781,9,Business,6781.84,Active,2023-08-19,B05004,5131.55,50000,True
AC0001782,C001782,2,Current,3006.89,Active,2017-01-25,B06010,11192.07,250000,True
AC0001783,C001783,4,Business,2169.42,Active,2020-03-17,B09008,2831.93,25000,True
AC0001784,C001784,3,Current,17803.21,Active,2023-09-20,B09009,12882.07,100000,True
AC0001785,C001785,3,Current,16617.2,Active,2018-05-31,B04001,5041.54,50000,True
AC0001786,C001786,4,Current,6887.68,Active,2022-07-06,B05009,7096.88,100000,False
AC0001787,C001787,4,Savings,3062.54,Active,2024-04-02,B09008,5055.27,100000,True
AC0001788,C001788,2,Savings,6692.58,Active,2025-10-17,B02002,11937.83,50000,False
AC0001789,C001789,8,Savings,11089.84,Active,2022-11-14,B04001,7727.57,100000,True
AC0001790,C001790,6,Credit,12084.96,Active,2017-03-26,B08007,5216.53,250000,False
AC0001791,C001791,9,Savings,994.74,Active,2016-10-19,B08002,10534.52,250000,False
AC0001792,C001792,8,Credit,24216.49,Active,2021-04-25,B03001,5055.9,250000,False
AC0001793,C001793,2,Current,3723.68,Active,2021-11-22,B10007,4756.95,50000,False
AC0001794,C001794,1,Business,14622.43,Active,2023-03-25,B08004,5777.73,250000,True
AC0001795,C001795,5,Checking,21518.87,Active,2021-10-04,B03004,4971.28,100000,False
AC0001796,C001796,5,Checking,28688.24,Active,2018-04-04,B06006,11231.32,50000,False
AC0001797,C001797,3,Savings,2577.91,Active,2017-05-25,B01002,7423.12,50000,False
AC0001798,C001798,8,Checking,12114.38,Active,2023-01-20,B05006,11950.75,50000,True
AC0001799,C001799,6,Savings,2643.95,Active,2023-02-10,B03005,4146.46,25000,True
AC0001800,C001800,8,Checking,7617.53,Active,2017-01-31,B02002,3437.33,25000,False
AC0001801,C001801,2,Savings,15232.87,Active,2019-12-07,B10009,7412.36,50000,False
AC0001802,C001802,9,Credit,24032.93,Active,2023-02-22,B02008,10892.5,50000,True
AC0001803,C001803,3,Credit,7849.73,Active,2020-09-21,B03007,8151.97,50000,False
AC0001804,C001804,5,Credit,6368.51,Active,2020-09-24,B01008,7814.63,100000,True
AC0001805,C001805,5,Savings,9721.67,Active,2018-11-11,B02002,2954.47,25000,True
AC0001806,C001806,9,Checking,21258.71,Active,2016-06-10,B03007,3040.27,50000,True
AC0001807,C001807,3,Business,71234.49,Active,2021-11-26,B07008,2255.36,50000,True
AC0001808,C001808,3,Business,96308.1,Active,2018-01-19,B01005,5190.74,50000,False
AC0001809,C001809,4,Business,6913.32,Active,2021-12-08,B10008,6614.49,250000,True
AC0001810,C001810,4,Checking,22860.25,Active,2020-09-10,B01002,3190.41,25000,False
AC0001811,C001811,2,Business,11413.94,Active,2015-11-20,B05010,19420.45,100000,True
AC0001812,C001812,2,Savings,3975.41,Dormant,2017-03-20,B01002,3468.24,50000,True
AC0001813,C001813,3,Checking,25368.52,Dormant,2025-12-24,B05002,8498.09,50000,True
AC0001814,C001814,5,Credit,29489.18,Dormant,2022-03-15,B10002,3441.8,250000,True
AC0001815,C001815,4,Checking,20913.31,Active,2017-09-23,B01007,15115.02,100000,True
AC0001816,C001816,4,Current,13666.41,Active,2023-02-04,B08007,13014.16,100000,True
AC0001817,C001817,8,Checking,5105.3,Active,2018-11-07,B02008,10131.91,50000,True
AC0001818,C001818,3,Current,1422.1,Active,2020-08-31,B04008,1959.45,50000,True
AC0001819,C001819,10,Business,40525.74,Active,2016-03-22,B03006,5940.39,250000,False
AC0001820,C001820,8,Business,35278.29,Active,2024-06-01,B06010,4043.4,50000,True
AC0001821,C001821,2,Current,19927.03,Active,2016-03-29,B07004,5658.09,100000,True
AC0001822,C001822,4,Savings,12145.99,Active,2023-09-02,B07004,23987.36,25000,True
AC0001823,C001823,2,Checking,2498.86,Active,2019-08-17,B04010,14737.32,250000,False
AC0001824,C001824,3,Savings,11006.72,Active,2015-10-05,B07010,5934.26,25000,False
AC0001825,C001825,4,Credit,26688.34,Active,2023-06-16,B05003,3703.17,25000,False
AC0001826,C001826,2,Credit,3314.85,Active,2023-05-03,B02009,11205.82,50000,False
AC0001827,C001827,1,Current,8278.83,Active,2016-02-29,B04004,22978.56,250000,False
AC0001828,C001828,5,Savings,8329.01,Active,2019-04-15,B01001,10038.31,50000,True
AC0001829,C001829,8,Credit,10452.27,Active,2020-01-07,B07008,15234.14,100000,False
AC0001830,C001830,4,Current,15107.57,Active,2020-01-06,B05005,14032.35,25000,False
AC0001831,C001831,9,Savings,10506.09,Active,2016-11-20,B01007,10728.71,50000,False
AC0001832,C001832,4,Current,131503.48,Active,2015-04-13,B01005,15046.95,250000,True
AC0001833,C001833,10,Business,18779.77,Active,2017-07-06,B06001,7568.32,25000,False
AC0001834,C001834,3,Current,45707.44,Active,2018-06-04,B09003,18064.37,50000,True
AC0001835,C001835,6,Checking,7826.61,Active,2022-08-11,B05004,6124.85,100000,False
AC0001836,C001836,8,Credit,5435.3,Active,2024-01-30,B02006,10708.25,50000,False
AC0001837,C001837,1,Credit,4100.85,Active,2025-11-29,B08005,13533.45,50000,True
AC0001838,C001838,10,Business,11360.22,Active,2015-05-21,B05006,4800.38,50000,False
AC0001839,C001839,4,Savings,13602.6,Active,2023-07-06,B10004,6022.81,250000,True
AC0001840,C001840,5,Current,6491.02,Active,2020-04-17,B10009,12753.91,50000,False
AC0001841,C001841,7,Credit,1872.66,Active,2023-08-07,B01010,5631.28,25000,True
AC0001842,C001842,7,Savings,7721.13,Active,2023-11-27,B06003,9563.94,25000,False
AC0001843,C001843,1,Credit,14591.8,Active,2016-04-20,B02004,6852.3,25000,True
AC0001844,C001844,9,Savings,16780.26,Active,2023-12-20,B05003,8316.85,25000,False
AC0001845,C001845,7,Savings,19617.94,Active,2015-07-15,B07005,4001.9,100000,False
AC0001846,C001846,10,Savings,38818.81,Active,2022-11-05,B03004,7927.4,25000,True
AC0001847,C001847,5,Current,22046.89,Dormant,2021-03-26,B08004,7557.13,250000,False
AC0001848,C001848,7,Checking,57596.67,Active,2022-05-18,B02009,10982.2,250000,True
AC0001849,C001849,5,Checking,7774.41,Active,2024-08-06,B04008,7576.52,50000,True
AC0001850,C001850,9,Credit,21223.96,Active,2015-09-04,B04008,4133.85,25000,True
AC0001851,C001851,9,Checking,107138.44,Active,2018-09-27,B04001,3068.42,250000,False
AC0001852,C001852,10,Business,29812.5,Dormant,2016-11-04,B08007,8699.2,250000,False
AC0001853,C001853,6,Savings,6607.98,Closed,2024-07-14,B08003,7581.69,250000,True
AC0001854,C001854,8,Savings,368045.02,Active,2017-03-18,B03005,1309.63,50000,False
AC0001855,C001855,4,Credit,12188.12,Active,2025-10-20,B09002,15942.97,100000,True
AC0001856,C001856,5,Savings,7244.06,Active,2023-04-03,B02008,4359.55,25000,False
AC0001857,C001857,8,Current,3612.32,Active,2015-12-12,B04006,5107.85,50000,True
AC0001858,C001858,1,Current,6907.83,Active,2024-03-24,B09007,5585.7,50000,False
AC0001859,C001859,8,Credit,4426.65,Active,2017-11-13,B07008,9912.08,25000,True
AC0001860,C001860,1,Current,12309.02,Active,2016-07-09,B10002,11286.23,25000,True
AC0001861,C001861,6,Savings,31951.21,Active,2018-06-07,B01005,6769.15,25000,True
AC0001862,C001862,5,Credit,4583.26,Active,2015-07-31,B05002,555.67,100000,True
AC0001863,C001863,5,Savings,34861.28,Active,2016-06-24,B07003,4278.78,25000,False
AC0001864,C001864,5,Credit,2348.86,Dormant,2025-05-17,B05002,6569.31,250000,True
AC0001865,C001865,5,Current,22549.56,Active,2015-10-21,B06001,8454.79,50000,False
AC0001866,C001866,5,Current,35223.06,Active,2025-05-17,B09001,7280.82,250000,True
AC0001867,C001867,5,Savings,8302.9,Active,2016-11-28,B04002,5020.68,100000,False
AC0001868,C001868,6,Credit,4811.04,Active,2020-05-27,B06010,5492.55,50000,True
AC0001869,C001869,8,Checking,17729.04,Active,2017-12-03,B10006,7514.76,100000,True
AC0001870,C001870,6,Credit,27323.91,Active,2017-09-29,B01001,33627.64,50000,True
AC0001871,C001871,7,Savings,20169.41,Dormant,2022-10-21,B10002,8331.61,50000,True
AC0001872,C001872,9,Credit,21103.37,Active,2024-05-20,B06005,6875.12,100000,False
AC0001873,C001873,10,Savings,27841.44,Active,2023-09-23,B01008,9596.54,25000,True
AC0001874,C001874,2,Current,13034.14,Active,2023-08-20,B03006,7675.04,100000,False
AC0001875,C001875,8,Current,6688.78,Active,2017-08-16,B08008,14571.21,250000,True
AC0001876,C001876,3,Savings,10521.46,Active,2022-01-14,B08003,4684.8,100000,True
AC0001877,C001877,2,Current,15030.32,Active,2020-03-29,B02003,5018.09,100000,True
AC0001878,C001878,8,Business,1759.29,Active,2020-09-25,B09008,8964.17,100000,True
AC0001879,C001879,1,Business,15844.97,Dormant,2015-11-09,B08008,6021.61,50000,True
AC0001880,C001880,9,Current,15944.31,Active,2024-03-22,B09001,14554.37,25000,True
AC0001881,C001881,8,Credit,6247.19,Active,2015-12-11,B07010,16590.16,50000,True
AC0001882,C001882,10,Savings,12651.06,Active,2025-06-01,B06006,2730.36,25000,False
AC0001883,C001883,7,Savings,23018.37,Active,2015-12-30,B05004,21400.65,250000,False
AC0001884,C001884,9,Checking,6768.33,Active,2022-07-10,B10006,22256.68,50000,True
AC0001885,C001885,2,Business,5189.46,Active,2016-07-03,B04006,63342.11,25000,True
AC0001886,C001886,9,Business,15052.38,Active,2023-01-25,B07004,4775.67,25000,True
AC0001887,C001887,2,Business,4461.1,Active,2015-06-07,B07010,4842.58,25000,True
AC0001888,C001888,4,Business,35717.65,Active,2018-09-29,B08007,18108.55,250000,False
AC0001889,C001889,2,Credit,4870.31,Active,2015-02-17,B01007,11404.35,25000,False
AC0001890,C001890,5,Savings,5950.73,Active,2024-05-29,B08001,3882.07,50000,False
AC0001891,C001891,8,Business,21140.12,Active,2021-05-21,B10001,8017.83,250000,True
AC0001892,C001892,3,Current,3012.24,Active,2023-06-27,B07005,5051.37,25000,False
AC0001893,C001893,9,Business,8757.31,Active,2016-04-02,B03001,5998.83,25000,True
AC0001894,C001894,7,Credit,11189.02,Active,2018-05-31,B05001,15115.56,25000,False
AC0001895,C001895,7,Savings,2267.49,Active,2019-03-24,B05006,19061.39,100000,True
AC0001896,C001896,10,Business,7334.84,Active,2023-06-19,B09003,7730.85,250000,True
AC0001897,C001897,5,Savings,21539.95,Active,2022-08-08,B04004,16237.9,100000,False
AC0001898,C001898,4,Current,110400.62,Active,2023-03-21,B01009,5334.9,100000,False
AC0001899,C001899,10,Current,20017.6,Active,2019-03-21,B07003,15973.33,50000,True
AC0001900,C001900,6,Credit,2271.25,Active,2019-05-20,B09001,15900.71,250000,False
AC0001901,C001901,7,Current,6711.86,Active,2025-11-16,B09003,15340.35,250000,True
AC0001902,C001902,3,Current,5745.22,Closed,2025-08-02,B04006,2695.47,25000,True
AC0001903,C001903,3,Current,13644.84,Active,2022-11-19,B06002,4396.47,100000,False
AC0001904,C001904,2,Checking,17305.19,Active,2021-06-14,B02006,18736.75,250000,True
AC0001905,C001905,3,Current,5012.76,Active,2022-08-27,B05010,22136.77,25000,True
AC0001906,C001906,2,Savings,12126.61,Dormant,2020-10-30,B04008,16409.41,25000,False
AC0001907,C001907,8,Savings,11171.03,Active,2022-12-14,B04006,4800.07,100000,False
AC0001908,C001908,1,Savings,23659.2,Active,2022-11-24,B05003,8453.89,100000,False
AC0001909,C001909,7,Savings,4091.65,Active,2019-03-03,B05005,10264.54,50000,True
AC0001910,C001910,10,Checking,11133.31,Active,2019-02-15,B04006,10105.23,50000,False
AC0001911,C001911,8,Savings,7334.61,Dormant,2021-08-02,B02004,2597.63,25000,False
AC0001912,C001912,5,Savings,14468.93,Active,2016-07-19,B09003,10815.3,250000,True
AC0001913,C001913,1,Credit,9602.67,Active,2016-06-22,B05006,15246.95,25000,True
AC0001914,C001914,9,Business,2307.47,Active,2017-07-13,B08008,18916.92,100000,True
AC0001915,C001915,1,Current,1509.7,Active,2020-11-15,B08001,6299.58,25000,True
AC0001916,C001916,7,Current,26158.23,Active,2019-07-27,B04001,4204.46,25000,True
AC0001917,C001917,7,Credit,31466.54,Active,2021-11-11,B02004,25825.65,25000,True
AC0001918,C001918,2,Savings,20386.18,Dormant,2016-11-12,B10006,10735.92,25000,True
AC0001919,C001919,8,Credit,5882.55,Active,2025-05-25,B05001,9210.9,100000,False
AC0001920,C001920,2,Savings,12437.26,Active,2020-11-02,B08005,2728.97,50000,True
AC0001921,C001921,3,Checking,6751.39,Active,2024-04-17,B10010,20469.63,250000,True
AC0001922,C001922,9,Checking,10501.04,Active,2020-07-03,B08010,7168.42,50000,False
AC0001923,C001923,10,Credit,5989.55,Active,2017-06-28,B08009,22308.29,250000,False
AC0001924,C001924,3,Savings,9784.23,Active,2025-10-18,B08002,6104.03,50000,True
AC0001925,C001925,10,Savings,18392.87,Active,2019-01-09,B01008,3326.75,25000,False
AC0001926,C001926,10,Checking,9063.58,Active,2024-08-01,B07008,2059.3,100000,True
AC0001927,C001927,8,Business,9996.74,Active,2023-02-13,B10005,5832.33,100000,True
AC0001928,C001928,2,Credit,12038.5,Active,2016-06-25,B10005,5551.41,250000,True
AC0001929,C001929,3,Savings,4619.86,Active,2020-09-06,B10004,3781.43,100000,True
AC0001930,C001930,7,Savings,7857.4,Active,2020-08-11,B06003,5470.37,25000,True
AC0001931,C001931,10,Credit,3578.93,Active,2025-11-05,B01008,11534.87,250000,True
AC0001932,C001932,9,Savings,3959.65,Active,2025-07-18,B03004,7400.66,250000,True
AC0001933,C001933,5,Checking,14450.61,Active,2015-06-21,B07010,22415.7,100000,True
AC0001934,C001934,3,Checking,64429.77,Active,2015-04-27,B02009,29038.79,50000,True
AC0001935,C001935,10,Checking,7951.92,Active,2023-06-07,B02005,13113.87,50000,True
AC0001936,C001936,3,Savings,71458.85,Active,2019-05-17,B07001,3352.94,100000,True
AC0001937,C001937,4,Business,3009.65,Dormant,2018-10-04,B10002,12088.58,25000,True
AC0001938,C001938,10,Savings,31021.61,Active,2021-04-26,B04003,18100.37,100000,False
AC0001939,C001939,6,Savings,26423.4,Active,2021-03-26,B05002,24626.7,100000,False
AC0001940,C001940,3,Checking,18777.98,Active,2015-03-28,B01007,3013.78,25000,True
AC0001941,C001941,1,Current,2694.47,Active,2016-01-23,B09006,10317.03,250000,True
AC0001942,C001942,5,Checking,8980.47,Active,2015-04-08,B07004,7820.26,100000,True
AC0001943,C001943,10,Savings,16887.32,Dormant,2024-03-31,B01010,8514.72,50000,False
AC0001944,C001944,5,Credit,2789.85,Active,2021-12-03,B02008,20745.05,50000,True
AC0001945,C001945,7,Current,21220.38,Dormant,2018-12-22,B05002,5241.77,25000,True
AC0001946,C001946,3,Savings,39050.03,Active,2017-07-27,B08007,6554.73,100000,True
AC0001947,C001947,8,Checking,40913.02,Active,2020-05-10,B02007,3739.11,250000,False
AC0001948,C001948,8,Checking,10077.09,Active,2021-03-15,B03001,31299.26,25000,True
AC0001949,C001949,7,Credit,23112.67,Active,2019-10-05,B10001,3338.46,50000,True
AC0001950,C001950,8,Business,79863.52,Active,2016-12-02,B06009,16663.94,25000,False
AC0001951,C001951,6,Business,31190.51,Active,2022-04-05,B05006,13479.8,100000,True
AC0001952,C001952,4,Savings,367.42,Active,2017-02-15,B08005,11849.3,25000,True
AC0001953,C001953,8,Business,6557.26,Active,2019-07-16,B07001,5138.58,25000,False
AC0001954,C001954,9,Credit,3803.93,Active,2020-09-20,B08010,2345.58,250000,True
AC0001955,C001955,9,Business,8641.2,Closed,2017-05-31,B06009,6788.99,50000,False
AC0001956,C001956,3,Credit,30011.65,Active,2023-05-21,B06006,5602.87,25000,True
AC0001957,C001957,7,Current,15047.42,Active,2017-05-18,B04007,9951.12,100000,False
AC0001958,C001958,1,Current,31453.06,Active,2019-07-29,B06001,15151.44,25000,False
AC0001959,C001959,6,Checking,11379.54,Active,2016-03-20,B05008,18400.32,100000,True
AC0001960,C001960,6,Savings,11934.07,Active,2016-08-19,B06006,8299.67,250000,False
AC0001961,C001961,4,Current,5900.94,Active,2023-01-22,B03003,2828.4,100000,True
AC0001962,C001962,10,Business,46971.47,Active,2015-03-27,B02006,7634.96,25000,True
AC0001963,C001963,9,Current,19641.22,Active,2025-09-16,B05001,8842.09,100000,True
AC0001964,C001964,1,Credit,7090.47,Active,2020-09-01,B08007,28728.63,25000,True
AC0001965,C001965,3,Business,5623.24,Active,2025-10-23,B06010,3589.02,250000,True
AC0001966,C001966,3,Checking,22252.25,Active,2019-10-07,B05004,4432.06,50000,True
AC0001967,C001967,9,Business,29723.92,Active,2024-12-19,B08010,6266.51,25000,True
AC0001968,C001968,6,Checking,11024.04,Active,2020-05-10,B05009,5252.28,25000,True
AC0001969,C001969,8,Savings,6663.09,Active,2018-11-08,B03010,6853.32,250000,True
AC0001970,C001970,9,Business,114745.98,Active,2023-07-14,B10005,6700.84,25000,True
AC0001971,C001971,8,Savings,7674.24,Active,2015-12-04,B05001,14387.72,25000,True
AC0001972,C001972,1,Current,10606.5,Active,2024-05-18,B02003,4692.25,25000,True
AC0001973,C001973,2,Checking,17938.12,Active,2023-09-23,B02006,11625.57,25000,True
AC0001974,C001974,4,Current,10742.41,Active,2023-03-10,B05001,7251.39,25000,True
AC0001975,C001975,4,Checking,9813.86,Active,2019-08-04,B08008,6287.54,250000,True
AC0001976,C001976,8,Current,8249.11,Active,2016-01-25,B03008,12689.86,50000,False
AC0001977,C001977,2,Checking,5662.64,Active,2024-09-10,B05006,5942.79,100000,False
AC0001978,C001978,4,Checking,6219.67,Active,2021-03-26,B01006,7823.61,100000,True
AC0001979,C001979,3,Checking,18880.36,Active,2023-01-07,B10004,8781.99,50000,True
AC0001980,C001980,2,Current,18695.35,Active,2024-11-28,B04002,5801.26,250000,True
AC0001981,C001981,2,Current,5845.48,Active,2017-03-22,B05004,18815.18,100000,True
AC0001982,C001982,2,Current,11942.71,Active,2015-08-19,B10001,11666.02,250000,False
AC0001983,C001983,6,Credit,2292.31,Active,2023-12-29,B01003,4910.91,250000,True
AC0001984,C001984,5,Credit,9744.96,Active,2025-10-29,B01001,4323.93,250000,False
AC0001985,C001985,5,Credit,35890.77,Active,2024-07-31,B01004,7897.98,50000,False
AC0001986,C001986,5,Checking,9809.51,Active,2018-10-25,B10004,10002.99,25000,True
AC0001987,C001987,8,Checking,5596.07,Active,2020-12-26,B06005,22589.53,25000,True
AC0001988,C001988,9,Checking,2881.74,Active,2021-05-03,B09007,8241.7,25000,True
AC0001989,C001989,6,Credit,21087.45,Active,2016-07-06,B02004,17047.11,25000,True
AC0001990,C001990,7,Credit,17070.22,Active,2015-09-06,B02010,5103.81,50000,False
AC0001991,C001991,8,Credit,30289.17,Dormant,2024-03-03,B04009,4497.34,25000,True
AC0001992,C001992,7,Business,18955.29,Active,2025-10-15,B01001,6768.84,50000,True
AC0001993,C001993,2,Current,28288.48,Active,2022-11-01,B01010,3407.6,100000,False
AC0001994,C001994,10,Checking,109750.02,Active,2017-07-07,B10010,4167.91,25000,False
AC0001995,C001995,2,Checking,21499.54,Active,2021-01-02,B06006,17118.58,25000,True
AC0001996,C001996,5,Business,6454.42,Active,2019-09-03,B04002,4781.51,25000,True
AC0001997,C001997,7,Checking,18465.87,Active,2022-02-25,B03008,7118.17,50000,True
AC0001998,C001998,5,Business,8281.5,Active,2016-02-05,B02004,6610.32,25000,True
AC0001999,C001999,3,Business,43107.84,Active,2024-07-23,B10001,5379.11,250000,True
AC0002000,C002000,10,Savings,13799.27,Active,2024-08-01,B03002,4704.43,100000,True
AC0002001,C002001,1,Business,7745.15,Active,2024-04-12,B04005,4676.46,50000,True
AC0002002,C002002,3,Credit,2704.18,Active,2018-04-16,B10008,8039.61,25000,False
AC0002003,C002003,10,Business,24169.38,Active,2016-05-22,B05003,13118.49,50000,True
AC0002004,C002004,8,Credit,4908.57,Active,2015-11-29,B08002,4963.3,50000,True
AC0002005,C002005,1,Current,9774.41,Active,2025-02-08,B03009,7661.91,250000,True
AC0002006,C002006,8,Business,23228.88,Active,2018-03-08,B03003,41004.88,50000,True
AC0002007,C002007,10,Savings,4635.68,Active,2024-04-02,B08003,2898.09,100000,False
AC0002008,C002008,1,Current,11627.35,Active,2018-09-09,B02008,9148.33,50000,False
AC0002009,C002009,5,Credit,1038.29,Active,2017-06-20,B10004,8988.35,100000,True
AC0002010,C002010,5,Current,7765.05,Active,2019-08-15,B06004,3379.82,100000,True
AC0002011,C002011,2,Credit,18508.94,Active,2017-12-18,B01008,6121.95,50000,True
AC0002012,C002012,3,Credit,6296.18,Active,2018-12-14,B01003,8858.41,50000,False
AC0002013,C002013,2,Current,4681.33,Active,2018-02-28,B10002,7033.76,25000,True
AC0002014,C002014,2,Savings,37527.12,Active,2019-08-19,B05007,4232.04,50000,False
AC0002015,C002015,5,Business,1148.96,Active,2020-11-06,B06006,10442.44,50000,True
AC0002016,C002016,5,Savings,49421.54,Active,2023-01-29,B07003,2860.84,100000,True
AC0002017,C002017,3,Business,12321.32,Dormant,2015-12-17,B04005,13379.02,50000,True
AC0002018,C002018,3,Savings,5027.41,Active,2022-07-28,B01004,4521.0,100000,True
AC0002019,C002019,2,Business,1983.27,Active,2015-10-27,B10003,6078.94,250000,True
AC0002020,C002020,8,Credit,3705.81,Active,2023-02-12,B08007,15127.85,100000,True
AC0002021,C002021,3,Credit,9909.0,Active,2024-10-19,B06008,15198.86,100000,True
AC0002022,C002022,10,Credit,3766.32,Active,2019-04-27,B02008,7406.03,50000,True
AC0002023,C002023,6,Credit,5507.34,Active,2018-12-02,B04004,21737.16,50000,False
AC0002024,C002024,9,Checking,25423.1,Active,2015-06-08,B08006,2382.43,25000,True
AC0002025,C002025,7,Savings,3399.17,Active,2019-01-18,B07009,5965.45,50000,True
AC0002026,C002026,3,Checking,10660.38,Active,2016-03-02,B02006,4829.01,25000,True
AC0002027,C002027,7,Current,17058.27,Dormant,2023-12-31,B02006,9348.97,250000,True
AC0002028,C002028,3,Checking,14051.7,Active,2025-12-29,B02001,32458.84,25000,True
AC0002029,C002029,2,Checking,4176.3,Active,2023-06-07,B01010,8757.0,50000,False
AC0002030,C002030,3,Savings,52552.53,Active,2015-09-08,B06005,25987.26,100000,True
AC0002031,C002031,3,Business,30622.64,Active,2021-04-22,B04003,15818.33,100000,True
AC0002032,C002032,2,Business,18286.68,Active,2024-11-12,B09004,5754.19,25000,True
AC0002033,C002033,1,Current,3169.34,Active,2023-06-20,B04006,3446.44,25000,True
AC0002034,C002034,10,Checking,35291.24,Active,2024-04-26,B03001,5079.72,25000,True
AC0002035,C002035,6,Checking,44499.31,Active,2021-07-25,B02003,7615.93,25000,True
AC0002036,C002036,5,Savings,8955.13,Active,2018-06-12,B07007,4472.74,50000,False
AC0002037,C002037,10,Savings,15021.36,Active,2019-06-19,B03005,5886.43,25000,False
AC0002038,C002038,3,Current,17314.46,Active,2019-11-13,B06005,7848.14,25000,False
AC0002039,C002039,5,Credit,5002.7,Active,2025-06-11,B08006,2847.62,100000,True
AC0002040,C002040,9,Credit,74730.84,Active,2021-06-21,B01004,11300.06,50000,True
AC0002041,C002041,7,Credit,4646.35,Active,2019-08-23,B02005,5842.5,25000,False
AC0002042,C002042,4,Current,50077.31,Active,2025-07-08,B06002,13824.95,25000,True
AC0002043,C002043,3,Business,10568.7,Active,2025-05-08,B08008,3316.49,25000,False
AC0002044,C002044,1,Savings,6899.15,Active,2024-06-30,B08010,4364.26,25000,False
AC0002045,C002045,1,Credit,65831.11,Active,2024-05-09,B03005,5003.03,250000,False
AC0002046,C002046,2,Checking,8676.05,Active,2025-11-16,B02008,19317.44,100000,True
AC0002047,C002047,8,Business,7362.55,Dormant,2025-05-23,B03008,11142.85,100000,True
AC0002048,C002048,7,Savings,5123.53,Active,2016-12-18,B10002,13345.28,50000,False
AC0002049,C002049,5,Checking,6205.34,Active,2022-10-27,B03006,4469.37,50000,True
AC0002050,C002050,8,Current,5947.73,Active,2015-08-05,B04009,2633.56,25000,True
AC0002051,C002051,2,Checking,4770.79,Active,2021-06-25,B08002,5826.69,250000,True
AC0002052,C002052,3,Business,7812.22,Active,2017-01-17,B04006,24750.85,100000,True
AC0002053,C002053,4,Checking,19203.39,Active,2019-05-19,B07001,19287.63,25000,False
AC0002054,C002054,10,Checking,58870.71,Closed,2019-01-07,B09009,12535.48,100000,True
AC0002055,C002055,7,Savings,1257.25,Active,2019-01-12,B01004,10726.01,100000,True
AC0002056,C002056,9,Business,9483.3,Active,2023-01-09,B09006,7556.67,50000,True
AC0002057,C002057,3,Savings,27601.09,Active,2017-02-19,B08006,17111.49,100000,False
AC0002058,C002058,9,Current,22494.75,Active,2024-10-07,B02006,4617.14,50000,True
AC0002059,C002059,1,Savings,4615.13,Active,2021-02-15,B08005,14612.55,100000,False
AC0002060,C002060,3,Current,7517.05,Active,2021-06-26,B05006,15712.45,50000,False
AC0002061,C002061,6,Business,3526.0,Active,2023-03-22,B04007,4212.17,250000,False
AC0002062,C002062,1,Credit,2858.71,Active,2022-07-03,B04003,19645.65,25000,False
AC0002063,C002063,9,Credit,2836.02,Active,2018-02-28,B09001,28124.69,25000,True
AC0002064,C002064,9,Current,21633.6,Active,2023-10-27,B04009,14589.16,50000,True
AC0002065,C002065,6,Business,82644.79,Active,2017-10-16,B08004,13528.72,50000,False
AC0002066,C002066,4,Business,20036.48,Active,2020-12-06,B02004,12820.79,25000,False
AC0002067,C002067,1,Current,2759.19,Active,2024-07-18,B03001,5131.84,25000,False
AC0002068,C002068,7,Savings,26550.19,Active,2016-05-26,B06005,7817.29,50000,True
AC0002069,C002069,6,Credit,5208.64,Active,2019-07-10,B09003,10183.03,50000,True
AC0002070,C002070,8,Savings,32066.4,Active,2025-12-27,B10009,8003.71,50000,True
AC0002071,C002071,7,Savings,2394.34,Active,2021-07-12,B02007,5179.66,25000,True
AC0002072,C002072,2,Savings,2238.57,Active,2025-08-03,B03003,17411.83,100000,True
AC0002073,C002073,2,Credit,51673.03,Active,2019-05-13,B03009,10926.53,100000,False
AC0002074,C002074,8,Credit,20124.42,Active,2019-08-27,B07007,3561.73,50000,False
AC0002075,C002075,2,Savings,150735.06,Active,2015-10-10,B07010,3993.25,250000,False
AC0002076,C002076,10,Business,1566.78,Active,2021-08-01,B03010,13174.09,50000,False
AC0002077,C002077,2,Savings,7964.7,Active,2023-01-04,B05010,14466.29,100000,True
AC0002078,C002078,8,Checking,35323.27,Active,2023-07-25,B10002,12310.18,100000,False
AC0002079,C002079,10,Credit,3205.77,Active,2025-11-01,B07007,14989.93,50000,False
AC0002080,C002080,5,Business,11440.6,Active,2015-10-14,B04009,4361.78,25000,True
AC0002081,C002081,1,Credit,19163.65,Active,2018-03-29,B08003,10726.95,100000,False
AC0002082,C002082,9,Checking,9306.75,Active,2021-12-22,B05001,17313.0,50000,True
AC0002083,C002083,2,Savings,85776.99,Active,2020-09-08,B10010,12249.12,25000,False
AC0002084,C002084,6,Checking,9051.7,Active,2024-10-03,B06001,7070.14,100000,True
AC0002085,C002085,10,Current,7954.94,Active,2023-01-15,B10010,10343.54,50000,True
AC0002086,C002086,8,Current,12238.15,Active,2018-08-14,B09006,5014.27,250000,False
AC0002087,C002087,1,Checking,2661.47,Active,2023-10-07,B06006,2733.04,100000,True
AC0002088,C002088,9,Current,43725.41,Dormant,2020-06-02,B10007,4087.17,25000,True
AC0002089,C002089,2,Credit,4237.91,Active,2022-03-17,B04001,6516.05,250000,True
AC0002090,C002090,8,Credit,14577.22,Active,2016-12-29,B06003,7591.44,50000,False
AC0002091,C002091,7,Current,46952.09,Active,2017-05-16,B03003,2641.79,25000,False
AC0002092,C002092,3,Business,15185.7,Active,2025-10-10,B08006,2535.85,50000,True
AC0002093,C002093,5,Current,4572.6,Active,2025-06-17,B04010,5559.62,50000,True
AC0002094,C002094,2,Checking,8731.69,Active,2020-12-05,B08005,6935.55,250000,True
AC0002095,C002095,10,Credit,32788.87,Active,2020-03-19,B07001,7067.94,25000,False
AC0002096,C002096,3,Savings,16052.95,Active,2019-06-12,B07004,7536.58,250000,True
AC0002097,C002097,4,Savings,6271.36,Active,2016-05-14,B10009,11443.91,100000,True
AC0002098,C002098,6,Current,20876.6,Active,2016-02-15,B09009,6742.91,250000,False
AC0002099,C002099,7,Savings,39801.41,Active,2021-03-16,B05004,3989.3,100000,True
AC0002100,C002100,6,Checking,9026.67,Active,2024-01-13,B05007,4413.19,100000,False
AC0002101,C002101,6,Current,6742.95,Active,2017-06-10,B09009,1168.6,25000,False
AC0002102,C002102,6,Current,49136.31,Active,2019-08-01,B01002,16376.11,100000,True
AC0002103,C002103,9,Savings,10357.18,Active,2015-09-09,B08010,3842.74,50000,True
AC0002104,C002104,4,Checking,10375.81,Closed,2017-11-02,B08004,13529.78,25000,True
AC0002105,C002105,9,Checking,7557.62,Active,2023-09-01,B05008,6164.8,100000,True
AC0002106,C002106,8,Savings,14264.87,Active,2022-09-18,B05002,3252.99,250000,True
AC0002107,C002107,10,Current,13670.37,Active,2017-01-13,B03008,17729.28,50000,True
AC0002108,C002108,10,Business,7319.81,Dormant,2020-10-08,B02008,2698.03,100000,False
AC0002109,C002109,8,Credit,15254.73,Active,2018-09-05,B03009,3135.51,25000,False
AC0002110,C002110,3,Checking,32366.9,Active,2023-01-09,B09008,6078.38,250000,False
AC0002111,C002111,8,Current,19447.83,Active,2024-01-10,B04005,13441.48,100000,False
AC0002112,C002112,8,Savings,15174.68,Active,2020-03-30,B01006,5138.16,50000,True
AC0002113,C002113,3,Checking,4186.35,Active,2020-11-02,B10005,4993.01,100000,True
AC0002114,C002114,7,Checking,10047.17,Active,2016-06-08,B02009,4668.33,50000,True
AC0002115,C002115,3,Savings,13841.09,Active,2020-06-16,B06008,6938.04,50000,True
AC0002116,C002116,6,Credit,1371.47,Active,2025-07-15,B05006,1685.23,25000,True
AC0002117,C002117,8,Business,6648.95,Active,2024-06-12,B06008,24756.27,100000,True
AC0002118,C002118,2,Current,27859.29,Active,2015-03-15,B02003,5784.11,100000,False
AC0002119,C002119,4,Credit,44614.99,Active,2016-09-13,B09001,2311.41,50000,False
AC0002120,C002120,8,Current,6883.5,Active,2025-09-06,B05002,9512.6,250000,False
AC0002121,C002121,5,Current,14659.51,Dormant,2020-12-19,B05009,3370.32,100000,True
AC0002122,C002122,10,Business,16243.67,Active,2018-08-12,B08007,4288.15,25000,True
AC0002123,C002123,1,Business,8977.38,Active,2015-02-06,B05001,16181.36,25000,True
AC0002124,C002124,8,Checking,3172.96,Active,2019-08-04,B08004,25164.02,50000,False
AC0002125,C002125,9,Business,6836.55,Active,2018-07-05,B01006,14499.56,100000,True
AC0002126,C002126,10,Credit,92100.76,Active,2020-11-05,B03007,15305.46,100000,True
AC0002127,C002127,2,Savings,33400.83,Active,2020-07-27,B03007,10101.35,100000,True
AC0002128,C002128,10,Credit,17385.13,Active,2017-09-16,B02004,18339.17,250000,True
AC0002129,C002129,4,Checking,6894.91,Active,2022-03-04,B02007,14193.96,100000,True
AC0002130,C002130,4,Current,18430.58,Active,2020-09-13,B05009,1763.9,250000,True
AC0002131,C002131,4,Current,38768.54,Active,2017-09-04,B08005,2906.99,50000,True
AC0002132,C002132,7,Credit,15370.48,Active,2021-06-09,B02007,6731.33,50000,False
AC0002133,C002133,7,Savings,1384.81,Active,2017-01-26,B04003,3832.78,25000,False
AC0002134,C002134,5,Current,3775.53,Dormant,2025-01-07,B05009,9004.85,25000,False
AC0002135,C002135,1,Savings,28058.14,Closed,2025-05-15,B06003,12297.99,25000,False
AC0002136,C002136,10,Checking,20727.58,Active,2020-11-16,B06008,1689.3,50000,True
AC0002137,C002137,3,Credit,12821.93,Active,2020-03-08,B03004,34475.39,50000,True
AC0002138,C002138,1,Credit,13281.08,Active,2018-12-05,B05010,40594.02,100000,True
AC0002139,C002139,6,Checking,2424.37,Active,2025-12-08,B03001,6347.88,100000,True
AC0002140,C002140,5,Checking,8365.73,Active,2019-03-16,B08001,6008.2,250000,True
AC0002141,C002141,7,Checking,40556.57,Active,2018-03-06,B05005,8964.82,50000,True
AC0002142,C002142,9,Credit,5323.88,Active,2024-08-07,B06005,6423.09,25000,True
AC0002143,C002143,1,Checking,16331.43,Active,2015-12-14,B09004,1754.34,50000,False
AC0002144,C002144,3,Credit,31357.71,Active,2021-07-26,B07005,6559.06,50000,True
AC0002145,C002145,6,Business,25887.93,Active,2018-04-16,B09010,10818.72,100000,True
AC0002146,C002146,8,Credit,54611.1,Active,2015-04-09,B07003,7733.21,100000,True
AC0002147,C002147,7,Checking,20793.83,Active,2025-11-20,B10006,6533.66,25000,True
AC0002148,C002148,4,Business,11504.35,Active,2024-09-20,B02010,4443.57,25000,True
AC0002149,C002149,7,Savings,4604.25,Active,2019-12-02,B03009,6601.82,100000,True
AC0002150,C002150,10,Current,43487.71,Active,2015-01-12,B01006,12855.56,100000,True
AC0002151,C002151,5,Business,11970.21,Active,2019-06-12,B10004,101087.06,25000,True
AC0002152,C002152,9,Business,29052.94,Active,2021-02-02,B03004,3169.17,250000,False
AC0002153,C002153,8,Savings,5395.9,Active,2021-02-14,B10006,2739.3,100000,True
AC0002154,C002154,4,Business,46789.31,Active,2025-01-14,B09004,14216.1,250000,False
AC0002155,C002155,3,Credit,11262.64,Dormant,2023-10-27,B02007,7029.58,50000,True
AC0002156,C002156,8,Credit,12379.62,Active,2025-11-16,B06008,5242.78,50000,False
AC0002157,C002157,3,Credit,10857.91,Active,2016-02-21,B07002,20297.71,250000,True
AC0002158,C002158,4,Checking,9546.72,Active,2024-07-28,B02008,5759.04,250000,False
AC0002159,C002159,3,Business,3759.45,Active,2023-10-14,B01010,8167.63,250000,False
AC0002160,C002160,7,Savings,35663.8,Active,2019-04-07,B03001,10068.87,25000,False
AC0002161,C002161,3,Credit,515.09,Active,2024-02-03,B07006,20417.3,25000,True
AC0002162,C002162,7,Checking,9953.54,Active,2020-12-22,B01003,3161.69,50000,True
AC0002163,C002163,10,Credit,3667.76,Active,2021-09-27,B10008,9760.47,250000,False
AC0002164,C002164,9,Savings,7415.51,Active,2022-09-09,B06010,8924.84,25000,False
AC0002165,C002165,10,Current,12299.97,Active,2018-04-12,B08008,8642.26,25000,True
AC0002166,C002166,1,Credit,6649.25,Active,2024-02-02,B09008,7514.07,50000,True
AC0002167,C002167,5,Business,9115.58,Active,2015-04-30,B07002,3851.96,100000,True
AC0002168,C002168,3,Business,39293.69,Dormant,2022-12-12,B05007,3884.59,25000,True
AC0002169,C002169,10,Business,12738.83,Active,2023-10-02,B04008,14204.47,50000,True
AC0002170,C002170,8,Checking,79509.67,Active,2017-05-23,B10007,5715.08,100000,True
AC0002171,C002171,4,Current,11570.4,Active,2016-01-23,B06002,9078.99,250000,True
AC0002172,C002172,6,Savings,1572.58,Active,2025-11-04,B06008,1497.73,25000,True
AC0002173,C002173,7,Checking,2925.55,Active,2019-11-20,B04005,5548.53,250000,True
AC0002174,C002174,5,Credit,3725.15,Active,2017-08-15,B09005,10311.59,25000,False
AC0002175,C002175,5,Business,17875.43,Active,2025-01-12,B07004,29147.35,100000,True
AC0002176,C002176,1,Credit,8067.81,Active,2025-05-08,B01007,4646.87,25000,False
AC0002177,C002177,5,Checking,95169.56,Active,2016-05-30,B03005,5959.99,100000,False
AC0002178,C002178,4,Current,5341.84,Active,2023-08-03,B10005,9297.75,100000,False
AC0002179,C002179,9,Business,50492.9,Active,2022-01-01,B02001,5881.19,100000,True
AC0002180,C002180,9,Current,52064.95,Active,2021-01-03,B08010,5524.17,250000,True
AC0002181,C002181,8,Credit,6765.71,Active,2023-05-04,B10003,4192.16,25000,True
AC0002182,C002182,1,Savings,10236.43,Active,2015-12-04,B05002,9667.29,25000,True
AC0002183,C002183,9,Business,4899.84,Active,2025-08-22,B03010,6939.81,250000,True
AC0002184,C002184,4,Business,7967.13,Active,2015-12-11,B05003,7121.44,50000,True
AC0002185,C002185,5,Credit,32204.75,Active,2025-12-18,B02004,11276.26,250000,True
AC0002186,C002186,10,Checking,48746.9,Active,2018-02-25,B03010,6661.37,250000,True
AC0002187,C002187,9,Credit,5913.51,Active,2025-03-23,B06010,8191.87,50000,True
AC0002188,C002188,1,Checking,47044.97,Active,2020-12-29,B03007,9267.56,50000,True
AC0002189,C002189,4,Savings,20964.12,Active,2020-03-21,B06003,3530.49,250000,True
AC0002190,C002190,8,Credit,23501.51,Active,2025-11-14,B08009,13073.39,250000,True
AC0002191,C002191,6,Savings,6756.7,Dormant,2025-04-17,B10004,16586.36,50000,True
AC0002192,C002192,3,Business,8405.91,Active,2021-08-28,B09007,9696.0,50000,True
AC0002193,C002193,6,Checking,12846.25,Active,2017-11-07,B08009,8234.52,100000,True
AC0002194,C002194,9,Savings,5320.23,Active,2022-05-22,B04004,15465.06,100000,True
AC0002195,C002195,3,Current,32933.7,Active,2018-05-12,B10001,7865.7,100000,False
AC0002196,C002196,8,Checking,4015.83,Active,2022-02-24,B06007,6853.08,250000,False
AC0002197,C002197,8,Savings,7188.1,Closed,2024-02-02,B02001,15744.39,25000,True
AC0002198,C002198,9,Current,13305.36,Active,2019-03-03,B10006,8671.4,250000,True
AC0002199,C002199,3,Current,5414.97,Active,2020-02-18,B02005,1485.63,50000,True
AC0002200,C002200,3,Savings,4002.94,Active,2022-11-18,B07001,7407.38,25000,True
AC0002201,C002201,6,Checking,45084.02,Active,2017-09-18,B08005,11084.9,25000,True
AC0002202,C002202,6,Checking,6271.81,Active,2015-06-04,B03007,7895.67,100000,True
AC0002203,C002203,5,Checking,50671.46,Dormant,2025-07-23,B02006,6915.75,50000,True
AC0002204,C002204,8,Business,8858.72,Active,2019-03-13,B02008,17270.73,100000,False
AC0002205,C002205,8,Checking,10256.98,Active,2022-02-09,B03002,12741.3,100000,True
AC0002206,C002206,3,Current,87425.26,Active,2020-09-22,B01004,7240.27,50000,True
AC0002207,C002207,8,Savings,1633.68,Active,2025-03-25,B02002,14032.23,250000,False
AC0002208,C002208,3,Business,2648.99,Active,2018-11-14,B05001,5684.61,25000,False
AC0002209,C002209,5,Credit,8267.33,Active,2025-08-08,B05007,7202.79,250000,True
AC0002210,C002210,1,Savings,38094.72,Active,2019-10-09,B07010,5716.63,100000,False
AC0002211,C002211,4,Credit,3417.61,Active,2025-01-14,B01008,19710.17,100000,True
AC0002212,C002212,10,Business,7263.12,Active,2019-09-01,B09007,5620.41,50000,False
AC0002213,C002213,5,Business,4467.43,Active,2016-08-19,B05010,7814.85,25000,False
AC0002214,C002214,8,Current,4416.89,Active,2025-03-11,B10005,19197.49,100000,False
AC0002215,C002215,2,Current,31662.42,Active,2022-03-10,B03008,13982.99,100000,False
AC0002216,C002216,7,Credit,10281.25,Active,2015-05-19,B06002,3408.68,25000,True
AC0002217,C002217,4,Checking,12248.02,Active,2025-03-25,B05009,6601.94,250000,True
AC0002218,C002218,8,Business,16389.95,Active,2020-09-02,B01004,4741.3,250000,False
AC0002219,C002219,10,Business,41622.01,Dormant,2024-01-04,B01008,43562.54,25000,False
AC0002220,C002220,6,Business,96435.97,Active,2021-07-03,B08001,6339.85,250000,True
AC0002221,C002221,2,Current,41344.54,Active,2021-09-16,B04004,3738.04,25000,False
AC0002222,C002222,5,Business,5536.06,Active,2015-01-24,B09003,4163.9,100000,False
AC0002223,C002223,2,Business,835.03,Active,2022-08-01,B04005,6581.56,50000,True
AC0002224,C002224,5,Savings,3041.54,Active,2019-11-25,B04001,4618.19,250000,False
AC0002225,C002225,1,Current,15231.13,Active,2017-09-29,B06006,24177.47,25000,True
AC0002226,C002226,7,Credit,5174.02,Active,2016-08-15,B08006,11847.33,25000,True
AC0002227,C002227,4,Business,2731.82,Active,2015-07-17,B03001,6966.52,100000,True
AC0002228,C002228,3,Credit,37954.48,Active,2020-06-26,B02006,2676.25,50000,True
AC0002229,C002229,1,Checking,11380.89,Active,2015-06-07,B04001,7914.6,25000,False
AC0002230,C002230,9,Business,4247.69,Active,2023-12-14,B03008,10670.37,50000,True
AC0002231,C002231,9,Business,24930.5,Active,2020-04-01,B05001,78882.62,100000,False
AC0002232,C002232,9,Checking,6134.27,Active,2015-02-09,B06003,7414.04,100000,True
AC0002233,C002233,1,Business,7267.9,Active,2017-08-13,B09004,16062.58,50000,True
AC0002234,C002234,4,Checking,28935.12,Active,2016-01-28,B02002,4140.63,25000,False
AC0002235,C002235,10,Savings,9090.62,Active,2025-03-04,B09002,13204.78,25000,False
AC0002236,C002236,6,Checking,7183.75,Active,2016-03-25,B05010,2209.37,50000,False
AC0002237,C002237,2,Savings,31676.63,Active,2017-07-28,B02001,7199.23,25000,True
AC0002238,C002238,2,Checking,8532.52,Active,2016-12-22,B03006,4376.44,50000,True
AC0002239,C002239,3,Savings,12783.9,Dormant,2023-04-02,B08010,1354.98,25000,False
AC0002240,C002240,10,Savings,18598.18,Active,2022-03-22,B07001,5753.81,50000,False
AC0002241,C002241,2,Business,6508.34,Active,2021-05-03,B04007,5369.64,100000,True
AC0002242,C002242,10,Current,9619.23,Active,2018-08-13,B08008,2821.07,50000,False
AC0002243,C002243,7,Credit,19908.06,Active,2015-09-09,B08006,3143.36,250000,True
AC0002244,C002244,10,Current,32205.6,Active,2022-01-21,B10001,4927.62,100000,True
AC0002245,C002245,9,Business,29623.05,Active,2018-06-25,B08003,6208.9,250000,True
AC0002246,C002246,4,Current,16586.83,Active,2019-07-08,B03009,32479.65,250000,True
AC0002247,C002247,9,Credit,5337.43,Active,2021-03-28,B03002,52511.98,25000,True
AC0002248,C002248,2,Current,16947.5,Active,2015-08-15,B09001,4257.12,25000,True
AC0002249,C002249,3,Business,14602.57,Active,2023-09-05,B03007,36620.23,250000,True
AC0002250,C002250,3,Business,4570.87,Active,2017-11-05,B07001,8836.15,100000,True
AC0002251,C002251,2,Business,7999.77,Active,2018-10-05,B02008,7011.57,100000,False
AC0002252,C002252,1,Credit,4136.02,Active,2015-02-07,B06010,36093.9,250000,True
AC0002253,C002253,2,Business,18726.55,Active,2025-10-21,B06006,14819.66,50000,True
AC0002254,C002254,2,Savings,53059.21,Active,2023-09-10,B10008,8239.93,100000,True
AC0002255,C002255,4,Business,23460.21,Dormant,2021-03-11,B07008,11888.78,100000,False
AC0002256,C002256,1,Credit,3330.39,Dormant,2020-10-19,B07007,4909.85,50000,True
AC0002257,C002257,1,Savings,40166.38,Active,2018-09-15,B04005,4771.43,25000,True
AC0002258,C002258,10,Business,1711.59,Active,2021-08-07,B07006,3854.52,100000,True
AC0002259,C002259,1,Current,13527.51,Closed,2020-02-17,B05001,13282.6,250000,True
AC0002260,C002260,1,Checking,18929.78,Active,2017-05-11,B05004,3881.98,50000,True
AC0002261,C002261,1,Checking,5403.91,Active,2017-01-27,B02002,9937.71,100000,False
AC0002262,C002262,2,Savings,10074.63,Active,2018-11-01,B06010,9818.93,50000,True
AC0002263,C002263,6,Credit,6069.88,Active,2019-05-04,B01008,6514.09,100000,True
AC0002264,C002264,9,Current,7208.45,Dormant,2022-06-21,B03007,11465.59,100000,True
AC0002265,C002265,8,Credit,8050.71,Active,2021-07-26,B05010,6582.61,50000,True
AC0002266,C002266,6,Business,12975.4,Active,2017-08-08,B07010,10734.0,100000,True
AC0002267,C002267,1,Credit,25784.82,Active,2019-05-05,B06009,5187.47,100000,False
AC0002268,C002268,8,Current,50882.39,Active,2016-01-19,B09008,12048.06,250000,True
AC0002269,C002269,1,Savings,15499.09,Dormant,2022-09-19,B10006,14626.36,100000,True
AC0002270,C002270,7,Business,17690.74,Active,2020-09-11,B10001,1741.96,25000,True
AC0002271,C002271,5,Checking,5178.52,Active,2015-06-02,B03005,11969.97,50000,False
AC0002272,C002272,9,Business,19104.82,Active,2017-10-15,B05006,5647.52,100000,True
AC0002273,C002273,4,Checking,40901.76,Active,2019-09-03,B06005,4724.43,100000,True
AC0002274,C002274,7,Savings,4623.3,Active,2020-08-30,B04003,22987.55,25000,True
AC0002275,C002275,5,Current,8746.44,Active,2024-08-28,B01010,5074.95,50000,True
AC0002276,C002276,6,Savings,10404.01,Active,2019-05-29,B01006,13857.39,100000,False
AC0002277,C002277,10,Current,21334.23,Active,2020-05-08,B06008,10494.15,50000,True
AC0002278,C002278,8,Savings,7033.43,Active,2015-01-22,B10010,21887.68,50000,True
AC0002279,C002279,5,Current,20709.35,Active,2023-02-10,B09007,12335.36,250000,False
AC0002280,C002280,5,Checking,14918.5,Active,2025-05-08,B04003,7500.96,50000,True
AC0002281,C002281,8,Current,21952.51,Active,2015-07-29,B02007,12779.39,50000,True
AC0002282,C002282,4,Business,12881.13,Active,2023-07-07,B06009,35493.77,50000,True
AC0002283,C002283,2,Credit,3057.91,Active,2015-04-26,B05010,6663.25,25000,False
AC0002284,C002284,5,Checking,23283.98,Active,2021-05-04,B06008,19498.08,25000,False
AC0002285,C002285,1,Credit,12295.54,Active,2015-02-19,B05002,15517.02,250000,False
AC0002286,C002286,2,Business,17766.2,Active,2025-08-01,B01006,15400.05,25000,True
AC0002287,C002287,5,Checking,5540.31,Active,2023-07-14,B06004,6969.94,50000,True
AC0002288,C002288,8,Business,10890.17,Active,2020-11-02,B01007,8252.59,25000,True
AC0002289,C002289,8,Business,5926.78,Active,2023-01-26,B01010,14395.62,50000,True
AC0002290,C002290,3,Credit,8756.88,Active,2023-05-11,B05004,11020.97,50000,False
AC0002291,C002291,5,Savings,16242.37,Active,2022-02-01,B08007,5064.57,50000,True
AC0002292,C002292,2,Credit,3828.35,Active,2018-08-05,B02008,4581.86,250000,True
AC0002293,C002293,8,Savings,3217.91,Active,2016-07-27,B03006,2372.59,250000,False
AC0002294,C002294,3,Business,21981.68,Active,2016-04-25,B08006,17690.97,250000,True
AC0002295,C002295,8,Savings,6127.09,Active,2023-06-17,B05006,9064.04,250000,False
AC0002296,C002296,9,Savings,915.91,Active,2020-09-24,B05007,23606.07,250000,True
AC0002297,C002297,7,Credit,13620.91,Active,2015-10-23,B02007,8398.21,25000,False
AC0002298,C002298,4,Current,10545.91,Active,2024-08-26,B01006,9472.68,25000,False
AC0002299,C002299,10,Business,15961.66,Active,2015-04-22,B03010,3774.19,250000,True
AC0002300,C002300,7,Business,91066.05,Active,2025-07-27,B08001,1935.97,25000,True
AC0002301,C002301,7,Checking,10015.68,Active,2021-08-28,B05003,5407.29,100000,True
AC0002302,C002302,9,Business,6437.67,Active,2025-03-08,B02006,20883.37,100000,False
AC0002303,C002303,9,Checking,19467.48,Active,2016-01-09,B09005,11187.09,100000,False
AC0002304,C002304,1,Credit,3255.05,Active,2015-01-24,B02007,2928.92,250000,False
AC0002305,C002305,9,Savings,25599.28,Active,2025-11-22,B02006,14008.58,50000,True
AC0002306,C002306,8,Current,32385.06,Active,2022-11-05,B03010,7786.79,25000,True
AC0002307,C002307,3,Business,12559.41,Active,2016-06-20,B08009,11373.33,25000,False
AC0002308,C002308,4,Credit,2092.69,Active,2023-12-24,B08008,3903.57,250000,True
AC0002309,C002309,8,Savings,12751.22,Active,2023-11-05,B05006,1087.18,25000,False
AC0002310,C002310,3,Business,27345.59,Closed,2020-07-31,B02009,4169.32,25000,True
AC0002311,C002311,5,Credit,12514.39,Active,2015-08-17,B08007,15309.96,250000,True
AC0002312,C002312,7,Checking,7097.71,Active,2021-02-23,B05006,10083.83,25000,True
AC0002313,C002313,7,Credit,23146.42,Dormant,2018-12-06,B09003,5172.35,25000,True
AC0002314,C002314,10,Current,3038.22,Active,2023-03-30,B06006,5430.48,25000,True
AC0002315,C002315,2,Savings,17281.78,Active,2021-08-23,B05006,2101.1,25000,True
AC0002316,C002316,3,Savings,14349.43,Active,2021-01-21,B02004,6874.69,50000,False
AC0002317,C002317,10,Credit,22741.87,Active,2021-02-19,B01005,8183.13,25000,True
AC0002318,C002318,6,Business,19763.44,Active,2024-08-09,B07008,16547.67,250000,False
AC0002319,C002319,3,Checking,11475.88,Active,2024-09-17,B09006,3427.4,50000,True
AC0002320,C002320,3,Business,5034.04,Active,2025-09-28,B01009,7325.87,50000,True
AC0002321,C002321,4,Checking,8964.81,Active,2015-10-24,B01009,20865.47,100000,True
AC0002322,C002322,6,Credit,13378.43,Active,2024-02-02,B05003,2958.21,25000,True
AC0002323,C002323,3,Current,11855.38,Active,2016-05-27,B04008,4690.37,100000,True
AC0002324,C002324,7,Credit,14019.83,Active,2024-04-08,B08004,7051.68,25000,True
AC0002325,C002325,5,Checking,25010.47,Active,2021-09-11,B10007,6739.33,100000,True
AC0002326,C002326,7,Current,51745.8,Active,2017-04-03,B07009,10981.95,100000,True
AC0002327,C002327,2,Current,16221.14,Active,2017-08-03,B04006,13927.73,250000,True
AC0002328,C002328,7,Checking,6918.06,Active,2022-11-24,B01001,7981.97,100000,True
AC0002329,C002329,10,Savings,8138.31,Active,2021-01-09,B01006,30608.9,100000,False
AC0002330,C002330,2,Credit,7893.49,Active,2021-05-22,B05009,4608.68,250000,True
AC0002331,C002331,4,Business,24475.54,Active,2025-09-02,B05008,6754.55,250000,True
AC0002332,C002332,7,Checking,3420.7,Active,2019-04-10,B08004,5843.84,25000,True
AC0002333,C002333,7,Checking,4217.65,Closed,2021-02-26,B09008,17152.1,250000,True
AC0002334,C002334,7,Checking,50669.61,Active,2025-10-01,B05006,9971.02,50000,False
AC0002335,C002335,6,Checking,7911.53,Active,2016-09-10,B07002,13552.54,250000,True
AC0002336,C002336,7,Business,12772.33,Active,2023-11-04,B05004,3926.52,25000,False
AC0002337,C002337,7,Savings,5086.44,Active,2022-02-10,B01010,5570.27,50000,True
AC0002338,C002338,1,Current,6005.86,Active,2022-04-02,B06004,2891.61,50000,True
AC0002339,C002339,8,Business,7942.05,Active,2024-03-23,B10001,32449.64,250000,False
AC0002340,C002340,5,Savings,39063.48,Active,2024-09-17,B03008,3809.41,250000,False
AC0002341,C002341,1,Current,7845.1,Active,2021-08-21,B05003,7341.57,50000,False
AC0002342,C002342,5,Checking,58909.86,Active,2020-03-03,B09006,27752.26,100000,False
AC0002343,C002343,5,Business,4868.16,Active,2020-07-07,B08001,1821.37,25000,True
AC0002344,C002344,1,Savings,8537.77,Active,2019-08-17,B08004,4957.93,25000,False
AC0002345,C002345,10,Checking,5351.32,Active,2019-04-19,B09008,18477.41,50000,True
AC0002346,C002346,3,Business,25113.27,Active,2015-05-25,B09008,46200.96,25000,True
AC0002347,C002347,4,Business,7536.01,Active,2024-03-31,B09001,3409.8,50000,True
AC0002348,C002348,5,Current,9516.05,Dormant,2018-03-31,B01001,11029.91,25000,True
AC0002349,C002349,9,Business,14597.95,Active,2017-08-16,B02001,7887.96,25000,True
AC0002350,C002350,8,Credit,8971.48,Active,2023-06-21,B02001,3544.25,100000,False
AC0002351,C002351,8,Business,40545.69,Closed,2018-03-10,B02001,8264.32,100000,True
AC0002352,C002352,3,Checking,8762.02,Active,2018-11-17,B09006,3387.37,100000,True
AC0002353,C002353,9,Business,8887.1,Active,2023-11-12,B03001,6621.61,50000,True
AC0002354,C002354,9,Savings,34451.0,Active,2020-11-26,B04004,10258.06,100000,True
AC0002355,C002355,5,Credit,15572.92,Dormant,2023-02-02,B01009,4402.11,25000,True
AC0002356,C002356,6,Checking,9643.74,Active,2016-08-16,B05005,5479.32,100000,False
AC0002357,C002357,1,Checking,10287.46,Dormant,2020-03-30,B05002,10974.87,50000,True
AC0002358,C002358,8,Credit,6695.69,Active,2017-02-13,B02010,47426.53,25000,True
AC0002359,C002359,10,Current,10537.86,Active,2022-09-12,B08008,7764.02,50000,True
AC0002360,C002360,5,Credit,19455.23,Active,2025-05-12,B05008,6786.67,100000,True
AC0002361,C002361,6,Current,2805.19,Active,2015-12-24,B09001,5914.25,50000,True
AC0002362,C002362,5,Savings,2624.68,Dormant,2018-03-09,B08003,6648.62,100000,True
AC0002363,C002363,1,Current,8320.18,Active,2023-09-22,B10006,13094.25,100000,True
AC0002364,C002364,7,Savings,37233.43,Active,2017-01-12,B01007,6677.84,50000,True
AC0002365,C002365,8,Savings,2637.8,Active,2021-07-07,B09002,12668.13,50000,True
AC0002366,C002366,10,Checking,66388.47,Active,2017-01-24,B06007,40951.5,100000,True
AC0002367,C002367,10,Checking,14510.96,Active,2023-04-15,B05006,16153.73,25000,True
AC0002368,C002368,5,Credit,8380.08,Active,2021-09-16,B10004,15705.94,100000,False
AC0002369,C002369,10,Business,6597.98,Active,2016-12-16,B09006,7842.74,25000,False
AC0002370,C002370,6,Current,13637.5,Active,2017-10-10,B07006,3377.05,25000,False
AC0002371,C002371,7,Current,13739.64,Active,2016-11-03,B04005,14184.22,250000,True
AC0002372,C002372,7,Business,2142.05,Active,2020-01-25,B07004,15765.41,250000,True
AC0002373,C002373,10,Current,13352.34,Active,2024-05-09,B02009,7220.01,50000,True
AC0002374,C002374,8,Checking,12530.63,Dormant,2020-08-12,B05003,5437.03,50000,True
AC0002375,C002375,2,Savings,13528.73,Active,2017-04-30,B08008,6934.58,50000,True
AC0002376,C002376,1,Credit,34416.55,Active,2015-12-06,B07010,5438.86,25000,False
AC0002377,C002377,5,Credit,3357.46,Active,2019-12-07,B08005,12776.32,100000,False
AC0002378,C002378,6,Savings,19887.88,Active,2019-09-16,B02007,5187.02,250000,True
AC0002379,C002379,7,Business,16977.86,Active,2017-04-12,B09008,22429.38,100000,False
AC0002380,C002380,5,Credit,16911.33,Active,2025-09-28,B05001,2990.77,50000,True
AC0002381,C002381,6,Business,17287.69,Dormant,2016-11-29,B01003,4470.28,100000,True
AC0002382,C002382,10,Credit,16206.59,Active,2025-06-08,B03004,9747.89,50000,True
AC0002383,C002383,4,Checking,7448.7,Active,2023-03-03,B02005,10970.33,250000,True
AC0002384,C002384,5,Credit,8505.47,Active,2018-12-16,B08002,11208.45,25000,False
AC0002385,C002385,6,Checking,17066.17,Active,2025-08-26,B08002,12795.26,25000,True
AC0002386,C002386,5,Checking,12635.02,Active,2020-02-16,B06005,9379.0,50000,True
AC0002387,C002387,10,Savings,7226.81,Active,2016-01-16,B03002,3488.09,50000,True
AC0002388,C002388,10,Current,11151.83,Active,2020-08-04,B03009,4699.16,50000,True
AC0002389,C002389,6,Savings,6955.55,Active,2023-09-15,B07007,5099.73,25000,False
AC0002390,C002390,5,Savings,45918.74,Active,2025-11-15,B01007,1747.69,100000,True
AC0002391,C002391,6,Business,2403.53,Active,2016-11-15,B09009,5393.62,25000,True
AC0002392,C002392,2,Business,5601.03,Active,2022-09-04,B09002,8652.54,25000,True
AC0002393,C002393,5,Business,8321.42,Active,2020-03-25,B02003,16294.26,100000,False
AC0002394,C002394,3,Checking,14991.84,Active,2024-02-23,B07006,2522.65,100000,True
AC0002395,C002395,2,Savings,8118.59,Active,2016-12-20,B08002,5571.09,25000,False
AC0002396,C002396,1,Savings,28810.09,Active,2024-01-03,B10004,3237.14,50000,False
AC0002397,C002397,6,Savings,19330.23,Active,2020-03-31,B08008,13191.59,25000,True
AC0002398,C002398,1,Credit,16121.44,Active,2016-02-25,B03010,7453.73,50000,False
AC0002399,C002399,7,Savings,4664.62,Active,2021-08-10,B08009,8189.22,50000,False
AC0002400,C002400,5,Savings,39530.7,Dormant,2024-02-21,B02008,7130.05,50000,True
AC0002401,C002401,4,Current,4488.76,Active,2019-11-08,B01010,13444.36,25000,True
AC0002402,C002402,8,Current,17201.85,Active,2021-05-14,B08009,10508.9,100000,True
AC0002403,C002403,6,Savings,4675.11,Active,2025-03-31,B06004,10819.2,100000,True
AC0002404,C002404,8,Checking,109192.95,Active,2017-12-08,B10009,4415.92,25000,True
AC0002405,C002405,8,Checking,27570.28,Active,2018-05-06,B01005,30569.24,100000,True
AC0002406,C002406,1,Savings,7633.03,Active,2015-07-29,B09009,19826.13,250000,True
AC0002407,C002407,3,Current,18458.0,Active,2020-01-18,B06004,7879.15,100000,False
AC0002408,C002408,6,Savings,22023.12,Active,2022-06-15,B06007,8325.26,50000,True
AC0002409,C002409,10,Checking,5064.77,Active,2025-11-27,B01007,4525.56,250000,True
AC0002410,C002410,2,Checking,6530.15,Active,2017-01-06,B02001,26455.45,250000,False
AC0002411,C002411,2,Current,2711.13,Dormant,2024-01-22,B07001,6640.68,100000,True
AC0002412,C002412,10,Business,15408.11,Active,2015-06-21,B10007,7597.45,250000,True
AC0002413,C002413,10,Savings,3170.89,Active,2017-08-07,B05007,8520.78,250000,True
AC0002414,C002414,2,Credit,2938.44,Active,2022-08-05,B09001,31890.4,100000,False
AC0002415,C002415,5,Checking,15787.34,Active,2024-12-10,B09002,12124.1,50000,True
AC0002416,C002416,7,Current,10339.9,Active,2018-05-21,B09005,3710.02,50000,True
AC0002417,C002417,2,Savings,6983.24,Active,2024-11-09,B02004,8334.62,250000,False
AC0002418,C002418,4,Business,1903.15,Active,2020-02-17,B03002,22312.58,25000,False
AC0002419,C002419,4,Credit,67285.73,Active,2020-12-08,B09002,11681.57,100000,True
AC0002420,C002420,7,Savings,1381.9,Closed,2018-09-15,B01002,7669.82,50000,True
AC0002421,C002421,4,Savings,6264.08,Active,2017-12-02,B09003,1142.14,100000,True
AC0002422,C002422,5,Current,20865.91,Active,2025-08-24,B09003,17150.91,25000,False
AC0002423,C002423,3,Credit,18347.95,Dormant,2023-04-22,B07001,10397.57,25000,True
AC0002424,C002424,8,Current,33554.92,Active,2016-06-05,B07001,11679.43,100000,True
AC0002425,C002425,2,Checking,1428.64,Active,2018-12-06,B04004,9740.58,250000,True
AC0002426,C002426,3,Checking,4873.51,Active,2017-12-14,B08009,2288.99,50000,True
AC0002427,C002427,3,Savings,22471.69,Dormant,2024-12-22,B03009,3010.62,100000,True
AC0002428,C002428,10,Credit,6659.37,Active,2022-05-28,B03005,6290.25,25000,True
AC0002429,C002429,10,Savings,8487.91,Active,2021-10-07,B10002,6921.27,100000,False
AC0002430,C002430,6,Current,1714.19,Dormant,2017-08-13,B08005,10195.99,50000,True
AC0002431,C002431,2,Savings,10612.67,Active,2024-12-06,B04009,10638.11,50000,True
AC0002432,C002432,8,Checking,1816.62,Active,2017-06-26,B06005,3423.05,50000,True
AC0002433,C002433,5,Current,15089.89,Active,2020-03-31,B03008,3129.56,50000,True
AC0002434,C002434,9,Business,48445.6,Dormant,2024-12-28,B06008,4006.04,250000,True
AC0002435,C002435,4,Business,11025.53,Active,2015-07-24,B06002,1220.07,100000,False
AC0002436,C002436,10,Current,122945.89,Active,2022-11-21,B01009,8703.14,250000,True
AC0002437,C002437,9,Savings,3676.12,Active,2017-03-12,B10004,3949.99,250000,False
AC0002438,C002438,3,Checking,27576.12,Active,2021-06-28,B10010,12967.33,50000,True
AC0002439,C002439,8,Business,15300.75,Active,2016-08-07,B04008,5992.49,50000,False
AC0002440,C002440,3,Credit,2177.23,Active,2021-03-31,B08002,4182.93,50000,True
AC0002441,C002441,4,Current,11878.23,Active,2023-11-15,B08002,11616.3,250000,True
AC0002442,C002442,3,Savings,7219.56,Active,2016-05-26,B06005,12494.88,100000,True
AC0002443,C002443,7,Checking,7697.36,Active,2021-11-06,B09001,6836.73,100000,False
AC0002444,C002444,3,Savings,9443.57,Active,2016-01-20,B08007,5885.53,25000,True
AC0002445,C002445,7,Business,4318.57,Active,2017-02-13,B03006,11920.01,250000,True
AC0002446,C002446,6,Current,15889.51,Active,2017-10-28,B06007,14324.5,250000,True
AC0002447,C002447,8,Savings,5546.93,Active,2017-10-29,B01004,7871.74,50000,True
AC0002448,C002448,10,Current,28846.71,Active,2019-06-20,B01008,12073.84,100000,False
AC0002449,C002449,1,Savings,11995.08,Active,2019-12-31,B02001,13688.42,100000,True
AC0002450,C002450,10,Business,2569.36,Active,2021-10-10,B06004,14066.05,50000,True
AC0002451,C002451,2,Business,8042.22,Active,2025-04-25,B08008,8395.78,25000,False
AC0002452,C002452,6,Current,14067.35,Active,2016-07-12,B04001,15540.65,50000,True
AC0002453,C002453,4,Checking,10017.54,Active,2025-05-19,B07001,1828.65,100000,False
AC0002454,C002454,7,Checking,5101.06,Active,2021-07-02,B07003,11412.27,100000,True
AC0002455,C002455,8,Credit,23970.48,Active,2018-02-09,B09004,3169.75,250000,True
AC0002456,C002456,9,Savings,30713.9,Active,2015-02-10,B09003,14373.7,50000,True
AC0002457,C002457,5,Checking,2393.29,Active,2024-12-31,B07001,17202.06,25000,True
AC0002458,C002458,10,Credit,11617.23,Dormant,2018-01-24,B06001,31730.58,50000,True
AC0002459,C002459,4,Savings,19439.5,Active,2016-07-19,B08003,18316.83,25000,False
AC0002460,C002460,3,Savings,5355.02,Active,2024-10-10,B02001,12123.71,25000,True
AC0002461,C002461,4,Checking,72894.32,Active,2020-09-22,B05009,19266.84,100000,False
AC0002462,C002462,6,Checking,12200.65,Active,2024-09-13,B05007,24641.4,50000,False
AC0002463,C002463,7,Credit,34071.38,Dormant,2017-12-01,B09002,16711.94,100000,True
AC0002464,C002464,9,Current,1814.03,Active,2019-01-29,B07002,12502.53,100000,False
AC0002465,C002465,3,Savings,19808.31,Closed,2024-11-04,B04009,40673.48,250000,True
AC0002466,C002466,4,Current,16880.5,Dormant,2022-08-27,B08003,4289.69,250000,True
AC0002467,C002467,10,Business,9281.61,Active,2018-05-31,B02002,11542.5,50000,True
AC0002468,C002468,5,Current,34089.34,Active,2016-05-18,B05006,10964.22,25000,True
AC0002469,C002469,3,Current,7959.96,Dormant,2022-03-19,B10010,6410.23,50000,True
AC0002470,C002470,10,Business,28187.59,Active,2022-05-19,B04010,2933.62,25000,True
AC0002471,C002471,5,Business,8575.45,Active,2019-05-02,B05004,7764.19,50000,True
AC0002472,C002472,10,Savings,7322.95,Active,2017-05-13,B09005,10768.65,25000,True
AC0002473,C002473,10,Current,2387.24,Active,2019-06-10,B07006,14595.43,50000,False
AC0002474,C002474,10,Savings,28203.4,Active,2023-07-30,B01001,32103.11,25000,False
AC0002475,C002475,6,Current,2989.39,Active,2024-11-19,B04001,2458.4,100000,True
AC0002476,C002476,8,Current,15004.57,Active,2021-09-20,B07007,8388.38,50000,False
AC0002477,C002477,10,Business,7366.1,Dormant,2021-12-21,B07009,13217.23,250000,True
AC0002478,C002478,3,Savings,16433.86,Active,2025-09-11,B06004,14777.14,50000,False
AC0002479,C002479,1,Current,20178.83,Active,2021-11-02,B02003,7887.89,50000,False
AC0002480,C002480,4,Savings,1075.51,Active,2018-06-05,B02002,4885.85,50000,True
AC0002481,C002481,7,Credit,42153.01,Active,2022-06-03,B06006,3224.09,50000,True
AC0002482,C002482,6,Business,1505.2,Active,2017-12-15,B03009,8755.8,25000,False
AC0002483,C002483,1,Business,6953.8,Active,2024-01-10,B02006,15025.73,100000,True
AC0002484,C002484,6,Business,10628.24,Active,2024-04-19,B10004,4768.06,25000,True
AC0002485,C002485,2,Current,1947.71,Active,2021-01-30,B10003,5164.82,25000,False
AC0002486,C002486,6,Savings,32980.31,Active,2021-08-01,B01008,6524.05,250000,False
AC0002487,C002487,6,Savings,30011.82,Active,2023-09-27,B06006,32613.96,250000,True
AC0002488,C002488,7,Business,4276.13,Active,2022-06-07,B09001,6598.03,250000,False
AC0002489,C002489,5,Checking,49342.94,Active,2015-02-12,B07006,12171.72,25000,False
AC0002490,C002490,5,Business,12075.76,Active,2025-01-15,B03005,11141.38,100000,True
AC0002491,C002491,7,Business,26190.74,Dormant,2024-09-14,B10004,34302.72,100000,True
AC0002492,C002492,8,Current,47641.22,Active,2022-07-15,B10002,5783.16,25000,True
AC0002493,C002493,9,Current,17251.96,Active,2025-11-06,B10004,7472.9,25000,True
AC0002494,C002494,4,Savings,17639.91,Active,2017-05-29,B04009,8217.32,25000,True
AC0002495,C002495,5,Current,9916.61,Active,2017-11-25,B05002,5762.54,50000,True
AC0002496,C002496,4,Savings,7116.02,Active,2019-03-24,B03002,3513.61,250000,True
AC0002497,C002497,6,Credit,25865.7,Active,2022-05-15,B07006,2361.23,100000,False
AC0002498,C002498,2,Current,15892.57,Active,2022-09-16,B05005,1142.16,250000,True
AC0002499,C002499,5,Business,31487.5,Active,2022-08-27,B07009,11889.45,50000,False
AC0002500,C002500,2,Business,10508.32,Active,2016-05-29,B09010,7734.14,100000,True
AC0002501,C002501,6,Current,39999.45,Active,2019-10-20,B10002,5247.59,25000,False
AC0002502,C002502,9,Business,17233.57,Active,2019-09-05,B01007,4205.11,250000,True
AC0002503,C002503,10,Current,28292.91,Dormant,2025-10-28,B04010,6339.39,100000,True
AC0002504,C002504,5,Checking,56528.23,Active,2025-01-25,B06007,3470.56,250000,True
AC0002505,C002505,1,Savings,6449.25,Active,2021-05-01,B10002,4247.12,25000,True
AC0002506,C002506,3,Savings,2318.44,Active,2016-09-18,B05002,3154.9,100000,True
AC0002507,C002507,2,Savings,5324.22,Active,2019-04-01,B08004,6504.26,100000,True
AC0002508,C002508,8,Credit,22176.36,Active,2021-05-30,B02002,4663.99,25000,True
AC0002509,C002509,10,Current,5991.84,Active,2025-08-03,B05005,1607.74,50000,False
AC0002510,C002510,6,Credit,37694.38,Dormant,2020-04-01,B09007,3166.44,25000,True
AC0002511,C002511,2,Checking,2827.19,Active,2021-09-28,B01002,11618.98,25000,True
AC0002512,C002512,1,Current,6493.18,Active,2025-05-10,B03003,2931.89,250000,True
AC0002513,C002513,10,Checking,10801.04,Active,2020-04-02,B02009,4038.5,100000,True
AC0002514,C002514,4,Business,3455.6,Active,2021-10-31,B05010,9762.87,250000,True
AC0002515,C002515,2,Current,31114.31,Active,2019-03-24,B05001,10545.29,50000,True
AC0002516,C002516,2,Checking,18696.59,Active,2019-12-20,B04003,2943.39,50000,False
AC0002517,C002517,3,Current,2335.59,Active,2019-01-07,B02001,4782.44,25000,True
AC0002518,C002518,7,Current,5024.24,Closed,2018-02-23,B06010,33488.92,250000,True
AC0002519,C002519,9,Savings,8014.31,Active,2018-11-16,B09007,3908.33,100000,True
AC0002520,C002520,3,Current,19522.29,Active,2021-04-05,B02008,17591.38,100000,False
AC0002521,C002521,7,Credit,11367.97,Active,2022-12-01,B06007,5545.38,50000,True
AC0002522,C002522,1,Checking,56174.17,Active,2022-06-26,B08004,7028.42,25000,True
AC0002523,C002523,1,Checking,44876.13,Active,2017-09-22,B05010,6675.11,100000,True
AC0002524,C002524,1,Credit,13446.5,Active,2022-04-14,B08004,5057.28,100000,True
AC0002525,C002525,10,Credit,19991.35,Active,2024-04-17,B03005,17360.97,50000,False
AC0002526,C002526,6,Credit,16707.31,Active,2019-07-08,B08001,23662.86,25000,True
AC0002527,C002527,9,Current,18611.85,Active,2024-05-21,B01010,27889.59,50000,False
AC0002528,C002528,1,Current,18573.39,Closed,2019-07-21,B01002,4203.23,250000,False
AC0002529,C002529,1,Credit,13747.59,Active,2017-04-29,B03007,1871.39,100000,True
AC0002530,C002530,9,Business,8372.06,Active,2017-05-18,B10003,9069.48,50000,True
AC0002531,C002531,2,Savings,2602.58,Active,2020-07-03,B07002,10586.45,250000,True
AC0002532,C002532,2,Savings,18508.78,Active,2023-03-05,B01008,5815.04,25000,True
AC0002533,C002533,6,Credit,5735.78,Active,2017-09-23,B02007,11097.38,100000,True
AC0002534,C002534,7,Checking,11575.8,Active,2016-06-28,B07009,18951.14,50000,True
AC0002535,C002535,3,Checking,28883.08,Active,2020-04-06,B01008,6066.41,50000,True
AC0002536,C002536,5,Current,2632.57,Active,2016-08-07,B07008,1319.95,250000,True
AC0002537,C002537,7,Savings,9492.37,Active,2022-11-16,B09002,8189.24,100000,True
AC0002538,C002538,5,Savings,14297.25,Active,2018-04-10,B07006,1916.52,50000,True
AC0002539,C002539,4,Current,6485.88,Active,2020-09-30,B07004,8653.13,50000,True
AC0002540,C002540,1,Savings,15945.76,Active,2019-01-25,B06003,20702.02,25000,False
AC0002541,C002541,5,Savings,1898.38,Active,2021-08-31,B10009,59382.45,25000,True
AC0002542,C002542,9,Business,751.66,Active,2025-04-13,B09002,17124.59,25000,True
AC0002543,C002543,7,Current,11259.54,Active,2015-02-20,B02006,21579.46,100000,True
AC0002544,C002544,9,Checking,18339.34,Active,2024-12-16,B01003,16354.82,250000,False
AC0002545,C002545,2,Business,26291.76,Active,2020-06-01,B08006,16088.93,100000,True
AC0002546,C002546,1,Current,6000.95,Active,2019-08-28,B03001,2421.52,50000,False
AC0002547,C002547,6,Savings,25285.15,Active,2021-11-22,B06009,8462.78,250000,True
AC0002548,C002548,2,Credit,15841.04,Closed,2021-10-14,B07006,24533.71,25000,True
AC0002549,C002549,6,Checking,7909.79,Active,2015-09-09,B06005,5766.51,50000,False
AC0002550,C002550,10,Credit,8304.65,Active,2022-06-23,B01006,4670.69,50000,False
AC0002551,C002551,4,Business,7651.0,Active,2020-02-29,B03008,13236.9,250000,True
AC0002552,C002552,6,Credit,1210.46,Active,2018-07-27,B08002,9927.48,250000,True
AC0002553,C002553,7,Credit,93953.72,Active,2016-12-11,B07006,3296.78,100000,False
AC0002554,C002554,2,Current,3950.26,Active,2022-09-17,B05007,7573.51,50000,True
AC0002555,C002555,9,Current,10206.01,Active,2022-01-20,B06010,2523.29,50000,True
AC0002556,C002556,3,Current,4354.07,Active,2019-11-09,B02009,14090.18,250000,True
AC0002557,C002557,9,Credit,3081.07,Active,2016-09-08,B05002,8188.58,250000,True
AC0002558,C002558,7,Credit,17626.38,Active,2016-09-10,B06003,13575.6,100000,False
AC0002559,C002559,2,Checking,9220.52,Active,2015-06-13,B06008,9100.21,25000,True
AC0002560,C002560,8,Credit,49783.71,Active,2017-06-12,B03006,3119.79,250000,True
AC0002561,C002561,2,Business,18066.83,Active,2025-07-30,B03009,1986.42,50000,True
AC0002562,C002562,6,Business,15638.01,Active,2016-11-07,B04002,4443.23,50000,False
AC0002563,C002563,10,Current,4722.73,Active,2018-06-21,B07010,6043.3,25000,True
AC0002564,C002564,10,Checking,6223.67,Active,2021-12-29,B08010,8348.83,25000,True
AC0002565,C002565,9,Savings,2306.56,Dormant,2019-01-14,B02002,9287.79,100000,False
AC0002566,C002566,5,Savings,8996.77,Active,2022-02-01,B05006,8992.92,100000,False
AC0002567,C002567,6,Checking,4255.5,Dormant,2025-10-06,B06002,5473.96,250000,True
AC0002568,C002568,4,Business,14016.31,Active,2022-05-20,B03008,10972.22,250000,True
AC0002569,C002569,10,Credit,4041.04,Active,2025-12-14,B08006,6074.6,50000,True
AC0002570,C002570,5,Business,278814.89,Active,2019-08-18,B02006,22744.17,50000,True
AC0002571,C002571,8,Business,13297.96,Active,2023-01-14,B03006,25874.73,50000,True
AC0002572,C002572,4,Savings,76593.53,Active,2017-03-16,B08010,10505.36,250000,True
AC0002573,C002573,8,Savings,3078.52,Closed,2024-10-03,B10005,22287.43,250000,True
AC0002574,C002574,3,Business,10135.16,Active,2018-11-06,B10007,3666.01,25000,True
AC0002575,C002575,8,Savings,19281.26,Active,2022-11-24,B02003,6474.0,50000,True
AC0002576,C002576,1,Checking,10022.51,Active,2023-10-04,B05003,12588.09,25000,True
AC0002577,C002577,2,Current,4608.59,Active,2015-09-30,B02010,5177.53,250000,True
AC0002578,C002578,4,Credit,17758.4,Active,2021-07-26,B02009,4465.34,100000,False
AC0002579,C002579,5,Checking,5423.8,Active,2023-09-16,B02002,19469.08,50000,False
AC0002580,C002580,8,Business,11869.23,Active,2017-03-31,B08003,6712.46,100000,True
AC0002581,C002581,4,Current,11239.09,Active,2019-12-13,B05003,16214.89,50000,True
AC0002582,C002582,1,Checking,27285.92,Active,2025-07-29,B03002,5508.68,25000,True
AC0002583,C002583,4,Current,13008.2,Active,2021-09-16,B01003,8249.01,25000,True
AC0002584,C002584,5,Business,26527.15,Active,2018-12-18,B04008,11025.65,25000,True
AC0002585,C002585,6,Credit,4839.91,Active,2018-01-21,B03009,16385.52,50000,True
AC0002586,C002586,7,Current,7334.31,Active,2024-08-21,B02010,11661.85,250000,False
AC0002587,C002587,3,Current,13933.42,Active,2019-10-12,B02006,5247.13,50000,True
AC0002588,C002588,7,Credit,12477.9,Active,2024-09-25,B02002,5494.07,25000,True
AC0002589,C002589,7,Credit,18538.76,Active,2020-11-10,B08002,7664.03,25000,False
AC0002590,C002590,8,Savings,24554.94,Active,2023-09-21,B05008,5654.59,25000,True
AC0002591,C002591,6,Credit,9184.11,Active,2016-06-13,B09004,6839.9,100000,True
AC0002592,C002592,9,Savings,14612.42,Active,2022-09-17,B08009,2325.58,250000,True
AC0002593,C002593,3,Credit,8648.95,Dormant,2023-10-09,B03005,1768.6,50000,True
AC0002594,C002594,8,Checking,6791.56,Dormant,2017-04-17,B06006,9317.54,100000,False
AC0002595,C002595,1,Credit,4854.71,Active,2025-03-29,B03003,17167.44,100000,True
AC0002596,C002596,2,Savings,30242.6,Active,2015-08-02,B03004,6276.18,100000,False
AC0002597,C002597,9,Credit,18332.85,Active,2021-08-04,B04007,9650.14,50000,True
AC0002598,C002598,5,Savings,11789.26,Active,2022-12-04,B05002,3004.8,250000,True
AC0002599,C002599,7,Current,14571.04,Active,2017-04-04,B05002,7626.71,25000,True
AC0002600,C002600,7,Checking,9062.76,Active,2016-04-03,B05006,3490.19,25000,True
AC0002601,C002601,7,Business,21031.28,Active,2021-11-06,B09008,5085.12,50000,True
AC0002602,C002602,3,Checking,22971.89,Active,2016-05-12,B03008,6918.31,250000,True
AC0002603,C002603,2,Current,10851.42,Active,2015-06-12,B08003,10907.53,25000,False
AC0002604,C002604,1,Business,17209.67,Active,2023-06-02,B07003,16615.6,250000,True
AC0002605,C002605,9,Checking,15245.36,Active,2024-03-10,B01006,11597.94,50000,True
AC0002606,C002606,3,Checking,3624.62,Active,2023-10-17,B06007,5002.94,250000,False
AC0002607,C002607,6,Savings,9743.7,Active,2021-02-23,B04010,14768.91,100000,True
AC0002608,C002608,5,Credit,20122.92,Active,2015-09-13,B08003,11653.0,250000,False
AC0002609,C002609,2,Credit,19713.31,Active,2025-04-21,B09001,4341.41,250000,True
AC0002610,C002610,5,Checking,15057.71,Active,2021-04-10,B07003,12859.19,100000,True
AC0002611,C002611,1,Credit,30700.72,Dormant,2021-09-21,B08001,3151.42,25000,True
AC0002612,C002612,2,Savings,38991.84,Active,2024-09-04,B07003,30522.38,50000,True
AC0002613,C002613,2,Current,6778.13,Active,2024-07-09,B03007,7329.02,100000,True
AC0002614,C002614,9,Business,4336.63,Active,2023-04-02,B01005,8845.6,25000,True
AC0002615,C002615,6,Current,54727.51,Active,2016-06-18,B03005,27265.4,100000,False
AC0002616,C002616,10,Checking,15858.81,Active,2019-04-18,B06002,33154.92,100000,True
AC0002617,C002617,5,Checking,6421.41,Active,2015-05-02,B01008,26260.58,25000,True
AC0002618,C002618,3,Checking,27185.32,Active,2019-11-17,B02003,23532.35,25000,True
AC0002619,C002619,7,Business,42091.82,Active,2018-03-15,B07001,5742.36,25000,True
AC0002620,C002620,10,Business,105391.38,Active,2020-10-07,B05003,7186.39,250000,True
AC0002621,C002621,6,Credit,12746.28,Active,2025-04-19,B08009,4447.08,25000,True
AC0002622,C002622,1,Current,43163.22,Closed,2018-12-07,B08005,8230.71,25000,True
AC0002623,C002623,4,Current,23426.54,Active,2016-07-14,B04009,6819.12,250000,True
AC0002624,C002624,10,Checking,15489.4,Active,2023-07-09,B03006,3960.38,100000,True
AC0002625,C002625,6,Credit,5300.34,Active,2019-01-26,B03001,8146.53,250000,True
AC0002626,C002626,10,Current,14106.51,Active,2018-08-28,B05005,28295.32,100000,True
AC0002627,C002627,6,Business,7223.97,Active,2016-02-04,B05010,2113.22,50000,True
AC0002628,C002628,1,Business,23645.74,Active,2019-06-15,B08001,15235.33,100000,True
AC0002629,C002629,9,Credit,4502.69,Active,2021-12-21,B05006,9823.36,25000,False
AC0002630,C002630,8,Checking,5388.79,Active,2019-03-07,B06001,3891.49,100000,False
AC0002631,C002631,8,Checking,26524.91,Active,2017-05-07,B07001,14657.19,50000,True
AC0002632,C002632,10,Checking,19616.75,Closed,2022-11-19,B06007,2480.39,25000,False
AC0002633,C002633,2,Credit,15307.01,Active,2023-03-23,B09001,3827.63,250000,True
AC0002634,C002634,10,Current,3082.46,Dormant,2017-11-18,B02004,18415.34,50000,True
AC0002635,C002635,3,Business,12029.22,Active,2017-08-07,B06008,9838.0,25000,False
AC0002636,C002636,10,Checking,5823.31,Active,2021-07-27,B10007,21143.61,50000,True
AC0002637,C002637,2,Checking,16360.7,Active,2017-10-26,B10001,23117.21,100000,True
AC0002638,C002638,6,Savings,6296.23,Closed,2024-06-04,B09007,7607.4,100000,True
AC0002639,C002639,8,Checking,28582.34,Active,2016-04-02,B10009,7489.56,25000,False
AC0002640,C002640,1,Business,14177.78,Active,2021-05-13,B08010,957.06,250000,True
AC0002641,C002641,1,Business,7687.78,Active,2020-04-24,B05002,7307.9,50000,True
AC0002642,C002642,9,Credit,3460.3,Active,2025-05-14,B04005,23895.59,25000,True
AC0002643,C002643,1,Savings,2676.03,Active,2016-06-03,B08001,17999.49,100000,True
AC0002644,C002644,7,Credit,7299.96,Active,2018-03-28,B10004,4128.12,25000,True
AC0002645,C002645,10,Current,12130.39,Active,2025-12-22,B01009,12121.49,50000,True
AC0002646,C002646,7,Business,10502.38,Active,2020-11-12,B08003,8554.3,50000,True
AC0002647,C002647,5,Credit,5984.34,Active,2024-10-22,B09010,6297.78,100000,False
AC0002648,C002648,5,Credit,1653.84,Active,2018-04-13,B01008,17352.38,25000,False
AC0002649,C002649,7,Savings,42656.21,Active,2019-12-05,B10004,5831.32,250000,True
AC0002650,C002650,6,Current,11143.72,Active,2020-03-02,B01007,30221.83,250000,True
AC0002651,C002651,6,Business,108745.35,Active,2021-08-02,B06009,7410.23,25000,True
AC0002652,C002652,2,Credit,31136.97,Active,2017-08-04,B04009,11823.75,250000,False
AC0002653,C002653,7,Credit,11738.32,Active,2018-01-05,B08007,6407.51,25000,False
AC0002654,C002654,8,Current,2303.34,Active,2023-04-13,B06002,81666.22,250000,False
AC0002655,C002655,8,Credit,14572.56,Dormant,2021-05-29,B03005,3840.34,25000,False
AC0002656,C002656,1,Business,1624.22,Active,2017-11-30,B06002,12140.41,25000,True
AC0002657,C002657,8,Business,15056.7,Active,2017-11-17,B04003,39424.78,25000,True
AC0002658,C002658,8,Credit,71592.71,Active,2023-12-07,B01004,5646.06,25000,True
AC0002659,C002659,2,Business,29377.84,Active,2015-06-26,B09009,5836.12,50000,True
AC0002660,C002660,9,Current,11870.21,Active,2025-11-02,B04009,2303.97,250000,True
AC0002661,C002661,6,Current,23150.26,Active,2018-04-17,B04010,11022.75,25000,True
AC0002662,C002662,5,Checking,32419.85,Active,2015-11-01,B09005,7725.8,50000,False
AC0002663,C002663,8,Business,20614.35,Active,2022-11-30,B07007,11508.54,100000,False
AC0002664,C002664,6,Credit,13040.76,Active,2015-11-06,B04007,11746.12,250000,True
AC0002665,C002665,6,Business,5343.4,Active,2016-05-24,B06004,7943.63,25000,True
AC0002666,C002666,4,Checking,4018.51,Active,2017-02-10,B07006,5407.82,100000,True
AC0002667,C002667,10,Credit,13168.09,Active,2019-11-06,B08004,1500.22,50000,False
AC0002668,C002668,10,Business,16537.11,Active,2016-11-30,B03003,9467.36,25000,True
AC0002669,C002669,2,Current,31905.81,Dormant,2024-06-27,B01005,9526.18,25000,True
AC0002670,C002670,8,Savings,9854.48,Active,2024-07-26,B10001,12812.31,100000,True
AC0002671,C002671,1,Current,5380.38,Dormant,2021-06-19,B10002,1463.6,25000,False
AC0002672,C002672,4,Credit,14557.37,Active,2023-01-03,B10008,1072.67,100000,False
AC0002673,C002673,10,Credit,9607.56,Dormant,2023-01-04,B03010,7362.28,25000,True
AC0002674,C002674,2,Credit,29355.37,Active,2019-01-20,B02010,18918.48,25000,False
AC0002675,C002675,4,Current,6544.59,Active,2020-11-12,B03007,14384.61,100000,False
AC0002676,C002676,3,Savings,62987.45,Active,2015-12-02,B08001,6038.03,100000,True
AC0002677,C002677,8,Business,18979.53,Active,2021-03-25,B10008,3785.86,100000,False
AC0002678,C002678,5,Business,4484.38,Active,2017-02-20,B02005,20243.59,100000,True
AC0002679,C002679,6,Current,68050.65,Active,2017-02-17,B01006,2798.01,100000,True
AC0002680,C002680,10,Checking,60073.77,Active,2015-01-03,B03006,2104.04,25000,True
AC0002681,C002681,6,Business,5822.93,Active,2021-12-05,B10006,6190.54,25000,True
AC0002682,C002682,8,Credit,43948.21,Active,2025-05-12,B05009,4924.02,100000,False
AC0002683,C002683,1,Credit,26500.91,Active,2016-03-02,B01007,5572.93,100000,True
AC0002684,C002684,3,Current,12281.26,Active,2016-12-29,B02008,26106.32,100000,False
AC0002685,C002685,10,Credit,42978.94,Active,2023-03-05,B06003,11596.43,50000,True
AC0002686,C002686,9,Savings,9351.47,Active,2016-02-20,B02004,8443.85,100000,False
AC0002687,C002687,7,Savings,12358.97,Dormant,2018-09-23,B05002,5496.69,250000,True
AC0002688,C002688,4,Current,9880.85,Active,2016-01-19,B02007,7581.77,100000,True
AC0002689,C002689,2,Savings,4008.9,Active,2015-06-10,B08010,4000.99,50000,True
AC0002690,C002690,9,Business,30582.21,Closed,2017-12-04,B09009,4932.69,250000,False
AC0002691,C002691,8,Credit,17327.69,Active,2024-06-01,B09006,10874.32,50000,False
AC0002692,C002692,3,Credit,7450.66,Active,2017-11-29,B03002,7190.74,25000,True
AC0002693,C002693,6,Business,25022.69,Active,2016-10-29,B10003,13147.98,100000,True
AC0002694,C002694,7,Current,7494.16,Active,2020-09-01,B10005,6735.72,50000,True
AC0002695,C002695,5,Savings,11674.2,Active,2016-07-17,B02002,3671.11,25000,True
AC0002696,C002696,10,Credit,6711.26,Active,2024-08-15,B02006,2588.23,250000,True
AC0002697,C002697,2,Savings,8220.19,Dormant,2019-10-30,B04003,14654.54,25000,True
AC0002698,C002698,3,Current,15515.14,Active,2015-08-30,B06004,14921.07,50000,False
AC0002699,C002699,1,Current,3951.04,Active,2022-10-27,B07005,3252.84,250000,True
AC0002700,C002700,7,Credit,10005.14,Active,2016-12-08,B07004,10897.91,50000,True
AC0002701,C002701,7,Current,14210.57,Active,2021-07-07,B04003,2985.8,25000,False
AC0002702,C002702,10,Current,8085.18,Active,2015-03-24,B04010,11003.91,50000,False
AC0002703,C002703,6,Business,18539.2,Active,2024-07-28,B09004,11787.37,100000,True
AC0002704,C002704,2,Checking,31200.66,Active,2016-09-20,B06002,6553.66,50000,True
AC0002705,C002705,5,Checking,13610.21,Active,2023-10-28,B06004,4234.79,50000,True
AC0002706,C002706,1,Checking,7325.55,Active,2022-03-31,B06010,5658.17,100000,True
AC0002707,C002707,7,Checking,12186.58,Active,2017-07-03,B03001,6656.94,100000,False
AC0002708,C002708,7,Business,307786.71,Active,2022-11-01,B08002,6712.57,25000,True
AC0002709,C002709,9,Checking,26583.99,Active,2017-06-29,B03006,4712.62,50000,True
AC0002710,C002710,4,Checking,17300.04,Active,2025-06-19,B01008,14132.13,100000,True
AC0002711,C002711,4,Credit,41733.67,Dormant,2022-07-07,B09003,4776.59,25000,True
AC0002712,C002712,1,Current,117965.68,Active,2016-02-10,B03009,5239.76,25000,True
AC0002713,C002713,5,Checking,5558.54,Active,2025-11-07,B06007,10434.81,250000,True
AC0002714,C002714,5,Current,14086.91,Active,2017-09-15,B03001,6271.67,25000,True
AC0002715,C002715,8,Current,10292.72,Active,2015-08-29,B03003,7334.31,50000,True
AC0002716,C002716,8,Checking,9920.56,Active,2018-04-16,B04006,4431.36,250000,True
AC0002717,C002717,2,Credit,4211.72,Active,2025-05-14,B02003,17747.45,50000,True
AC0002718,C002718,3,Credit,12448.43,Active,2018-08-24,B10003,24581.78,250000,True
AC0002719,C002719,6,Credit,6186.07,Active,2022-10-26,B04010,6816.7,100000,True
AC0002720,C002720,4,Credit,95105.39,Dormant,2020-02-26,B09009,5967.91,50000,False
AC0002721,C002721,1,Business,1327.23,Dormant,2015-06-27,B04009,3519.07,250000,True
AC0002722,C002722,9,Savings,3635.06,Active,2024-10-28,B06007,7075.12,50000,True
AC0002723,C002723,8,Savings,7812.66,Active,2016-12-21,B02002,8228.61,50000,False
AC0002724,C002724,6,Savings,23209.71,Active,2020-02-19,B08004,25816.87,100000,True
AC0002725,C002725,4,Business,4005.84,Active,2021-07-03,B08005,5292.91,250000,False
AC0002726,C002726,9,Checking,7981.86,Active,2017-07-06,B09004,9269.37,100000,False
AC0002727,C002727,1,Credit,12531.51,Active,2025-11-25,B08003,9861.32,100000,True
AC0002728,C002728,5,Current,13064.96,Active,2016-03-03,B05004,6527.75,25000,True
AC0002729,C002729,9,Savings,29362.39,Dormant,2015-06-04,B09003,5613.72,250000,False
AC0002730,C002730,10,Savings,9907.53,Active,2022-02-16,B06007,18439.37,100000,True
AC0002731,C002731,3,Business,12669.0,Active,2017-11-12,B02001,18422.44,25000,True
AC0002732,C002732,7,Credit,5135.89,Active,2019-07-26,B06007,20671.86,50000,False
AC0002733,C002733,2,Checking,3504.03,Active,2025-10-25,B10006,4229.01,25000,True
AC0002734,C002734,2,Business,18962.91,Active,2016-10-05,B02010,5114.98,25000,True
AC0002735,C002735,4,Checking,15852.15,Active,2019-03-09,B01001,5132.59,100000,True
AC0002736,C002736,9,Checking,10593.5,Active,2023-07-30,B07004,18310.69,25000,True
AC0002737,C002737,7,Checking,18392.15,Active,2024-09-04,B07001,15876.85,25000,True
AC0002738,C002738,5,Checking,20758.54,Active,2015-04-08,B03003,5955.55,50000,False
AC0002739,C002739,3,Business,15668.86,Active,2017-12-28,B07006,3164.11,25000,True
AC0002740,C002740,2,Credit,17978.86,Active,2018-02-10,B07004,5128.5,250000,True
AC0002741,C002741,3,Credit,25624.64,Active,2018-08-25,B09005,9916.16,100000,True
AC0002742,C002742,2,Current,80317.2,Active,2021-04-17,B06007,14187.52,100000,True
AC0002743,C002743,2,Credit,1889.22,Active,2020-09-01,B03009,5905.38,50000,True
AC0002744,C002744,7,Credit,71959.17,Active,2018-03-29,B07004,5421.98,250000,True
AC0002745,C002745,2,Credit,5259.93,Active,2015-12-07,B01008,17077.33,100000,True
AC0002746,C002746,1,Current,15802.78,Active,2024-10-27,B04004,15864.1,100000,True
AC0002747,C002747,6,Credit,18593.5,Active,2020-10-06,B04002,8299.35,25000,True
AC0002748,C002748,3,Savings,54354.97,Active,2023-03-05,B07002,11395.03,100000,False
AC0002749,C002749,5,Current,7698.17,Active,2020-07-09,B09006,16849.67,50000,False
AC0002750,C002750,2,Credit,12370.34,Active,2022-10-05,B05003,10562.62,25000,False
AC0002751,C002751,3,Savings,19988.54,Active,2024-12-10,B09010,3841.65,100000,True
AC0002752,C002752,5,Business,38070.43,Active,2023-03-18,B05006,7314.08,100000,True
AC0002753,C002753,7,Checking,8968.55,Dormant,2022-12-10,B05005,1716.89,50000,True
AC0002754,C002754,5,Current,41213.17,Active,2017-02-27,B09003,16103.42,50000,False
AC0002755,C002755,6,Checking,1592.12,Active,2025-11-24,B06001,6782.14,250000,True
AC0002756,C002756,6,Credit,4731.49,Dormant,2017-01-21,B04005,11537.45,25000,True
AC0002757,C002757,3,Business,11034.17,Active,2016-08-14,B07002,4708.67,50000,True
AC0002758,C002758,3,Credit,19122.02,Active,2023-01-08,B10009,18932.83,100000,True
AC0002759,C002759,5,Business,13398.47,Active,2017-09-03,B09005,9659.41,250000,True
AC0002760,C002760,1,Business,23547.53,Active,2018-02-06,B02003,9309.25,50000,False
AC0002761,C002761,7,Current,18478.78,Active,2015-09-05,B07002,18418.07,50000,True
AC0002762,C002762,7,Savings,51130.93,Active,2021-12-02,B02008,6847.45,250000,False
AC0002763,C002763,4,Credit,19154.73,Active,2018-03-28,B09008,9009.93,50000,False
AC0002764,C002764,4,Business,13210.32,Active,2017-03-01,B08003,4686.57,25000,False
AC0002765,C002765,4,Business,10819.35,Active,2024-12-04,B01010,4796.06,50000,True
AC0002766,C002766,7,Checking,43646.8,Active,2015-08-30,B05005,15554.73,100000,True
AC0002767,C002767,8,Savings,5493.7,Active,2017-07-04,B01001,5378.36,25000,False
AC0002768,C002768,2,Current,25691.09,Active,2023-05-17,B08002,16292.48,50000,True
AC0002769,C002769,5,Credit,60853.16,Active,2022-07-10,B06009,10679.61,100000,False
AC0002770,C002770,1,Current,13877.9,Active,2024-05-09,B07010,3894.4,100000,False
AC0002771,C002771,5,Business,17944.68,Active,2016-11-11,B02007,13059.27,25000,True
AC0002772,C002772,3,Business,2515.72,Active,2023-07-26,B06008,4348.72,25000,True
AC0002773,C002773,4,Savings,71532.58,Active,2022-08-01,B02001,5248.58,25000,True
AC0002774,C002774,5,Current,9503.7,Closed,2015-09-21,B03008,10459.69,250000,False
AC0002775,C002775,4,Savings,3177.21,Active,2015-06-27,B01006,3436.75,100000,False
AC0002776,C002776,4,Checking,2269.85,Active,2015-02-28,B07004,15832.95,100000,False
AC0002777,C002777,8,Savings,509.01,Active,2021-12-10,B04003,10561.75,100000,True
AC0002778,C002778,9,Credit,128724.97,Active,2022-12-06,B06001,3585.99,50000,True
AC0002779,C002779,1,Savings,6683.22,Dormant,2018-07-02,B04010,11244.58,25000,False
AC0002780,C002780,4,Savings,3950.41,Active,2022-04-04,B09007,12068.44,25000,False
AC0002781,C002781,9,Current,24217.38,Active,2019-12-28,B01007,7644.76,25000,True
AC0002782,C002782,6,Current,4194.65,Active,2017-08-12,B03003,9896.8,250000,False
AC0002783,C002783,3,Business,3550.34,Active,2018-01-31,B03002,7060.82,250000,True
AC0002784,C002784,6,Savings,6594.36,Dormant,2024-12-30,B03010,6723.02,50000,True
AC0002785,C002785,2,Checking,8770.44,Active,2019-08-04,B03005,13472.75,250000,True
AC0002786,C002786,1,Savings,47122.9,Active,2019-07-09,B05009,9628.91,25000,True
AC0002787,C002787,7,Credit,218121.74,Active,2024-05-31,B02009,13274.08,250000,True
AC0002788,C002788,6,Credit,4240.89,Active,2020-08-08,B03006,1821.8,50000,False
AC0002789,C002789,8,Savings,20846.4,Active,2017-03-19,B04003,3980.64,100000,True
AC0002790,C002790,4,Savings,3608.04,Active,2022-06-05,B09002,5863.95,250000,True
AC0002791,C002791,9,Current,15905.49,Active,2021-03-13,B06003,5708.0,100000,False
AC0002792,C002792,5,Savings,31596.07,Active,2017-09-23,B10009,29674.83,100000,False
AC0002793,C002793,8,Savings,6755.12,Active,2020-09-01,B05010,4683.44,25000,True
AC0002794,C002794,2,Credit,4676.94,Active,2024-11-30,B10004,5400.62,25000,False
AC0002795,C002795,1,Credit,65560.29,Active,2017-09-10,B05005,25708.6,25000,False
AC0002796,C002796,8,Current,44651.46,Active,2018-06-26,B04010,8692.96,100000,True
AC0002797,C002797,9,Current,163127.78,Active,2022-04-05,B05003,8652.44,100000,True
AC0002798,C002798,10,Business,16271.72,Active,2022-03-02,B04006,8149.87,100000,True
AC0002799,C002799,4,Credit,18538.17,Active,2015-10-01,B10001,10694.79,25000,True
AC0002800,C002800,1,Credit,11492.98,Active,2023-08-18,B05009,7690.73,100000,True
AC0002801,C002801,10,Savings,8234.6,Active,2022-07-06,B06009,8605.71,100000,False
AC0002802,C002802,7,Business,12411.89,Active,2019-11-28,B05006,4363.3,50000,True
AC0002803,C002803,3,Current,19500.49,Active,2016-04-01,B06006,18653.94,50000,True
AC0002804,C002804,8,Checking,29754.17,Active,2025-11-16,B05010,2566.13,250000,True
AC0002805,C002805,10,Savings,6425.78,Active,2022-08-19,B01003,6085.93,250000,True
AC0002806,C002806,3,Business,3094.89,Active,2018-08-30,B05005,34813.68,25000,True
AC0002807,C002807,8,Business,8005.39,Active,2024-06-17,B10003,12544.74,50000,False
AC0002808,C002808,8,Savings,46512.46,Dormant,2017-02-10,B03001,35441.12,100000,True
AC0002809,C002809,6,Business,4114.67,Active,2024-12-13,B09001,15296.69,100000,False
AC0002810,C002810,7,Current,4053.69,Active,2025-11-01,B03006,1445.07,25000,False
AC0002811,C002811,3,Current,57722.73,Active,2019-05-05,B08010,11718.9,100000,True
AC0002812,C002812,10,Checking,11439.05,Active,2022-04-17,B02007,5971.67,250000,False
AC0002813,C002813,10,Credit,55060.74,Active,2024-03-19,B01006,6937.41,250000,True
AC0002814,C002814,10,Current,2648.11,Active,2024-10-25,B10007,10470.74,25000,False
AC0002815,C002815,8,Business,11079.04,Active,2025-11-10,B01005,9130.19,25000,False
AC0002816,C002816,1,Current,41137.97,Active,2024-11-17,B06007,8443.11,100000,True
AC0002817,C002817,4,Checking,14535.45,Active,2015-07-20,B05010,3834.46,100000,True
AC0002818,C002818,5,Credit,14040.68,Active,2018-06-05,B05006,10279.18,50000,True
AC0002819,C002819,10,Credit,17056.71,Active,2023-05-18,B07002,2727.85,50000,False
AC0002820,C002820,6,Savings,7913.38,Dormant,2020-08-27,B07002,24794.87,25000,False
AC0002821,C002821,6,Credit,6912.17,Active,2018-11-06,B10002,10035.56,100000,False
AC0002822,C002822,2,Business,4927.26,Active,2024-12-27,B04008,9396.19,250000,True
AC0002823,C002823,8,Savings,8022.21,Active,2017-02-22,B03009,7201.53,50000,True
AC0002824,C002824,4,Business,14862.52,Active,2021-05-01,B07005,11054.3,50000,True
AC0002825,C002825,1,Credit,23896.18,Active,2021-05-06,B04005,12284.27,100000,True
AC0002826,C002826,10,Business,2233.18,Active,2016-01-27,B02003,12057.38,250000,True
AC0002827,C002827,2,Business,14278.68,Active,2024-03-13,B01001,8775.87,250000,True
AC0002828,C002828,1,Current,10177.8,Active,2024-04-01,B09001,23547.7,25000,True
AC0002829,C002829,1,Checking,17395.12,Active,2021-11-15,B01008,8972.61,25000,False
AC0002830,C002830,5,Savings,13169.72,Active,2023-03-29,B10008,23039.0,250000,True
AC0002831,C002831,2,Current,29187.76,Active,2025-06-30,B03010,7311.68,50000,True
AC0002832,C002832,9,Business,9841.7,Active,2021-12-28,B02007,27370.0,25000,True
AC0002833,C002833,6,Current,96650.35,Active,2020-03-27,B02005,2434.05,100000,True
AC0002834,C002834,4,Checking,23215.56,Active,2022-04-21,B09008,14977.32,25000,True
AC0002835,C002835,1,Business,11783.7,Active,2018-02-16,B10005,8898.14,50000,True
AC0002836,C002836,5,Savings,2452.73,Active,2018-12-10,B05010,6296.73,25000,False
AC0002837,C002837,2,Business,11015.2,Active,2022-04-21,B09001,15239.89,50000,True
AC0002838,C002838,10,Checking,28560.99,Active,2024-09-13,B08007,9990.73,250000,True
AC0002839,C002839,3,Credit,5205.88,Active,2024-07-20,B05010,10771.69,50000,True
AC0002840,C002840,5,Savings,41062.09,Active,2019-04-20,B02005,16181.87,100000,False
AC0002841,C002841,1,Credit,4799.19,Active,2019-12-03,B03007,2071.82,50000,True
AC0002842,C002842,2,Business,8976.64,Active,2021-02-17,B07001,38890.87,100000,True
AC0002843,C002843,3,Savings,4739.86,Active,2017-08-08,B03002,16250.18,100000,True
AC0002844,C002844,1,Checking,2161.31,Dormant,2024-07-24,B04008,14683.38,250000,True
AC0002845,C002845,8,Current,10289.06,Active,2023-01-04,B05003,4917.86,25000,True
AC0002846,C002846,10,Checking,63313.28,Active,2019-06-21,B10006,3349.52,50000,True
AC0002847,C002847,10,Savings,11903.08,Active,2018-08-02,B01004,4683.24,100000,False
AC0002848,C002848,3,Current,46129.43,Active,2015-04-23,B08005,5039.9,25000,True
AC0002849,C002849,8,Savings,9015.84,Active,2025-09-07,B01010,7226.64,100000,True
AC0002850,C002850,6,Business,2935.24,Active,2025-03-28,B03006,8810.36,100000,False
AC0002851,C002851,1,Business,13533.11,Active,2020-10-17,B09002,10220.03,25000,True
AC0002852,C002852,1,Business,66326.72,Active,2017-03-22,B09007,5408.89,50000,True
AC0002853,C002853,6,Business,11401.32,Active,2022-07-30,B09005,9033.4,25000,False
AC0002854,C002854,5,Savings,8670.93,Active,2022-04-27,B04001,3392.62,50000,True
AC0002855,C002855,1,Checking,9948.86,Active,2018-04-23,B03005,4809.33,250000,False
AC0002856,C002856,10,Savings,10562.62,Closed,2021-09-21,B03006,8297.66,250000,True
AC0002857,C002857,8,Current,6812.7,Active,2022-02-11,B02006,10965.6,50000,True
AC0002858,C002858,6,Business,79319.81,Active,2020-04-22,B09009,7858.49,25000,True
AC0002859,C002859,10,Checking,5678.62,Active,2023-02-19,B08005,9948.36,25000,True
AC0002860,C002860,10,Checking,7209.42,Active,2022-01-02,B03009,7065.96,50000,True
AC0002861,C002861,10,Savings,2229.46,Dormant,2016-01-20,B09001,11156.32,25000,True
AC0002862,C002862,3,Business,9023.76,Active,2017-11-05,B08002,6135.15,250000,True
AC0002863,C002863,9,Credit,11375.04,Closed,2019-11-19,B03005,14415.41,250000,True
AC0002864,C002864,6,Checking,24192.28,Active,2021-01-01,B01002,9250.16,25000,True
AC0002865,C002865,8,Business,33373.54,Dormant,2019-11-11,B02004,6920.01,50000,False
AC0002866,C002866,9,Credit,101140.5,Active,2018-11-20,B09009,5505.13,25000,False
AC0002867,C002867,2,Savings,12295.74,Active,2018-08-08,B08006,10299.9,250000,True
AC0002868,C002868,5,Credit,14136.99,Active,2017-10-16,B08006,4609.15,50000,False
AC0002869,C002869,2,Savings,1720.06,Dormant,2022-04-23,B09007,3804.66,100000,False
AC0002870,C002870,3,Current,1318.22,Active,2017-05-08,B05002,14922.05,250000,True
AC0002871,C002871,5,Checking,33746.57,Active,2023-03-14,B01006,11091.73,50000,False
AC0002872,C002872,9,Business,39728.96,Active,2025-12-24,B05004,10078.59,250000,True
AC0002873,C002873,9,Credit,69379.36,Active,2017-01-13,B09010,2950.8,250000,True
AC0002874,C002874,4,Credit,6968.43,Active,2018-11-11,B10008,11633.79,50000,False
AC0002875,C002875,4,Credit,52639.59,Active,2019-07-17,B07003,5929.77,250000,True
AC0002876,C002876,6,Business,13660.27,Active,2019-05-21,B08005,6733.62,50000,True
AC0002877,C002877,10,Current,12463.5,Active,2025-02-11,B05005,7230.08,50000,False
AC0002878,C002878,10,Current,62686.24,Active,2022-09-10,B09008,4978.36,50000,False
AC0002879,C002879,3,Credit,3650.92,Active,2015-06-16,B05009,14191.51,100000,True
AC0002880,C002880,2,Current,53981.91,Active,2018-03-04,B02006,24050.54,100000,False
AC0002881,C002881,8,Savings,57578.79,Active,2024-01-20,B09001,15529.51,50000,True
AC0002882,C002882,4,Credit,14482.43,Closed,2022-02-26,B06004,4550.93,25000,True
AC0002883,C002883,2,Business,3814.55,Active,2020-03-24,B04007,9291.79,25000,False
AC0002884,C002884,1,Savings,20795.45,Active,2021-08-05,B10010,7314.86,100000,True
AC0002885,C002885,5,Checking,2967.3,Active,2017-04-24,B08009,6590.99,25000,False
AC0002886,C002886,4,Savings,1546.61,Closed,2017-02-19,B04001,4129.39,100000,False
AC0002887,C002887,6,Checking,5568.35,Active,2022-06-10,B07003,4568.72,25000,False
AC0002888,C002888,3,Checking,4122.53,Active,2022-01-05,B01002,4735.47,100000,True
AC0002889,C002889,8,Checking,7419.32,Active,2021-05-23,B09010,21198.64,50000,False
AC0002890,C002890,7,Business,24774.21,Active,2019-06-04,B03002,10961.69,250000,True
AC0002891,C002891,5,Credit,6823.21,Dormant,2022-06-28,B02003,21958.35,100000,True
AC0002892,C002892,2,Checking,18889.16,Active,2023-07-23,B03002,9354.95,100000,True
AC0002893,C002893,6,Business,28289.18,Active,2016-07-09,B06003,23147.18,100000,True
AC0002894,C002894,7,Current,20990.2,Active,2018-09-06,B06010,1533.74,25000,False
AC0002895,C002895,4,Credit,17633.38,Active,2015-10-14,B06002,16492.9,250000,False
AC0002896,C002896,3,Savings,14068.76,Active,2019-06-02,B06009,15492.95,25000,False
AC0002897,C002897,6,Current,5491.11,Active,2024-06-17,B03008,17268.58,100000,True
AC0002898,C002898,4,Credit,15645.91,Active,2020-11-07,B03002,20751.7,250000,True
AC0002899,C002899,5,Savings,6610.31,Active,2020-10-09,B02002,33988.99,25000,True
AC0002900,C002900,4,Savings,6387.94,Active,2020-08-01,B08007,10230.85,250000,True
AC0002901,C002901,4,Current,13120.65,Active,2025-02-08,B02009,7055.78,50000,True
AC0002902,C002902,8,Savings,27876.1,Dormant,2018-07-24,B01002,5244.12,100000,True
AC0002903,C002903,5,Savings,11776.99,Active,2018-01-01,B09008,5422.28,250000,False
AC0002904,C002904,5,Current,7966.32,Active,2024-08-12,B01007,23953.31,25000,True
AC0002905,C002905,7,Business,6051.99,Closed,2020-06-22,B08007,15443.11,250000,False
AC0002906,C002906,4,Checking,9449.28,Active,2023-02-13,B01004,14448.17,25000,True
AC0002907,C002907,2,Checking,6316.37,Active,2020-02-13,B01008,10526.96,100000,True
AC0002908,C002908,9,Business,28984.64,Active,2019-10-24,B03007,4456.83,25000,False
AC0002909,C002909,1,Checking,2985.74,Active,2018-01-21,B10006,14142.92,250000,True
AC0002910,C002910,6,Business,9846.75,Active,2024-04-10,B01004,11506.7,50000,True
AC0002911,C002911,3,Business,7572.67,Active,2017-04-22,B05003,6644.32,25000,False
AC0002912,C002912,3,Savings,5442.5,Active,2016-11-30,B05002,6557.94,50000,True
AC0002913,C002913,1,Savings,5974.39,Active,2021-10-25,B06003,12381.5,250000,True
AC0002914,C002914,10,Business,7210.28,Active,2025-05-04,B08005,6845.1,50000,True
AC0002915,C002915,5,Checking,9706.53,Active,2023-11-17,B08008,8814.51,100000,True
AC0002916,C002916,4,Business,6562.6,Active,2022-02-04,B09002,2368.07,50000,True
AC0002917,C002917,8,Checking,6705.72,Active,2023-11-17,B01009,3167.25,25000,False
AC0002918,C002918,1,Checking,30065.29,Active,2019-12-07,B05003,8653.76,50000,True
AC0002919,C002919,6,Business,8726.43,Active,2017-08-25,B08009,2628.84,25000,True
AC0002920,C002920,5,Current,20258.96,Dormant,2015-01-18,B01009,6062.62,250000,True
AC0002921,C002921,6,Business,12799.11,Active,2016-03-07,B07008,6481.75,250000,False
AC0002922,C002922,2,Business,3580.25,Dormant,2016-05-14,B01002,15790.14,250000,False
AC0002923,C002923,10,Business,18998.02,Active,2018-11-12,B04003,17662.84,25000,True
AC0002924,C002924,3,Business,6967.34,Active,2017-08-07,B09008,2807.56,25000,True
AC0002925,C002925,7,Current,2454.24,Active,2020-12-18,B07008,30397.94,25000,False
AC0002926,C002926,8,Savings,1476.52,Active,2019-03-23,B09009,10796.03,50000,True
AC0002927,C002927,4,Business,29139.65,Active,2019-12-26,B08001,17720.38,50000,True
AC0002928,C002928,2,Savings,2454.79,Active,2015-03-08,B09006,7793.99,100000,True
AC0002929,C002929,3,Business,17753.51,Closed,2016-01-12,B09003,5950.63,50000,True
AC0002930,C002930,9,Business,21426.39,Active,2020-03-25,B10002,14429.28,25000,True
AC0002931,C002931,10,Savings,10142.06,Active,2018-06-30,B01004,16930.47,50000,False
AC0002932,C002932,10,Credit,31016.6,Active,2019-11-19,B04003,19539.78,100000,False
AC0002933,C002933,3,Current,7853.14,Active,2024-06-05,B09009,3641.24,25000,False
AC0002934,C002934,7,Business,76907.78,Active,2021-02-10,B09003,2189.37,25000,True
AC0002935,C002935,2,Current,16276.3,Active,2017-11-24,B08008,2831.58,250000,False
AC0002936,C002936,8,Current,6624.78,Active,2021-03-20,B07004,4994.85,50000,True
AC0002937,C002937,5,Savings,91578.46,Active,2015-10-18,B06008,14056.22,50000,True
AC0002938,C002938,8,Business,9839.66,Active,2022-07-19,B03003,9803.54,25000,False
AC0002939,C002939,7,Current,28631.87,Active,2023-08-23,B04008,14148.39,50000,True
AC0002940,C002940,10,Credit,2280.0,Active,2025-11-14,B07006,8454.3,50000,True
AC0002941,C002941,5,Business,24052.3,Active,2021-06-24,B07006,14535.89,25000,True
AC0002942,C002942,4,Business,2580.88,Active,2025-10-30,B04003,21477.72,50000,False
AC0002943,C002943,6,Credit,17320.71,Dormant,2023-06-01,B04009,6210.59,250000,True
AC0002944,C002944,2,Checking,6970.2,Active,2018-06-20,B08002,5243.61,25000,False
AC0002945,C002945,2,Credit,11178.37,Active,2021-12-10,B07009,7469.54,250000,True
AC0002946,C002946,6,Savings,3291.16,Active,2015-07-14,B09009,2833.61,25000,False
AC0002947,C002947,9,Checking,16214.37,Active,2018-03-25,B07008,8136.94,25000,True
AC0002948,C002948,6,Current,7911.66,Active,2017-02-09,B08008,15306.58,50000,False
AC0002949,C002949,8,Current,40163.05,Active,2022-02-16,B05010,6910.11,100000,True
AC0002950,C002950,2,Checking,4793.79,Active,2025-07-06,B05006,3393.9,250000,True
AC0002951,C002951,5,Checking,10322.06,Active,2025-05-25,B06003,4704.95,50000,False
AC0002952,C002952,7,Credit,27090.13,Active,2018-06-10,B05005,12435.99,250000,False
AC0002953,C002953,4,Savings,18061.22,Active,2021-06-05,B04002,4418.33,50000,True
AC0002954,C002954,1,Checking,6957.09,Active,2022-10-16,B09001,6632.69,25000,True
AC0002955,C002955,1,Credit,2848.64,Active,2017-10-08,B01007,10002.25,25000,False
AC0002956,C002956,10,Business,37543.49,Active,2022-03-24,B08007,4581.67,25000,False
AC0002957,C002957,7,Savings,7355.22,Active,2016-07-10,B09007,23177.75,50000,True
AC0002958,C002958,3,Credit,10395.62,Dormant,2021-08-30,B06001,5268.2,250000,True
AC0002959,C002959,3,Business,33612.64,Active,2018-09-25,B05005,16858.42,100000,True
AC0002960,C002960,1,Current,5915.8,Active,2025-09-02,B06008,8876.76,50000,True
AC0002961,C002961,10,Checking,47662.65,Active,2025-02-01,B01010,19127.62,25000,False
AC0002962,C002962,2,Checking,46658.58,Active,2017-12-27,B07002,5599.79,100000,True
AC0002963,C002963,8,Current,10887.88,Active,2019-12-19,B08008,8006.8,50000,True
AC0002964,C002964,3,Savings,39646.12,Active,2019-01-25,B09005,10665.58,25000,True
AC0002965,C002965,4,Current,9083.73,Active,2022-03-31,B09007,7336.86,50000,False
AC0002966,C002966,3,Checking,37266.21,Active,2018-11-20,B02008,6076.98,25000,True
AC0002967,C002967,9,Savings,34496.37,Active,2015-04-16,B03003,9961.2,250000,False
AC0002968,C002968,1,Checking,32949.29,Active,2025-11-30,B04007,7821.29,25000,False
AC0002969,C002969,4,Checking,11760.27,Active,2025-07-02,B07010,17233.5,50000,True
AC0002970,C002970,3,Savings,99008.91,Active,2015-04-25,B10002,16316.48,50000,True
AC0002971,C002971,3,Savings,6528.86,Active,2017-01-05,B07002,5244.38,100000,True
AC0002972,C002972,2,Business,1804.01,Active,2021-08-15,B02004,14424.23,25000,True
AC0002973,C002973,10,Current,6246.6,Active,2024-01-20,B07010,17987.49,100000,False
AC0002974,C002974,4,Credit,18508.04,Active,2021-03-18,B04005,25535.0,100000,False
AC0002975,C002975,5,Current,13392.65,Active,2017-04-10,B01010,5447.08,250000,True
AC0002976,C002976,4,Checking,11771.47,Active,2024-10-27,B03009,2979.27,50000,False
AC0002977,C002977,10,Checking,20448.09,Active,2018-01-29,B01002,6930.83,250000,False
AC0002978,C002978,4,Business,9302.52,Active,2017-10-02,B08003,7769.95,250000,False
AC0002979,C002979,4,Current,33867.42,Active,2016-11-12,B04008,7984.92,100000,True
AC0002980,C002980,4,Savings,7472.19,Active,2021-06-30,B10006,9920.45,25000,False
AC0002981,C002981,4,Savings,19286.01,Active,2020-07-30,B01002,26521.09,100000,True
AC0002982,C002982,1,Checking,23410.17,Active,2024-02-26,B06010,6986.19,100000,True
AC0002983,C002983,7,Business,61103.9,Active,2016-04-18,B06009,8131.59,25000,True
AC0002984,C002984,1,Business,3480.41,Active,2023-05-12,B04001,7340.55,25000,True
AC0002985,C002985,3,Checking,126378.94,Active,2021-06-21,B05007,10741.15,50000,False
AC0002986,C002986,3,Credit,23968.63,Active,2018-10-23,B10004,12961.74,50000,True
AC0002987,C002987,3,Checking,71612.63,Active,2021-12-26,B03005,37561.7,250000,False
AC0002988,C002988,8,Credit,16511.24,Active,2020-07-06,B02007,14793.94,25000,False
AC0002989,C002989,6,Savings,10356.74,Dormant,2024-05-27,B06007,11690.66,25000,True
AC0002990,C002990,10,Current,3451.03,Active,2017-02-18,B02002,4014.17,250000,True
AC0002991,C002991,4,Credit,15808.86,Dormant,2017-06-19,B06001,9283.3,50000,False
AC0002992,C002992,10,Current,4517.68,Active,2019-11-29,B03010,8215.53,250000,False
AC0002993,C002993,1,Checking,34277.5,Active,2016-08-01,B08008,6468.46,50000,True
AC0002994,C002994,6,Checking,27112.34,Active,2015-07-16,B04001,6553.36,100000,False
AC0002995,C002995,8,Savings,1689.67,Dormant,2015-06-27,B04010,4549.54,100000,True
AC0002996,C002996,6,Credit,5107.19,Active,2020-08-25,B02008,4999.5,50000,True
AC0002997,C002997,10,Savings,7079.59,Active,2022-05-03,B09004,5863.85,100000,False
AC0002998,C002998,4,Credit,2776.65,Active,2017-06-01,B09001,5852.21,25000,False
AC0002999,C002999,1,Credit,4247.21,Active,2024-03-19,B07010,37309.83,100000,False
AC0003000,C003000,8,Credit,31860.02,Active,2020-11-29,B05010,14971.04,250000,True
AC0003001,C003001,1,Credit,25156.45,Dormant,2025-02-12,B03009,9493.94,100000,False
AC0003002,C003002,8,Checking,40555.67,Active,2021-10-31,B04006,2247.51,100000,True
AC0003003,C003003,8,Current,18060.31,Active,2023-07-18,B06001,3869.77,250000,True
AC0003004,C003004,9,Current,33036.11,Active,2023-09-05,B02003,25884.36,25000,True
AC0003005,C003005,5,Business,13171.1,Closed,2025-04-28,B09001,11724.44,25000,False
AC0003006,C003006,9,Checking,19649.51,Active,2020-07-13,B01010,23232.86,50000,True
AC0003007,C003007,2,Business,11845.07,Dormant,2019-04-18,B07010,14586.7,50000,True
AC0003008,C003008,5,Business,32903.99,Active,2020-03-07,B03002,4885.06,50000,True
AC0003009,C003009,2,Business,11002.13,Active,2020-01-08,B07002,3245.63,100000,False
AC0003010,C003010,8,Savings,13303.17,Active,2016-05-25,B03003,12287.03,25000,False
AC0003011,C003011,8,Credit,14214.05,Active,2019-04-16,B10008,7298.96,50000,True
AC0003012,C003012,9,Current,7403.05,Active,2017-10-09,B05001,5177.77,50000,True
AC0003013,C003013,8,Savings,34490.22,Active,2021-12-19,B03005,9839.92,50000,False
AC0003014,C003014,4,Business,10560.29,Active,2018-01-17,B04007,14000.54,250000,False
AC0003015,C003015,1,Checking,2215.32,Active,2015-06-11,B03008,8505.19,250000,True
AC0003016,C003016,10,Credit,43668.22,Active,2015-10-24,B02009,11002.98,100000,True
AC0003017,C003017,5,Savings,21917.89,Active,2025-12-09,B03004,13036.41,25000,True
AC0003018,C003018,1,Business,16692.7,Active,2016-02-04,B06004,5047.61,100000,True
AC0003019,C003019,10,Business,19826.81,Dormant,2015-06-09,B06007,12875.79,100000,True
AC0003020,C003020,10,Current,25298.71,Active,2019-02-01,B04009,10036.0,250000,True
AC0003021,C003021,5,Business,14832.59,Active,2019-02-18,B08006,6766.99,100000,False
AC0003022,C003022,8,Current,23017.03,Active,2015-02-08,B05004,10693.25,50000,False
AC0003023,C003023,1,Checking,60367.97,Active,2015-03-28,B05004,9552.55,50000,True
AC0003024,C003024,1,Current,11378.0,Active,2016-09-19,B05008,3769.56,50000,False
AC0003025,C003025,3,Savings,18025.81,Active,2016-01-12,B10006,6888.74,50000,False
AC0003026,C003026,7,Credit,4887.68,Active,2019-02-26,B08006,10458.27,100000,True
AC0003027,C003027,2,Checking,2968.16,Active,2016-02-12,B09009,6712.4,25000,True
AC0003028,C003028,1,Checking,2546.9,Active,2018-08-29,B02002,11736.84,25000,True
AC0003029,C003029,7,Checking,31817.96,Active,2015-07-20,B02010,1915.16,25000,True
AC0003030,C003030,8,Savings,26134.68,Active,2018-03-24,B06002,6419.16,50000,True
AC0003031,C003031,8,Business,9428.7,Active,2015-01-12,B04003,17279.47,25000,False
AC0003032,C003032,8,Current,3721.21,Active,2022-10-20,B10001,30604.04,100000,False
AC0003033,C003033,9,Checking,37343.64,Dormant,2024-01-07,B07010,11265.86,50000,False
AC0003034,C003034,7,Checking,11627.12,Active,2023-01-29,B01003,13256.64,250000,False
AC0003035,C003035,6,Checking,5181.6,Active,2023-10-06,B09003,16346.03,100000,False
AC0003036,C003036,9,Savings,18180.77,Active,2021-11-07,B02010,9174.29,25000,True
AC0003037,C003037,4,Business,7689.16,Active,2017-11-05,B04001,3128.94,250000,False
AC0003038,C003038,1,Current,57730.2,Active,2018-05-14,B02002,10705.42,100000,True
AC0003039,C003039,8,Savings,4962.81,Active,2020-06-21,B05007,5507.73,50000,False
AC0003040,C003040,3,Savings,8720.91,Active,2023-11-18,B02008,4147.3,25000,True
AC0003041,C003041,10,Checking,17276.04,Active,2015-10-30,B03001,5649.96,250000,True
AC0003042,C003042,5,Credit,13632.08,Active,2018-04-23,B09010,5781.9,100000,False
AC0003043,C003043,9,Checking,71075.2,Active,2015-06-03,B08002,6493.25,50000,True
AC0003044,C003044,1,Savings,8274.5,Active,2023-12-17,B06001,21113.48,250000,False
AC0003045,C003045,7,Credit,5720.35,Active,2019-11-26,B04002,12121.14,100000,False
AC0003046,C003046,5,Savings,23179.73,Active,2022-03-21,B01005,9989.62,25000,True
AC0003047,C003047,5,Savings,19423.99,Closed,2022-12-23,B10003,7331.13,250000,True
AC0003048,C003048,3,Checking,4169.62,Active,2019-11-21,B07007,7009.89,25000,True
AC0003049,C003049,10,Business,2520.82,Active,2018-10-05,B04003,10220.54,25000,True
AC0003050,C003050,4,Savings,8867.51,Active,2015-11-30,B06003,7504.56,100000,True
AC0003051,C003051,9,Current,8321.58,Active,2025-10-31,B04004,4803.16,250000,False
AC0003052,C003052,5,Business,78028.32,Active,2021-01-13,B05009,5052.32,100000,True
AC0003053,C003053,1,Savings,2185.17,Active,2025-04-01,B10008,3257.65,250000,True
AC0003054,C003054,9,Credit,10812.11,Active,2015-06-04,B10005,4482.45,50000,True
AC0003055,C003055,2,Business,12266.92,Active,2021-12-25,B08006,17428.68,25000,True
AC0003056,C003056,3,Credit,15817.69,Active,2017-02-27,B07004,6268.11,50000,True
AC0003057,C003057,9,Checking,6613.66,Active,2016-11-08,B08001,15827.98,25000,False
AC0003058,C003058,9,Business,25787.57,Active,2024-09-04,B03005,9717.14,50000,True
AC0003059,C003059,10,Business,13430.53,Active,2025-12-20,B01006,22875.72,25000,False
AC0003060,C003060,5,Savings,11187.75,Active,2016-02-05,B10001,9265.3,250000,True
AC0003061,C003061,8,Credit,70761.84,Active,2017-09-02,B05009,7735.53,25000,False
AC0003062,C003062,4,Savings,8793.12,Active,2019-10-14,B08005,9217.59,50000,True
AC0003063,C003063,8,Credit,8709.21,Active,2022-10-24,B08003,12784.45,50000,True
AC0003064,C003064,6,Checking,9924.59,Active,2023-01-23,B04003,2619.28,250000,True
AC0003065,C003065,1,Business,25866.15,Active,2019-01-24,B03002,11630.75,25000,True
AC0003066,C003066,5,Savings,11925.78,Active,2023-07-31,B01005,3488.69,25000,True
AC0003067,C003067,5,Checking,2138.02,Active,2025-11-30,B04006,2752.46,100000,False
AC0003068,C003068,3,Checking,7919.83,Dormant,2019-12-14,B04008,6473.51,250000,False
AC0003069,C003069,4,Savings,26044.97,Active,2022-05-30,B07001,7906.43,100000,True
AC0003070,C003070,6,Checking,5004.6,Active,2022-07-31,B09007,2067.0,25000,False
AC0003071,C003071,1,Credit,14243.59,Active,2021-11-03,B08007,9348.46,50000,False
AC0003072,C003072,2,Business,21698.78,Active,2021-04-11,B07006,4974.75,250000,False
AC0003073,C003073,8,Savings,9802.49,Active,2025-04-07,B01006,10376.1,25000,False
AC0003074,C003074,4,Credit,30627.77,Active,2016-07-07,B02003,4503.23,250000,False
AC0003075,C003075,7,Business,3782.78,Active,2025-10-09,B10009,11691.94,50000,False
AC0003076,C003076,6,Savings,3635.55,Active,2019-12-17,B07002,2080.17,25000,True
AC0003077,C003077,6,Checking,5217.98,Active,2021-12-20,B04001,4149.3,250000,True
AC0003078,C003078,5,Business,11784.1,Active,2018-05-10,B06002,4367.16,25000,True
AC0003079,C003079,5,Credit,116048.0,Dormant,2015-08-01,B05009,11278.38,25000,True
AC0003080,C003080,9,Savings,9814.14,Active,2023-10-25,B04006,6307.6,25000,True
AC0003081,C003081,10,Savings,20112.68,Active,2025-01-02,B09006,7400.41,100000,False
AC0003082,C003082,3,Business,6339.01,Active,2016-01-14,B09002,5048.37,250000,True
AC0003083,C003083,7,Credit,28300.16,Dormant,2019-07-03,B04010,8528.91,100000,True
AC0003084,C003084,10,Savings,67960.39,Active,2018-08-16,B08001,11399.56,25000,False
AC0003085,C003085,1,Credit,13631.5,Active,2020-10-23,B02003,3337.88,50000,True
AC0003086,C003086,8,Business,28856.57,Closed,2022-06-07,B04003,3766.33,50000,True
AC0003087,C003087,5,Savings,88786.48,Dormant,2020-10-26,B05010,3795.68,25000,False
AC0003088,C003088,10,Savings,29657.13,Active,2022-03-31,B07002,11303.87,100000,True
AC0003089,C003089,6,Credit,13112.2,Active,2025-09-26,B04010,10593.85,50000,True
AC0003090,C003090,9,Credit,11368.66,Active,2016-12-07,B01003,7480.62,50000,True
AC0003091,C003091,2,Savings,5201.08,Closed,2018-09-15,B06001,7746.52,25000,False
AC0003092,C003092,2,Business,37534.23,Active,2018-05-30,B08004,26920.19,250000,False
AC0003093,C003093,10,Savings,35386.25,Active,2025-08-10,B02009,14338.4,25000,False
AC0003094,C003094,6,Credit,11676.64,Active,2022-05-15,B07006,3414.77,250000,True
AC0003095,C003095,6,Credit,37438.26,Active,2023-08-19,B06001,3290.62,100000,True
AC0003096,C003096,2,Checking,9730.11,Active,2025-12-25,B09001,25553.59,50000,True
AC0003097,C003097,3,Credit,4928.56,Active,2025-08-18,B06009,4617.44,25000,True
AC0003098,C003098,9,Savings,7329.51,Active,2022-09-14,B05010,10100.27,50000,True
AC0003099,C003099,4,Savings,21773.51,Active,2024-05-24,B06010,2262.35,250000,True
AC0003100,C003100,6,Business,89586.78,Dormant,2017-06-08,B01010,9603.75,100000,False
AC0003101,C003101,4,Credit,6692.64,Dormant,2015-04-05,B04006,1188.24,100000,False
AC0003102,C003102,3,Savings,7423.98,Active,2024-03-21,B10005,4840.15,50000,True
AC0003103,C003103,2,Checking,18604.54,Active,2015-04-05,B09009,10295.07,100000,True
AC0003104,C003104,10,Business,17281.43,Active,2019-07-02,B08005,7209.64,100000,False
AC0003105,C003105,10,Current,44289.39,Active,2024-03-03,B10010,10324.48,100000,False
AC0003106,C003106,2,Checking,4918.56,Active,2015-10-28,B05008,723.09,25000,False
AC0003107,C003107,4,Current,66291.7,Active,2015-04-15,B03008,12152.72,50000,True
AC0003108,C003108,6,Current,8202.14,Active,2020-12-06,B08002,26997.12,250000,True
AC0003109,C003109,4,Savings,8757.13,Active,2017-11-23,B10006,2567.14,250000,True
AC0003110,C003110,8,Business,10256.45,Active,2018-11-11,B10009,2247.11,250000,True
AC0003111,C003111,3,Checking,16234.59,Closed,2018-10-10,B07005,6299.61,250000,True
AC0003112,C003112,1,Savings,9132.51,Active,2019-10-16,B08006,12695.73,250000,True
AC0003113,C003113,4,Checking,7187.26,Active,2025-12-05,B03005,4182.39,25000,True
AC0003114,C003114,6,Credit,9732.66,Active,2023-10-26,B02009,3843.8,250000,True
AC0003115,C003115,2,Business,27953.65,Active,2023-12-06,B06002,4732.8,25000,True
AC0003116,C003116,9,Credit,1213.52,Closed,2024-07-07,B07003,14880.89,50000,True
AC0003117,C003117,1,Savings,20567.83,Active,2018-10-13,B08003,10636.1,250000,True
AC0003118,C003118,1,Business,43372.93,Active,2024-06-23,B06007,5717.91,50000,False
AC0003119,C003119,6,Credit,22512.77,Active,2017-06-16,B06006,4468.24,50000,False
AC0003120,C003120,6,Current,58095.03,Active,2024-11-05,B09004,2474.25,25000,False
AC0003121,C003121,3,Current,1061.52,Active,2024-07-07,B01005,8122.72,250000,True
AC0003122,C003122,3,Business,2368.39,Active,2022-01-23,B07007,6673.18,50000,False
AC0003123,C003123,1,Credit,14470.01,Active,2022-07-11,B01001,5015.13,50000,True
AC0003124,C003124,7,Current,21308.4,Dormant,2020-08-22,B03006,27226.21,25000,True
AC0003125,C003125,4,Credit,11787.16,Active,2020-03-09,B03004,18780.63,25000,True
AC0003126,C003126,2,Business,7905.1,Active,2025-11-19,B05002,18796.44,50000,False
AC0003127,C003127,4,Business,4002.4,Active,2019-06-24,B04001,2006.13,100000,False
AC0003128,C003128,10,Savings,65796.8,Active,2021-04-26,B03002,9163.9,50000,False
AC0003129,C003129,3,Business,4042.56,Active,2022-07-21,B03006,9838.5,25000,False
AC0003130,C003130,9,Credit,2787.34,Active,2018-11-16,B07003,12354.75,250000,False
AC0003131,C003131,3,Checking,48950.28,Dormant,2022-09-10,B09009,5743.81,25000,True
AC0003132,C003132,2,Credit,38817.27,Active,2019-06-14,B04005,19831.03,100000,True
AC0003133,C003133,3,Credit,86520.1,Dormant,2016-07-25,B03004,8001.16,50000,True
AC0003134,C003134,4,Current,1315.3,Active,2015-09-09,B06009,6222.05,100000,True
AC0003135,C003135,2,Current,9193.02,Dormant,2020-09-07,B09001,15726.89,25000,True
AC0003136,C003136,6,Business,11558.48,Dormant,2022-09-14,B08010,7781.54,250000,True
AC0003137,C003137,4,Credit,11691.62,Active,2017-10-25,B04005,12755.34,25000,True
AC0003138,C003138,8,Current,2992.04,Active,2015-01-24,B02001,14454.0,50000,False
AC0003139,C003139,5,Checking,38368.39,Active,2019-10-04,B02002,11566.46,50000,True
AC0003140,C003140,5,Business,30988.75,Active,2015-11-12,B08003,11790.6,100000,True
AC0003141,C003141,5,Business,35781.27,Active,2023-03-22,B05002,4118.28,25000,True
AC0003142,C003142,2,Current,24088.39,Active,2019-08-14,B05004,6436.24,250000,True
AC0003143,C003143,8,Checking,3776.16,Active,2018-11-02,B09001,9551.6,50000,True
AC0003144,C003144,2,Current,15836.08,Active,2025-12-13,B06001,8047.27,50000,False
AC0003145,C003145,8,Checking,2678.24,Active,2025-10-17,B08009,1775.66,25000,True
AC0003146,C003146,10,Credit,14899.8,Active,2023-11-10,B08010,3050.81,25000,True
AC0003147,C003147,8,Business,146641.67,Active,2022-01-29,B03005,12230.27,50000,True
AC0003148,C003148,5,Savings,4394.82,Active,2017-04-20,B04002,17921.41,250000,False
AC0003149,C003149,4,Business,8604.2,Active,2018-04-29,B03005,10906.19,50000,False
AC0003150,C003150,9,Current,6632.54,Active,2016-06-08,B01002,7030.95,250000,False
AC0003151,C003151,3,Savings,9008.39,Dormant,2018-02-17,B05010,3219.39,50000,True
AC0003152,C003152,5,Current,7745.89,Active,2021-04-29,B05001,6146.79,100000,True
AC0003153,C003153,8,Current,13885.11,Active,2018-07-05,B03006,20068.21,25000,True
AC0003154,C003154,10,Savings,10169.26,Active,2022-03-07,B01007,7507.68,50000,True
AC0003155,C003155,10,Credit,16161.94,Dormant,2015-05-18,B07005,9257.34,100000,False
AC0003156,C003156,1,Current,6124.21,Active,2018-12-04,B07002,14639.04,250000,True
AC0003157,C003157,9,Business,2487.6,Active,2019-08-30,B09007,4815.43,100000,True
AC0003158,C003158,2,Savings,5374.91,Active,2016-12-02,B10004,1805.82,100000,True
AC0003159,C003159,6,Business,13170.3,Active,2021-06-21,B05005,7145.25,250000,False
AC0003160,C003160,10,Savings,12783.7,Active,2016-04-21,B07006,21370.28,50000,False
AC0003161,C003161,7,Savings,8430.36,Active,2023-10-16,B05005,15376.41,100000,False
AC0003162,C003162,10,Checking,42773.96,Active,2016-06-19,B04006,10165.84,50000,True
AC0003163,C003163,4,Current,7066.66,Active,2017-01-26,B04007,3286.69,25000,True
AC0003164,C003164,4,Savings,2986.88,Dormant,2020-01-08,B05001,4147.31,25000,True
AC0003165,C003165,4,Current,31905.47,Active,2017-04-09,B01008,17465.22,100000,True
AC0003166,C003166,4,Checking,37190.94,Active,2017-02-12,B06007,1445.75,100000,True
AC0003167,C003167,7,Business,9012.92,Active,2015-07-06,B10003,11093.89,50000,True
AC0003168,C003168,5,Checking,14945.18,Active,2025-11-09,B08001,4951.4,100000,False
AC0003169,C003169,8,Credit,2450.18,Active,2018-04-28,B02006,5667.59,50000,False
AC0003170,C003170,5,Savings,5597.27,Active,2016-07-04,B05007,8860.09,100000,True
AC0003171,C003171,4,Credit,20343.99,Active,2016-07-10,B02001,20095.28,250000,False
AC0003172,C003172,2,Business,53025.86,Active,2019-08-23,B04006,6383.77,250000,True
AC0003173,C003173,6,Savings,8199.6,Active,2021-05-31,B05001,25009.41,25000,True
AC0003174,C003174,9,Credit,10107.68,Active,2025-09-08,B09005,20500.44,100000,False
AC0003175,C003175,9,Checking,14104.9,Active,2016-05-28,B07007,26353.5,100000,True
AC0003176,C003176,3,Business,57625.03,Active,2025-01-26,B09004,13186.41,250000,True
AC0003177,C003177,5,Savings,3949.66,Active,2018-12-27,B06006,7064.33,100000,True
AC0003178,C003178,8,Current,14605.74,Active,2015-12-05,B06002,2528.51,25000,True
AC0003179,C003179,7,Current,12626.62,Active,2019-06-03,B02008,8637.74,100000,False
AC0003180,C003180,1,Credit,8413.53,Active,2022-10-29,B05006,4789.35,25000,True
AC0003181,C003181,6,Current,14938.0,Active,2025-03-31,B07009,11343.43,100000,True
AC0003182,C003182,1,Checking,44255.18,Active,2024-08-10,B05008,6579.83,25000,True
AC0003183,C003183,2,Credit,43495.45,Active,2020-05-11,B07010,10541.29,25000,True
AC0003184,C003184,7,Current,4323.35,Active,2021-09-11,B10001,6321.25,250000,True
AC0003185,C003185,2,Savings,11748.43,Active,2018-11-02,B09008,23606.24,50000,False
AC0003186,C003186,4,Checking,2243.39,Dormant,2023-12-29,B06003,15810.18,50000,True
AC0003187,C003187,6,Checking,36027.31,Active,2023-08-02,B07009,4460.99,250000,False
AC0003188,C003188,7,Business,23349.9,Active,2024-08-07,B06005,4135.44,50000,True
AC0003189,C003189,5,Credit,4947.46,Active,2023-04-03,B02001,9392.76,100000,False
AC0003190,C003190,1,Credit,5586.82,Active,2017-09-13,B06010,9512.14,250000,True
AC0003191,C003191,8,Business,6824.62,Active,2017-12-15,B06003,5184.51,50000,True
AC0003192,C003192,10,Credit,26332.49,Active,2017-03-19,B10002,7827.26,25000,True
AC0003193,C003193,9,Current,4472.28,Active,2016-07-16,B01006,7031.9,25000,True
AC0003194,C003194,8,Credit,4153.86,Active,2015-08-23,B08005,14141.74,25000,True
AC0003195,C003195,5,Credit,6008.65,Active,2019-11-12,B10002,2817.39,100000,True
AC0003196,C003196,9,Checking,8022.42,Active,2015-08-09,B04004,11262.31,100000,True
AC0003197,C003197,5,Current,40199.91,Active,2020-05-23,B02004,14744.29,25000,True
AC0003198,C003198,2,Business,2439.57,Active,2023-06-29,B07010,7077.54,25000,True
AC0003199,C003199,9,Current,14502.29,Dormant,2023-04-14,B01001,7029.04,250000,False
AC0003200,C003200,4,Checking,2361.33,Active,2017-10-15,B02005,10328.02,250000,True
AC0003201,C003201,10,Checking,5755.66,Active,2022-03-27,B06008,3954.49,250000,True
AC0003202,C003202,4,Current,3363.82,Active,2020-05-10,B07009,18915.6,250000,True
AC0003203,C003203,9,Checking,4438.52,Active,2017-04-08,B10007,4021.59,100000,False
AC0003204,C003204,6,Business,19297.13,Active,2024-09-26,B06003,4845.66,25000,False
AC0003205,C003205,5,Checking,11960.91,Active,2018-04-02,B10007,6542.78,25000,True
AC0003206,C003206,3,Business,26233.51,Dormant,2023-10-08,B03006,8520.69,50000,False
AC0003207,C003207,9,Credit,5601.74,Active,2023-06-11,B07010,4802.94,25000,True
AC0003208,C003208,1,Checking,22064.82,Active,2024-03-26,B05002,9910.29,25000,True
AC0003209,C003209,5,Current,5563.75,Active,2020-10-06,B08001,11874.85,100000,False
AC0003210,C003210,4,Current,14375.63,Active,2025-08-14,B04005,8877.17,50000,False
AC0003211,C003211,6,Savings,27652.03,Active,2023-05-17,B06002,3351.53,50000,True
AC0003212,C003212,3,Credit,14687.48,Dormant,2017-01-27,B09004,3322.5,50000,False
AC0003213,C003213,7,Savings,20407.38,Active,2015-03-21,B01001,15553.63,100000,False
AC0003214,C003214,4,Checking,12591.07,Active,2018-12-17,B01004,26321.2,25000,True
AC0003215,C003215,2,Checking,11632.9,Active,2025-12-16,B03003,5573.76,50000,True
AC0003216,C003216,2,Credit,43836.14,Closed,2017-09-23,B01007,6310.78,50000,True
AC0003217,C003217,7,Savings,47985.72,Active,2020-01-08,B07003,4068.46,25000,True
AC0003218,C003218,3,Business,29678.29,Active,2024-09-30,B07005,3794.53,100000,True
AC0003219,C003219,4,Savings,14243.93,Active,2019-09-01,B06001,5305.28,250000,True
AC0003220,C003220,7,Current,27283.16,Active,2015-06-15,B04001,15543.75,25000,True
AC0003221,C003221,4,Business,2499.53,Active,2023-10-28,B05002,5832.58,50000,True
AC0003222,C003222,4,Savings,32380.46,Active,2020-07-02,B03005,18885.67,25000,True
AC0003223,C003223,3,Savings,1483.8,Active,2024-10-19,B10009,2159.64,50000,True
AC0003224,C003224,4,Credit,19508.94,Active,2018-02-13,B03007,26958.55,250000,True
AC0003225,C003225,7,Credit,1855.49,Active,2022-01-24,B10008,3127.5,100000,True
AC0003226,C003226,6,Savings,2451.53,Active,2015-02-16,B04008,7922.98,25000,False
AC0003227,C003227,10,Current,30808.53,Active,2022-10-15,B10006,4847.5,25000,True
AC0003228,C003228,8,Checking,11677.73,Active,2023-04-01,B02003,9017.87,100000,True
AC0003229,C003229,1,Credit,2911.4,Active,2023-06-24,B03004,10909.88,250000,False
AC0003230,C003230,4,Checking,11075.96,Active,2025-08-20,B07005,5503.98,100000,True
AC0003231,C003231,3,Checking,9412.86,Active,2020-09-11,B02003,3362.55,25000,False
AC0003232,C003232,6,Business,3973.58,Active,2025-12-20,B07008,4045.76,250000,True
AC0003233,C003233,3,Current,9365.2,Active,2016-08-18,B10008,24677.75,25000,True
AC0003234,C003234,10,Credit,3408.97,Active,2019-04-17,B08005,8214.43,25000,True
AC0003235,C003235,3,Business,1509.18,Active,2018-11-17,B06005,1120.58,100000,False
AC0003236,C003236,6,Savings,26004.47,Active,2023-10-26,B05008,9415.86,100000,False
AC0003237,C003237,2,Checking,39586.38,Active,2023-03-18,B03005,17146.19,250000,False
AC0003238,C003238,10,Credit,8772.61,Active,2021-11-05,B03010,15851.84,250000,True
AC0003239,C003239,10,Credit,9889.65,Active,2024-12-19,B06004,2750.28,100000,False
AC0003240,C003240,8,Savings,14208.11,Active,2025-10-02,B03002,16670.63,100000,True
AC0003241,C003241,4,Checking,43981.33,Active,2020-08-13,B03008,5643.76,100000,False
AC0003242,C003242,1,Credit,3741.51,Active,2019-07-27,B09008,7222.99,100000,False
AC0003243,C003243,8,Credit,10709.53,Active,2023-08-11,B02001,5304.4,100000,True
AC0003244,C003244,5,Business,191778.75,Active,2016-02-27,B05007,4801.91,25000,False
AC0003245,C003245,10,Credit,44015.25,Active,2019-03-09,B06002,12727.8,100000,False
AC0003246,C003246,7,Business,15657.22,Active,2018-04-05,B05010,5096.46,50000,True
AC0003247,C003247,6,Business,19127.08,Dormant,2024-07-30,B06004,14171.13,25000,True
AC0003248,C003248,10,Checking,9655.45,Active,2022-02-02,B03007,11731.07,50000,False
AC0003249,C003249,9,Credit,1489.78,Active,2016-03-03,B01002,20098.11,50000,True
AC0003250,C003250,5,Credit,4088.16,Active,2015-04-17,B07001,1239.37,25000,True
AC0003251,C003251,1,Current,7929.04,Active,2024-04-02,B10009,29710.69,100000,False
AC0003252,C003252,1,Checking,54704.34,Active,2021-04-26,B07005,8512.58,250000,True
AC0003253,C003253,5,Checking,8631.87,Active,2015-07-24,B08006,12490.04,250000,False
AC0003254,C003254,6,Checking,3081.8,Active,2020-10-20,B03010,4330.99,250000,True
AC0003255,C003255,1,Credit,19500.66,Active,2025-06-15,B05010,4106.41,250000,True
AC0003256,C003256,2,Savings,11004.62,Active,2023-05-22,B05009,6695.91,100000,True
AC0003257,C003257,8,Credit,8986.23,Active,2016-01-21,B02005,21807.27,250000,True
AC0003258,C003258,8,Credit,22510.7,Active,2023-08-18,B04008,18768.93,250000,True
AC0003259,C003259,1,Checking,4088.44,Closed,2016-05-23,B08008,6422.87,50000,True
AC0003260,C003260,6,Credit,54155.93,Active,2018-08-27,B08009,8065.39,25000,True
AC0003261,C003261,1,Checking,115236.83,Dormant,2024-08-14,B01006,7545.54,250000,True
AC0003262,C003262,8,Current,14949.37,Dormant,2025-10-23,B04005,4038.35,25000,True
AC0003263,C003263,9,Savings,7147.22,Active,2017-05-29,B05007,6510.84,250000,True
AC0003264,C003264,9,Checking,4869.65,Active,2022-06-03,B05008,1313.02,25000,False
AC0003265,C003265,6,Business,16522.78,Active,2023-03-15,B03008,3429.88,25000,True
AC0003266,C003266,7,Business,3373.73,Active,2016-01-22,B04006,3699.26,250000,True
AC0003267,C003267,10,Business,12301.43,Active,2018-06-01,B06009,1874.38,250000,True
AC0003268,C003268,7,Checking,40906.26,Active,2025-03-21,B06009,7271.81,100000,True
AC0003269,C003269,5,Savings,10081.08,Active,2016-01-29,B04007,16308.67,250000,True
AC0003270,C003270,8,Current,5197.71,Active,2020-04-21,B10006,8022.17,50000,True
AC0003271,C003271,6,Savings,11902.14,Active,2015-04-24,B09003,6652.1,100000,False
AC0003272,C003272,9,Current,2518.38,Active,2019-01-18,B10002,18289.04,50000,True
AC0003273,C003273,6,Business,10244.56,Active,2024-07-15,B07009,19995.79,25000,False
AC0003274,C003274,9,Checking,12850.98,Closed,2015-03-20,B06008,12010.74,50000,True
AC0003275,C003275,1,Business,6256.95,Active,2022-07-10,B01007,26757.93,250000,False
AC0003276,C003276,1,Business,5751.96,Active,2021-10-13,B08009,1428.54,100000,True
AC0003277,C003277,1,Savings,1668.09,Active,2017-06-30,B10008,10466.48,50000,False
AC0003278,C003278,6,Credit,5984.71,Active,2017-04-12,B06007,7935.54,250000,True
AC0003279,C003279,8,Credit,15709.66,Active,2018-10-07,B09009,6958.2,250000,False
AC0003280,C003280,3,Current,7490.61,Closed,2021-03-29,B10002,21685.01,25000,True
AC0003281,C003281,2,Credit,7051.65,Active,2021-02-20,B06003,14506.77,25000,True
AC0003282,C003282,9,Savings,23693.9,Active,2021-09-14,B10006,760.96,250000,False
AC0003283,C003283,8,Credit,19822.14,Active,2016-01-09,B10004,6086.84,25000,False
AC0003284,C003284,7,Current,25147.77,Active,2018-12-01,B01010,8456.95,25000,True
AC0003285,C003285,5,Savings,55310.39,Active,2023-02-18,B03006,8656.45,25000,True
AC0003286,C003286,5,Business,229214.99,Active,2016-12-02,B02010,4521.98,25000,True
AC0003287,C003287,1,Current,63697.2,Active,2023-03-15,B09002,8280.66,50000,True
AC0003288,C003288,2,Current,6047.89,Active,2023-01-08,B08008,2590.76,100000,True
AC0003289,C003289,9,Business,31976.68,Active,2020-11-19,B05009,6002.07,250000,True
AC0003290,C003290,4,Credit,7349.54,Active,2022-11-04,B02009,13512.27,250000,False
AC0003291,C003291,8,Savings,4528.72,Active,2019-06-15,B08005,3663.81,25000,True
AC0003292,C003292,8,Savings,21606.26,Active,2023-04-17,B09007,8737.9,100000,True
AC0003293,C003293,4,Savings,7425.81,Active,2020-08-28,B04005,11285.29,25000,True
AC0003294,C003294,3,Savings,4234.79,Closed,2021-08-20,B06010,11069.2,25000,True
AC0003295,C003295,7,Current,8347.2,Active,2016-06-25,B03003,5070.88,50000,False
AC0003296,C003296,1,Savings,13759.33,Active,2016-05-07,B09004,14942.66,50000,True
AC0003297,C003297,5,Business,27964.0,Active,2018-09-17,B07002,8122.9,25000,True
AC0003298,C003298,9,Current,3318.28,Active,2015-04-29,B07008,13321.56,50000,True
AC0003299,C003299,8,Savings,4250.66,Active,2024-12-29,B09002,4448.31,50000,True
AC0003300,C003300,8,Checking,2720.92,Active,2018-03-16,B08003,31409.31,50000,False
AC0003301,C003301,1,Savings,25454.71,Active,2022-09-05,B03008,5367.13,250000,True
AC0003302,C003302,2,Business,19450.63,Active,2020-10-03,B04007,3962.9,25000,True
AC0003303,C003303,3,Credit,10726.2,Active,2024-11-03,B05007,3594.78,250000,True
AC0003304,C003304,3,Business,5472.28,Active,2020-02-18,B05003,7768.66,100000,True
AC0003305,C003305,2,Savings,10044.2,Dormant,2018-06-25,B07004,25403.68,50000,True
AC0003306,C003306,10,Savings,24979.4,Active,2015-01-17,B03001,13332.49,25000,True
AC0003307,C003307,2,Checking,22018.63,Active,2015-12-24,B07003,5642.75,50000,False
AC0003308,C003308,8,Credit,33224.84,Active,2019-10-17,B08006,4492.55,250000,True
AC0003309,C003309,6,Checking,4522.67,Active,2021-10-05,B04005,4316.62,100000,True
AC0003310,C003310,7,Credit,10681.05,Active,2025-03-22,B08006,7531.04,100000,True
AC0003311,C003311,3,Checking,9622.65,Dormant,2020-05-15,B04007,6647.83,50000,False
AC0003312,C003312,4,Credit,5607.64,Active,2024-08-27,B01007,3885.99,100000,False
AC0003313,C003313,7,Checking,17455.21,Active,2019-08-14,B05006,44334.13,25000,True
AC0003314,C003314,3,Business,18596.55,Closed,2025-11-23,B04001,7517.27,50000,True
AC0003315,C003315,7,Checking,15680.55,Active,2023-09-20,B02003,6472.31,25000,False
AC0003316,C003316,1,Checking,2823.51,Active,2024-12-22,B03009,13476.03,50000,True
AC0003317,C003317,1,Checking,11448.12,Active,2018-05-09,B01006,3448.52,50000,False
AC0003318,C003318,8,Credit,14625.83,Active,2024-08-27,B01001,8271.76,100000,True
AC0003319,C003319,7,Business,498.13,Active,2016-10-12,B07006,5956.22,100000,True
AC0003320,C003320,1,Business,32456.51,Active,2023-11-03,B10004,6334.09,25000,True
AC0003321,C003321,9,Checking,9802.68,Active,2015-06-17,B04001,6600.05,100000,False
AC0003322,C003322,1,Checking,18864.74,Active,2018-06-27,B05001,6808.11,25000,False
AC0003323,C003323,10,Savings,4439.84,Closed,2019-02-07,B08001,5149.39,250000,True
AC0003324,C003324,8,Business,17442.9,Active,2022-05-30,B06002,13251.95,25000,False
AC0003325,C003325,10,Savings,10229.03,Active,2022-07-31,B06002,5961.18,25000,False
AC0003326,C003326,10,Business,15204.28,Active,2022-08-02,B02010,14563.58,250000,False
AC0003327,C003327,4,Credit,17923.19,Active,2021-04-21,B09010,2411.4,25000,False
AC0003328,C003328,8,Current,59414.19,Active,2016-10-11,B07004,9452.77,100000,False
AC0003329,C003329,3,Current,15233.63,Active,2025-10-16,B03005,7327.44,250000,False
AC0003330,C003330,5,Business,1576.63,Active,2017-09-03,B03003,5616.38,100000,True
AC0003331,C003331,3,Credit,46828.53,Dormant,2019-11-01,B03008,2700.37,25000,True
AC0003332,C003332,5,Current,11894.07,Closed,2025-09-13,B05006,4496.38,50000,True
AC0003333,C003333,9,Current,1999.55,Active,2022-03-02,B02006,2787.19,50000,True
AC0003334,C003334,5,Savings,11841.66,Active,2016-10-17,B02007,6408.81,50000,False
AC0003335,C003335,1,Savings,2239.39,Active,2024-11-26,B06003,2582.85,50000,True
AC0003336,C003336,4,Savings,11100.69,Active,2018-08-06,B09003,11440.78,25000,True
AC0003337,C003337,8,Business,8808.92,Active,2018-08-22,B02003,2223.55,250000,False
AC0003338,C003338,6,Business,6974.63,Dormant,2015-07-26,B03009,2799.39,25000,True
AC0003339,C003339,6,Checking,2350.76,Active,2022-02-16,B10006,7702.09,100000,False
AC0003340,C003340,5,Current,16629.82,Active,2023-03-10,B06004,4097.71,100000,True
AC0003341,C003341,3,Credit,4641.39,Dormant,2020-09-19,B10009,8086.58,50000,True
AC0003342,C003342,6,Business,17259.75,Active,2015-05-20,B01008,12147.57,250000,True
AC0003343,C003343,7,Savings,63506.58,Active,2025-10-14,B08010,8764.02,100000,True
AC0003344,C003344,9,Checking,1585.55,Active,2020-03-26,B07007,15583.53,250000,False
AC0003345,C003345,7,Savings,14287.87,Active,2019-12-16,B07002,4789.0,100000,True
AC0003346,C003346,10,Credit,7430.11,Active,2015-09-27,B07008,4045.44,25000,False
AC0003347,C003347,9,Current,9831.35,Active,2018-08-23,B04005,11841.95,50000,True
AC0003348,C003348,1,Business,18072.35,Active,2015-07-14,B10006,9002.84,25000,True
AC0003349,C003349,4,Checking,66008.31,Active,2021-05-08,B05006,9050.25,50000,True
AC0003350,C003350,4,Savings,57300.73,Active,2024-04-17,B04002,3094.8,250000,False
AC0003351,C003351,1,Checking,4504.63,Active,2016-09-27,B05009,6322.65,250000,True
AC0003352,C003352,2,Checking,4801.11,Active,2020-10-20,B02005,13386.62,250000,True
AC0003353,C003353,8,Savings,39486.78,Active,2019-02-07,B03007,38678.16,100000,False
AC0003354,C003354,4,Business,14894.1,Active,2018-09-30,B08001,3542.21,250000,False
AC0003355,C003355,2,Savings,16520.22,Active,2022-11-14,B06009,13185.48,50000,True
AC0003356,C003356,3,Current,110830.94,Active,2018-03-07,B09008,14278.53,25000,True
AC0003357,C003357,3,Savings,9430.68,Active,2018-08-04,B07007,3767.48,50000,True
AC0003358,C003358,2,Savings,439.14,Active,2025-11-26,B05002,5485.64,50000,True
AC0003359,C003359,2,Checking,23920.1,Active,2025-11-16,B03005,27063.51,250000,True
AC0003360,C003360,8,Credit,126509.34,Active,2019-10-01,B06001,1763.43,25000,True
AC0003361,C003361,9,Savings,25936.21,Active,2023-05-02,B06005,29642.66,250000,True
AC0003362,C003362,5,Current,11217.83,Active,2025-04-29,B08003,9268.81,50000,True
AC0003363,C003363,7,Business,7946.71,Active,2016-09-22,B10006,871.5,25000,True
AC0003364,C003364,10,Credit,926.09,Active,2024-09-05,B01007,3166.41,50000,True
AC0003365,C003365,9,Checking,34614.71,Active,2019-03-19,B09009,4470.14,25000,True
AC0003366,C003366,1,Checking,54809.7,Active,2024-12-10,B05009,2513.51,50000,True
AC0003367,C003367,10,Current,5044.89,Active,2020-10-08,B09004,9306.63,100000,False
AC0003368,C003368,1,Credit,1524.72,Active,2015-08-01,B01009,2540.38,250000,True
AC0003369,C003369,1,Credit,64617.79,Active,2021-07-05,B02004,1398.29,50000,True
AC0003370,C003370,5,Savings,15562.67,Active,2020-09-14,B06002,9986.85,25000,False
AC0003371,C003371,8,Credit,51610.68,Active,2017-03-28,B01004,10847.1,50000,True
AC0003372,C003372,1,Credit,6801.4,Active,2023-05-31,B06002,10482.16,100000,True
AC0003373,C003373,3,Business,18754.49,Active,2024-06-08,B03008,3372.36,25000,True
AC0003374,C003374,3,Savings,9509.75,Active,2024-10-07,B04009,8061.25,25000,True
AC0003375,C003375,4,Current,7994.16,Active,2018-12-18,B01003,6390.85,250000,False
AC0003376,C003376,10,Credit,2579.12,Active,2015-01-23,B09001,2493.02,25000,False
AC0003377,C003377,4,Checking,57606.48,Active,2020-09-07,B05005,10523.96,100000,True
AC0003378,C003378,3,Current,9469.09,Active,2018-05-25,B06006,10416.88,250000,True
AC0003379,C003379,2,Current,6417.89,Active,2016-08-29,B06010,5793.29,100000,True
AC0003380,C003380,2,Checking,34983.06,Active,2025-12-31,B10006,14361.02,100000,True
AC0003381,C003381,2,Business,13710.53,Active,2015-11-10,B01007,9350.76,100000,True
AC0003382,C003382,6,Business,51463.97,Active,2025-05-26,B03006,7148.83,100000,True
AC0003383,C003383,5,Business,7534.9,Active,2017-07-13,B09010,14950.01,25000,True
AC0003384,C003384,5,Checking,22666.97,Dormant,2025-09-18,B10005,11983.45,100000,False
AC0003385,C003385,9,Checking,19041.6,Active,2015-07-22,B04004,5372.14,25000,False
AC0003386,C003386,6,Current,13841.0,Active,2025-09-12,B06009,6026.13,100000,False
AC0003387,C003387,2,Business,5001.74,Active,2025-10-14,B06003,11872.33,250000,True
AC0003388,C003388,4,Credit,24526.26,Active,2020-08-26,B08006,4564.45,25000,True
AC0003389,C003389,4,Credit,17807.66,Active,2019-06-12,B06003,7538.25,250000,True
AC0003390,C003390,9,Checking,10591.93,Active,2017-03-07,B09004,10263.69,250000,True
AC0003391,C003391,4,Business,43469.5,Active,2015-07-25,B01010,17747.84,250000,False
AC0003392,C003392,2,Savings,10588.07,Active,2022-07-25,B07005,16268.24,100000,True
AC0003393,C003393,8,Current,22951.39,Active,2025-03-05,B10003,1047.7,50000,True
AC0003394,C003394,5,Savings,3202.36,Active,2020-09-16,B03002,3153.11,25000,True
AC0003395,C003395,1,Current,2808.7,Active,2015-11-02,B05010,2669.26,250000,True
AC0003396,C003396,7,Business,10369.48,Active,2015-01-22,B04009,12430.3,25000,True
AC0003397,C003397,3,Business,1371.15,Active,2022-03-07,B08008,13956.26,50000,True
AC0003398,C003398,9,Checking,61375.14,Active,2018-09-08,B07010,5081.32,25000,False
AC0003399,C003399,9,Checking,18830.48,Active,2022-10-08,B07006,5941.78,100000,True
AC0003400,C003400,4,Savings,2936.08,Active,2019-12-27,B07007,10446.11,25000,True
AC0003401,C003401,6,Business,29343.01,Active,2018-03-11,B09006,8472.87,250000,True
AC0003402,C003402,6,Current,1388.73,Active,2015-11-30,B03001,5470.32,50000,True
AC0003403,C003403,7,Business,7411.88,Active,2022-11-30,B06006,22330.08,25000,True
AC0003404,C003404,1,Checking,5177.52,Active,2023-05-25,B02002,12000.67,50000,True
AC0003405,C003405,4,Current,11978.02,Active,2019-05-08,B05002,12155.59,100000,True
AC0003406,C003406,2,Business,11603.75,Active,2023-02-07,B05009,11456.04,25000,True
AC0003407,C003407,7,Current,18603.94,Active,2025-05-28,B03008,15002.45,25000,False
AC0003408,C003408,1,Savings,7415.29,Active,2019-09-21,B09006,7022.57,100000,False
AC0003409,C003409,6,Business,25097.84,Active,2025-12-30,B03008,3768.68,50000,True
AC0003410,C003410,8,Current,23654.69,Active,2020-08-23,B03007,7528.42,50000,False
AC0003411,C003411,10,Business,4613.26,Active,2022-06-16,B07005,12305.33,25000,False
AC0003412,C003412,3,Business,3807.04,Active,2016-02-21,B05007,14922.6,100000,True
AC0003413,C003413,1,Credit,108545.26,Active,2024-01-20,B09009,1706.76,100000,False
AC0003414,C003414,8,Checking,1608.91,Active,2016-01-19,B08005,8918.01,250000,True
AC0003415,C003415,1,Checking,8050.56,Active,2017-11-29,B09001,19389.89,100000,False
AC0003416,C003416,1,Savings,1775.51,Active,2015-07-31,B07004,7707.64,25000,True
AC0003417,C003417,10,Checking,25970.12,Active,2016-07-03,B05008,4076.27,100000,True
AC0003418,C003418,9,Current,40975.35,Active,2017-09-28,B08002,5955.62,25000,True
AC0003419,C003419,8,Credit,10461.0,Active,2015-09-20,B06007,11862.77,250000,True
AC0003420,C003420,9,Credit,7891.23,Active,2020-07-15,B10002,13875.41,25000,True
AC0003421,C003421,1,Current,47085.93,Active,2017-04-09,B09008,10764.29,250000,True
AC0003422,C003422,1,Business,14130.63,Active,2022-08-26,B02001,10993.72,250000,True
AC0003423,C003423,4,Savings,14649.42,Dormant,2022-09-20,B05009,9886.69,100000,True
AC0003424,C003424,1,Credit,3971.0,Active,2018-11-26,B02007,5175.37,25000,False
AC0003425,C003425,9,Current,11542.75,Active,2025-11-21,B07001,13786.82,250000,True
AC0003426,C003426,1,Business,21863.25,Active,2018-11-19,B08003,14492.59,100000,True
AC0003427,C003427,6,Savings,17761.69,Active,2018-02-10,B01004,6996.73,250000,False
AC0003428,C003428,9,Savings,27473.35,Closed,2023-08-16,B01004,7600.38,250000,True
AC0003429,C003429,8,Current,35939.83,Active,2022-10-14,B05003,3204.61,25000,True
AC0003430,C003430,3,Credit,9270.99,Active,2019-10-13,B07005,27885.51,50000,True
AC0003431,C003431,5,Checking,5413.75,Active,2017-12-03,B03001,8604.56,50000,True
AC0003432,C003432,6,Business,4636.45,Active,2024-09-25,B05003,3628.28,25000,True
AC0003433,C003433,8,Credit,10478.73,Active,2018-07-16,B08009,9766.85,25000,True
AC0003434,C003434,5,Credit,36510.62,Active,2023-06-13,B03003,29638.76,100000,True
AC0003435,C003435,3,Credit,6148.7,Active,2019-10-14,B04006,6815.81,25000,True
AC0003436,C003436,8,Checking,3927.59,Active,2021-08-12,B02009,3125.91,25000,True
AC0003437,C003437,9,Credit,3665.39,Active,2017-07-19,B05005,10300.63,250000,True
AC0003438,C003438,5,Savings,13233.68,Active,2025-04-04,B04006,21926.28,250000,True
AC0003439,C003439,1,Savings,25660.74,Active,2015-11-16,B06002,2886.45,50000,False
AC0003440,C003440,6,Checking,4065.52,Active,2019-09-09,B02004,8579.23,50000,True
AC0003441,C003441,9,Business,12870.92,Active,2016-10-24,B10002,4970.71,25000,False
AC0003442,C003442,10,Checking,26947.01,Active,2022-09-19,B07001,10606.16,250000,True
AC0003443,C003443,5,Business,2948.61,Active,2021-01-04,B09006,2333.71,50000,True
AC0003444,C003444,2,Checking,231620.54,Active,2017-06-05,B02010,6013.65,25000,True
AC0003445,C003445,6,Current,6353.32,Active,2022-02-22,B04007,4820.41,100000,True
AC0003446,C003446,9,Credit,4933.87,Dormant,2017-10-09,B03010,13770.73,100000,False
AC0003447,C003447,10,Checking,9881.89,Active,2015-05-18,B02004,2983.83,250000,True
AC0003448,C003448,1,Current,27327.42,Active,2018-12-28,B10003,6457.28,50000,True
AC0003449,C003449,3,Credit,11159.43,Closed,2016-03-02,B03002,14271.28,25000,True
AC0003450,C003450,5,Savings,19527.51,Active,2024-08-28,B02010,10012.27,50000,True
AC0003451,C003451,1,Savings,1589.77,Active,2015-05-25,B09008,16714.44,100000,True
AC0003452,C003452,9,Current,2727.37,Active,2020-10-26,B01001,7658.27,50000,False
AC0003453,C003453,2,Credit,9372.56,Active,2020-01-12,B06005,4237.95,25000,True
AC0003454,C003454,7,Credit,49573.02,Active,2022-09-08,B10007,24980.12,100000,True
AC0003455,C003455,10,Savings,36193.5,Active,2021-02-06,B05008,11094.91,50000,False
AC0003456,C003456,7,Current,19869.25,Active,2023-07-28,B08004,7239.33,250000,True
AC0003457,C003457,8,Savings,7755.76,Active,2024-12-24,B02006,3307.48,25000,True
AC0003458,C003458,3,Current,29398.19,Dormant,2023-05-24,B09002,10859.33,100000,True
AC0003459,C003459,9,Savings,7735.37,Active,2021-01-08,B05001,8687.25,25000,True
AC0003460,C003460,5,Credit,4351.68,Active,2020-08-30,B06009,9065.29,100000,True
AC0003461,C003461,1,Checking,21383.04,Active,2025-10-07,B05010,11659.98,25000,True
AC0003462,C003462,4,Credit,4131.66,Active,2021-10-31,B02002,25926.9,250000,False
AC0003463,C003463,4,Checking,4461.82,Active,2020-07-08,B10007,7578.11,250000,True
AC0003464,C003464,6,Credit,44381.88,Active,2024-05-30,B03010,4542.15,250000,False
AC0003465,C003465,3,Business,7654.93,Active,2021-02-06,B09007,33040.96,25000,True
AC0003466,C003466,5,Current,3657.27,Active,2022-02-08,B06002,10686.51,25000,True
AC0003467,C003467,5,Checking,13061.49,Active,2015-04-08,B05003,7197.83,100000,True
AC0003468,C003468,4,Credit,25936.82,Dormant,2021-01-26,B09008,14535.47,25000,True
AC0003469,C003469,7,Credit,34046.49,Active,2024-06-18,B09010,2695.28,100000,True
AC0003470,C003470,4,Savings,2140.41,Active,2023-06-05,B06009,7234.55,250000,True
AC0003471,C003471,8,Checking,10770.17,Active,2024-08-25,B04010,10232.06,100000,False
AC0003472,C003472,3,Checking,7253.42,Active,2022-07-21,B03003,4604.13,50000,True
AC0003473,C003473,9,Credit,34122.67,Active,2023-05-18,B07004,24210.48,100000,False
AC0003474,C003474,4,Credit,19714.26,Active,2021-01-31,B06009,5261.32,25000,True
AC0003475,C003475,1,Current,50388.99,Active,2018-08-28,B03005,13909.05,100000,True
AC0003476,C003476,2,Current,7646.54,Active,2016-11-12,B08007,20606.88,100000,True
AC0003477,C003477,9,Credit,11876.76,Dormant,2025-07-30,B10004,6108.89,25000,True
AC0003478,C003478,9,Credit,36485.6,Active,2020-07-01,B04009,12961.43,250000,False
AC0003479,C003479,3,Checking,50148.75,Active,2015-07-25,B06008,3202.39,25000,False
AC0003480,C003480,7,Business,53913.73,Active,2018-02-02,B10005,8960.59,100000,False
AC0003481,C003481,6,Credit,64420.06,Active,2023-03-31,B03006,4685.62,25000,True
AC0003482,C003482,2,Credit,18321.29,Active,2017-01-27,B04008,13429.72,250000,False
AC0003483,C003483,5,Checking,6483.17,Dormant,2025-04-01,B08005,14687.13,250000,False
AC0003484,C003484,7,Credit,10153.99,Active,2021-10-16,B04002,24252.29,25000,True
AC0003485,C003485,10,Savings,1846.32,Active,2020-05-28,B01010,10155.98,250000,True
AC0003486,C003486,9,Checking,6124.26,Active,2018-01-26,B10008,11350.11,50000,False
AC0003487,C003487,1,Current,18513.18,Active,2023-11-11,B03007,7922.5,25000,True
AC0003488,C003488,3,Business,19097.39,Active,2025-05-28,B06007,15160.87,250000,True
AC0003489,C003489,5,Credit,25194.3,Active,2021-02-23,B05004,4439.22,25000,True
AC0003490,C003490,2,Business,5671.83,Active,2017-01-10,B06002,14117.82,100000,False
AC0003491,C003491,6,Checking,4106.19,Dormant,2016-06-04,B01010,6247.75,250000,True
AC0003492,C003492,1,Business,2545.28,Dormant,2022-06-03,B07005,6336.32,25000,False
AC0003493,C003493,2,Credit,1715.51,Active,2018-09-01,B03009,6168.2,25000,False
AC0003494,C003494,1,Business,12122.0,Active,2025-03-02,B06003,29576.38,25000,True
AC0003495,C003495,3,Credit,11750.49,Closed,2023-12-08,B09003,14388.02,50000,False
AC0003496,C003496,8,Savings,58391.79,Active,2018-06-12,B10001,22896.45,250000,False
AC0003497,C003497,2,Savings,4531.08,Active,2022-06-09,B10007,5304.71,25000,True
AC0003498,C003498,10,Current,45173.66,Dormant,2015-10-09,B05010,6850.26,25000,True
AC0003499,C003499,3,Business,12458.6,Active,2022-06-11,B04003,9398.92,250000,True
AC0003500,C003500,1,Business,15850.02,Active,2018-03-10,B05010,7614.76,100000,False
AC0003501,C003501,4,Business,1414.75,Active,2024-12-29,B09002,4798.95,50000,True
AC0003502,C003502,8,Current,5206.63,Active,2024-03-23,B10008,37384.75,25000,False
AC0003503,C003503,2,Credit,4903.55,Active,2023-10-05,B05003,9772.67,50000,True
AC0003504,C003504,1,Credit,5915.36,Active,2020-03-11,B08005,14194.76,25000,True
AC0003505,C003505,9,Credit,4242.06,Active,2023-12-22,B05002,3763.86,25000,True
AC0003506,C003506,6,Current,34987.34,Active,2019-07-08,B05009,5030.98,250000,False
AC0003507,C003507,4,Checking,23253.66,Active,2023-05-31,B04010,6358.95,25000,False
AC0003508,C003508,8,Business,21760.02,Dormant,2015-01-01,B03004,12130.63,100000,False
AC0003509,C003509,9,Current,5054.8,Active,2016-09-19,B05003,8811.44,100000,True
AC0003510,C003510,4,Current,52273.29,Active,2022-01-24,B08001,10221.0,100000,False
AC0003511,C003511,6,Current,10042.42,Active,2019-08-12,B01007,24278.01,50000,False
AC0003512,C003512,1,Business,6328.08,Active,2023-05-23,B02006,12341.5,25000,False
AC0003513,C003513,4,Current,20500.42,Dormant,2015-04-17,B10002,19977.57,50000,True
AC0003514,C003514,6,Checking,4775.57,Active,2020-06-09,B10002,8536.98,50000,True
AC0003515,C003515,2,Savings,35811.14,Active,2025-06-22,B04010,15361.45,100000,True
AC0003516,C003516,10,Savings,19671.08,Closed,2024-01-29,B01008,6816.48,100000,False
AC0003517,C003517,10,Business,14084.79,Active,2022-06-20,B02003,15708.26,250000,True
AC0003518,C003518,3,Credit,14298.12,Active,2025-09-08,B04007,11264.56,50000,True
AC0003519,C003519,4,Current,2744.06,Active,2021-11-04,B08008,4766.77,50000,False
AC0003520,C003520,2,Current,15490.23,Dormant,2019-10-15,B03006,13065.41,250000,True
AC0003521,C003521,6,Checking,30756.53,Active,2024-05-23,B04008,25954.16,250000,True
AC0003522,C003522,2,Savings,6839.66,Active,2022-07-28,B05008,6280.66,25000,False
AC0003523,C003523,4,Checking,19142.79,Active,2025-01-12,B02006,4929.84,25000,False
AC0003524,C003524,6,Current,22594.62,Active,2015-07-10,B07001,9544.65,25000,False
AC0003525,C003525,7,Current,54057.86,Active,2025-08-04,B07002,19689.8,25000,False
AC0003526,C003526,6,Savings,4834.25,Active,2019-11-24,B08003,2896.43,250000,True
AC0003527,C003527,3,Credit,23432.55,Active,2016-04-23,B03008,7665.1,250000,True
AC0003528,C003528,8,Savings,31226.52,Closed,2023-05-22,B07010,20701.38,250000,False
AC0003529,C003529,7,Current,16515.84,Active,2025-07-09,B08005,15233.38,250000,False
AC0003530,C003530,8,Business,3553.45,Dormant,2019-02-04,B09007,10478.46,50000,True
AC0003531,C003531,5,Savings,4351.26,Active,2018-11-01,B01010,16140.41,50000,True
AC0003532,C003532,9,Checking,9211.52,Active,2022-10-26,B07008,2660.83,25000,True
AC0003533,C003533,4,Savings,3916.11,Active,2023-07-21,B03007,6495.76,50000,False
AC0003534,C003534,9,Credit,23634.95,Active,2016-06-24,B02004,4320.06,25000,True
AC0003535,C003535,3,Savings,16541.73,Active,2016-11-02,B06002,13133.68,50000,True
AC0003536,C003536,3,Current,45700.37,Active,2022-12-02,B10004,9064.82,25000,True
AC0003537,C003537,6,Checking,25959.63,Active,2021-05-23,B01010,35858.23,25000,True
AC0003538,C003538,6,Business,10153.87,Active,2023-09-13,B03010,3669.3,50000,False
AC0003539,C003539,8,Credit,26794.98,Active,2017-01-07,B03003,35293.23,50000,False
AC0003540,C003540,3,Savings,24272.04,Active,2020-01-18,B08004,3059.59,50000,False
AC0003541,C003541,9,Savings,7617.5,Active,2023-04-21,B10005,4132.18,100000,True
AC0003542,C003542,4,Current,9854.19,Active,2024-09-20,B05010,7453.16,50000,False
AC0003543,C003543,6,Savings,34983.07,Active,2017-06-11,B07006,4387.27,250000,False
AC0003544,C003544,10,Business,25573.48,Active,2015-08-17,B10004,18384.66,25000,True
AC0003545,C003545,6,Current,6242.93,Active,2021-12-27,B01004,4096.39,250000,False
AC0003546,C003546,7,Savings,2507.63,Active,2020-01-18,B01009,6585.8,50000,True
AC0003547,C003547,10,Current,4444.59,Active,2021-08-23,B06005,10747.27,50000,True
AC0003548,C003548,10,Business,38755.79,Closed,2020-12-19,B09006,17410.35,25000,True
AC0003549,C003549,5,Savings,8099.35,Active,2022-05-04,B01004,8543.38,50000,True
AC0003550,C003550,5,Business,6359.81,Active,2018-04-20,B06004,3800.47,250000,False
AC0003551,C003551,2,Checking,4636.3,Active,2015-05-10,B03003,4503.49,50000,False
AC0003552,C003552,6,Checking,13554.07,Active,2016-05-20,B01002,14870.2,50000,True
AC0003553,C003553,10,Checking,34472.61,Active,2024-02-14,B02004,11521.3,25000,True
AC0003554,C003554,5,Credit,2494.09,Active,2024-06-23,B05004,3862.27,250000,True
AC0003555,C003555,4,Checking,23847.98,Active,2018-06-06,B09009,5171.3,25000,True
AC0003556,C003556,2,Checking,42840.08,Active,2024-12-25,B04005,7476.76,250000,False
AC0003557,C003557,4,Current,9357.36,Dormant,2019-12-24,B05004,6660.23,100000,True
AC0003558,C003558,3,Current,5945.6,Active,2023-10-18,B06004,3543.06,100000,False
AC0003559,C003559,10,Savings,18204.86,Active,2024-04-29,B04004,7597.87,100000,True
AC0003560,C003560,6,Current,2869.11,Active,2024-06-23,B02008,8958.07,50000,True
AC0003561,C003561,2,Current,20014.63,Closed,2020-08-20,B05001,8334.2,50000,True
AC0003562,C003562,1,Business,2588.54,Active,2015-07-28,B04007,2507.19,250000,True
AC0003563,C003563,9,Checking,10598.1,Active,2025-07-21,B01002,42765.04,250000,False
AC0003564,C003564,10,Checking,12235.97,Active,2025-07-08,B01006,4502.47,250000,True
AC0003565,C003565,8,Current,6670.66,Active,2016-01-24,B01008,2290.59,25000,True
AC0003566,C003566,2,Checking,2582.9,Active,2017-09-15,B05007,13137.24,50000,False
AC0003567,C003567,1,Savings,7879.49,Active,2019-08-20,B02002,14671.45,100000,True
AC0003568,C003568,2,Business,6553.68,Active,2025-09-10,B04009,3057.54,50000,False
AC0003569,C003569,8,Savings,27461.11,Active,2024-04-24,B05002,13417.41,25000,True
AC0003570,C003570,8,Credit,16088.76,Active,2022-12-24,B10009,6114.56,100000,False
AC0003571,C003571,9,Current,3661.63,Active,2024-12-30,B02010,5744.72,100000,True
AC0003572,C003572,1,Business,32682.61,Active,2018-01-15,B07009,4757.04,250000,True
AC0003573,C003573,2,Checking,47703.18,Active,2024-08-01,B09004,7238.64,50000,False
AC0003574,C003574,10,Credit,11735.22,Active,2018-01-04,B06001,12549.51,100000,True
AC0003575,C003575,10,Checking,10057.37,Active,2017-04-11,B07005,16872.08,25000,False
AC0003576,C003576,8,Current,14747.51,Active,2022-11-27,B08009,19384.21,100000,False
AC0003577,C003577,2,Credit,79695.35,Active,2019-02-12,B08008,18108.19,250000,True
AC0003578,C003578,1,Business,5094.29,Active,2019-07-23,B10001,8785.82,100000,True
AC0003579,C003579,1,Credit,6593.05,Active,2025-08-08,B04008,5369.52,100000,True
AC0003580,C003580,7,Credit,8491.39,Active,2020-05-23,B02005,23195.73,250000,False
AC0003581,C003581,9,Savings,15799.31,Active,2021-08-17,B08004,7190.14,25000,False
AC0003582,C003582,7,Credit,14973.4,Active,2023-04-29,B10004,20809.43,100000,True
AC0003583,C003583,3,Credit,18985.52,Active,2024-05-25,B03002,5613.35,250000,True
AC0003584,C003584,8,Business,7506.86,Dormant,2024-01-27,B07009,4017.91,25000,True
AC0003585,C003585,1,Credit,13358.92,Active,2022-08-30,B10004,31718.12,100000,True
AC0003586,C003586,9,Current,8897.36,Active,2018-09-17,B05004,9550.02,25000,True
AC0003587,C003587,9,Credit,6267.59,Dormant,2024-02-16,B03001,4357.0,100000,True
AC0003588,C003588,8,Business,10615.83,Active,2021-01-25,B02006,5698.61,50000,True
AC0003589,C003589,9,Current,15787.54,Active,2020-11-05,B06004,9188.14,100000,False
AC0003590,C003590,6,Business,13967.31,Active,2025-01-18,B07004,9557.4,100000,True
AC0003591,C003591,5,Current,5892.05,Active,2018-03-25,B10002,4132.8,100000,False
AC0003592,C003592,4,Checking,18829.91,Dormant,2021-09-18,B01008,8928.83,50000,False
AC0003593,C003593,10,Business,9397.44,Active,2015-05-09,B03003,13366.44,50000,True
AC0003594,C003594,7,Savings,42037.86,Active,2023-09-19,B02010,7148.51,100000,True
AC0003595,C003595,2,Savings,19631.83,Active,2023-01-26,B06001,3427.37,25000,True
AC0003596,C003596,10,Credit,9271.56,Active,2022-04-30,B05010,2436.57,50000,True
AC0003597,C003597,1,Savings,15513.46,Active,2023-10-21,B02007,9001.48,100000,True
AC0003598,C003598,6,Checking,3873.12,Dormant,2018-08-31,B06010,22776.85,25000,True
AC0003599,C003599,2,Credit,6363.61,Dormant,2021-02-06,B07009,3631.51,250000,True
AC0003600,C003600,7,Savings,8439.0,Active,2020-03-20,B10003,4131.88,25000,False
AC0003601,C003601,5,Checking,6556.77,Active,2019-12-04,B05001,5050.61,25000,True
AC0003602,C003602,5,Savings,16814.84,Active,2025-06-17,B08010,5062.03,50000,True
AC0003603,C003603,7,Current,12520.13,Dormant,2021-08-25,B07001,12458.04,50000,True
AC0003604,C003604,8,Current,7202.65,Active,2022-01-12,B04008,15077.14,25000,True
AC0003605,C003605,4,Savings,23964.94,Active,2023-03-17,B02007,9233.62,250000,True
AC0003606,C003606,10,Business,7939.16,Active,2021-05-29,B05009,6651.33,50000,True
AC0003607,C003607,5,Credit,2928.86,Closed,2015-01-18,B03001,15378.25,50000,False
AC0003608,C003608,2,Current,10583.42,Active,2020-06-27,B04008,10660.95,25000,True
AC0003609,C003609,1,Credit,10876.73,Active,2025-11-28,B04002,3301.57,100000,False
AC0003610,C003610,3,Credit,12326.19,Active,2021-03-19,B09001,9399.64,250000,True
AC0003611,C003611,7,Credit,23707.8,Active,2020-09-13,B09004,9566.96,100000,False
AC0003612,C003612,6,Business,5175.41,Active,2016-11-09,B05003,6173.87,100000,True
AC0003613,C003613,4,Business,12518.89,Active,2024-09-24,B10010,13506.11,250000,True
AC0003614,C003614,5,Credit,13690.13,Active,2017-02-08,B07003,20943.01,250000,False
AC0003615,C003615,9,Credit,5635.57,Active,2024-11-01,B09002,10502.57,100000,True
AC0003616,C003616,6,Savings,4137.47,Active,2023-08-01,B04002,12664.72,50000,True
AC0003617,C003617,1,Checking,32269.82,Active,2016-05-27,B02009,4814.78,25000,True
AC0003618,C003618,1,Checking,14842.96,Active,2018-11-23,B03003,10745.9,50000,True
AC0003619,C003619,5,Business,2556.79,Active,2019-09-30,B03003,2069.39,100000,True
AC0003620,C003620,5,Savings,11049.27,Active,2024-08-30,B10001,12270.71,25000,True
AC0003621,C003621,9,Savings,14624.28,Active,2015-01-16,B05006,2035.63,50000,True
AC0003622,C003622,6,Current,38707.89,Active,2022-10-13,B08007,12170.54,100000,True
AC0003623,C003623,8,Credit,2023.49,Active,2016-11-11,B07007,2981.26,50000,False
AC0003624,C003624,6,Current,3294.04,Active,2025-12-16,B09004,7690.19,50000,False
AC0003625,C003625,4,Checking,11106.49,Active,2025-02-22,B03009,2852.28,50000,True
AC0003626,C003626,7,Checking,9846.64,Active,2025-08-06,B03007,10951.37,100000,True
AC0003627,C003627,7,Business,68287.54,Active,2021-02-03,B06001,11155.24,50000,True
AC0003628,C003628,8,Business,8532.35,Active,2019-02-27,B01010,4750.56,50000,True
AC0003629,C003629,2,Current,17795.65,Active,2015-07-07,B06003,6856.61,25000,False
AC0003630,C003630,7,Savings,3468.43,Active,2021-01-16,B10007,3189.68,25000,False
AC0003631,C003631,3,Savings,2888.94,Active,2024-04-21,B01001,4642.62,250000,True
AC0003632,C003632,8,Checking,23177.0,Active,2016-01-10,B08003,9143.62,100000,True
AC0003633,C003633,8,Business,12552.8,Active,2016-09-01,B08009,3919.71,250000,True
AC0003634,C003634,7,Current,40917.17,Dormant,2021-10-12,B05001,31726.96,50000,True
AC0003635,C003635,10,Credit,8566.68,Active,2018-11-08,B10002,8269.08,50000,True
AC0003636,C003636,6,Credit,58279.03,Active,2025-05-15,B08002,1250.52,100000,True
AC0003637,C003637,1,Current,11287.78,Active,2023-12-18,B06010,19510.8,100000,True
AC0003638,C003638,7,Checking,17943.46,Active,2022-03-20,B07006,5917.55,50000,True
AC0003639,C003639,8,Current,3223.0,Closed,2019-06-05,B08010,6710.35,50000,True
AC0003640,C003640,2,Current,48734.34,Active,2024-07-27,B04010,7127.05,50000,True
AC0003641,C003641,2,Business,8133.54,Active,2018-11-17,B07008,11587.87,25000,True
AC0003642,C003642,3,Credit,6977.31,Active,2024-06-05,B02006,9707.54,100000,False
AC0003643,C003643,9,Credit,25698.89,Active,2023-12-14,B02002,6845.78,100000,True
AC0003644,C003644,6,Savings,21601.98,Active,2016-08-14,B01004,10846.57,100000,False
AC0003645,C003645,10,Business,24440.87,Active,2024-06-29,B03002,8017.03,100000,False
AC0003646,C003646,9,Current,4835.85,Active,2023-05-31,B10007,6822.04,50000,True
AC0003647,C003647,6,Credit,4271.0,Active,2025-10-30,B04006,8832.11,25000,True
AC0003648,C003648,7,Checking,11667.67,Active,2021-09-27,B07007,14787.17,25000,True
AC0003649,C003649,4,Credit,7372.24,Active,2024-04-26,B03001,5254.69,25000,True
AC0003650,C003650,1,Credit,14307.68,Active,2019-11-29,B09009,4193.79,50000,True
AC0003651,C003651,4,Credit,67317.39,Active,2016-07-29,B04004,7506.48,250000,True
AC0003652,C003652,6,Checking,21436.53,Dormant,2024-08-26,B06008,2584.1,100000,False
AC0003653,C003653,2,Business,7185.07,Closed,2015-10-20,B02007,7508.6,50000,True
AC0003654,C003654,3,Business,4353.16,Active,2025-11-21,B02009,9756.28,25000,True
AC0003655,C003655,1,Credit,11158.98,Active,2018-05-17,B03004,9029.91,250000,False
AC0003656,C003656,8,Business,20844.05,Active,2020-08-03,B08003,9124.45,25000,True
AC0003657,C003657,9,Credit,7250.76,Active,2019-10-15,B06002,15380.05,250000,True
AC0003658,C003658,9,Credit,2066.34,Active,2019-06-20,B03001,5016.8,25000,True
AC0003659,C003659,4,Credit,3966.69,Active,2017-04-13,B08002,18849.87,100000,True
AC0003660,C003660,6,Credit,5320.84,Active,2021-06-16,B05009,10124.87,50000,False
AC0003661,C003661,10,Savings,19105.79,Active,2017-05-09,B09010,9214.28,250000,True
AC0003662,C003662,6,Savings,3082.36,Active,2019-12-10,B05007,17781.22,50000,False
AC0003663,C003663,3,Current,8870.95,Closed,2020-01-20,B01005,6249.24,250000,True
AC0003664,C003664,4,Business,7519.37,Active,2022-12-26,B09006,1630.34,50000,True
AC0003665,C003665,8,Credit,9197.12,Active,2024-07-30,B09007,3920.4,50000,True
AC0003666,C003666,5,Credit,8686.86,Dormant,2025-11-29,B06001,4841.18,50000,True
AC0003667,C003667,9,Checking,7390.22,Dormant,2015-07-27,B07004,27792.18,25000,True
AC0003668,C003668,9,Checking,33258.12,Active,2021-09-27,B06001,28579.92,50000,False
AC0003669,C003669,1,Savings,25654.28,Active,2019-09-27,B10005,5301.29,250000,True
AC0003670,C003670,8,Business,4515.11,Closed,2019-04-04,B08008,2453.23,50000,True
AC0003671,C003671,4,Savings,8205.79,Active,2020-10-25,B08006,4359.38,50000,True
AC0003672,C003672,6,Checking,11789.69,Active,2018-07-30,B02010,21275.24,25000,False
AC0003673,C003673,3,Current,10468.94,Active,2021-11-16,B06009,3076.41,100000,True
AC0003674,C003674,4,Current,7948.18,Active,2018-07-01,B02004,13156.63,100000,True
AC0003675,C003675,4,Business,5109.99,Active,2023-09-02,B08008,23308.67,250000,True
AC0003676,C003676,1,Current,11853.91,Active,2021-11-17,B03003,1654.9,100000,True
AC0003677,C003677,8,Checking,5225.88,Active,2020-08-08,B02003,2178.44,250000,False
AC0003678,C003678,2,Credit,3106.8,Active,2015-06-26,B03010,13192.49,50000,True
AC0003679,C003679,4,Current,17023.33,Active,2021-02-25,B03005,20142.81,25000,False
AC0003680,C003680,2,Checking,9675.88,Dormant,2022-12-31,B08009,11346.26,50000,True
AC0003681,C003681,2,Current,46573.89,Active,2021-07-11,B01003,4954.65,25000,True
AC0003682,C003682,4,Business,3949.61,Active,2023-11-20,B03002,10320.65,50000,True
AC0003683,C003683,10,Checking,6151.87,Active,2019-10-04,B04004,9333.7,250000,True
AC0003684,C003684,10,Current,1149.66,Active,2020-01-23,B01005,4674.68,25000,False
AC0003685,C003685,4,Current,2209.59,Closed,2025-06-25,B09003,7594.25,100000,False
AC0003686,C003686,6,Current,25964.05,Active,2020-07-25,B01005,17756.88,100000,False
AC0003687,C003687,10,Credit,7855.35,Active,2018-01-04,B10002,7089.58,25000,True
AC0003688,C003688,3,Checking,5363.01,Active,2019-06-17,B02005,4646.56,50000,False
AC0003689,C003689,10,Checking,4958.01,Active,2019-06-20,B04007,3603.87,50000,True
AC0003690,C003690,2,Business,12591.23,Active,2020-12-21,B02006,4428.85,100000,False
AC0003691,C003691,3,Credit,74922.24,Active,2015-05-14,B01003,3358.32,50000,False
AC0003692,C003692,4,Savings,55172.25,Active,2015-04-08,B06006,5924.51,25000,False
AC0003693,C003693,1,Business,2397.37,Active,2019-12-12,B05007,3223.43,50000,True
AC0003694,C003694,9,Credit,18901.36,Active,2021-04-12,B03010,11018.18,250000,False
AC0003695,C003695,9,Business,2205.25,Active,2025-11-19,B05005,8409.3,100000,False
AC0003696,C003696,4,Credit,4201.66,Active,2024-04-09,B01003,19472.8,100000,True
AC0003697,C003697,9,Current,17846.6,Active,2016-12-18,B07007,12146.17,250000,True
AC0003698,C003698,8,Business,37969.88,Active,2019-02-01,B03010,5630.85,25000,True
AC0003699,C003699,9,Current,9459.2,Active,2022-10-07,B05003,4014.02,250000,True
AC0003700,C003700,9,Current,5593.27,Active,2017-11-08,B02007,20785.01,250000,True
AC0003701,C003701,6,Current,11063.38,Active,2019-09-28,B05005,6061.62,250000,False
AC0003702,C003702,2,Checking,3291.45,Dormant,2017-12-19,B07005,6697.72,100000,False
AC0003703,C003703,10,Credit,12302.25,Active,2023-08-19,B10008,8216.93,250000,False
AC0003704,C003704,7,Current,24365.21,Active,2015-08-24,B09002,10387.25,25000,True
AC0003705,C003705,10,Checking,13593.39,Active,2019-05-28,B08008,3679.03,25000,False
AC0003706,C003706,10,Savings,3983.95,Active,2018-09-02,B01001,5733.43,100000,False
AC0003707,C003707,2,Savings,12590.99,Active,2021-04-02,B02003,5534.11,50000,True
AC0003708,C003708,5,Checking,2696.56,Dormant,2025-05-20,B06006,24529.12,250000,True
AC0003709,C003709,2,Checking,83163.07,Active,2016-08-05,B03007,2906.57,250000,True
AC0003710,C003710,1,Credit,10454.51,Active,2018-10-11,B05006,1927.14,100000,False
AC0003711,C003711,10,Business,8892.72,Active,2025-12-16,B03007,1581.82,50000,False
AC0003712,C003712,10,Savings,35220.4,Active,2015-05-12,B04001,5335.8,100000,True
AC0003713,C003713,10,Savings,10399.55,Dormant,2017-05-11,B07004,22771.29,100000,True
AC0003714,C003714,9,Business,5660.21,Active,2019-11-06,B08005,21644.38,250000,False
AC0003715,C003715,7,Credit,6854.47,Active,2022-02-04,B03004,7284.77,100000,True
AC0003716,C003716,6,Checking,12408.82,Active,2017-11-21,B06007,5864.19,25000,False
AC0003717,C003717,10,Credit,8974.83,Active,2018-05-21,B04010,1768.08,25000,False
AC0003718,C003718,6,Current,10034.28,Active,2024-10-28,B10008,6082.88,250000,True
AC0003719,C003719,7,Business,22652.48,Active,2018-03-04,B06001,12898.21,250000,True
AC0003720,C003720,3,Business,64737.72,Active,2018-12-02,B07007,9903.65,250000,True
AC0003721,C003721,8,Credit,10786.62,Active,2015-04-25,B07003,5655.63,100000,False
AC0003722,C003722,9,Savings,12494.2,Active,2020-10-04,B06010,6129.05,250000,False
AC0003723,C003723,7,Checking,47634.03,Active,2018-12-12,B08009,7869.62,25000,False
AC0003724,C003724,5,Business,9558.4,Active,2024-04-12,B03003,13736.38,25000,True
AC0003725,C003725,2,Business,5275.87,Active,2023-01-31,B07009,10060.89,25000,False
AC0003726,C003726,1,Credit,9333.58,Active,2017-10-26,B08010,8144.77,100000,True
AC0003727,C003727,7,Savings,46039.22,Active,2021-10-09,B05009,11901.24,25000,True
AC0003728,C003728,7,Credit,788631.39,Active,2020-08-26,B01006,3234.49,50000,True
AC0003729,C003729,8,Checking,83726.65,Active,2021-12-01,B02009,1865.77,50000,False
AC0003730,C003730,10,Checking,21697.14,Active,2024-06-12,B03001,11679.58,250000,True
AC0003731,C003731,5,Business,18105.94,Active,2017-03-07,B02007,14680.58,100000,True
AC0003732,C003732,9,Business,2033.64,Active,2018-12-21,B09002,7492.8,250000,True
AC0003733,C003733,8,Credit,36854.57,Active,2021-05-25,B09004,36402.04,50000,True
AC0003734,C003734,3,Checking,27053.61,Active,2020-03-31,B07009,8481.03,100000,True
AC0003735,C003735,9,Current,5624.03,Active,2022-01-24,B10004,10437.78,100000,False
AC0003736,C003736,1,Credit,11661.53,Active,2016-02-26,B03003,6790.51,50000,True
AC0003737,C003737,6,Savings,20570.39,Active,2025-07-19,B04002,12322.41,100000,False
AC0003738,C003738,10,Current,10064.28,Active,2024-01-07,B01002,13624.7,100000,True
AC0003739,C003739,7,Business,4356.52,Active,2021-06-07,B08003,12119.42,50000,True
AC0003740,C003740,10,Current,11833.74,Active,2016-03-14,B02003,19724.87,25000,True
AC0003741,C003741,1,Business,13101.87,Active,2016-11-21,B06006,3123.64,50000,False
AC0003742,C003742,6,Credit,6537.04,Active,2019-11-07,B05008,5019.27,250000,True
AC0003743,C003743,8,Checking,46567.64,Active,2023-05-04,B10003,5753.21,250000,False
AC0003744,C003744,7,Current,9231.0,Active,2017-01-31,B04003,9620.32,250000,True
AC0003745,C003745,9,Savings,3620.4,Active,2016-04-21,B08009,12353.22,100000,True
AC0003746,C003746,5,Checking,13039.68,Active,2024-06-20,B09004,9917.7,250000,True
AC0003747,C003747,7,Business,6383.18,Active,2018-12-27,B06004,4809.52,250000,True
AC0003748,C003748,5,Savings,5400.27,Active,2021-04-14,B07007,13016.33,250000,True
AC0003749,C003749,9,Checking,11871.15,Active,2015-10-12,B08003,8485.27,25000,False
AC0003750,C003750,2,Business,66754.38,Active,2021-10-12,B06007,8747.13,50000,True
AC0003751,C003751,3,Business,29035.3,Active,2016-06-29,B09003,5705.28,25000,False
AC0003752,C003752,1,Savings,15202.15,Active,2024-04-25,B09005,8604.9,25000,True
AC0003753,C003753,8,Savings,41685.34,Closed,2025-09-09,B07005,8542.65,25000,True
AC0003754,C003754,3,Credit,66363.65,Active,2015-08-21,B06001,8226.92,250000,True
AC0003755,C003755,4,Current,8043.0,Active,2020-11-12,B04004,6044.5,250000,True
AC0003756,C003756,9,Current,10596.83,Active,2018-04-06,B02007,12325.12,25000,True
AC0003757,C003757,4,Savings,12316.4,Active,2017-06-02,B07008,4049.3,25000,False
AC0003758,C003758,2,Business,2855.7,Active,2025-04-05,B04006,10083.06,250000,True
AC0003759,C003759,1,Credit,4395.46,Active,2022-04-21,B05001,1433.49,50000,True
AC0003760,C003760,3,Credit,3633.05,Active,2018-06-03,B03007,21494.48,250000,True
AC0003761,C003761,10,Business,24576.03,Active,2016-09-15,B09010,6663.21,50000,False
AC0003762,C003762,6,Credit,14707.21,Active,2024-02-01,B06004,8725.49,25000,True
AC0003763,C003763,10,Credit,11345.99,Active,2018-06-09,B08001,7786.26,250000,True
AC0003764,C003764,3,Current,50069.08,Active,2017-12-05,B01004,14320.91,250000,True
AC0003765,C003765,4,Credit,4485.18,Active,2022-01-31,B06002,5474.77,50000,True
AC0003766,C003766,2,Checking,3919.18,Active,2020-04-07,B07008,1704.55,100000,False
AC0003767,C003767,4,Current,10360.49,Active,2019-06-29,B03008,4703.12,50000,False
AC0003768,C003768,6,Credit,56114.69,Active,2015-04-24,B06010,1885.76,100000,True
AC0003769,C003769,9,Credit,10041.48,Active,2023-08-17,B05006,10037.25,100000,True
AC0003770,C003770,4,Current,9670.83,Active,2022-10-01,B07003,5932.91,25000,True
AC0003771,C003771,8,Current,31344.9,Active,2015-07-23,B07007,11443.15,250000,True
AC0003772,C003772,7,Business,5013.76,Active,2024-09-08,B05010,4883.38,100000,True
AC0003773,C003773,3,Credit,7240.16,Active,2022-02-13,B05003,4995.36,25000,False
AC0003774,C003774,10,Business,11969.42,Active,2022-12-08,B03009,4275.54,50000,False
AC0003775,C003775,5,Credit,41405.52,Active,2018-03-15,B08007,13131.83,250000,True
AC0003776,C003776,2,Current,3045.23,Active,2015-06-28,B07004,10541.06,50000,False
AC0003777,C003777,10,Credit,37953.15,Active,2024-12-27,B02001,14687.41,50000,True
AC0003778,C003778,10,Current,25007.42,Dormant,2021-12-20,B01004,13161.51,50000,True
AC0003779,C003779,1,Business,95890.1,Active,2023-12-21,B07004,9057.12,100000,False
AC0003780,C003780,10,Business,5096.87,Dormant,2023-08-23,B05005,7757.73,250000,True
AC0003781,C003781,10,Current,7060.82,Active,2016-04-03,B04004,5933.14,25000,False
AC0003782,C003782,9,Checking,11940.31,Active,2018-04-11,B05001,6469.34,25000,False
AC0003783,C003783,3,Business,17452.57,Active,2025-08-06,B07004,10303.52,50000,True
AC0003784,C003784,7,Business,3475.71,Active,2016-09-26,B10008,3951.33,100000,False
AC0003785,C003785,6,Credit,8754.55,Active,2017-03-24,B03009,3147.85,50000,False
AC0003786,C003786,7,Savings,17134.04,Active,2015-05-27,B01006,4155.3,250000,True
AC0003787,C003787,7,Current,5982.24,Active,2022-05-04,B08003,14822.84,50000,True
AC0003788,C003788,7,Business,15466.22,Dormant,2018-10-12,B09008,9699.22,250000,True
AC0003789,C003789,6,Business,12652.71,Dormant,2020-02-17,B09007,5546.33,50000,True
AC0003790,C003790,7,Checking,1937.71,Active,2017-06-29,B06010,10258.71,50000,True
AC0003791,C003791,6,Savings,20163.94,Active,2016-11-06,B03009,19869.58,50000,True
AC0003792,C003792,1,Checking,13094.88,Active,2015-02-23,B04006,10598.43,50000,True
AC0003793,C003793,1,Credit,3060.96,Active,2020-09-06,B07007,16186.33,25000,False
AC0003794,C003794,10,Checking,13066.38,Active,2020-03-05,B02002,10333.79,250000,True
AC0003795,C003795,10,Business,57934.87,Active,2017-01-01,B06005,31568.51,100000,False
AC0003796,C003796,6,Business,9996.75,Active,2018-01-08,B01008,23613.38,100000,True
AC0003797,C003797,2,Credit,28669.79,Active,2018-10-22,B02002,9067.41,25000,True
AC0003798,C003798,8,Savings,9637.56,Active,2019-02-28,B03003,29782.45,25000,True
AC0003799,C003799,2,Savings,4780.02,Active,2024-05-12,B06002,9788.27,25000,True
AC0003800,C003800,4,Savings,4455.96,Dormant,2016-08-29,B01001,7536.71,100000,False
AC0003801,C003801,4,Credit,114034.94,Active,2023-09-16,B03003,9971.24,100000,True
AC0003802,C003802,1,Current,46338.26,Active,2025-12-22,B10003,10816.07,250000,True
AC0003803,C003803,9,Savings,10677.63,Active,2017-07-08,B08009,6563.23,25000,False
AC0003804,C003804,6,Checking,26577.29,Active,2018-03-11,B01005,12048.22,50000,True
AC0003805,C003805,4,Business,21009.63,Active,2024-01-27,B01004,4926.6,25000,False
AC0003806,C003806,6,Credit,17488.24,Active,2023-10-29,B02001,11659.97,100000,False
AC0003807,C003807,1,Credit,28184.22,Active,2018-01-10,B05005,11141.1,25000,True
AC0003808,C003808,5,Business,43412.63,Active,2024-06-15,B04003,4889.28,50000,True
AC0003809,C003809,6,Current,21652.5,Active,2021-07-12,B06010,10287.31,50000,True
AC0003810,C003810,4,Business,2598.95,Active,2016-11-14,B04007,16214.86,100000,True
AC0003811,C003811,9,Checking,25237.9,Active,2020-01-21,B07003,5198.37,100000,True
AC0003812,C003812,3,Credit,6177.41,Active,2020-07-12,B03002,2349.11,50000,True
AC0003813,C003813,2,Checking,13476.04,Active,2024-07-06,B05007,6732.22,25000,True
AC0003814,C003814,6,Checking,10602.79,Active,2016-10-18,B09002,1705.86,250000,False
AC0003815,C003815,9,Savings,5975.27,Active,2021-08-20,B04008,7049.69,250000,True
AC0003816,C003816,4,Business,35150.43,Active,2018-11-06,B09003,4222.64,250000,True
AC0003817,C003817,1,Current,10971.42,Active,2017-05-12,B10005,3967.61,250000,True
AC0003818,C003818,10,Credit,3294.04,Closed,2025-02-08,B07010,8876.05,25000,True
AC0003819,C003819,5,Checking,388.52,Active,2016-11-02,B09010,6894.57,250000,False
AC0003820,C003820,2,Credit,5438.58,Active,2021-04-29,B07010,12920.01,250000,False
AC0003821,C003821,7,Business,30391.83,Active,2021-01-05,B02007,1096.4,250000,False
AC0003822,C003822,4,Checking,6991.86,Active,2025-05-01,B06001,11100.81,250000,True
AC0003823,C003823,10,Credit,3790.92,Active,2021-07-27,B09006,6027.41,250000,True
AC0003824,C003824,3,Business,3731.8,Active,2019-08-28,B07005,5230.13,25000,False
AC0003825,C003825,6,Savings,15285.21,Active,2024-10-04,B04006,13329.6,50000,True
AC0003826,C003826,6,Credit,2195.23,Active,2023-03-26,B07004,6658.95,50000,False
AC0003827,C003827,3,Credit,15063.27,Active,2016-02-22,B07009,7959.61,100000,True
AC0003828,C003828,5,Current,1456.11,Active,2023-04-16,B08009,7501.58,100000,False
AC0003829,C003829,2,Business,10477.52,Active,2018-03-28,B10002,7414.35,25000,False
AC0003830,C003830,7,Business,10844.23,Active,2016-12-18,B08007,28652.92,50000,True
AC0003831,C003831,8,Savings,5339.16,Active,2024-07-02,B06006,2948.16,100000,True
AC0003832,C003832,10,Checking,21314.04,Active,2020-06-12,B03008,25559.54,100000,True
AC0003833,C003833,4,Current,19040.76,Active,2023-01-25,B04001,27976.67,250000,True
AC0003834,C003834,3,Checking,5821.83,Active,2018-10-20,B03009,24759.75,250000,False
AC0003835,C003835,6,Current,7054.11,Active,2015-01-26,B05007,17036.77,250000,False
AC0003836,C003836,7,Credit,99282.76,Active,2020-05-29,B06004,7810.35,25000,False
AC0003837,C003837,10,Current,42379.37,Active,2023-12-26,B02009,4866.22,50000,False
AC0003838,C003838,1,Checking,7329.77,Active,2019-05-19,B08004,3870.38,250000,True
AC0003839,C003839,3,Business,7116.76,Active,2023-05-09,B03010,6122.06,50000,False
AC0003840,C003840,3,Current,101424.96,Active,2025-02-24,B02008,8911.68,100000,False
AC0003841,C003841,3,Credit,1763.37,Active,2016-06-18,B05004,30326.22,100000,True
AC0003842,C003842,5,Savings,19415.94,Active,2020-09-14,B08009,4087.9,250000,True
AC0003843,C003843,9,Savings,27776.65,Active,2021-04-20,B08002,18650.96,50000,True
AC0003844,C003844,1,Credit,8031.3,Active,2017-09-26,B03007,7745.73,100000,True
AC0003845,C003845,9,Savings,13468.73,Active,2016-09-13,B06003,12170.14,25000,False
AC0003846,C003846,7,Savings,4948.54,Active,2017-05-31,B02008,2048.16,50000,True
AC0003847,C003847,7,Current,14795.61,Active,2019-03-22,B07001,3258.24,50000,True
AC0003848,C003848,7,Checking,20819.93,Active,2017-04-27,B06005,5967.78,100000,True
AC0003849,C003849,2,Current,111886.91,Active,2019-08-28,B04007,3831.15,100000,True
AC0003850,C003850,8,Current,3110.96,Active,2023-07-24,B08008,4648.87,100000,True
AC0003851,C003851,3,Current,2099.9,Active,2024-05-03,B01003,4628.34,50000,True
AC0003852,C003852,6,Business,3875.66,Active,2020-11-24,B09010,2276.98,100000,False
AC0003853,C003853,7,Current,8092.09,Dormant,2019-12-06,B06010,16182.67,25000,False
AC0003854,C003854,7,Savings,7880.49,Active,2015-04-08,B06003,10297.88,250000,True
AC0003855,C003855,4,Savings,9452.56,Active,2025-07-22,B07004,13486.92,50000,True
AC0003856,C003856,4,Business,9782.89,Active,2021-07-20,B06005,17112.76,50000,True
AC0003857,C003857,5,Savings,14312.3,Dormant,2015-10-02,B07005,7270.15,100000,False
AC0003858,C003858,1,Credit,9333.68,Active,2021-04-09,B06009,28101.92,100000,True
AC0003859,C003859,8,Savings,2259.6,Active,2018-06-22,B08010,9769.91,250000,True
AC0003860,C003860,1,Savings,37310.26,Active,2023-06-05,B06007,15652.71,25000,True
AC0003861,C003861,5,Credit,26645.25,Active,2021-02-14,B03001,6133.63,50000,True
AC0003862,C003862,7,Current,29880.87,Active,2018-02-22,B02010,3619.94,250000,True
AC0003863,C003863,1,Credit,46315.72,Active,2022-07-11,B08001,6271.7,100000,False
AC0003864,C003864,10,Business,22784.46,Dormant,2021-09-21,B04006,32506.71,50000,False
AC0003865,C003865,4,Business,8336.47,Active,2024-07-07,B03008,12482.83,25000,True
AC0003866,C003866,1,Savings,17176.22,Active,2019-09-22,B05010,51948.71,250000,True
AC0003867,C003867,7,Business,5196.34,Active,2020-06-25,B09003,9041.65,25000,True
AC0003868,C003868,6,Current,768.9,Active,2018-12-02,B10003,5270.84,100000,False
AC0003869,C003869,7,Credit,8400.41,Active,2024-12-19,B05004,4412.92,50000,False
AC0003870,C003870,8,Current,6605.75,Active,2018-02-04,B03002,17043.44,250000,False
AC0003871,C003871,5,Current,12581.54,Closed,2016-04-04,B10006,18688.08,50000,True
AC0003872,C003872,9,Credit,19003.96,Active,2024-05-30,B10005,9640.55,50000,True
AC0003873,C003873,4,Current,21732.73,Active,2017-04-10,B09003,9146.64,25000,True
AC0003874,C003874,6,Checking,5874.97,Active,2022-05-03,B04009,6367.15,100000,True
AC0003875,C003875,2,Current,36777.62,Active,2016-04-27,B08006,13353.0,250000,False
AC0003876,C003876,7,Savings,28295.8,Active,2021-10-08,B01006,19923.47,100000,False
AC0003877,C003877,3,Current,10866.57,Active,2024-12-13,B01002,16707.64,100000,False
AC0003878,C003878,7,Current,6099.96,Active,2018-06-22,B04008,13027.38,250000,False
AC0003879,C003879,9,Credit,3917.07,Dormant,2017-06-05,B01003,4777.53,250000,True
AC0003880,C003880,9,Checking,9990.66,Active,2025-06-05,B03010,6022.25,100000,True
AC0003881,C003881,10,Credit,5053.79,Active,2019-05-02,B08006,13691.39,250000,True
AC0003882,C003882,2,Business,66672.92,Dormant,2015-02-28,B08010,76278.86,25000,True
AC0003883,C003883,2,Savings,7680.41,Active,2015-07-27,B07007,5063.81,25000,True
AC0003884,C003884,10,Checking,19354.96,Active,2017-05-08,B06004,8445.94,25000,True
AC0003885,C003885,4,Credit,7248.44,Active,2021-01-03,B05005,9479.39,100000,True
AC0003886,C003886,1,Credit,907.88,Active,2023-07-23,B03008,4310.7,50000,True
AC0003887,C003887,3,Business,102438.69,Active,2022-12-06,B05009,2271.98,25000,False
AC0003888,C003888,9,Checking,2316.53,Active,2020-09-05,B06003,11356.97,50000,True
AC0003889,C003889,4,Business,11251.68,Active,2016-08-03,B06002,5116.52,25000,True
AC0003890,C003890,1,Checking,23740.47,Active,2016-07-03,B07001,19940.82,50000,True
AC0003891,C003891,8,Credit,8883.97,Active,2019-04-22,B04007,11609.66,50000,True
AC0003892,C003892,2,Business,4717.33,Active,2025-06-26,B10003,8828.31,25000,True
AC0003893,C003893,4,Business,6073.43,Active,2025-06-20,B02007,3261.32,50000,True
AC0003894,C003894,1,Current,24780.88,Active,2016-10-29,B09003,6225.14,250000,False
AC0003895,C003895,7,Checking,3671.07,Active,2022-06-29,B06006,12501.31,25000,False
AC0003896,C003896,5,Business,16038.96,Active,2023-05-29,B10009,10645.73,250000,False
AC0003897,C003897,9,Checking,5076.12,Active,2016-06-08,B04005,10670.31,100000,True
AC0003898,C003898,4,Business,5047.45,Active,2023-06-03,B10008,30709.86,100000,True
AC0003899,C003899,3,Current,3220.98,Active,2022-12-13,B05003,18422.68,250000,True
AC0003900,C003900,2,Credit,16802.43,Active,2016-11-24,B05002,6622.91,25000,True
AC0003901,C003901,3,Current,2743.52,Active,2020-04-28,B08002,24294.5,250000,False
AC0003902,C003902,5,Checking,77208.89,Active,2020-04-26,B03007,1334.4,50000,True
AC0003903,C003903,1,Checking,29357.36,Active,2020-04-14,B04007,5421.41,100000,False
AC0003904,C003904,5,Savings,50616.36,Active,2020-06-06,B08003,4480.2,250000,True
AC0003905,C003905,9,Credit,49503.67,Active,2023-05-07,B05008,2705.17,25000,False
AC0003906,C003906,8,Checking,8789.64,Active,2017-10-07,B07004,1949.07,50000,False
AC0003907,C003907,7,Savings,6467.51,Active,2019-11-09,B07007,7658.68,250000,False
AC0003908,C003908,9,Savings,5200.88,Active,2024-04-02,B07002,4620.53,25000,True
AC0003909,C003909,8,Business,5305.15,Active,2019-05-30,B03007,9234.85,25000,True
AC0003910,C003910,7,Savings,24417.81,Active,2025-10-20,B06006,7184.2,25000,True
AC0003911,C003911,9,Checking,1462.51,Active,2017-06-25,B01010,5691.17,100000,True
AC0003912,C003912,2,Current,24389.15,Active,2020-09-19,B10005,15511.83,250000,True
AC0003913,C003913,9,Checking,2096.96,Active,2022-09-12,B02007,13014.17,250000,False
AC0003914,C003914,3,Current,10906.97,Active,2016-03-07,B05008,13570.06,100000,True
AC0003915,C003915,8,Checking,2421.48,Active,2024-11-10,B06001,3792.08,100000,True
AC0003916,C003916,10,Savings,45396.87,Active,2017-11-08,B01010,32775.83,250000,True
AC0003917,C003917,5,Savings,546.11,Active,2025-08-22,B08003,10657.83,50000,False
AC0003918,C003918,1,Savings,9919.59,Active,2024-05-09,B07009,9037.51,250000,True
AC0003919,C003919,4,Current,10881.94,Active,2016-05-11,B09006,3272.22,25000,False
AC0003920,C003920,5,Checking,11697.59,Active,2024-05-13,B02005,16484.68,50000,True
AC0003921,C003921,10,Savings,10382.91,Active,2019-12-25,B10009,8189.17,250000,True
AC0003922,C003922,10,Credit,9391.22,Active,2019-11-26,B07008,15573.27,50000,False
AC0003923,C003923,6,Savings,12950.06,Active,2025-09-22,B09009,12235.15,50000,True
AC0003924,C003924,10,Checking,13114.71,Active,2024-12-20,B09007,6909.98,250000,True
AC0003925,C003925,5,Current,8542.59,Active,2017-10-17,B02008,14635.76,25000,False
AC0003926,C003926,5,Business,20829.21,Active,2015-08-28,B05009,7108.7,100000,True
AC0003927,C003927,9,Checking,1203.54,Active,2022-10-08,B05006,9482.85,50000,True
AC0003928,C003928,7,Current,8335.8,Active,2018-08-10,B06002,1756.51,25000,True
AC0003929,C003929,6,Credit,22600.64,Active,2017-11-02,B01004,9712.1,50000,False
AC0003930,C003930,5,Business,1777.88,Active,2024-02-01,B05008,24269.39,25000,False
AC0003931,C003931,8,Business,21615.57,Dormant,2017-12-21,B08005,25096.39,50000,True
AC0003932,C003932,8,Savings,24225.4,Active,2022-04-13,B01004,17378.31,50000,True
AC0003933,C003933,5,Credit,22120.18,Active,2022-09-27,B10002,9877.29,250000,False
AC0003934,C003934,1,Savings,22087.72,Active,2019-08-30,B01006,5674.58,250000,True
AC0003935,C003935,2,Business,3573.22,Active,2016-02-09,B08009,5936.8,25000,False
AC0003936,C003936,2,Credit,31245.47,Active,2024-12-07,B03007,5271.93,100000,True
AC0003937,C003937,5,Credit,12045.02,Active,2024-11-12,B10001,4141.44,25000,True
AC0003938,C003938,7,Business,8565.87,Active,2023-09-22,B10002,27228.79,50000,True
AC0003939,C003939,9,Current,67092.78,Active,2025-11-05,B07002,1990.64,250000,False
AC0003940,C003940,3,Checking,49589.49,Active,2022-12-06,B04005,17468.52,100000,True
AC0003941,C003941,8,Business,2193.26,Active,2025-01-04,B08008,1121.96,100000,True
AC0003942,C003942,7,Business,3175.5,Active,2020-08-13,B03001,19737.05,100000,True
AC0003943,C003943,1,Credit,8414.17,Active,2018-04-03,B06006,3377.52,250000,False
AC0003944,C003944,4,Credit,5026.88,Active,2017-01-01,B04008,21297.21,100000,True
AC0003945,C003945,4,Savings,3372.0,Active,2018-11-06,B06003,6017.43,100000,True
AC0003946,C003946,9,Business,7485.9,Dormant,2019-12-28,B02006,3133.68,250000,False
AC0003947,C003947,10,Savings,9339.97,Active,2022-05-07,B05006,3521.51,25000,True
AC0003948,C003948,9,Current,4614.96,Active,2025-04-06,B01003,17078.07,50000,True
AC0003949,C003949,6,Current,4653.53,Active,2019-01-10,B04005,52043.12,25000,False
AC0003950,C003950,5,Checking,2860.94,Active,2020-01-20,B09010,11001.45,100000,True
AC0003951,C003951,4,Business,6978.46,Closed,2025-03-10,B10010,20631.04,50000,True
AC0003952,C003952,8,Checking,20804.8,Active,2015-08-28,B01002,36098.92,25000,True
AC0003953,C003953,1,Credit,9744.35,Active,2017-09-20,B03006,8026.06,100000,False
AC0003954,C003954,3,Checking,4213.08,Active,2018-01-20,B06001,10183.14,250000,True
AC0003955,C003955,2,Savings,10659.01,Active,2022-04-02,B10008,6719.91,250000,True
AC0003956,C003956,5,Credit,5911.96,Active,2022-09-29,B03001,12957.32,25000,True
AC0003957,C003957,3,Current,10050.77,Dormant,2019-10-06,B03008,28273.53,50000,True
AC0003958,C003958,2,Checking,26690.39,Active,2022-09-22,B10008,10508.82,100000,False
AC0003959,C003959,4,Current,6711.37,Active,2021-08-14,B01010,15634.47,100000,True
AC0003960,C003960,9,Checking,3845.62,Active,2022-12-22,B09004,14555.86,250000,True
AC0003961,C003961,6,Current,19214.41,Active,2018-07-08,B07003,24507.4,25000,True
AC0003962,C003962,9,Savings,3698.95,Active,2024-08-08,B08001,4164.48,25000,False
AC0003963,C003963,10,Current,17074.36,Active,2017-08-25,B03005,4568.26,50000,True
AC0003964,C003964,10,Current,23050.4,Active,2025-06-26,B01010,14166.42,100000,False
AC0003965,C003965,4,Credit,9580.03,Active,2021-07-06,B05007,1418.54,100000,True
AC0003966,C003966,9,Current,4699.64,Closed,2025-09-24,B01001,11244.23,100000,True
AC0003967,C003967,10,Checking,9313.27,Active,2025-07-07,B06002,11124.87,100000,True
AC0003968,C003968,10,Credit,10761.36,Active,2022-12-24,B10008,4327.35,50000,True
AC0003969,C003969,4,Current,48349.24,Active,2021-09-19,B06002,22125.24,250000,True
AC0003970,C003970,3,Business,48126.47,Active,2020-05-05,B09010,3247.46,100000,True
AC0003971,C003971,6,Business,8414.46,Active,2016-02-16,B09007,20817.67,50000,False
AC0003972,C003972,10,Current,52813.23,Active,2018-01-31,B05005,3095.25,100000,True
AC0003973,C003973,10,Current,10185.64,Active,2016-08-11,B03002,10390.2,50000,True
AC0003974,C003974,6,Credit,4461.5,Active,2025-03-11,B01010,3349.7,25000,True
AC0003975,C003975,2,Business,53936.0,Active,2016-08-06,B02010,14237.27,50000,False
AC0003976,C003976,5,Business,7761.76,Active,2017-05-02,B09004,14757.63,250000,False
AC0003977,C003977,8,Current,27673.35,Active,2021-05-20,B08003,3785.31,250000,False
AC0003978,C003978,6,Savings,23673.65,Active,2022-03-08,B09007,7196.95,25000,True
AC0003979,C003979,4,Savings,12401.17,Active,2017-11-01,B08010,3574.96,100000,False
AC0003980,C003980,4,Credit,11407.73,Active,2024-01-24,B10001,5463.27,250000,True
AC0003981,C003981,1,Current,6687.55,Active,2019-03-03,B06004,7346.97,250000,True
AC0003982,C003982,3,Current,12866.26,Active,2025-06-15,B06001,13485.86,50000,False
AC0003983,C003983,7,Checking,7825.59,Active,2019-11-02,B03002,11364.8,250000,False
AC0003984,C003984,3,Savings,4453.2,Active,2024-02-07,B03007,1626.76,100000,True
AC0003985,C003985,10,Checking,35530.46,Active,2019-01-07,B10004,3701.64,100000,True
AC0003986,C003986,1,Credit,4247.98,Active,2024-02-20,B09004,8760.55,100000,False
AC0003987,C003987,6,Current,3485.64,Active,2016-08-17,B07001,5889.31,250000,True
AC0003988,C003988,5,Business,6382.46,Active,2022-11-05,B04008,23694.84,100000,True
AC0003989,C003989,9,Savings,2123.61,Active,2019-05-07,B10005,40948.91,100000,False
AC0003990,C003990,9,Credit,11935.86,Active,2018-09-10,B09003,4615.4,25000,False
AC0003991,C003991,6,Checking,30843.33,Dormant,2016-08-24,B03003,5039.48,250000,False
AC0003992,C003992,7,Checking,23608.57,Dormant,2018-11-14,B02001,7818.83,50000,False
AC0003993,C003993,7,Current,13036.74,Active,2016-10-07,B05004,4527.37,250000,True
AC0003994,C003994,6,Credit,40889.28,Active,2022-03-23,B05003,6594.23,25000,False
AC0003995,C003995,2,Savings,89155.9,Active,2020-06-22,B02002,10512.42,25000,True
AC0003996,C003996,5,Checking,83890.39,Active,2017-06-13,B03010,9165.11,25000,False
AC0003997,C003997,3,Business,8209.25,Active,2015-01-08,B06008,5474.77,100000,True
AC0003998,C003998,5,Credit,103445.37,Active,2022-04-17,B02002,29135.83,100000,True
AC0003999,C003999,7,Savings,7401.84,Active,2021-08-15,B04010,5731.86,250000,False
AC0004000,C004000,3,Checking,12089.65,Active,2025-03-01,B04006,21233.65,250000,True
AC0004001,C004001,3,Business,10581.61,Active,2016-11-12,B04005,8649.39,25000,True
AC0004002,C004002,9,Credit,9771.57,Dormant,2016-09-21,B10008,7745.62,25000,True
AC0004003,C004003,4,Business,130062.48,Active,2020-10-01,B09004,10916.12,25000,True
AC0004004,C004004,2,Business,22994.47,Active,2023-04-13,B06002,13937.87,250000,True
AC0004005,C004005,8,Credit,11298.29,Active,2022-04-29,B01005,10632.83,50000,False
AC0004006,C004006,8,Checking,32876.06,Active,2019-09-07,B08005,11727.82,250000,True
AC0004007,C004007,9,Credit,59293.18,Active,2018-09-24,B06002,4601.2,25000,False
AC0004008,C004008,8,Checking,31892.25,Active,2016-01-12,B02003,5717.8,100000,True
AC0004009,C004009,10,Checking,4433.19,Active,2025-08-27,B01010,6318.71,250000,True
AC0004010,C004010,6,Checking,36078.35,Active,2022-08-11,B07008,2391.22,100000,True
AC0004011,C004011,3,Business,16200.52,Active,2024-04-22,B07003,4491.21,50000,True
AC0004012,C004012,9,Checking,26493.67,Active,2015-03-10,B07009,3672.19,50000,True
AC0004013,C004013,3,Business,3142.83,Active,2024-06-07,B10006,91584.6,50000,True
AC0004014,C004014,3,Business,19622.0,Active,2023-09-06,B06007,3842.72,25000,True
AC0004015,C004015,9,Business,20144.25,Active,2019-03-06,B07005,17026.5,250000,False
AC0004016,C004016,9,Checking,1750.59,Active,2023-12-06,B03008,9721.4,25000,False
AC0004017,C004017,4,Current,14556.21,Dormant,2021-07-23,B03003,18095.67,250000,True
AC0004018,C004018,8,Savings,34194.49,Active,2018-04-14,B06007,5921.84,250000,False
AC0004019,C004019,10,Savings,10695.35,Active,2024-05-24,B08002,10446.68,250000,False
AC0004020,C004020,8,Credit,24501.84,Active,2022-09-09,B05008,4437.83,25000,False
AC0004021,C004021,1,Checking,24883.55,Active,2019-12-29,B05004,6939.46,25000,True
AC0004022,C004022,7,Savings,46497.45,Active,2025-10-04,B07007,37484.13,250000,False
AC0004023,C004023,2,Credit,1644.18,Active,2018-04-07,B03010,11821.29,250000,True
AC0004024,C004024,9,Checking,50972.33,Active,2025-09-01,B06009,8514.05,100000,True
AC0004025,C004025,1,Credit,64853.6,Active,2016-01-30,B06005,6288.74,25000,True
AC0004026,C004026,10,Savings,56372.54,Active,2019-01-11,B07009,2324.32,100000,True
AC0004027,C004027,2,Checking,5926.01,Dormant,2023-05-14,B07008,22411.11,100000,True
AC0004028,C004028,5,Checking,26419.37,Dormant,2025-11-02,B06005,2229.87,25000,True
AC0004029,C004029,3,Checking,5537.92,Active,2020-09-21,B10006,19473.77,50000,True
AC0004030,C004030,9,Credit,7797.79,Active,2024-09-06,B06007,17941.49,100000,True
AC0004031,C004031,4,Savings,5293.49,Active,2019-05-15,B07001,1750.98,100000,False
AC0004032,C004032,8,Savings,22563.46,Active,2019-03-19,B06009,11050.93,50000,False
AC0004033,C004033,1,Savings,5389.55,Active,2025-03-09,B05009,1476.15,100000,True
AC0004034,C004034,5,Savings,9609.28,Active,2023-06-28,B05009,16845.81,25000,True
AC0004035,C004035,10,Savings,5842.53,Active,2021-07-11,B03003,4692.02,25000,False
AC0004036,C004036,10,Credit,25408.82,Active,2025-12-14,B02008,11917.71,50000,False
AC0004037,C004037,3,Checking,21610.75,Active,2017-03-15,B08007,6231.08,25000,True
AC0004038,C004038,4,Credit,11903.06,Active,2024-11-11,B02010,11910.13,25000,True
AC0004039,C004039,5,Business,85827.54,Active,2024-10-16,B03003,4873.8,25000,True
AC0004040,C004040,6,Credit,3989.62,Active,2024-08-28,B09003,6703.03,25000,True
AC0004041,C004041,6,Current,10606.02,Active,2022-08-31,B04007,92614.24,25000,True
AC0004042,C004042,2,Business,7123.23,Active,2023-09-07,B03005,24612.8,100000,True
AC0004043,C004043,8,Credit,5015.13,Active,2022-05-10,B04005,4379.72,25000,False
AC0004044,C004044,3,Current,7544.18,Active,2015-12-28,B06005,4416.63,50000,True
AC0004045,C004045,4,Business,51052.36,Active,2022-06-25,B03001,5660.45,100000,False
AC0004046,C004046,9,Savings,7125.87,Active,2025-03-18,B07008,4875.37,250000,True
AC0004047,C004047,7,Credit,17142.08,Active,2020-09-07,B08001,18510.97,100000,False
AC0004048,C004048,4,Checking,1030.79,Active,2023-01-20,B09007,4664.35,100000,True
AC0004049,C004049,10,Credit,4870.77,Active,2015-04-10,B05003,4009.13,25000,False
AC0004050,C004050,4,Current,12160.32,Active,2018-12-10,B06004,8385.53,25000,False
AC0004051,C004051,6,Business,15436.26,Active,2016-02-08,B03004,19983.51,50000,False
AC0004052,C004052,3,Business,14097.07,Active,2019-12-24,B06009,9299.39,250000,True
AC0004053,C004053,2,Credit,779.39,Active,2019-02-18,B04006,8331.74,25000,True
AC0004054,C004054,5,Credit,3005.36,Active,2022-07-08,B06010,5231.21,250000,True
AC0004055,C004055,6,Credit,28664.02,Active,2023-12-15,B01009,5900.98,100000,True
AC0004056,C004056,9,Checking,2616.6,Active,2017-02-06,B07010,2829.09,100000,True
AC0004057,C004057,4,Checking,8046.77,Active,2025-09-15,B01008,1791.82,250000,True
AC0004058,C004058,9,Current,50902.14,Active,2020-02-03,B02006,3548.69,100000,True
AC0004059,C004059,7,Business,35550.3,Active,2021-04-10,B10001,18864.81,100000,False
AC0004060,C004060,1,Checking,2711.82,Active,2020-03-16,B07009,5081.94,25000,False
AC0004061,C004061,8,Checking,11353.67,Active,2022-07-27,B03006,18151.92,250000,True
AC0004062,C004062,6,Checking,32200.27,Active,2015-08-02,B06002,15799.45,25000,False
AC0004063,C004063,4,Savings,8200.55,Active,2022-10-12,B07010,31720.87,250000,True
AC0004064,C004064,5,Savings,27803.75,Active,2017-01-16,B01002,3338.77,250000,True
AC0004065,C004065,4,Savings,738.27,Active,2018-12-30,B10005,7408.52,100000,True
AC0004066,C004066,7,Checking,12862.48,Active,2017-04-18,B01003,8007.82,25000,False
AC0004067,C004067,6,Credit,30230.67,Active,2015-11-18,B05010,7992.83,25000,True
AC0004068,C004068,5,Savings,16500.9,Active,2018-05-09,B09006,20015.52,250000,False
AC0004069,C004069,3,Credit,15514.98,Active,2025-03-10,B06003,9226.14,50000,False
AC0004070,C004070,4,Current,2077.39,Active,2024-03-07,B04006,6131.37,100000,False
AC0004071,C004071,5,Current,5076.15,Active,2022-08-12,B06010,2030.18,50000,False
AC0004072,C004072,5,Current,6719.48,Active,2020-10-14,B06002,9703.25,250000,True
AC0004073,C004073,4,Savings,5246.55,Active,2025-06-20,B03007,8577.41,250000,False
AC0004074,C004074,6,Current,16630.71,Active,2019-09-28,B07006,6249.66,100000,False
AC0004075,C004075,3,Current,46980.59,Active,2020-12-30,B10001,12167.83,50000,True
AC0004076,C004076,6,Current,11145.73,Active,2016-12-07,B01007,2190.03,50000,False
AC0004077,C004077,2,Business,9915.01,Active,2016-11-01,B06007,13632.36,50000,True
AC0004078,C004078,5,Business,13900.67,Active,2019-07-13,B01004,4381.7,25000,False
AC0004079,C004079,8,Business,18423.29,Active,2021-12-26,B08010,19327.89,25000,True
AC0004080,C004080,9,Current,34148.69,Active,2020-06-10,B02002,14383.58,250000,True
AC0004081,C004081,7,Current,10133.18,Active,2015-03-30,B07004,11947.39,50000,True
AC0004082,C004082,8,Business,6726.65,Active,2024-05-08,B01005,8955.8,25000,False
AC0004083,C004083,1,Savings,5502.62,Dormant,2022-10-27,B10003,3049.74,50000,True
AC0004084,C004084,4,Checking,62399.7,Active,2022-09-02,B06005,3638.23,100000,True
AC0004085,C004085,7,Savings,13030.94,Active,2015-11-22,B02004,5300.45,250000,True
AC0004086,C004086,9,Checking,13597.87,Dormant,2020-12-02,B04004,6887.93,250000,True
AC0004087,C004087,6,Current,4832.38,Dormant,2018-10-16,B07004,2071.27,50000,False
AC0004088,C004088,9,Savings,4439.33,Active,2023-12-07,B03008,7412.54,50000,True
AC0004089,C004089,3,Checking,13492.21,Active,2017-06-24,B01004,10273.3,100000,True
AC0004090,C004090,2,Current,7596.59,Active,2019-07-18,B07003,17203.84,100000,False
AC0004091,C004091,1,Current,12767.0,Active,2018-02-02,B06002,6440.31,50000,False
AC0004092,C004092,6,Business,9185.0,Active,2016-08-30,B04010,16520.17,250000,True
AC0004093,C004093,7,Checking,172963.12,Active,2017-12-22,B10003,14062.6,100000,False
AC0004094,C004094,3,Savings,4228.75,Active,2023-03-25,B01009,12820.93,250000,True
AC0004095,C004095,8,Credit,18640.26,Active,2017-04-12,B10005,10950.92,50000,True
AC0004096,C004096,8,Checking,6476.39,Active,2015-10-08,B06009,3588.27,50000,True
AC0004097,C004097,4,Current,24890.93,Active,2025-04-05,B10008,9340.02,250000,False
AC0004098,C004098,3,Checking,20818.93,Active,2025-09-27,B06010,3333.32,250000,True
AC0004099,C004099,8,Business,30562.61,Active,2018-10-16,B02003,16515.47,50000,True
AC0004100,C004100,7,Credit,28027.03,Active,2018-08-06,B02008,7055.43,250000,True
AC0004101,C004101,2,Business,29513.68,Active,2024-02-15,B08007,5874.95,25000,True
AC0004102,C004102,3,Savings,6762.72,Active,2021-12-26,B05005,10672.93,100000,True
AC0004103,C004103,5,Credit,3817.19,Active,2023-08-14,B03006,3297.22,250000,True
AC0004104,C004104,6,Business,15795.16,Active,2017-12-18,B04008,2964.02,25000,True
AC0004105,C004105,2,Business,33803.61,Active,2015-04-05,B04007,7141.83,100000,True
AC0004106,C004106,10,Business,11125.1,Active,2015-10-07,B10007,16910.49,25000,False
AC0004107,C004107,4,Savings,4554.96,Closed,2021-10-04,B08006,9270.53,50000,True
AC0004108,C004108,4,Checking,38051.02,Active,2024-02-03,B10009,1615.89,25000,True
AC0004109,C004109,1,Business,58417.53,Active,2022-09-28,B03008,4231.45,25000,True
AC0004110,C004110,9,Credit,61198.51,Dormant,2019-05-24,B03005,17000.1,50000,False
AC0004111,C004111,3,Credit,3957.43,Active,2024-12-11,B03001,1901.82,50000,True
AC0004112,C004112,10,Savings,3346.55,Active,2025-01-03,B10004,18435.26,100000,False
AC0004113,C004113,5,Current,15401.22,Active,2016-01-28,B07008,6359.95,250000,False
AC0004114,C004114,9,Credit,2382.44,Active,2018-08-30,B09001,7831.07,50000,True
AC0004115,C004115,2,Checking,22775.5,Active,2017-09-28,B05009,3440.44,250000,True
AC0004116,C004116,2,Savings,9148.52,Active,2021-03-06,B09005,7491.07,25000,True
AC0004117,C004117,9,Business,42012.52,Active,2021-05-31,B08005,14685.89,50000,False
AC0004118,C004118,9,Current,12729.2,Active,2018-03-23,B08007,64864.48,50000,True
AC0004119,C004119,6,Current,6438.22,Active,2022-12-30,B10003,6991.34,25000,False
AC0004120,C004120,1,Checking,9844.03,Active,2019-12-26,B08005,4726.89,50000,True
AC0004121,C004121,10,Savings,13263.19,Active,2020-09-20,B09010,8404.54,100000,True
AC0004122,C004122,4,Checking,7641.47,Active,2016-09-29,B03003,15639.37,250000,False
AC0004123,C004123,10,Credit,6491.52,Active,2025-04-23,B02002,3497.69,100000,True
AC0004124,C004124,9,Credit,14232.48,Active,2020-08-30,B10005,6375.88,25000,True
AC0004125,C004125,9,Checking,1938.19,Active,2023-06-05,B06007,18871.3,250000,True
AC0004126,C004126,7,Current,51544.81,Active,2022-04-28,B02007,17056.56,50000,True
AC0004127,C004127,7,Credit,127614.5,Active,2015-08-15,B05001,2991.14,250000,False
AC0004128,C004128,6,Credit,6309.0,Active,2021-11-23,B01009,10976.76,250000,True
AC0004129,C004129,1,Checking,7107.4,Active,2025-09-18,B02002,11182.97,250000,False
AC0004130,C004130,4,Credit,19338.36,Active,2022-01-22,B08007,6976.45,250000,True
AC0004131,C004131,8,Business,6507.3,Active,2015-10-01,B06001,18623.6,25000,True
AC0004132,C004132,9,Business,40875.78,Active,2022-09-17,B06005,6420.59,250000,False
AC0004133,C004133,6,Savings,14564.99,Active,2021-04-11,B08004,26140.65,100000,True
AC0004134,C004134,8,Checking,54290.51,Active,2023-01-02,B03010,15419.65,250000,False
AC0004135,C004135,1,Checking,17663.33,Active,2015-07-04,B06004,3748.03,250000,False
AC0004136,C004136,5,Checking,6270.6,Active,2015-06-22,B07009,8570.73,250000,True
AC0004137,C004137,6,Current,17582.91,Active,2023-12-02,B05005,20234.85,50000,True
AC0004138,C004138,9,Checking,14708.94,Closed,2017-12-11,B07010,8092.3,25000,False
AC0004139,C004139,4,Savings,30025.46,Active,2017-12-19,B03008,5990.0,50000,False
AC0004140,C004140,3,Business,5663.0,Dormant,2019-06-21,B04002,19156.54,25000,True
AC0004141,C004141,4,Savings,26468.05,Active,2024-02-22,B03009,19055.88,25000,True
AC0004142,C004142,2,Business,2100.12,Active,2017-05-27,B06002,13763.5,25000,True
AC0004143,C004143,6,Checking,20422.03,Active,2023-10-18,B04008,7663.18,100000,True
AC0004144,C004144,7,Credit,38280.5,Active,2017-09-23,B10004,3513.55,50000,True
AC0004145,C004145,9,Checking,4496.37,Active,2018-04-02,B02009,4651.99,100000,True
AC0004146,C004146,10,Current,16496.46,Active,2024-05-19,B07009,8084.55,25000,True
AC0004147,C004147,1,Savings,158494.22,Active,2016-12-15,B05009,9493.07,100000,True
AC0004148,C004148,3,Current,1482.11,Active,2020-07-22,B10007,14209.18,100000,True
AC0004149,C004149,4,Savings,10007.36,Active,2017-01-31,B10005,26505.23,250000,False
AC0004150,C004150,3,Checking,17952.69,Active,2024-01-09,B04007,5846.79,250000,True
AC0004151,C004151,9,Current,5504.99,Active,2019-01-23,B07007,6670.22,25000,True
AC0004152,C004152,2,Credit,31664.79,Active,2017-03-03,B08006,4990.3,100000,True
AC0004153,C004153,1,Business,5634.15,Active,2016-02-28,B02003,7551.15,50000,False
AC0004154,C004154,9,Current,5106.44,Active,2015-08-14,B07006,10609.48,100000,True
AC0004155,C004155,10,Credit,20290.48,Active,2017-01-07,B03002,8627.97,50000,False
AC0004156,C004156,3,Credit,5991.86,Active,2024-05-04,B07006,19300.84,50000,True
AC0004157,C004157,4,Current,21458.17,Active,2018-06-22,B09004,3482.36,250000,False
AC0004158,C004158,6,Current,8817.15,Active,2018-02-17,B03006,2313.28,250000,False
AC0004159,C004159,6,Checking,7256.76,Active,2022-01-29,B10009,5430.14,50000,True
AC0004160,C004160,10,Business,10000.15,Active,2024-04-14,B03005,67993.93,25000,True
AC0004161,C004161,5,Checking,9363.77,Active,2017-09-20,B04008,5909.47,100000,True
AC0004162,C004162,1,Business,7524.91,Active,2024-02-21,B02008,16278.15,50000,True
AC0004163,C004163,5,Checking,10135.2,Active,2016-05-09,B03004,12912.85,25000,False
AC0004164,C004164,6,Business,12466.28,Active,2024-06-21,B03007,8056.56,100000,True
AC0004165,C004165,6,Current,15179.08,Active,2024-03-03,B09005,6813.93,50000,True
AC0004166,C004166,6,Checking,21835.14,Active,2021-04-22,B01009,10805.01,250000,False
AC0004167,C004167,10,Savings,3242.73,Active,2023-08-06,B08005,7226.71,25000,True
AC0004168,C004168,9,Current,3049.08,Active,2019-10-05,B02005,5333.79,25000,True
AC0004169,C004169,3,Current,11076.49,Active,2018-10-06,B08003,6928.05,100000,True
AC0004170,C004170,4,Current,6640.36,Dormant,2016-02-12,B10005,4170.85,100000,True
AC0004171,C004171,7,Checking,1771.59,Active,2022-08-12,B06006,6497.96,50000,False
AC0004172,C004172,5,Checking,15518.31,Active,2016-09-08,B05001,10329.43,100000,True
AC0004173,C004173,5,Current,9142.64,Active,2016-05-21,B06008,3665.13,100000,False
AC0004174,C004174,2,Checking,2124.3,Active,2021-03-28,B04010,9552.31,25000,True
AC0004175,C004175,3,Checking,3106.97,Active,2024-10-12,B09010,4774.88,100000,False
AC0004176,C004176,8,Current,10850.27,Active,2021-09-16,B03002,31215.77,250000,False
AC0004177,C004177,9,Checking,3948.38,Active,2020-10-11,B03007,15260.19,100000,False
AC0004178,C004178,8,Savings,23211.1,Active,2023-04-24,B04003,3240.46,25000,True
AC0004179,C004179,4,Business,8673.68,Active,2018-03-11,B06003,7992.6,100000,False
AC0004180,C004180,2,Savings,45251.73,Active,2020-05-04,B01001,5433.62,250000,True
AC0004181,C004181,2,Credit,6546.44,Dormant,2017-07-19,B10004,2277.47,100000,False
AC0004182,C004182,4,Credit,10645.4,Active,2023-07-23,B05005,7955.72,25000,True
AC0004183,C004183,6,Savings,4018.55,Active,2024-08-08,B08002,8831.93,25000,False
AC0004184,C004184,9,Current,3395.17,Active,2016-07-24,B07003,20349.77,100000,True
AC0004185,C004185,9,Current,9005.73,Active,2016-01-04,B03006,3059.39,25000,True
AC0004186,C004186,1,Current,10149.51,Active,2024-08-20,B09009,9899.71,250000,True
AC0004187,C004187,8,Checking,15962.66,Active,2025-09-23,B09004,20207.08,100000,False
AC0004188,C004188,3,Current,49330.43,Active,2019-03-07,B08009,14741.17,50000,True
AC0004189,C004189,2,Business,23152.83,Active,2023-10-30,B01004,6246.6,50000,False
AC0004190,C004190,6,Savings,3994.26,Active,2021-04-19,B08003,8175.64,25000,False
AC0004191,C004191,1,Current,6833.68,Active,2015-11-15,B03006,5800.89,50000,True
AC0004192,C004192,4,Current,21411.06,Active,2024-11-07,B06005,20851.64,250000,True
AC0004193,C004193,6,Checking,8397.58,Active,2017-12-10,B05007,2753.55,25000,False
AC0004194,C004194,3,Credit,11102.9,Active,2018-07-24,B10004,5310.53,50000,True
AC0004195,C004195,6,Savings,14589.07,Active,2021-04-12,B02005,21714.19,250000,True
AC0004196,C004196,5,Credit,15648.72,Active,2018-01-19,B01003,9023.55,100000,True
AC0004197,C004197,8,Savings,16185.06,Active,2016-10-27,B02003,5490.1,25000,True
AC0004198,C004198,2,Checking,3532.52,Active,2022-07-29,B02004,2403.49,100000,True
AC0004199,C004199,1,Savings,18091.28,Active,2017-08-21,B05004,1835.13,50000,True
AC0004200,C004200,6,Savings,9982.37,Active,2020-03-23,B08001,11945.79,250000,False
AC0004201,C004201,3,Savings,9943.58,Active,2021-04-25,B09008,11983.37,50000,False
AC0004202,C004202,8,Checking,7582.84,Active,2019-07-29,B02009,10373.23,50000,True
AC0004203,C004203,1,Business,9377.42,Dormant,2025-01-14,B03005,48166.53,250000,True
AC0004204,C004204,6,Current,7765.95,Active,2018-09-09,B02009,8578.42,25000,False
AC0004205,C004205,10,Credit,28959.99,Active,2023-12-12,B03008,15166.89,25000,True
AC0004206,C004206,1,Credit,6985.03,Active,2023-08-17,B02001,50751.45,50000,False
AC0004207,C004207,4,Credit,14034.32,Active,2016-10-16,B08009,15266.43,250000,True
AC0004208,C004208,9,Business,16298.96,Active,2021-10-09,B07009,8051.99,250000,True
AC0004209,C004209,6,Current,6476.02,Active,2020-04-24,B06003,1935.38,50000,False
AC0004210,C004210,2,Business,9900.92,Active,2021-02-01,B02008,11217.95,50000,True
AC0004211,C004211,3,Current,7679.87,Active,2020-12-16,B10009,11726.23,50000,True
AC0004212,C004212,8,Savings,7386.06,Active,2019-05-09,B01001,11295.15,50000,True
AC0004213,C004213,9,Current,4406.47,Active,2023-09-08,B04005,10851.44,100000,True
AC0004214,C004214,4,Savings,3457.9,Active,2017-07-27,B08009,9907.46,100000,False
AC0004215,C004215,5,Checking,3392.05,Active,2016-04-04,B10009,18392.12,50000,True
AC0004216,C004216,8,Checking,4087.69,Active,2017-09-13,B10006,12592.85,250000,True
AC0004217,C004217,2,Business,2272.1,Active,2019-11-24,B06004,4095.07,100000,False
AC0004218,C004218,3,Checking,16112.51,Active,2023-06-08,B10008,8622.29,50000,True
AC0004219,C004219,8,Current,27824.04,Active,2019-06-29,B07009,8883.46,100000,True
AC0004220,C004220,2,Savings,7515.86,Active,2015-06-26,B02004,6339.89,50000,False
AC0004221,C004221,8,Current,23222.71,Active,2015-07-13,B03005,3749.73,50000,False
AC0004222,C004222,5,Current,3173.5,Closed,2017-06-10,B07007,4483.92,50000,True
AC0004223,C004223,10,Business,5967.95,Active,2015-02-10,B08002,11145.84,250000,True
AC0004224,C004224,1,Credit,5981.29,Active,2020-02-01,B10009,13716.57,100000,False
AC0004225,C004225,10,Business,85492.93,Closed,2025-12-16,B07009,14404.4,50000,False
AC0004226,C004226,3,Current,10972.62,Active,2019-07-05,B03008,3210.49,50000,False
AC0004227,C004227,1,Checking,5767.04,Active,2023-07-28,B01010,9574.76,50000,True
AC0004228,C004228,8,Credit,6386.71,Active,2023-04-03,B09005,7755.78,25000,True
AC0004229,C004229,6,Current,7061.27,Active,2019-04-23,B09005,12585.78,100000,True
AC0004230,C004230,9,Savings,64102.83,Active,2025-01-22,B08002,4883.82,250000,True
AC0004231,C004231,2,Credit,26247.71,Active,2024-01-16,B07009,3946.99,100000,False
AC0004232,C004232,1,Business,26571.9,Active,2025-09-11,B10007,17210.21,50000,True
AC0004233,C004233,6,Credit,60891.89,Active,2015-02-17,B09008,4857.21,100000,True
AC0004234,C004234,9,Current,2839.19,Active,2020-10-05,B02004,10007.85,50000,False
AC0004235,C004235,5,Current,4001.23,Active,2021-01-31,B09005,21955.02,50000,True
AC0004236,C004236,8,Credit,9652.33,Active,2025-08-15,B06002,28626.48,50000,False
AC0004237,C004237,10,Savings,10245.96,Active,2021-11-09,B06003,28220.92,100000,False
AC0004238,C004238,9,Business,10169.77,Active,2023-09-23,B02006,42234.73,50000,True
AC0004239,C004239,6,Checking,10808.83,Closed,2015-07-03,B06004,10535.68,100000,True
AC0004240,C004240,7,Current,2139.93,Active,2015-07-21,B06002,28219.53,25000,True
AC0004241,C004241,6,Credit,87602.92,Active,2025-11-29,B08004,4913.11,250000,True
AC0004242,C004242,7,Current,47045.6,Active,2015-01-19,B06003,10231.97,50000,True
AC0004243,C004243,6,Current,6807.67,Active,2015-08-09,B02001,9485.94,25000,True
AC0004244,C004244,6,Business,5643.95,Active,2024-11-27,B04009,43779.86,250000,True
AC0004245,C004245,5,Current,17596.71,Active,2018-10-10,B02007,7043.1,50000,True
AC0004246,C004246,7,Checking,86468.66,Active,2017-03-20,B01006,10035.98,250000,False
AC0004247,C004247,8,Current,41553.73,Active,2015-08-12,B04002,12444.27,100000,False
AC0004248,C004248,10,Business,47426.01,Active,2015-01-16,B06005,1647.33,50000,True
AC0004249,C004249,7,Checking,9880.71,Active,2023-11-30,B07005,6681.62,25000,False
AC0004250,C004250,2,Checking,3508.18,Active,2018-02-09,B01006,4911.9,250000,True
AC0004251,C004251,6,Checking,11985.89,Active,2018-03-14,B01009,5529.28,50000,True
AC0004252,C004252,4,Credit,37420.3,Active,2019-04-04,B08003,8349.7,250000,True
AC0004253,C004253,1,Credit,16816.9,Active,2021-11-05,B03004,18232.49,25000,True
AC0004254,C004254,1,Current,132409.79,Active,2022-05-06,B06009,14940.85,50000,False
AC0004255,C004255,6,Credit,3538.64,Active,2015-12-19,B02010,7211.38,25000,True
AC0004256,C004256,10,Business,17880.03,Active,2025-10-21,B05003,7690.77,25000,True
AC0004257,C004257,6,Current,15054.78,Active,2022-08-09,B03003,6848.34,100000,True
AC0004258,C004258,5,Savings,2402.31,Active,2024-09-27,B01003,13478.59,25000,False
AC0004259,C004259,1,Savings,21212.85,Active,2020-06-23,B08007,9663.51,50000,True
AC0004260,C004260,7,Business,102274.64,Active,2025-07-25,B05001,10340.63,25000,False
AC0004261,C004261,1,Current,8130.21,Active,2018-01-18,B07001,5362.7,250000,True
AC0004262,C004262,9,Business,7876.29,Active,2021-11-26,B02008,4091.52,100000,True
AC0004263,C004263,9,Credit,30323.38,Dormant,2016-08-23,B03009,4915.21,250000,True
AC0004264,C004264,10,Savings,49504.46,Dormant,2015-04-19,B05003,38309.95,50000,True
AC0004265,C004265,3,Current,5516.83,Dormant,2018-08-20,B02006,2812.1,50000,True
AC0004266,C004266,2,Current,56773.38,Active,2018-07-06,B03010,3682.48,250000,False
AC0004267,C004267,3,Savings,39292.46,Active,2017-05-09,B10004,7935.05,100000,True
AC0004268,C004268,8,Credit,5035.99,Active,2025-04-10,B09008,9623.89,100000,True
AC0004269,C004269,3,Current,1900.86,Active,2021-12-27,B06001,17373.31,250000,True
AC0004270,C004270,9,Credit,6253.73,Active,2017-08-21,B07005,3972.85,100000,True
AC0004271,C004271,2,Business,3457.86,Active,2021-06-09,B04008,4434.44,50000,True
AC0004272,C004272,1,Savings,26724.88,Active,2021-07-03,B10004,5496.87,250000,True
AC0004273,C004273,3,Savings,3349.22,Active,2025-04-08,B04008,4630.99,25000,True
AC0004274,C004274,8,Credit,17899.27,Active,2021-06-16,B04002,8286.98,50000,True
AC0004275,C004275,7,Business,20886.0,Active,2025-05-17,B05010,6707.26,250000,True
AC0004276,C004276,4,Credit,6925.64,Active,2017-03-13,B10003,14092.42,25000,True
AC0004277,C004277,7,Savings,42159.85,Active,2024-07-10,B10001,16746.52,250000,True
AC0004278,C004278,7,Savings,3310.46,Active,2017-09-11,B04005,9869.13,50000,True
AC0004279,C004279,6,Current,12501.88,Active,2017-06-27,B05010,1363.71,25000,False
AC0004280,C004280,6,Checking,6765.1,Active,2021-03-23,B04005,6067.87,50000,True
AC0004281,C004281,2,Credit,6939.5,Active,2021-09-22,B01010,17466.45,25000,True
AC0004282,C004282,3,Credit,5879.41,Active,2019-06-02,B01007,2896.52,25000,True
AC0004283,C004283,6,Savings,29885.52,Active,2018-11-09,B01004,7562.93,25000,True
AC0004284,C004284,2,Current,2482.79,Active,2022-01-05,B06009,1253.18,100000,True
AC0004285,C004285,5,Checking,4108.69,Active,2025-04-09,B01003,14478.78,100000,True
AC0004286,C004286,2,Business,1577.11,Active,2018-11-11,B03004,5066.49,50000,False
AC0004287,C004287,8,Checking,4625.68,Active,2022-03-02,B08007,10401.92,25000,True
AC0004288,C004288,2,Checking,2333.03,Active,2018-08-05,B01007,3625.82,100000,False
AC0004289,C004289,1,Savings,20761.61,Active,2019-09-07,B05010,3796.62,50000,False
AC0004290,C004290,7,Current,8830.28,Active,2017-11-11,B08004,38131.89,100000,True
AC0004291,C004291,3,Credit,24291.91,Active,2018-03-07,B07009,13191.19,100000,True
AC0004292,C004292,4,Current,3240.51,Active,2015-08-29,B04008,18024.15,100000,False
AC0004293,C004293,4,Credit,1186.67,Active,2018-07-20,B10004,36779.07,25000,True
AC0004294,C004294,3,Checking,11481.79,Active,2022-05-07,B06006,3715.77,100000,True
AC0004295,C004295,8,Business,7833.25,Active,2024-02-24,B06003,9538.13,250000,True
AC0004296,C004296,7,Credit,5610.21,Active,2019-07-24,B08002,10136.88,25000,True
AC0004297,C004297,3,Business,5531.68,Active,2022-01-01,B04005,5086.63,25000,True
AC0004298,C004298,7,Checking,3708.69,Active,2017-06-07,B04002,6124.3,25000,False
AC0004299,C004299,8,Savings,29867.2,Active,2021-01-27,B09001,3503.01,250000,True
AC0004300,C004300,6,Savings,54704.66,Active,2025-08-14,B08002,11208.52,100000,True
AC0004301,C004301,6,Checking,6357.91,Active,2016-07-13,B03006,14984.52,250000,True
AC0004302,C004302,10,Credit,15197.47,Active,2025-08-21,B02009,2432.97,250000,False
AC0004303,C004303,5,Current,123778.0,Active,2023-04-06,B02002,4483.33,100000,True
AC0004304,C004304,4,Current,4661.95,Active,2019-09-04,B02001,17343.1,250000,True
AC0004305,C004305,6,Business,5493.85,Active,2019-04-28,B08010,4264.7,100000,True
AC0004306,C004306,9,Business,21636.92,Active,2018-12-08,B04002,8983.81,25000,True
AC0004307,C004307,8,Business,30324.91,Dormant,2019-03-15,B01008,4839.55,25000,False
AC0004308,C004308,1,Checking,8454.86,Active,2018-03-18,B06007,8336.21,250000,True
AC0004309,C004309,5,Business,8126.43,Dormant,2022-10-08,B01007,3532.35,250000,True
AC0004310,C004310,8,Checking,9395.76,Active,2022-04-05,B05006,2414.26,100000,False
AC0004311,C004311,3,Business,34861.58,Active,2025-07-21,B03009,16356.5,100000,False
AC0004312,C004312,10,Business,29690.42,Active,2018-10-13,B08010,13430.27,100000,True
AC0004313,C004313,9,Current,16941.14,Active,2015-01-11,B06009,10537.53,100000,True
AC0004314,C004314,9,Savings,45860.46,Active,2019-05-26,B02001,3514.01,100000,False
AC0004315,C004315,1,Savings,1316.43,Active,2015-07-01,B06002,4484.81,100000,True
AC0004316,C004316,6,Current,12699.81,Active,2023-02-06,B03009,13912.9,50000,True
AC0004317,C004317,6,Current,13324.14,Active,2019-11-03,B06006,8447.73,25000,True
AC0004318,C004318,7,Checking,10507.78,Active,2024-04-05,B09010,22117.27,100000,True
AC0004319,C004319,9,Savings,8858.79,Active,2016-08-07,B03001,3943.12,250000,False
AC0004320,C004320,4,Checking,11328.39,Active,2016-03-03,B07007,7575.23,50000,False
AC0004321,C004321,6,Current,6064.92,Active,2025-08-28,B06005,2288.43,50000,False
AC0004322,C004322,7,Savings,9847.31,Active,2023-07-13,B07002,30938.3,100000,True
AC0004323,C004323,8,Savings,4170.61,Closed,2024-01-17,B01005,4586.49,250000,True
AC0004324,C004324,8,Credit,17115.06,Active,2019-02-02,B07007,3008.42,50000,True
AC0004325,C004325,4,Business,21168.59,Active,2024-09-02,B04010,18182.14,250000,False
AC0004326,C004326,10,Savings,9373.49,Active,2022-09-08,B03004,5725.76,25000,False
AC0004327,C004327,1,Savings,12156.06,Active,2020-11-11,B06008,23643.09,50000,True
AC0004328,C004328,5,Checking,33879.2,Active,2024-05-25,B03004,4443.37,250000,False
AC0004329,C004329,7,Current,38636.42,Active,2015-08-14,B05004,11044.41,25000,True
AC0004330,C004330,1,Savings,4922.96,Active,2020-10-04,B08006,7520.6,100000,True
AC0004331,C004331,5,Checking,24551.57,Dormant,2023-01-13,B02005,6138.19,50000,False
AC0004332,C004332,6,Credit,11324.19,Active,2017-07-15,B09001,9325.05,25000,True
AC0004333,C004333,7,Current,4758.36,Active,2021-05-23,B01001,3705.52,25000,True
AC0004334,C004334,2,Business,5965.62,Active,2024-05-10,B03002,14621.63,50000,False
AC0004335,C004335,3,Credit,12401.69,Active,2019-08-03,B02008,15203.47,100000,False
AC0004336,C004336,3,Credit,15480.14,Active,2022-04-17,B03005,13827.56,250000,True
AC0004337,C004337,7,Savings,12581.36,Active,2023-11-16,B09002,8566.62,250000,True
AC0004338,C004338,4,Credit,3472.07,Active,2018-10-30,B04008,10571.96,100000,False
AC0004339,C004339,6,Checking,3533.18,Active,2017-12-10,B08008,12839.75,25000,True
AC0004340,C004340,8,Current,10193.72,Closed,2024-10-30,B05003,4295.66,100000,True
AC0004341,C004341,8,Savings,1357.71,Active,2017-02-22,B07002,16023.57,25000,True
AC0004342,C004342,2,Business,6243.52,Closed,2023-11-25,B03004,14238.05,25000,True
AC0004343,C004343,10,Current,6979.92,Active,2023-06-22,B05003,12667.58,100000,False
AC0004344,C004344,2,Business,32522.39,Active,2018-05-05,B07002,4114.75,250000,True
AC0004345,C004345,1,Savings,8290.94,Dormant,2021-07-01,B06004,4226.21,50000,True
AC0004346,C004346,1,Current,44559.84,Active,2022-04-16,B08004,6283.52,250000,False
AC0004347,C004347,3,Business,82133.62,Active,2025-04-08,B04007,8561.11,25000,False
AC0004348,C004348,9,Current,62913.71,Active,2018-07-09,B03005,11107.84,100000,True
AC0004349,C004349,3,Credit,12252.35,Closed,2024-03-29,B10009,32294.23,50000,True
AC0004350,C004350,7,Business,23566.7,Active,2018-04-27,B10003,7306.25,250000,True
AC0004351,C004351,5,Current,10490.91,Active,2021-05-11,B04006,16149.84,250000,True
AC0004352,C004352,1,Current,8327.09,Active,2015-09-26,B03007,2613.0,250000,True
AC0004353,C004353,5,Business,6604.03,Active,2025-11-14,B01008,2518.47,50000,True
AC0004354,C004354,1,Credit,48650.17,Active,2023-01-28,B01003,37243.51,50000,False
AC0004355,C004355,5,Savings,41609.62,Active,2016-03-19,B04010,15327.55,100000,True
AC0004356,C004356,6,Credit,33316.32,Active,2016-12-27,B08002,6241.96,50000,True
AC0004357,C004357,6,Current,17420.58,Active,2019-08-11,B03009,7897.19,50000,False
AC0004358,C004358,3,Credit,17719.47,Active,2015-12-17,B03010,15916.59,100000,True
AC0004359,C004359,8,Current,4410.54,Dormant,2023-10-17,B01001,2265.88,25000,False
AC0004360,C004360,6,Business,9979.72,Active,2022-01-12,B06001,10529.9,25000,False
AC0004361,C004361,3,Business,9505.92,Active,2025-12-29,B06006,4459.27,25000,True
AC0004362,C004362,5,Credit,11474.07,Active,2023-12-29,B03003,14127.99,100000,False
AC0004363,C004363,2,Credit,6374.03,Active,2023-01-28,B02005,24706.59,100000,True
AC0004364,C004364,10,Savings,36046.57,Active,2015-06-22,B04008,4765.19,25000,True
AC0004365,C004365,8,Business,2224.07,Active,2024-07-31,B09006,11771.94,25000,True
AC0004366,C004366,3,Current,9610.97,Active,2019-07-20,B04009,17335.62,250000,True
AC0004367,C004367,7,Checking,12777.13,Active,2017-02-11,B07003,23310.13,250000,True
AC0004368,C004368,7,Checking,3767.89,Active,2015-06-17,B04001,7964.4,250000,True
AC0004369,C004369,7,Current,9238.06,Active,2016-03-04,B09003,19972.12,50000,True
AC0004370,C004370,1,Business,20712.21,Dormant,2022-08-14,B07002,1906.65,100000,True
AC0004371,C004371,9,Savings,4596.6,Active,2018-06-13,B01007,3784.22,250000,False
AC0004372,C004372,10,Credit,3547.74,Active,2018-01-08,B10008,7996.27,250000,True
AC0004373,C004373,10,Savings,17453.79,Active,2018-11-17,B01001,11962.4,250000,True
AC0004374,C004374,10,Business,1458.76,Active,2023-11-20,B10005,16693.63,100000,False
AC0004375,C004375,10,Checking,21452.0,Active,2025-02-15,B05003,2005.66,100000,True
AC0004376,C004376,8,Current,51520.18,Active,2024-12-10,B03007,7286.37,100000,True
AC0004377,C004377,1,Savings,25984.12,Active,2020-11-16,B10003,6436.76,50000,False
AC0004378,C004378,5,Credit,4251.48,Active,2019-02-22,B05007,11657.63,25000,False
AC0004379,C004379,3,Savings,121299.35,Active,2025-09-21,B04010,9878.28,25000,True
AC0004380,C004380,3,Current,31821.17,Active,2024-05-02,B04001,38799.57,25000,True
AC0004381,C004381,9,Credit,15521.02,Dormant,2020-05-30,B06008,7760.45,25000,True
AC0004382,C004382,9,Current,13731.67,Active,2017-03-25,B03003,13701.38,50000,True
AC0004383,C004383,6,Business,4248.98,Active,2025-11-03,B07008,9634.27,50000,True
AC0004384,C004384,8,Credit,19614.34,Active,2015-06-13,B06009,3857.28,250000,False
AC0004385,C004385,2,Business,1260.17,Active,2017-08-05,B03002,5715.78,100000,True
AC0004386,C004386,3,Credit,30630.13,Active,2020-08-05,B06005,13348.62,50000,True
AC0004387,C004387,9,Current,1907.0,Active,2020-04-18,B07003,6212.31,100000,False
AC0004388,C004388,5,Savings,12073.81,Active,2021-04-16,B09008,6909.59,250000,True
AC0004389,C004389,6,Checking,14443.52,Active,2021-12-29,B03006,10324.71,25000,False
AC0004390,C004390,5,Checking,6438.4,Active,2015-04-23,B01009,2509.31,100000,True
AC0004391,C004391,3,Credit,8410.25,Active,2023-08-07,B08002,7675.82,25000,False
AC0004392,C004392,9,Credit,33879.62,Active,2019-04-26,B06009,2026.74,50000,False
AC0004393,C004393,8,Savings,22926.94,Active,2020-06-08,B06005,7623.53,25000,True
AC0004394,C004394,7,Checking,26443.52,Active,2023-06-29,B02004,3234.21,250000,False
AC0004395,C004395,4,Business,9878.23,Active,2020-09-17,B06004,8010.36,100000,True
AC0004396,C004396,7,Credit,57732.88,Active,2016-01-19,B07010,14850.48,25000,True
AC0004397,C004397,10,Checking,11727.6,Active,2025-02-05,B08009,11970.44,25000,False
AC0004398,C004398,7,Business,4442.99,Active,2022-03-03,B09008,15122.99,50000,False
AC0004399,C004399,5,Current,45611.54,Active,2017-04-28,B09001,5920.68,250000,True
AC0004400,C004400,3,Current,20528.23,Active,2022-05-20,B07007,2741.36,25000,False
AC0004401,C004401,6,Business,13342.66,Active,2018-03-12,B03001,8741.91,250000,False
AC0004402,C004402,4,Business,3856.17,Active,2024-11-22,B02007,4545.84,100000,True
AC0004403,C004403,7,Current,51372.96,Active,2023-11-08,B09001,9735.88,100000,False
AC0004404,C004404,1,Checking,16125.39,Active,2021-12-28,B02008,12315.91,100000,True
AC0004405,C004405,2,Checking,23131.72,Active,2015-03-04,B10005,5485.49,250000,True
AC0004406,C004406,8,Current,19513.03,Active,2023-01-08,B08008,12841.75,50000,True
AC0004407,C004407,4,Savings,13006.29,Active,2021-02-04,B06005,7540.4,25000,False
AC0004408,C004408,5,Checking,88032.99,Active,2020-03-10,B09005,20661.46,25000,True
AC0004409,C004409,6,Credit,13467.11,Active,2022-06-30,B09009,8362.18,50000,True
AC0004410,C004410,5,Current,12035.99,Active,2020-03-18,B05005,4788.51,100000,False
AC0004411,C004411,8,Business,9298.86,Active,2020-10-01,B07002,5641.48,50000,True
AC0004412,C004412,3,Business,8154.18,Active,2024-04-13,B03004,19949.03,25000,True
AC0004413,C004413,8,Checking,7324.24,Active,2022-08-07,B03007,2467.03,50000,True
AC0004414,C004414,3,Current,6647.03,Active,2022-01-12,B05001,1512.13,50000,False
AC0004415,C004415,4,Credit,972.09,Active,2021-10-21,B06008,2617.22,50000,True
AC0004416,C004416,6,Checking,20609.42,Active,2017-09-10,B08002,4026.54,100000,False
AC0004417,C004417,9,Business,3926.55,Closed,2020-10-26,B04006,15793.16,25000,True
AC0004418,C004418,3,Business,11339.39,Active,2018-07-14,B07007,2174.62,250000,False
AC0004419,C004419,6,Credit,6451.05,Active,2019-07-21,B10007,12467.37,100000,True
AC0004420,C004420,1,Business,15396.6,Active,2022-07-21,B01002,9022.08,250000,False
AC0004421,C004421,1,Business,21267.3,Active,2025-03-10,B06009,6142.42,50000,True
AC0004422,C004422,8,Current,23864.75,Active,2022-01-27,B06005,14399.29,100000,False
AC0004423,C004423,8,Checking,26417.63,Active,2016-07-23,B03002,5880.97,250000,True
AC0004424,C004424,4,Savings,2826.19,Active,2019-05-18,B08010,16605.75,250000,False
AC0004425,C004425,7,Current,43177.92,Active,2021-07-03,B10010,8653.7,100000,True
AC0004426,C004426,4,Savings,4472.29,Active,2022-09-06,B01006,85591.43,25000,False
AC0004427,C004427,3,Credit,8175.98,Active,2022-12-26,B05005,50708.67,25000,True
AC0004428,C004428,5,Business,12158.17,Active,2020-04-15,B07006,7212.71,50000,True
AC0004429,C004429,4,Checking,29173.97,Active,2022-06-10,B08002,46495.7,50000,False
AC0004430,C004430,9,Current,12850.95,Active,2020-10-20,B06008,22117.49,100000,False
AC0004431,C004431,5,Business,19234.07,Dormant,2020-04-19,B03006,4416.95,50000,True
AC0004432,C004432,4,Business,4498.2,Active,2018-06-23,B03009,20868.79,25000,False
AC0004433,C004433,6,Credit,3262.21,Active,2022-01-07,B09003,14870.62,25000,True
AC0004434,C004434,8,Credit,4516.42,Active,2024-10-09,B04008,1876.21,25000,True
AC0004435,C004435,3,Business,3664.11,Active,2015-12-21,B03009,14759.53,250000,True
AC0004436,C004436,10,Savings,7814.27,Active,2016-08-05,B06009,5166.39,50000,False
AC0004437,C004437,5,Savings,5676.07,Active,2017-09-15,B05009,10967.56,50000,True
AC0004438,C004438,7,Credit,6438.4,Active,2021-06-30,B07010,8262.1,250000,True
AC0004439,C004439,10,Savings,75097.46,Active,2015-04-27,B09001,17434.57,25000,True
AC0004440,C004440,5,Business,6844.57,Active,2016-04-04,B07008,10657.37,250000,True
AC0004441,C004441,2,Business,17767.99,Active,2016-10-08,B04008,5199.03,50000,False
AC0004442,C004442,8,Current,7302.11,Active,2015-10-02,B02005,4186.3,50000,True
AC0004443,C004443,1,Credit,2848.75,Active,2015-07-24,B02007,4673.78,100000,True
AC0004444,C004444,5,Checking,7831.1,Active,2022-06-21,B09003,2177.79,50000,True
AC0004445,C004445,10,Checking,7732.95,Dormant,2018-08-14,B02004,3383.37,250000,True
AC0004446,C004446,5,Checking,28380.94,Active,2022-04-24,B10003,12278.32,100000,True
AC0004447,C004447,7,Checking,7206.57,Active,2022-06-12,B05010,46855.72,250000,True
AC0004448,C004448,6,Business,1385.13,Active,2018-06-07,B06004,16327.08,250000,True
AC0004449,C004449,3,Savings,15098.47,Active,2020-04-22,B01007,8314.0,50000,False
AC0004450,C004450,4,Current,58288.0,Active,2015-02-15,B03001,12077.74,100000,False
AC0004451,C004451,6,Savings,9960.36,Active,2025-01-23,B08006,3815.47,250000,False
AC0004452,C004452,2,Business,7738.89,Closed,2022-07-14,B09001,12027.57,250000,True
AC0004453,C004453,5,Credit,12434.32,Active,2020-11-01,B05001,3480.16,50000,True
AC0004454,C004454,5,Business,10731.68,Closed,2020-01-30,B08010,9727.16,100000,True
AC0004455,C004455,9,Checking,9897.87,Active,2023-02-15,B09002,7364.51,50000,True
AC0004456,C004456,2,Checking,10104.1,Active,2022-10-13,B07002,5667.84,50000,True
AC0004457,C004457,9,Savings,5432.59,Active,2024-07-14,B06005,8087.15,250000,True
AC0004458,C004458,5,Credit,12504.52,Active,2023-08-31,B04006,10335.32,50000,False
AC0004459,C004459,7,Credit,9680.77,Dormant,2018-08-05,B04002,3949.47,25000,True
AC0004460,C004460,6,Savings,5654.49,Active,2017-11-22,B07005,11556.0,100000,False
AC0004461,C004461,3,Credit,13991.48,Active,2020-08-06,B04010,2741.62,100000,True
AC0004462,C004462,10,Business,10686.14,Active,2019-06-11,B06002,8001.92,50000,True
AC0004463,C004463,3,Savings,5783.37,Active,2023-06-19,B02003,27746.24,100000,False
AC0004464,C004464,1,Business,16040.85,Closed,2019-11-28,B02010,19429.21,100000,True
AC0004465,C004465,8,Business,3679.98,Active,2024-05-30,B08007,30727.58,25000,True
AC0004466,C004466,7,Current,40180.15,Active,2023-01-13,B09005,4040.42,50000,False
AC0004467,C004467,9,Current,4199.58,Active,2025-01-16,B03004,13519.22,250000,False
AC0004468,C004468,5,Checking,145905.65,Active,2015-08-04,B06009,21732.54,100000,True
AC0004469,C004469,1,Savings,6976.53,Active,2017-05-20,B03006,17593.36,100000,True
AC0004470,C004470,1,Credit,11055.9,Active,2020-12-16,B03009,5464.86,250000,False
AC0004471,C004471,5,Credit,8976.21,Active,2016-10-05,B09007,14338.02,25000,True
AC0004472,C004472,3,Credit,9162.75,Active,2021-10-20,B08002,8008.6,250000,False
AC0004473,C004473,10,Credit,31394.15,Active,2017-11-09,B01010,14103.42,50000,True
AC0004474,C004474,2,Checking,24345.33,Active,2020-06-23,B07008,3692.67,100000,False
AC0004475,C004475,9,Savings,15717.38,Active,2019-07-20,B05001,10453.22,25000,True
AC0004476,C004476,3,Checking,25093.41,Active,2023-07-02,B06006,8959.49,25000,False
AC0004477,C004477,2,Credit,907.96,Active,2015-10-19,B04009,10589.58,50000,False
AC0004478,C004478,3,Current,2412.72,Dormant,2016-12-14,B10005,10924.13,50000,True
AC0004479,C004479,2,Savings,4985.82,Active,2022-10-16,B03004,9158.45,25000,False
AC0004480,C004480,5,Business,4033.42,Active,2023-07-31,B07008,5102.4,100000,True
AC0004481,C004481,4,Current,5338.95,Active,2025-08-04,B10003,6457.86,50000,True
AC0004482,C004482,6,Savings,2030.93,Active,2021-05-17,B04005,8390.77,50000,False
AC0004483,C004483,6,Credit,7382.46,Active,2015-07-26,B03010,4520.35,25000,True
AC0004484,C004484,1,Current,31783.33,Active,2025-10-11,B08003,6598.3,100000,False
AC0004485,C004485,2,Checking,43380.98,Active,2015-09-17,B03005,6791.28,50000,False
AC0004486,C004486,2,Business,8786.3,Active,2022-11-18,B09009,6886.59,25000,True
AC0004487,C004487,2,Business,8005.3,Active,2024-06-08,B02010,7427.15,25000,True
AC0004488,C004488,1,Credit,4321.28,Active,2020-05-07,B09006,2656.2,50000,False
AC0004489,C004489,4,Credit,15445.9,Active,2017-05-09,B06008,7741.06,100000,True
AC0004490,C004490,6,Savings,21985.45,Active,2025-07-20,B08003,8235.69,250000,True
AC0004491,C004491,4,Credit,4896.99,Active,2021-05-14,B07005,5656.49,250000,True
AC0004492,C004492,4,Business,14315.76,Active,2023-07-18,B09006,12758.97,25000,True
AC0004493,C004493,5,Savings,8237.87,Active,2020-01-22,B09002,6982.18,250000,True
AC0004494,C004494,6,Savings,85798.23,Active,2016-04-26,B04005,3355.39,50000,True
AC0004495,C004495,4,Credit,4721.45,Active,2015-07-12,B09006,14976.54,100000,True
AC0004496,C004496,3,Savings,21106.46,Active,2018-01-15,B09002,2701.62,100000,True
AC0004497,C004497,5,Credit,9897.59,Active,2023-08-17,B02008,6616.24,250000,True
AC0004498,C004498,1,Business,10455.68,Active,2016-04-22,B06004,5722.92,100000,True
AC0004499,C004499,5,Business,49665.08,Active,2022-08-01,B02005,3970.72,50000,False
AC0004500,C004500,10,Checking,7731.32,Active,2021-03-22,B03009,2874.67,25000,True
AC0004501,C004501,4,Current,65039.26,Active,2017-03-05,B03005,5084.69,100000,True
AC0004502,C004502,2,Current,3972.02,Active,2022-11-16,B09007,12445.11,100000,True
AC0004503,C004503,8,Current,5035.61,Active,2020-01-10,B04008,5346.07,100000,False
AC0004504,C004504,2,Checking,21976.96,Active,2015-07-28,B07004,10890.41,250000,True
AC0004505,C004505,2,Savings,23405.03,Active,2015-02-27,B04001,5577.94,25000,True
AC0004506,C004506,2,Business,3549.58,Active,2016-06-15,B03003,5828.02,100000,True
AC0004507,C004507,9,Checking,27674.48,Dormant,2020-11-06,B05008,10079.36,50000,False
AC0004508,C004508,10,Current,10952.73,Active,2015-09-28,B04001,11546.92,100000,False
AC0004509,C004509,6,Checking,132310.58,Active,2016-10-04,B09010,3207.33,100000,True
AC0004510,C004510,7,Current,86913.95,Active,2025-09-14,B01009,4495.15,25000,False
AC0004511,C004511,7,Savings,17244.03,Dormant,2018-02-16,B10001,5271.88,25000,True
AC0004512,C004512,7,Current,11031.48,Active,2021-11-20,B04003,51091.64,100000,False
AC0004513,C004513,6,Savings,13705.38,Active,2016-03-18,B06001,20890.03,100000,True
AC0004514,C004514,10,Credit,21666.08,Active,2017-12-02,B01010,2547.85,250000,True
AC0004515,C004515,8,Checking,13779.87,Active,2021-04-09,B08004,33867.23,50000,True
AC0004516,C004516,1,Savings,3356.02,Active,2018-03-14,B01006,7776.24,100000,True
AC0004517,C004517,4,Savings,13852.47,Dormant,2024-03-04,B05007,4829.35,100000,True
AC0004518,C004518,10,Current,4861.84,Active,2024-11-15,B09005,4493.22,250000,True
AC0004519,C004519,5,Business,14322.38,Active,2020-02-17,B09003,11839.73,50000,True
AC0004520,C004520,3,Checking,188060.78,Active,2015-07-31,B01005,8417.41,100000,False
AC0004521,C004521,9,Savings,11980.24,Active,2016-10-28,B03008,7550.18,50000,True
AC0004522,C004522,7,Current,32250.94,Active,2022-11-02,B04007,6291.61,250000,False
AC0004523,C004523,6,Checking,97671.3,Active,2015-08-15,B10008,12401.17,25000,True
AC0004524,C004524,5,Credit,25898.28,Active,2023-04-19,B03009,6235.07,100000,True
AC0004525,C004525,2,Current,16285.58,Active,2020-06-13,B08004,2538.91,25000,True
AC0004526,C004526,4,Checking,6957.16,Active,2020-10-17,B01004,7211.52,25000,True
AC0004527,C004527,5,Credit,41316.85,Active,2019-05-11,B08008,33453.02,25000,True
AC0004528,C004528,10,Business,8463.35,Active,2015-10-30,B09009,12764.2,250000,True
AC0004529,C004529,4,Business,38084.45,Dormant,2020-10-20,B04008,18404.68,50000,True
AC0004530,C004530,2,Current,17488.08,Active,2021-12-21,B07007,21860.81,100000,False
AC0004531,C004531,5,Current,6207.37,Active,2023-04-07,B08008,14732.37,100000,True
AC0004532,C004532,10,Checking,15452.34,Active,2016-11-20,B05002,13419.62,100000,False
AC0004533,C004533,5,Credit,59389.15,Active,2016-04-05,B05009,9164.35,250000,False
AC0004534,C004534,4,Business,13798.71,Active,2018-07-20,B07007,9672.27,250000,True
AC0004535,C004535,7,Savings,2568.8,Dormant,2021-01-03,B06007,10472.73,250000,True
AC0004536,C004536,7,Business,4086.19,Active,2015-08-23,B07003,23325.92,50000,True
AC0004537,C004537,3,Current,11501.18,Active,2017-04-03,B06001,27042.85,250000,False
AC0004538,C004538,10,Business,62173.25,Active,2019-11-26,B10010,12257.8,250000,True
AC0004539,C004539,6,Checking,22638.57,Active,2020-09-16,B07003,11124.99,25000,False
AC0004540,C004540,1,Savings,2379.53,Active,2025-09-14,B06003,7455.68,25000,True
AC0004541,C004541,5,Checking,6372.14,Active,2020-03-01,B03010,15483.54,100000,True
AC0004542,C004542,10,Credit,59775.13,Active,2016-06-15,B07010,14352.93,100000,False
AC0004543,C004543,4,Credit,1917.06,Active,2023-07-10,B07008,4216.86,50000,True
AC0004544,C004544,6,Checking,6975.85,Active,2018-05-23,B08003,5102.67,25000,True
AC0004545,C004545,7,Current,17267.85,Closed,2017-03-31,B08002,7102.62,50000,False
AC0004546,C004546,8,Checking,44297.67,Active,2019-11-23,B01003,11067.4,25000,True
AC0004547,C004547,9,Business,14513.9,Active,2021-12-12,B10004,4843.63,50000,False
AC0004548,C004548,2,Checking,76197.7,Active,2017-02-01,B10006,4155.92,50000,True
AC0004549,C004549,6,Savings,515.17,Active,2016-11-13,B01005,1842.76,25000,False
AC0004550,C004550,6,Current,3389.61,Active,2024-08-14,B10002,5907.13,250000,True
AC0004551,C004551,2,Checking,10766.77,Dormant,2015-07-02,B08003,6201.4,25000,True
AC0004552,C004552,7,Current,11226.48,Active,2017-01-30,B04007,7322.96,250000,True
AC0004553,C004553,2,Credit,2215.23,Active,2018-07-04,B08003,7200.64,25000,True
AC0004554,C004554,5,Business,6127.43,Active,2024-03-27,B07010,4488.02,50000,False
AC0004555,C004555,4,Checking,11642.65,Active,2016-10-28,B03005,2686.74,100000,True
AC0004556,C004556,2,Savings,9628.74,Active,2024-09-15,B03004,5380.12,25000,False
AC0004557,C004557,9,Current,8376.67,Active,2024-12-10,B08008,8226.82,50000,True
AC0004558,C004558,3,Savings,3309.43,Active,2023-08-12,B05004,6104.44,25000,False
AC0004559,C004559,3,Savings,23087.97,Active,2022-12-20,B09008,6462.19,50000,True
AC0004560,C004560,9,Savings,25772.9,Active,2020-12-19,B09002,5922.55,100000,True
AC0004561,C004561,9,Savings,56349.42,Active,2023-10-15,B09009,5359.33,100000,True
AC0004562,C004562,1,Savings,11559.86,Active,2025-06-30,B05001,9584.8,250000,True
AC0004563,C004563,3,Business,91911.0,Active,2021-03-03,B04003,5818.69,100000,True
AC0004564,C004564,8,Current,36014.11,Active,2020-05-15,B02002,4138.74,250000,True
AC0004565,C004565,8,Business,13099.58,Active,2020-09-16,B09008,32916.05,250000,True
AC0004566,C004566,10,Business,7084.03,Active,2016-04-25,B10001,3625.33,25000,True
AC0004567,C004567,6,Checking,28185.33,Active,2023-07-22,B03004,6352.66,100000,True
AC0004568,C004568,1,Checking,20312.7,Active,2018-02-05,B03001,10166.97,25000,True
AC0004569,C004569,9,Credit,12520.51,Active,2018-11-06,B03004,13659.77,250000,True
AC0004570,C004570,2,Current,11341.36,Active,2015-12-10,B03005,6391.18,50000,True
AC0004571,C004571,2,Current,6987.2,Active,2025-05-25,B03008,1495.8,50000,True
AC0004572,C004572,7,Business,8854.33,Active,2022-10-17,B04001,13771.09,50000,False
AC0004573,C004573,7,Savings,9179.13,Active,2025-02-04,B01003,16470.72,50000,False
AC0004574,C004574,1,Checking,4920.27,Active,2024-09-13,B09004,9220.62,50000,False
AC0004575,C004575,2,Savings,10725.2,Active,2015-05-14,B01006,7204.49,25000,False
AC0004576,C004576,6,Credit,12942.7,Active,2023-02-28,B02006,3604.45,100000,True
AC0004577,C004577,3,Credit,33615.52,Active,2023-03-08,B06007,3246.66,250000,True
AC0004578,C004578,7,Checking,9029.91,Active,2017-02-01,B02005,4348.92,50000,True
AC0004579,C004579,5,Checking,25919.05,Active,2018-03-28,B06009,8363.71,25000,False
AC0004580,C004580,6,Business,17830.25,Active,2018-05-31,B07003,6510.23,50000,True
AC0004581,C004581,5,Current,37674.27,Active,2017-04-26,B09007,5270.95,250000,True
AC0004582,C004582,4,Credit,10627.15,Active,2016-09-03,B03005,2479.22,100000,False
AC0004583,C004583,4,Credit,80304.75,Active,2018-04-04,B06001,3670.26,100000,True
AC0004584,C004584,7,Business,20068.12,Active,2025-12-10,B10003,21839.99,250000,True
AC0004585,C004585,6,Savings,26713.74,Active,2015-05-12,B03003,27034.83,100000,False
AC0004586,C004586,6,Savings,22005.22,Active,2021-11-27,B08007,11754.95,250000,True
AC0004587,C004587,6,Business,1966.03,Active,2021-08-02,B03009,785.91,50000,False
AC0004588,C004588,3,Credit,21745.08,Active,2022-03-28,B10003,5299.1,25000,True
AC0004589,C004589,10,Savings,2290.75,Active,2018-06-13,B06005,11066.19,50000,True
AC0004590,C004590,6,Current,6177.86,Active,2020-12-06,B03008,6988.98,50000,True
AC0004591,C004591,8,Current,8080.43,Dormant,2016-10-22,B02008,12440.29,250000,True
AC0004592,C004592,9,Current,1907.43,Active,2015-09-28,B05006,7499.02,50000,False
AC0004593,C004593,10,Checking,9709.36,Active,2022-04-05,B09010,17099.0,25000,True
AC0004594,C004594,7,Current,48674.16,Active,2024-11-08,B02008,10257.8,25000,False
AC0004595,C004595,8,Current,5479.39,Active,2020-03-23,B10004,3002.22,100000,True
AC0004596,C004596,5,Checking,5136.84,Active,2017-07-21,B05003,19228.18,25000,True
AC0004597,C004597,8,Checking,16835.07,Active,2019-12-27,B06004,4270.42,25000,True
AC0004598,C004598,4,Current,35105.39,Active,2017-05-21,B03005,14250.95,250000,False
AC0004599,C004599,8,Current,9534.3,Active,2024-12-05,B08002,16996.6,250000,True
AC0004600,C004600,1,Business,32084.21,Active,2025-07-21,B09009,15143.39,250000,True
AC0004601,C004601,10,Current,37771.84,Active,2024-04-20,B05005,4332.08,50000,True
AC0004602,C004602,3,Current,930.55,Active,2023-03-11,B08002,4190.03,100000,True
AC0004603,C004603,7,Checking,2987.62,Active,2019-09-21,B07006,11146.8,250000,False
AC0004604,C004604,1,Credit,6065.64,Active,2024-11-10,B06001,3966.77,100000,True
AC0004605,C004605,2,Savings,45323.93,Dormant,2017-04-17,B05007,10440.45,250000,True
AC0004606,C004606,10,Savings,14750.27,Active,2022-05-06,B09001,10291.48,25000,True
AC0004607,C004607,9,Credit,7822.45,Active,2020-05-23,B02007,1831.32,50000,True
AC0004608,C004608,3,Business,39773.79,Active,2015-04-20,B01002,10381.35,50000,True
AC0004609,C004609,2,Checking,30857.98,Active,2022-01-04,B04010,20530.88,100000,False
AC0004610,C004610,9,Checking,28163.54,Active,2017-08-06,B07004,14577.44,250000,True
AC0004611,C004611,10,Business,4867.66,Dormant,2019-11-13,B06005,5906.69,100000,False
AC0004612,C004612,2,Current,32989.76,Active,2018-08-25,B01005,3782.89,250000,False
AC0004613,C004613,7,Credit,18022.85,Active,2017-09-02,B03002,7558.34,250000,True
AC0004614,C004614,3,Savings,17067.72,Active,2017-04-18,B02002,12986.75,25000,True
AC0004615,C004615,8,Current,9610.92,Active,2017-01-07,B08009,11753.53,25000,False
AC0004616,C004616,5,Savings,6018.07,Active,2019-03-22,B09004,6098.97,25000,True
AC0004617,C004617,2,Checking,31287.67,Dormant,2020-11-25,B07010,11500.26,100000,True
AC0004618,C004618,4,Business,5058.15,Active,2018-01-17,B06008,4443.19,25000,False
AC0004619,C004619,6,Credit,18646.26,Active,2022-11-19,B02008,6989.06,50000,False
AC0004620,C004620,8,Checking,1802.19,Active,2023-06-02,B07003,8241.95,250000,True
AC0004621,C004621,1,Checking,87589.75,Active,2019-04-22,B09003,34765.61,25000,False
AC0004622,C004622,10,Business,105050.88,Active,2018-01-09,B09006,3568.23,25000,True
AC0004623,C004623,7,Savings,12307.49,Active,2016-11-18,B02008,1564.55,25000,True
AC0004624,C004624,9,Checking,156533.06,Active,2022-02-10,B03003,8605.69,50000,False
AC0004625,C004625,10,Current,4463.24,Active,2016-10-18,B08005,9278.81,100000,True
AC0004626,C004626,2,Credit,31696.95,Active,2015-08-16,B06008,10362.73,50000,True
AC0004627,C004627,1,Checking,23430.75,Active,2021-12-03,B03009,6306.92,100000,False
AC0004628,C004628,8,Business,10032.4,Active,2024-03-27,B05002,3451.75,50000,True
AC0004629,C004629,2,Checking,34823.17,Active,2019-02-09,B09007,7150.56,100000,True
AC0004630,C004630,2,Current,2027.14,Active,2017-09-24,B03009,4632.01,100000,True
AC0004631,C004631,5,Savings,27377.27,Active,2016-03-03,B08001,3192.1,100000,True
AC0004632,C004632,10,Savings,65195.15,Active,2020-11-12,B08001,22898.1,250000,True
AC0004633,C004633,8,Current,12082.9,Dormant,2020-03-05,B02001,8756.57,100000,True
AC0004634,C004634,6,Current,10260.33,Active,2018-11-10,B10005,8583.1,250000,True
AC0004635,C004635,2,Current,51307.99,Active,2020-06-17,B05003,4699.16,100000,False
AC0004636,C004636,4,Business,27442.47,Active,2023-08-19,B04003,4073.29,25000,True
AC0004637,C004637,7,Business,10550.48,Active,2017-06-02,B02004,14613.09,50000,False
AC0004638,C004638,2,Savings,8312.66,Active,2020-05-01,B10008,17058.81,250000,True
AC0004639,C004639,6,Savings,15217.68,Active,2019-09-14,B02004,33230.92,50000,False
AC0004640,C004640,1,Business,8403.23,Active,2018-06-23,B06002,11344.23,250000,True
AC0004641,C004641,4,Current,21079.24,Dormant,2021-03-07,B04003,21861.74,100000,False
AC0004642,C004642,3,Credit,128814.73,Active,2018-11-10,B08007,18837.44,100000,True
AC0004643,C004643,7,Credit,10328.69,Dormant,2020-06-09,B10001,6967.07,100000,True
AC0004644,C004644,10,Savings,11671.73,Active,2021-12-08,B09006,2395.21,100000,False
AC0004645,C004645,2,Current,4294.21,Active,2016-03-06,B03005,3042.18,25000,True
AC0004646,C004646,8,Credit,8197.13,Active,2024-12-19,B03008,12363.55,100000,True
AC0004647,C004647,7,Business,1114.63,Active,2024-10-24,B02004,5669.44,50000,True
AC0004648,C004648,10,Checking,32146.61,Active,2019-06-27,B04004,5910.43,25000,False
AC0004649,C004649,10,Checking,3502.7,Dormant,2015-04-18,B05010,4689.28,50000,False
AC0004650,C004650,2,Checking,21606.64,Closed,2019-05-09,B03004,24910.41,25000,True
AC0004651,C004651,8,Current,33245.11,Active,2017-08-31,B05006,4375.49,50000,False
AC0004652,C004652,6,Current,12833.3,Active,2022-09-27,B09008,1966.21,50000,False
AC0004653,C004653,2,Checking,6762.2,Active,2017-01-21,B05007,3961.94,100000,True
AC0004654,C004654,3,Credit,57546.66,Active,2023-07-12,B09001,10492.15,100000,False
AC0004655,C004655,10,Business,19001.53,Active,2024-03-25,B04002,14648.85,250000,True
AC0004656,C004656,6,Savings,5931.16,Active,2019-01-09,B09006,29722.61,100000,True
AC0004657,C004657,4,Business,1264.23,Active,2021-07-11,B05006,22306.92,250000,True
AC0004658,C004658,4,Credit,8790.43,Active,2017-06-25,B06001,5087.17,100000,True
AC0004659,C004659,9,Business,2117.87,Active,2018-05-24,B08005,6533.22,100000,True
AC0004660,C004660,3,Current,42562.67,Active,2019-01-21,B09008,5856.87,100000,True
AC0004661,C004661,2,Business,13808.82,Active,2025-06-07,B01010,4747.92,250000,False
AC0004662,C004662,6,Credit,16107.78,Active,2016-05-19,B04004,8714.4,50000,False
AC0004663,C004663,10,Credit,45847.84,Active,2022-04-17,B06001,21154.52,250000,False
AC0004664,C004664,2,Business,5627.22,Active,2018-07-06,B08010,8468.0,25000,True
AC0004665,C004665,3,Credit,3620.69,Active,2020-01-05,B04005,2747.19,100000,False
AC0004666,C004666,5,Credit,12498.51,Active,2018-12-18,B03005,5601.35,50000,False
AC0004667,C004667,2,Checking,8848.3,Active,2020-10-08,B04001,4652.33,100000,True
AC0004668,C004668,7,Credit,5688.53,Active,2018-02-23,B08002,2068.56,100000,True
AC0004669,C004669,3,Current,2747.66,Active,2017-09-22,B09002,4515.42,25000,True
AC0004670,C004670,2,Current,25689.59,Active,2023-07-22,B10004,15629.3,25000,False
AC0004671,C004671,3,Credit,3190.47,Active,2023-02-27,B01003,2705.4,25000,False
AC0004672,C004672,10,Savings,8421.94,Active,2016-02-05,B07005,8545.18,50000,False
AC0004673,C004673,10,Credit,8576.0,Active,2016-02-16,B02002,7955.01,25000,True
AC0004674,C004674,6,Checking,690.79,Active,2020-01-29,B02009,8044.82,250000,True
AC0004675,C004675,5,Checking,14283.12,Active,2024-01-16,B02010,4854.47,100000,True
AC0004676,C004676,9,Checking,64846.49,Active,2017-06-14,B03004,9867.92,25000,True
AC0004677,C004677,2,Credit,7141.26,Active,2025-06-20,B08009,3607.99,50000,False
AC0004678,C004678,7,Checking,26521.43,Active,2024-07-26,B08008,3854.82,50000,True
AC0004679,C004679,7,Business,12038.56,Active,2022-02-08,B02003,7115.29,50000,True
AC0004680,C004680,8,Savings,3491.06,Active,2021-07-14,B09002,3397.16,50000,True
AC0004681,C004681,3,Checking,45149.85,Active,2018-11-26,B10003,5484.61,50000,True
AC0004682,C004682,8,Business,9663.17,Active,2017-11-28,B06004,10830.8,25000,False
AC0004683,C004683,7,Current,7779.37,Closed,2020-07-13,B10001,12934.94,250000,True
AC0004684,C004684,9,Savings,6811.71,Active,2018-09-19,B04009,5648.47,25000,True
AC0004685,C004685,2,Credit,6280.31,Active,2015-07-12,B04004,3175.95,50000,True
AC0004686,C004686,7,Savings,22456.1,Active,2017-05-19,B04003,7533.04,250000,True
AC0004687,C004687,9,Checking,43679.95,Active,2018-07-18,B08002,4330.55,50000,False
AC0004688,C004688,3,Checking,23785.94,Active,2020-05-10,B08006,10889.29,50000,False
AC0004689,C004689,8,Credit,1549.03,Active,2022-01-14,B01003,15018.37,50000,True
AC0004690,C004690,1,Credit,20631.6,Active,2023-08-11,B04008,13110.18,50000,False
AC0004691,C004691,8,Business,48752.44,Active,2023-11-13,B10006,18121.77,100000,False
AC0004692,C004692,7,Business,1653.76,Active,2019-03-07,B06005,4690.42,25000,True
AC0004693,C004693,2,Savings,36271.08,Active,2023-06-18,B03004,12171.13,25000,False
AC0004694,C004694,1,Savings,8232.64,Active,2017-05-24,B07006,12610.16,25000,True
AC0004695,C004695,8,Credit,23194.89,Active,2021-04-14,B06008,3246.82,250000,False
AC0004696,C004696,3,Checking,44408.8,Active,2016-04-23,B03007,7024.87,25000,True
AC0004697,C004697,5,Savings,26032.96,Active,2022-11-18,B02006,11431.04,250000,True
AC0004698,C004698,1,Business,7938.62,Active,2021-08-22,B09002,28555.88,25000,True
AC0004699,C004699,10,Credit,5181.48,Active,2022-07-27,B07001,6998.82,250000,False
AC0004700,C004700,6,Current,22857.05,Active,2018-07-16,B03002,1432.72,50000,True
AC0004701,C004701,10,Credit,23480.16,Active,2021-06-22,B06009,6339.44,25000,False
AC0004702,C004702,2,Business,24621.53,Active,2022-08-12,B10004,5393.18,25000,True
AC0004703,C004703,3,Current,10934.04,Active,2017-07-19,B06005,7684.28,250000,True
AC0004704,C004704,7,Current,81493.59,Active,2019-04-23,B02010,33341.94,250000,False
AC0004705,C004705,7,Current,51479.44,Active,2019-09-22,B01002,4579.9,250000,True
AC0004706,C004706,8,Savings,16288.83,Active,2024-09-24,B03004,15820.8,50000,True
AC0004707,C004707,10,Current,14340.72,Active,2017-02-20,B03003,19008.79,100000,True
AC0004708,C004708,9,Business,52615.06,Active,2024-01-16,B01004,12353.36,100000,True
AC0004709,C004709,2,Credit,3128.19,Active,2017-04-17,B04001,5846.62,100000,True
AC0004710,C004710,4,Savings,6503.7,Closed,2024-09-04,B02010,5490.95,50000,False
AC0004711,C004711,10,Current,17754.31,Active,2022-09-08,B06002,9155.2,250000,True
AC0004712,C004712,6,Savings,4201.42,Active,2020-09-18,B01001,4538.78,250000,True
AC0004713,C004713,9,Business,14518.04,Active,2023-12-13,B06006,8531.81,100000,True
AC0004714,C004714,6,Credit,6706.47,Active,2023-07-29,B10008,13595.94,100000,False
AC0004715,C004715,1,Business,3451.85,Active,2024-03-16,B07006,6495.49,25000,True
AC0004716,C004716,5,Business,178852.3,Active,2021-11-24,B07005,7077.64,25000,True
AC0004717,C004717,9,Business,13132.81,Active,2019-03-07,B10008,9138.72,50000,True
AC0004718,C004718,7,Credit,69275.98,Active,2023-01-04,B03002,7979.97,25000,True
AC0004719,C004719,2,Savings,47073.7,Active,2018-05-19,B10010,18046.38,50000,True
AC0004720,C004720,3,Savings,24625.84,Active,2019-06-26,B07007,9095.34,25000,True
AC0004721,C004721,9,Savings,2551.89,Active,2015-09-17,B06004,6162.84,50000,True
AC0004722,C004722,10,Business,5902.17,Active,2022-07-15,B07005,13509.6,100000,False
AC0004723,C004723,8,Current,22277.74,Active,2024-08-30,B10001,2458.38,250000,True
AC0004724,C004724,1,Business,4484.7,Active,2015-07-24,B09004,11631.13,25000,True
AC0004725,C004725,7,Savings,10252.92,Active,2021-04-08,B03002,12729.84,50000,False
AC0004726,C004726,9,Savings,23596.32,Active,2023-03-10,B03002,52345.98,25000,False
AC0004727,C004727,7,Savings,8723.72,Active,2019-02-16,B07008,16071.85,100000,True
AC0004728,C004728,6,Current,12889.44,Active,2021-02-21,B09001,3070.56,100000,True
AC0004729,C004729,5,Business,15071.66,Active,2022-06-29,B03010,9520.49,25000,True
AC0004730,C004730,3,Savings,8048.16,Active,2024-01-29,B04010,29451.19,250000,False
AC0004731,C004731,3,Checking,16380.04,Active,2024-03-11,B02007,2804.78,25000,True
AC0004732,C004732,8,Current,264197.94,Active,2017-03-02,B03003,5296.59,100000,False
AC0004733,C004733,1,Credit,1775.01,Active,2019-09-15,B06005,3005.25,25000,False
AC0004734,C004734,1,Credit,4159.56,Active,2016-08-28,B04003,22560.87,25000,True
AC0004735,C004735,4,Business,783.24,Active,2023-05-22,B03003,12758.58,25000,False
AC0004736,C004736,8,Savings,9825.03,Dormant,2024-06-02,B08008,7436.82,50000,True
AC0004737,C004737,7,Business,8795.63,Active,2015-08-11,B03001,3257.13,100000,True
AC0004738,C004738,6,Savings,16048.68,Active,2020-11-20,B08010,43179.85,100000,False
AC0004739,C004739,6,Checking,9859.38,Active,2015-08-22,B06009,9555.83,50000,True
AC0004740,C004740,2,Business,33032.75,Active,2023-02-14,B06003,2649.98,50000,False
AC0004741,C004741,4,Business,3308.52,Dormant,2016-10-17,B06008,3579.46,25000,True
AC0004742,C004742,1,Savings,30213.7,Active,2025-08-01,B05004,7129.63,100000,True
AC0004743,C004743,8,Credit,51107.83,Dormant,2024-05-20,B06008,11501.48,50000,True
AC0004744,C004744,8,Savings,7582.8,Active,2017-12-15,B02006,7641.19,250000,True
AC0004745,C004745,3,Business,7820.75,Active,2023-04-09,B06008,6626.89,25000,False
AC0004746,C004746,3,Credit,5526.28,Active,2018-04-29,B01007,5686.63,25000,True
AC0004747,C004747,4,Business,67161.96,Active,2017-10-06,B08004,7065.73,25000,True
AC0004748,C004748,9,Business,19282.29,Active,2023-09-28,B01009,8233.93,50000,True
AC0004749,C004749,5,Savings,17192.72,Active,2015-04-01,B04004,6637.14,50000,True
AC0004750,C004750,8,Credit,3331.89,Active,2021-11-13,B10005,3898.45,25000,True
AC0004751,C004751,5,Current,29240.82,Active,2019-11-12,B09004,10793.9,250000,True
AC0004752,C004752,7,Credit,8457.89,Active,2016-08-02,B04009,1448.46,25000,True
AC0004753,C004753,6,Business,38143.87,Active,2018-04-14,B07008,9241.22,250000,True
AC0004754,C004754,3,Business,5020.68,Active,2021-04-12,B03001,17484.93,50000,True
AC0004755,C004755,9,Checking,15236.74,Active,2023-08-13,B01010,17283.97,100000,True
AC0004756,C004756,8,Savings,5175.58,Active,2020-03-08,B07010,5305.7,25000,False
AC0004757,C004757,8,Checking,33717.18,Active,2024-08-22,B09008,5779.03,25000,True
AC0004758,C004758,10,Checking,18243.4,Active,2016-06-16,B06009,17529.18,100000,True
AC0004759,C004759,3,Savings,40154.02,Active,2020-02-28,B03006,2282.68,250000,True
AC0004760,C004760,1,Current,5485.26,Closed,2016-11-28,B03005,3118.35,100000,True
AC0004761,C004761,6,Business,5712.36,Closed,2019-02-05,B06002,22358.76,250000,True
AC0004762,C004762,4,Checking,15331.61,Closed,2025-07-05,B05007,9233.57,25000,False
AC0004763,C004763,5,Credit,25345.28,Active,2015-07-11,B07006,6181.7,50000,True
AC0004764,C004764,3,Checking,29737.72,Active,2024-03-18,B05007,5243.09,100000,False
AC0004765,C004765,4,Checking,1512.51,Dormant,2024-12-13,B01010,22080.56,25000,False
AC0004766,C004766,4,Checking,7680.32,Active,2023-10-27,B05003,2885.8,100000,False
AC0004767,C004767,4,Current,43647.34,Dormant,2022-01-21,B08003,7008.96,250000,False
AC0004768,C004768,8,Checking,52368.55,Active,2016-01-27,B01008,5574.6,100000,True
AC0004769,C004769,6,Business,15315.14,Active,2024-08-31,B02007,3343.64,100000,True
AC0004770,C004770,5,Business,8531.19,Active,2022-05-15,B07001,4030.36,25000,True
AC0004771,C004771,2,Credit,14664.65,Closed,2020-05-23,B04003,2322.78,25000,True
AC0004772,C004772,6,Credit,96788.25,Active,2018-06-10,B01002,17279.82,100000,False
AC0004773,C004773,2,Business,15454.55,Dormant,2016-06-10,B04006,16613.58,25000,True
AC0004774,C004774,4,Business,25635.74,Active,2015-11-02,B01002,14980.92,25000,True
AC0004775,C004775,5,Credit,4264.95,Dormant,2025-10-13,B10004,24933.0,50000,False
AC0004776,C004776,2,Credit,32619.95,Active,2022-06-23,B04003,4944.14,250000,False
AC0004777,C004777,4,Savings,5220.78,Active,2019-04-03,B02003,6618.61,25000,True
AC0004778,C004778,3,Savings,25425.54,Active,2016-02-26,B09004,2423.56,250000,True
AC0004779,C004779,9,Checking,70878.02,Active,2015-05-09,B09002,12485.78,100000,True
AC0004780,C004780,9,Current,9046.51,Active,2025-09-12,B09009,7374.0,100000,True
AC0004781,C004781,1,Current,17731.27,Dormant,2016-01-20,B10010,17960.67,250000,True
AC0004782,C004782,7,Checking,16636.89,Active,2018-10-01,B02003,31735.24,25000,False
AC0004783,C004783,7,Savings,42344.78,Active,2020-08-13,B02005,20596.06,25000,True
AC0004784,C004784,4,Business,18686.36,Active,2024-01-16,B09003,3510.22,100000,True
AC0004785,C004785,5,Savings,7810.16,Active,2019-03-26,B06010,13226.92,50000,False
AC0004786,C004786,8,Checking,8309.34,Active,2015-12-12,B02004,3092.02,50000,True
AC0004787,C004787,4,Business,32306.26,Active,2020-02-03,B09004,25012.7,250000,True
AC0004788,C004788,1,Checking,2766.89,Closed,2017-04-08,B04010,6760.35,100000,True
AC0004789,C004789,4,Business,3389.55,Active,2015-10-15,B01005,25243.38,50000,False
AC0004790,C004790,3,Current,63802.76,Active,2019-11-02,B05004,15748.04,25000,True
AC0004791,C004791,4,Credit,6357.74,Active,2022-03-22,B09002,11898.38,250000,False
AC0004792,C004792,3,Credit,40645.77,Active,2016-02-09,B01006,4863.85,50000,False
AC0004793,C004793,2,Savings,33587.63,Dormant,2020-08-23,B05008,5512.06,50000,True
AC0004794,C004794,10,Credit,4940.74,Active,2025-12-06,B08002,15068.38,100000,True
AC0004795,C004795,2,Savings,2286.84,Active,2020-07-30,B05004,27632.49,50000,False
AC0004796,C004796,8,Business,4410.32,Active,2018-02-05,B02001,31583.87,250000,False
AC0004797,C004797,8,Current,2017.38,Active,2025-03-26,B08001,6399.94,100000,True
AC0004798,C004798,7,Credit,22281.01,Active,2018-12-31,B05004,4212.45,250000,True
AC0004799,C004799,10,Business,53764.01,Active,2021-12-05,B06004,4537.3,25000,False
AC0004800,C004800,1,Business,21171.67,Active,2023-08-13,B09009,9430.49,250000,True
AC0004801,C004801,4,Savings,6405.05,Active,2018-12-27,B07004,8360.38,25000,False
AC0004802,C004802,2,Checking,3077.81,Active,2023-02-13,B06003,5430.58,25000,True
AC0004803,C004803,6,Savings,99905.2,Active,2025-05-16,B04010,12809.72,25000,False
AC0004804,C004804,7,Credit,21997.6,Active,2018-04-02,B07003,14195.07,100000,True
AC0004805,C004805,9,Checking,14203.82,Active,2021-10-20,B02002,6081.72,250000,True
AC0004806,C004806,4,Savings,3891.31,Active,2017-08-06,B01010,7850.54,25000,True
AC0004807,C004807,3,Checking,105254.05,Active,2016-09-27,B07002,7068.81,100000,True
AC0004808,C004808,10,Savings,18859.49,Active,2021-03-27,B02001,7089.81,100000,True
AC0004809,C004809,7,Credit,2593.66,Active,2020-12-10,B02009,10459.49,25000,False
AC0004810,C004810,8,Credit,10516.48,Active,2016-02-24,B02002,10776.28,25000,False
AC0004811,C004811,5,Savings,46440.9,Active,2025-02-26,B09007,17922.17,250000,True
AC0004812,C004812,5,Savings,27420.01,Active,2024-06-08,B08006,4270.29,50000,False
AC0004813,C004813,4,Current,6213.0,Active,2021-09-18,B05006,6293.93,250000,True
AC0004814,C004814,8,Credit,4955.34,Active,2025-03-23,B10009,4169.15,100000,False
AC0004815,C004815,3,Savings,3082.29,Active,2021-08-20,B06007,17235.9,250000,True
AC0004816,C004816,10,Current,49882.27,Active,2024-08-31,B02008,5668.75,50000,True
AC0004817,C004817,2,Current,18495.71,Active,2020-09-16,B04008,16440.42,100000,False
AC0004818,C004818,5,Current,21496.19,Active,2020-05-16,B08007,4801.26,100000,True
AC0004819,C004819,4,Credit,16693.32,Dormant,2018-10-09,B09004,11188.83,25000,False
AC0004820,C004820,7,Business,2666.97,Active,2023-05-04,B10008,8758.67,50000,False
AC0004821,C004821,7,Credit,8272.91,Active,2017-07-09,B07008,6878.42,100000,False
AC0004822,C004822,10,Checking,22192.22,Active,2022-04-09,B06002,14701.18,250000,False
AC0004823,C004823,8,Checking,12870.29,Active,2015-02-26,B06009,7301.41,250000,True
AC0004824,C004824,3,Current,1616.65,Active,2016-12-07,B05007,7633.48,25000,True
AC0004825,C004825,3,Current,11808.66,Active,2024-11-04,B04002,14907.94,25000,False
AC0004826,C004826,9,Checking,17511.26,Active,2021-03-03,B04006,10286.7,250000,True
AC0004827,C004827,5,Business,15902.38,Active,2018-09-17,B03006,3774.33,100000,False
AC0004828,C004828,1,Savings,10319.15,Active,2023-05-10,B03004,3905.58,50000,False
AC0004829,C004829,9,Business,9658.18,Active,2020-02-18,B03001,24064.56,25000,False
AC0004830,C004830,7,Current,1494.7,Active,2021-02-23,B08005,16027.52,50000,False
AC0004831,C004831,1,Credit,40765.13,Active,2022-10-04,B02003,3037.16,25000,True
AC0004832,C004832,8,Current,44608.54,Active,2016-07-16,B05004,3424.0,25000,True
AC0004833,C004833,7,Business,16084.74,Active,2018-11-04,B05001,11326.93,250000,False
AC0004834,C004834,7,Credit,8535.81,Active,2024-01-29,B09001,2752.2,50000,False
AC0004835,C004835,9,Checking,49451.76,Active,2017-12-26,B08010,13741.62,250000,True
AC0004836,C004836,5,Savings,16588.18,Active,2020-09-12,B08010,2842.94,25000,False
AC0004837,C004837,5,Credit,29180.37,Active,2015-06-11,B04009,7900.27,100000,False
AC0004838,C004838,7,Business,66794.56,Active,2018-12-13,B04001,5491.19,50000,True
AC0004839,C004839,2,Business,17737.97,Active,2016-01-13,B03003,3039.4,250000,True
AC0004840,C004840,2,Checking,11837.95,Active,2015-12-09,B01001,2613.91,250000,False
AC0004841,C004841,9,Savings,32601.87,Active,2022-07-30,B04010,4285.37,50000,True
AC0004842,C004842,3,Savings,12366.03,Active,2019-12-21,B07008,16192.83,50000,True
AC0004843,C004843,6,Credit,5250.23,Active,2020-05-15,B03010,8881.72,50000,True
AC0004844,C004844,3,Savings,74422.06,Closed,2017-09-24,B05007,28844.16,50000,True
AC0004845,C004845,3,Business,29423.2,Active,2018-07-04,B03007,8480.5,100000,False
AC0004846,C004846,6,Credit,7550.29,Active,2023-07-17,B03010,2034.8,100000,True
AC0004847,C004847,9,Current,9174.1,Active,2025-11-20,B07001,4702.28,250000,True
AC0004848,C004848,5,Credit,4218.0,Active,2018-08-16,B01008,5876.47,25000,True
AC0004849,C004849,2,Savings,13180.08,Active,2024-11-22,B05010,8982.91,50000,True
AC0004850,C004850,3,Checking,18531.49,Active,2023-03-07,B06009,10519.18,250000,True
AC0004851,C004851,2,Current,15336.79,Active,2023-02-15,B07004,13490.2,50000,True
AC0004852,C004852,9,Savings,5428.78,Active,2016-12-11,B08001,3928.97,50000,True
AC0004853,C004853,4,Checking,1084.76,Active,2024-10-26,B04005,6676.92,100000,True
AC0004854,C004854,4,Checking,1615.61,Active,2020-09-06,B04002,8396.84,100000,True
AC0004855,C004855,1,Savings,21080.05,Active,2024-09-02,B04010,9122.21,50000,True
AC0004856,C004856,5,Checking,7717.25,Active,2021-09-28,B04009,3971.06,100000,True
AC0004857,C004857,10,Credit,6811.49,Active,2016-07-26,B07007,7793.18,50000,True
AC0004858,C004858,5,Checking,6152.42,Active,2021-11-11,B03007,4036.29,50000,False
AC0004859,C004859,7,Current,35381.17,Active,2016-03-08,B07002,12616.12,100000,True
AC0004860,C004860,2,Credit,4197.15,Active,2017-09-23,B01006,12125.81,100000,False
AC0004861,C004861,2,Savings,10198.41,Active,2022-11-05,B04009,8921.53,250000,True
AC0004862,C004862,8,Savings,7136.67,Dormant,2022-10-10,B03006,6844.3,100000,True
AC0004863,C004863,1,Business,4078.59,Active,2021-09-30,B08008,6909.25,100000,True
AC0004864,C004864,5,Savings,8486.29,Dormant,2017-11-23,B10009,4011.19,50000,True
AC0004865,C004865,4,Credit,34035.24,Active,2022-12-03,B10007,10736.65,25000,True
AC0004866,C004866,1,Current,47819.78,Active,2025-06-07,B01006,16263.77,50000,True
AC0004867,C004867,6,Savings,9754.38,Dormant,2015-11-18,B08010,20193.31,50000,True
AC0004868,C004868,10,Business,6798.69,Active,2019-05-17,B02003,15370.92,25000,True
AC0004869,C004869,1,Savings,22909.95,Active,2018-12-17,B09009,17452.47,250000,True
AC0004870,C004870,9,Checking,13213.72,Active,2017-07-05,B03010,23168.61,25000,False
AC0004871,C004871,6,Savings,48237.31,Active,2023-04-21,B04004,6078.46,250000,True
AC0004872,C004872,8,Credit,3822.79,Active,2017-08-27,B07006,9417.91,100000,True
AC0004873,C004873,1,Business,19463.8,Active,2025-10-24,B04005,7399.88,250000,False
AC0004874,C004874,9,Business,45503.16,Active,2024-05-18,B06009,29005.0,25000,True
AC0004875,C004875,1,Current,154011.86,Active,2024-11-08,B06003,10126.74,250000,False
AC0004876,C004876,10,Current,7229.26,Dormant,2017-08-22,B05006,4636.28,250000,True
AC0004877,C004877,7,Savings,14022.37,Active,2021-09-22,B06009,21637.19,100000,True
AC0004878,C004878,4,Business,37932.74,Active,2019-06-01,B04003,3466.68,50000,False
AC0004879,C004879,1,Business,10325.1,Closed,2023-11-02,B06006,4008.06,25000,False
AC0004880,C004880,7,Current,34018.66,Active,2021-10-08,B08009,3674.34,100000,True
AC0004881,C004881,1,Savings,14577.05,Active,2021-04-23,B08009,12918.17,25000,True
AC0004882,C004882,7,Current,22896.24,Active,2017-05-22,B08005,13555.9,25000,False
AC0004883,C004883,8,Savings,14719.7,Active,2024-03-29,B02003,24356.11,100000,False
AC0004884,C004884,3,Credit,28649.8,Active,2023-06-05,B09001,1870.02,25000,True
AC0004885,C004885,3,Checking,34282.51,Active,2015-12-23,B07010,2115.89,50000,True
AC0004886,C004886,3,Current,11107.45,Active,2022-01-19,B03001,9402.74,100000,True
AC0004887,C004887,3,Current,11075.08,Dormant,2021-04-04,B02004,14192.22,100000,True
AC0004888,C004888,2,Current,86136.54,Active,2022-12-05,B01001,4493.47,250000,True
AC0004889,C004889,3,Savings,12022.2,Dormant,2016-01-09,B06009,23369.63,100000,True
AC0004890,C004890,7,Checking,42962.61,Active,2017-09-06,B10008,12872.37,25000,True
AC0004891,C004891,4,Current,4989.35,Active,2022-04-17,B10008,5052.83,250000,False
AC0004892,C004892,8,Business,17940.62,Active,2020-12-31,B09007,31456.26,50000,True
AC0004893,C004893,9,Checking,2378.43,Active,2023-11-18,B02004,2393.21,100000,False
AC0004894,C004894,8,Business,11521.51,Active,2020-11-01,B10010,8617.09,25000,True
AC0004895,C004895,6,Current,9477.62,Active,2017-02-04,B10010,11709.77,50000,False
AC0004896,C004896,4,Business,5588.82,Active,2016-05-14,B08008,11110.02,50000,True
AC0004897,C004897,10,Credit,42676.6,Active,2019-07-08,B04007,14485.78,100000,True
AC0004898,C004898,3,Business,29312.57,Active,2016-07-24,B07002,14608.17,25000,False
AC0004899,C004899,5,Savings,16612.53,Dormant,2015-10-13,B01003,13367.36,100000,False
AC0004900,C004900,5,Current,6287.58,Active,2016-08-07,B05008,3870.84,250000,True
AC0004901,C004901,8,Business,24102.71,Active,2019-12-31,B02009,3340.87,50000,False
AC0004902,C004902,6,Business,17946.62,Active,2025-01-30,B03006,9972.96,50000,False
AC0004903,C004903,8,Business,7061.39,Active,2017-07-23,B04009,22027.04,250000,True
AC0004904,C004904,10,Checking,8786.34,Active,2023-01-08,B05004,7746.01,100000,False
AC0004905,C004905,4,Savings,7032.52,Active,2023-07-31,B09006,7571.08,50000,True
AC0004906,C004906,9,Business,8951.5,Active,2018-05-14,B05010,2756.93,100000,True
AC0004907,C004907,2,Credit,8559.29,Active,2022-09-11,B06005,18952.32,50000,True
AC0004908,C004908,10,Savings,5716.55,Active,2021-10-31,B08002,11215.35,50000,False
AC0004909,C004909,2,Savings,23267.36,Active,2021-01-18,B01005,4064.08,50000,True
AC0004910,C004910,9,Current,3986.4,Active,2019-09-16,B03001,14586.19,100000,False
AC0004911,C004911,4,Credit,15439.74,Active,2018-11-06,B04004,3107.76,25000,True
AC0004912,C004912,10,Credit,32597.36,Active,2017-06-08,B03003,6270.77,25000,True
AC0004913,C004913,2,Checking,6082.17,Active,2025-01-29,B10007,10265.3,25000,True
AC0004914,C004914,5,Credit,3804.04,Active,2019-02-06,B07010,3903.93,250000,True
AC0004915,C004915,10,Savings,7067.48,Active,2025-06-11,B09007,6212.44,100000,False
AC0004916,C004916,1,Savings,61147.56,Active,2023-05-23,B08009,8014.25,100000,True
AC0004917,C004917,3,Credit,489.95,Dormant,2017-10-18,B03004,20667.7,250000,True
AC0004918,C004918,1,Checking,25098.48,Active,2015-12-08,B04010,21089.42,100000,True
AC0004919,C004919,4,Current,6399.86,Active,2019-10-27,B08007,25084.37,100000,True
AC0004920,C004920,4,Checking,11100.37,Active,2025-05-23,B03007,10825.2,25000,True
AC0004921,C004921,7,Current,21558.31,Active,2024-09-16,B02006,14421.82,25000,True
AC0004922,C004922,3,Current,20202.18,Active,2015-05-21,B10009,20480.17,25000,True
AC0004923,C004923,2,Credit,14450.25,Active,2019-03-01,B09008,11960.11,25000,True
AC0004924,C004924,2,Credit,66468.69,Dormant,2021-07-13,B07007,6509.55,250000,True
AC0004925,C004925,10,Business,2518.19,Active,2020-07-18,B06003,13948.4,100000,True
AC0004926,C004926,10,Current,21178.7,Active,2017-05-02,B03008,7151.07,50000,False
AC0004927,C004927,3,Credit,9143.04,Active,2020-03-02,B09009,2002.19,100000,True
AC0004928,C004928,2,Credit,25594.39,Active,2018-06-26,B04003,7787.58,250000,False
AC0004929,C004929,1,Business,4010.95,Active,2021-02-12,B05010,18838.52,100000,True
AC0004930,C004930,10,Checking,10187.78,Active,2021-11-16,B09004,3843.58,50000,True
AC0004931,C004931,8,Savings,11293.96,Closed,2016-11-06,B08010,12512.66,250000,True
AC0004932,C004932,8,Credit,4774.38,Active,2022-07-23,B07010,4301.71,250000,True
AC0004933,C004933,3,Savings,20679.16,Active,2023-05-04,B09009,6455.71,100000,True
AC0004934,C004934,7,Checking,6513.08,Active,2023-04-22,B05002,10468.04,50000,True
AC0004935,C004935,1,Business,13963.64,Active,2018-10-04,B02003,7323.3,250000,False
AC0004936,C004936,7,Current,21569.29,Active,2022-05-23,B07001,8471.65,25000,True
AC0004937,C004937,6,Business,4062.42,Active,2023-10-06,B03009,10724.97,250000,True
AC0004938,C004938,4,Checking,11977.27,Active,2021-06-10,B03003,3555.95,100000,False
AC0004939,C004939,8,Current,7696.79,Active,2022-06-01,B02003,2347.12,250000,False
AC0004940,C004940,7,Credit,28573.01,Dormant,2023-07-28,B03002,4054.18,25000,False
AC0004941,C004941,5,Credit,10122.39,Active,2020-03-27,B02010,11324.07,250000,True
AC0004942,C004942,2,Business,9723.33,Active,2017-10-01,B10007,6739.01,25000,False
AC0004943,C004943,1,Current,22690.35,Active,2020-05-22,B04010,4887.41,25000,False
AC0004944,C004944,10,Savings,20621.71,Active,2015-09-17,B06001,17481.9,100000,True
AC0004945,C004945,3,Credit,51126.61,Active,2022-12-23,B04008,1283.45,100000,False
AC0004946,C004946,4,Current,1705.22,Active,2017-11-14,B03006,6027.3,250000,True
AC0004947,C004947,7,Current,4637.73,Active,2019-01-03,B08007,9360.25,100000,True
AC0004948,C004948,3,Credit,2005.76,Active,2025-10-17,B01007,18538.2,50000,False
AC0004949,C004949,4,Credit,42002.22,Active,2020-02-03,B02005,2579.57,25000,True
AC0004950,C004950,8,Current,3078.34,Active,2015-01-08,B09007,9830.1,25000,True
AC0004951,C004951,6,Savings,17427.25,Active,2022-04-29,B01008,5857.9,250000,True
AC0004952,C004952,7,Credit,50306.59,Active,2025-06-16,B09002,19290.93,25000,True
AC0004953,C004953,1,Savings,3468.9,Active,2015-03-20,B07002,14230.76,100000,True
AC0004954,C004954,5,Business,3424.67,Active,2017-05-31,B07001,20913.17,100000,True
AC0004955,C004955,5,Credit,16939.16,Active,2019-10-17,B03006,20848.47,100000,True
AC0004956,C004956,7,Savings,11353.81,Active,2022-03-17,B05007,9113.37,250000,False
AC0004957,C004957,2,Credit,36397.71,Active,2019-11-12,B06007,14486.02,50000,False
AC0004958,C004958,2,Credit,15974.23,Active,2021-07-12,B04008,5505.65,250000,False
AC0004959,C004959,8,Current,61365.98,Active,2016-11-14,B02005,6992.85,50000,True
AC0004960,C004960,7,Credit,460.32,Active,2018-08-07,B08008,26091.91,250000,False
AC0004961,C004961,9,Credit,191533.33,Active,2020-01-14,B03002,9645.06,50000,True
AC0004962,C004962,3,Checking,36899.24,Active,2015-08-22,B03007,4991.93,250000,True
AC0004963,C004963,10,Credit,31909.75,Active,2019-12-07,B02010,14796.78,50000,True
AC0004964,C004964,3,Current,4553.95,Active,2024-01-18,B01006,4859.62,50000,True
AC0004965,C004965,7,Credit,9787.02,Active,2016-10-23,B08001,9010.82,25000,False
AC0004966,C004966,2,Business,5026.32,Active,2025-07-10,B03009,7801.54,50000,True
AC0004967,C004967,10,Current,25331.52,Active,2024-02-21,B06006,8431.34,100000,True
AC0004968,C004968,4,Business,42250.85,Active,2019-02-06,B10010,11728.23,25000,True
AC0004969,C004969,9,Current,11801.5,Closed,2022-01-06,B10008,5599.2,250000,True
AC0004970,C004970,4,Checking,27008.28,Active,2016-08-07,B05001,15947.54,25000,True
AC0004971,C004971,8,Savings,5295.81,Active,2025-11-19,B03005,13080.13,25000,True
AC0004972,C004972,5,Credit,11525.64,Active,2016-01-14,B01006,21515.03,25000,True
AC0004973,C004973,1,Savings,8172.82,Active,2018-10-30,B06003,3607.97,25000,True
AC0004974,C004974,2,Checking,17938.47,Active,2023-04-05,B08008,20533.52,100000,True
AC0004975,C004975,7,Checking,15974.68,Active,2020-01-18,B02006,5561.77,250000,True
AC0004976,C004976,2,Savings,6791.79,Active,2023-01-03,B05008,6010.03,25000,False
AC0004977,C004977,3,Current,67446.72,Active,2019-09-05,B10010,8825.5,50000,True
AC0004978,C004978,6,Business,28432.76,Active,2021-05-30,B02003,6505.38,100000,True
AC0004979,C004979,3,Current,7020.12,Dormant,2016-08-21,B04003,9187.86,100000,False
AC0004980,C004980,2,Current,11420.41,Active,2016-01-13,B05004,6527.58,25000,True
AC0004981,C004981,7,Current,18558.08,Active,2024-08-20,B10006,21875.96,100000,False
AC0004982,C004982,7,Current,13167.58,Active,2025-06-29,B04008,40473.74,50000,True
AC0004983,C004983,8,Savings,25066.26,Active,2024-01-16,B04007,45345.73,100000,True
AC0004984,C004984,10,Savings,9711.76,Active,2021-02-23,B10005,13627.06,250000,False
AC0004985,C004985,2,Credit,5103.74,Active,2025-12-18,B08002,10352.05,25000,True
AC0004986,C004986,5,Business,3047.7,Active,2021-05-18,B01007,13987.17,50000,True
AC0004987,C004987,3,Checking,38925.08,Active,2017-11-29,B03009,6095.85,25000,True
AC0004988,C004988,10,Savings,9174.82,Active,2018-09-04,B02007,4978.2,100000,True
AC0004989,C004989,6,Credit,16237.12,Active,2025-10-31,B03006,3705.1,250000,True
AC0004990,C004990,1,Current,3707.6,Active,2020-06-15,B02007,7004.46,50000,False
AC0004991,C004991,7,Credit,31333.5,Closed,2022-03-18,B09005,8934.24,50000,False
AC0004992,C004992,1,Savings,5488.58,Active,2022-09-19,B06008,5277.43,250000,False
AC0004993,C004993,3,Credit,8113.28,Dormant,2018-02-18,B07002,5613.78,250000,False
AC0004994,C004994,8,Savings,3555.22,Active,2025-06-27,B02010,2110.49,100000,True
AC0004995,C004995,6,Credit,14967.26,Dormant,2021-12-30,B05002,32563.38,50000,True
AC0004996,C004996,8,Credit,24125.1,Active,2018-01-27,B09004,4585.76,50000,False
AC0004997,C004997,6,Business,49614.59,Active,2024-09-14,B01001,8017.04,25000,True
AC0004998,C004998,9,Business,81418.56,Active,2024-05-23,B02005,5401.57,250000,True
AC0004999,C004999,6,Checking,8679.53,Active,2021-10-05,B03005,16915.01,250000,True
AC0005000,C005000,1,Current,7057.93,Active,2021-07-17,B02006,9760.97,100000,True
AC0005001,C000001,7,Current,4385.55,Active,2021-07-09,B01006,6207.85,250000,True
AC0005002,C000002,8,Checking,14341.81,Active,2023-04-01,B05004,7109.66,100000,True
AC0005003,C000003,1,Savings,4468.69,Active,2018-05-26,B03003,10406.55,250000,False
AC0005004,C000004,9,Savings,1017.42,Active,2024-02-29,B03004,5430.71,100000,True
AC0005005,C000005,8,Current,4994.63,Active,2018-12-10,B08002,10366.07,250000,True
AC0005006,C000006,8,Business,15947.94,Active,2018-04-08,B03005,8662.23,50000,True
AC0005007,C000007,4,Checking,11702.12,Active,2025-06-06,B08004,4520.96,25000,True
AC0005008,C000008,9,Checking,7607.27,Active,2025-05-11,B05009,5756.87,100000,False
AC0005009,C000009,4,Credit,21629.08,Active,2018-04-16,B04007,11275.35,50000,False
AC0005010,C000010,1,Checking,15537.15,Active,2023-06-02,B02006,12723.3,250000,True
AC0005011,C000011,10,Credit,19817.1,Active,2017-10-01,B02009,14470.72,25000,True
AC0005012,C000012,3,Savings,14855.53,Active,2018-10-26,B06003,7705.27,25000,True
AC0005013,C000013,2,Savings,3142.01,Active,2023-01-05,B09010,3056.87,250000,False
AC0005014,C000014,7,Checking,44351.29,Active,2025-11-26,B08002,12224.68,100000,True
AC0005015,C000015,3,Business,17173.36,Active,2022-11-22,B10010,10070.29,50000,True
AC0005016,C000016,9,Current,17063.31,Active,2019-05-06,B07002,21198.82,250000,True
AC0005017,C000017,5,Savings,28592.34,Active,2023-12-16,B08002,4979.58,25000,False
AC0005018,C000018,1,Business,23994.88,Active,2020-04-01,B04002,6092.5,25000,True
AC0005019,C000019,10,Credit,2064.74,Active,2019-10-04,B02001,21674.03,25000,True
AC0005020,C000020,6,Checking,13203.63,Dormant,2017-10-15,B07006,11303.17,250000,True
AC0005021,C000021,3,Checking,10495.82,Active,2016-02-03,B08009,9232.65,250000,True
AC0005022,C000022,7,Savings,5746.91,Active,2016-09-15,B01001,14208.69,100000,True
AC0005023,C000023,6,Checking,8357.25,Active,2018-09-03,B06001,7421.67,50000,False
AC0005024,C000024,1,Savings,29317.17,Active,2023-03-26,B06008,4825.75,250000,True
AC0005025,C000025,8,Savings,1765.88,Active,2018-03-19,B07001,12487.85,50000,True
AC0005026,C000026,5,Current,9278.48,Dormant,2018-08-20,B06002,36819.4,100000,True
AC0005027,C000027,7,Savings,15038.9,Active,2015-04-24,B03010,5987.96,50000,True
AC0005028,C000028,9,Business,8224.63,Dormant,2024-05-01,B07002,36199.41,100000,False
AC0005029,C000029,7,Savings,6969.35,Active,2020-06-28,B04005,875.86,25000,True
AC0005030,C000030,7,Current,15383.6,Active,2015-11-10,B04005,4990.48,25000,True
AC0005031,C000031,3,Credit,27223.2,Active,2022-03-04,B04010,3472.32,250000,False
AC0005032,C000032,3,Savings,2223.47,Active,2021-10-28,B10009,3785.05,25000,True
AC0005033,C000033,5,Checking,9129.92,Active,2015-07-03,B03006,6586.26,25000,True
AC0005034,C000034,9,Savings,12073.05,Active,2017-11-13,B02005,1424.2,100000,False
AC0005035,C000035,6,Current,33965.2,Active,2018-02-10,B05005,3636.84,25000,False
AC0005036,C000036,4,Business,18409.41,Active,2015-05-29,B08002,11161.56,50000,True
AC0005037,C000037,8,Current,12240.57,Active,2015-08-22,B04001,2448.62,25000,True
AC0005038,C000038,9,Business,10339.16,Active,2020-01-14,B08009,8580.44,25000,True
AC0005039,C000039,10,Current,8348.41,Active,2016-02-14,B10004,20072.22,250000,True
AC0005040,C000040,3,Current,55699.04,Active,2015-10-10,B04004,11790.26,50000,True
AC0005041,C000041,8,Credit,5616.15,Active,2025-12-13,B09010,14440.45,50000,False
AC0005042,C000042,6,Savings,25776.18,Active,2023-12-30,B07003,2635.46,250000,True
AC0005043,C000043,5,Current,9559.01,Active,2018-08-27,B09008,47431.15,250000,False
AC0005044,C000044,4,Credit,31337.6,Active,2020-05-29,B04003,6986.62,250000,True
AC0005045,C000045,2,Current,9482.83,Active,2022-09-10,B05006,16562.4,250000,True
AC0005046,C000046,3,Business,37833.68,Active,2022-11-07,B06010,18549.31,100000,True
AC0005047,C000047,6,Savings,39788.73,Active,2020-12-04,B08007,3032.53,50000,False
AC0005048,C000048,9,Checking,20402.91,Active,2019-10-21,B04008,17971.87,100000,True
AC0005049,C000049,9,Savings,65715.82,Active,2015-03-15,B06003,7573.15,50000,False
AC0005050,C000050,2,Checking,10522.12,Active,2025-10-13,B04002,6849.77,250000,False
AC0005051,C000051,7,Savings,11380.89,Dormant,2021-08-14,B01007,12203.67,25000,True
AC0005052,C000052,1,Credit,8250.1,Active,2021-08-11,B03002,22106.7,50000,True
AC0005053,C000053,7,Checking,11056.63,Active,2022-07-01,B04002,6089.74,250000,False
AC0005054,C000054,4,Credit,111480.02,Active,2020-12-03,B05001,10713.53,50000,True
AC0005055,C000055,5,Business,19156.38,Active,2016-11-19,B07003,6501.15,25000,False
AC0005056,C000056,8,Savings,69775.03,Active,2025-09-20,B01001,3418.75,100000,True
AC0005057,C000057,5,Credit,13627.19,Active,2023-08-30,B07006,19490.95,25000,True
AC0005058,C000058,9,Checking,87358.09,Active,2023-10-29,B05009,9109.99,25000,False
AC0005059,C000059,6,Savings,1432.05,Active,2019-08-06,B07005,10702.35,50000,True
AC0005060,C000060,10,Checking,14442.46,Active,2025-10-04,B03005,8509.23,50000,False
AC0005061,C000061,7,Business,6410.98,Active,2021-08-02,B10004,3541.06,50000,True
AC0005062,C000062,3,Current,25441.31,Active,2017-05-01,B02004,18981.41,250000,True
AC0005063,C000063,8,Credit,14495.28,Active,2017-05-07,B05009,23351.98,25000,True
AC0005064,C000064,5,Business,16959.15,Active,2015-09-28,B04006,6199.44,50000,True
AC0005065,C000065,6,Savings,11085.55,Active,2024-10-24,B05003,9013.78,100000,False
AC0005066,C000066,2,Current,18894.92,Active,2023-10-22,B06002,14809.92,50000,False
AC0005067,C000067,2,Business,2481.12,Active,2025-07-20,B01004,7828.99,50000,True
AC0005068,C000068,6,Checking,10737.2,Active,2015-01-31,B05002,2641.6,25000,False
AC0005069,C000069,2,Current,15303.41,Active,2017-12-17,B06001,10717.52,100000,True
AC0005070,C000070,10,Checking,1105.72,Active,2021-10-04,B06010,6658.52,50000,True
AC0005071,C000071,9,Savings,1722.37,Active,2019-11-28,B08002,7459.32,50000,False
AC0005072,C000072,8,Checking,1991.97,Active,2021-03-03,B07007,10826.73,250000,True
AC0005073,C000073,8,Credit,2464.68,Active,2022-09-11,B04006,7282.4,25000,False
AC0005074,C000074,6,Savings,11783.87,Active,2022-10-22,B03003,3406.58,25000,True
AC0005075,C000075,1,Credit,26829.41,Active,2018-02-08,B08008,3746.97,50000,True
AC0005076,C000076,4,Checking,40830.42,Active,2016-05-02,B04008,4229.85,100000,False
AC0005077,C000077,5,Savings,11711.65,Active,2018-02-13,B01001,5096.56,250000,True
AC0005078,C000078,10,Business,5323.54,Active,2016-02-06,B03001,49648.3,25000,True
AC0005079,C000079,3,Checking,18727.43,Active,2022-02-15,B08002,6578.58,50000,True
AC0005080,C000080,5,Business,5130.44,Active,2024-06-10,B09010,4547.5,100000,True
AC0005081,C000081,4,Business,1891.08,Dormant,2023-06-13,B05006,2292.31,25000,True
AC0005082,C000082,2,Current,21244.85,Active,2023-06-06,B04007,5362.41,25000,False
AC0005083,C000083,2,Savings,8967.7,Active,2025-06-27,B07006,1090.67,50000,False
AC0005084,C000084,4,Savings,13994.57,Active,2024-12-05,B10008,8150.33,50000,True
AC0005085,C000085,1,Credit,44147.14,Active,2017-01-27,B02001,2296.18,50000,True
AC0005086,C000086,1,Business,30442.87,Active,2020-04-15,B08003,8145.93,100000,True
AC0005087,C000087,4,Savings,15417.61,Active,2022-06-08,B03001,7891.66,25000,False
AC0005088,C000088,3,Current,59928.8,Active,2015-08-04,B06002,6154.96,250000,True
AC0005089,C000089,6,Business,21322.57,Active,2025-07-04,B07009,6573.94,100000,False
AC0005090,C000090,1,Business,62458.58,Active,2016-09-29,B08009,8162.14,25000,False
AC0005091,C000091,4,Savings,7114.8,Active,2019-06-04,B05008,11670.57,250000,False
AC0005092,C000092,5,Current,39160.74,Active,2024-04-28,B09006,11355.01,50000,True
AC0005093,C000093,10,Business,4055.9,Active,2015-02-09,B03003,13124.07,100000,True
AC0005094,C000094,7,Checking,38869.02,Active,2018-07-28,B04005,1664.73,100000,False
AC0005095,C000095,9,Current,26715.73,Active,2021-04-16,B02010,9510.68,100000,True
AC0005096,C000096,4,Credit,3414.12,Active,2015-04-04,B04010,8103.45,50000,True
AC0005097,C000097,5,Current,26775.13,Closed,2022-09-10,B02005,1843.74,25000,True
AC0005098,C000098,5,Credit,25001.19,Active,2020-10-11,B03002,852.4,25000,True
AC0005099,C000099,9,Credit,8367.57,Active,2025-09-18,B02007,3107.77,250000,True
AC0005100,C000100,10,Business,1371.27,Active,2018-03-26,B03002,23248.81,25000,False
AC0005101,C000101,10,Credit,105946.87,Active,2024-07-09,B05001,5495.61,50000,False
AC0005102,C000102,8,Checking,20354.06,Active,2022-09-25,B01001,6380.31,25000,True
AC0005103,C000103,6,Business,15918.78,Closed,2023-11-23,B05001,14096.31,100000,True
AC0005104,C000104,6,Savings,5038.2,Active,2020-08-10,B10003,17131.86,100000,False
AC0005105,C000105,10,Business,14517.36,Active,2019-01-08,B06004,9018.75,100000,False
AC0005106,C000106,3,Business,10494.12,Active,2023-04-12,B04010,8018.48,100000,False
AC0005107,C000107,4,Checking,10801.59,Dormant,2025-12-21,B07001,16452.52,100000,True
AC0005108,C000108,9,Current,1329.01,Active,2018-11-09,B03001,3545.02,250000,False
AC0005109,C000109,4,Credit,6112.72,Active,2018-04-03,B02006,14528.38,250000,True
AC0005110,C000110,3,Credit,18686.16,Active,2016-08-05,B01008,6408.86,50000,True
AC0005111,C000111,6,Credit,8071.47,Active,2017-08-05,B01005,4458.04,25000,True
AC0005112,C000112,4,Savings,22331.68,Closed,2019-11-04,B05006,11628.22,25000,True
AC0005113,C000113,9,Checking,4276.13,Active,2023-05-01,B02006,10504.5,250000,True
AC0005114,C000114,10,Current,26523.34,Active,2020-01-21,B08001,1990.4,25000,True
AC0005115,C000115,4,Savings,14172.0,Active,2021-02-06,B10004,7216.33,25000,True
AC0005116,C000116,6,Credit,10724.2,Active,2025-03-17,B07008,13466.03,50000,True
AC0005117,C000117,10,Savings,7919.33,Active,2025-03-24,B06005,14117.97,100000,False
AC0005118,C000118,8,Current,33849.32,Closed,2025-11-23,B01006,62783.76,100000,True
AC0005119,C000119,3,Savings,22773.67,Active,2022-11-29,B08010,4669.03,250000,False
AC0005120,C000120,6,Business,9009.32,Active,2018-02-17,B09001,3441.11,50000,False
AC0005121,C000121,7,Business,17486.49,Active,2025-05-02,B01005,34597.22,50000,False
AC0005122,C000122,7,Business,13499.3,Active,2022-01-05,B10001,7725.18,25000,True
AC0005123,C000123,1,Current,11545.53,Active,2016-05-10,B01003,6596.64,25000,True
AC0005124,C000124,3,Current,3894.99,Active,2024-10-10,B08010,14037.88,50000,False
AC0005125,C000125,9,Current,6734.8,Active,2021-04-12,B10008,8964.02,50000,False
AC0005126,C000126,3,Business,44684.22,Active,2022-01-29,B06006,6136.31,250000,True
AC0005127,C000127,3,Savings,18838.99,Active,2019-10-24,B09006,24976.77,100000,True
AC0005128,C000128,4,Credit,16507.6,Active,2024-09-08,B05003,13925.96,250000,True
AC0005129,C000129,2,Current,8408.81,Active,2021-08-01,B05004,10153.3,250000,False
AC0005130,C000130,2,Credit,14465.01,Active,2024-05-13,B01001,8661.92,250000,True
AC0005131,C000131,4,Current,7346.84,Active,2022-05-03,B10002,27832.5,25000,False
AC0005132,C000132,9,Business,24014.25,Active,2020-05-09,B01005,28050.55,25000,False
AC0005133,C000133,1,Current,7427.91,Active,2023-09-25,B05001,5574.24,25000,True
AC0005134,C000134,3,Savings,1867.92,Dormant,2023-02-04,B07010,2451.69,250000,True
AC0005135,C000135,1,Credit,7745.22,Active,2019-02-22,B05004,10086.38,25000,False
AC0005136,C000136,6,Checking,19577.0,Closed,2018-04-30,B07004,7609.78,25000,False
AC0005137,C000137,3,Credit,15261.57,Active,2017-07-08,B06008,2235.47,100000,True
AC0005138,C000138,8,Credit,10155.45,Active,2017-01-16,B10004,3050.95,50000,True
AC0005139,C000139,6,Business,10343.22,Active,2016-05-27,B02005,1083.31,25000,True
AC0005140,C000140,8,Savings,5154.91,Active,2024-01-10,B09005,1814.19,25000,False
AC0005141,C000141,7,Savings,8459.59,Active,2021-07-22,B05008,14408.14,250000,False
AC0005142,C000142,5,Credit,92554.8,Active,2015-02-05,B03002,14137.23,250000,True
AC0005143,C000143,9,Current,50691.31,Active,2021-11-27,B07003,7522.62,100000,False
AC0005144,C000144,5,Checking,2523.33,Dormant,2019-02-15,B03007,6186.2,25000,False
AC0005145,C000145,10,Business,11143.4,Active,2016-02-27,B02008,4642.82,50000,True
AC0005146,C000146,10,Business,34343.32,Active,2018-11-06,B10009,21887.83,250000,True
AC0005147,C000147,6,Business,22538.89,Active,2015-02-06,B03002,12198.83,250000,False
AC0005148,C000148,7,Current,13055.19,Active,2021-03-17,B09002,14890.09,100000,True
AC0005149,C000149,3,Credit,44279.31,Active,2023-11-15,B06003,4063.32,250000,False
AC0005150,C000150,9,Savings,5711.98,Active,2025-12-27,B10006,10754.21,25000,True
AC0005151,C000151,7,Business,7129.67,Dormant,2021-07-24,B01001,21251.13,50000,False
AC0005152,C000152,10,Checking,16351.11,Active,2023-05-06,B05001,9920.64,25000,True
AC0005153,C000153,3,Credit,9899.32,Closed,2025-11-22,B09008,5396.01,50000,True
AC0005154,C000154,8,Business,3675.78,Active,2022-12-25,B04004,13339.79,25000,False
AC0005155,C000155,5,Credit,2227.44,Active,2015-01-19,B06005,3901.1,50000,True
AC0005156,C000156,2,Business,8150.94,Active,2020-09-16,B06010,7425.66,100000,False
AC0005157,C000157,2,Business,9190.1,Active,2025-10-15,B04009,2568.41,250000,False
AC0005158,C000158,6,Business,6836.61,Active,2021-05-22,B07008,9196.31,50000,False
AC0005159,C000159,4,Savings,23867.22,Active,2020-12-06,B03009,5889.61,50000,True
AC0005160,C000160,2,Credit,12666.29,Dormant,2017-10-22,B05009,8847.5,25000,True
AC0005161,C000161,5,Credit,11590.58,Active,2017-04-02,B09001,30552.73,100000,True
AC0005162,C000162,7,Savings,15285.66,Active,2015-12-14,B10005,7046.19,100000,True
AC0005163,C000163,4,Business,15215.72,Active,2018-01-13,B07008,6963.05,100000,True
AC0005164,C000164,10,Current,27434.21,Active,2020-03-25,B01009,15765.95,250000,True
AC0005165,C000165,8,Savings,39367.24,Active,2021-09-25,B02008,9747.13,250000,True
AC0005166,C000166,6,Checking,2045.66,Active,2015-11-30,B05004,7768.95,50000,False
AC0005167,C000167,10,Checking,14442.85,Active,2024-09-28,B01003,3876.39,25000,True
AC0005168,C000168,5,Savings,14549.82,Active,2018-01-09,B06003,4510.36,25000,True
AC0005169,C000169,2,Savings,8210.51,Active,2018-04-24,B06003,11049.5,25000,True
AC0005170,C000170,1,Business,17841.19,Active,2021-12-21,B08005,10851.85,250000,True
AC0005171,C000171,10,Checking,19110.01,Active,2015-05-19,B10007,4863.68,250000,True
AC0005172,C000172,10,Credit,28234.43,Active,2019-07-08,B06002,3387.54,250000,False
AC0005173,C000173,8,Checking,7169.03,Active,2016-08-07,B08008,13096.48,25000,True
AC0005174,C000174,2,Savings,6569.92,Active,2019-02-21,B10003,13543.27,250000,True
AC0005175,C000175,3,Credit,3121.29,Active,2019-03-02,B02003,8629.86,250000,True
AC0005176,C000176,1,Savings,4412.01,Active,2022-10-07,B05010,1396.7,50000,True
AC0005177,C000177,1,Credit,32486.17,Active,2023-07-06,B10007,10996.31,25000,True
AC0005178,C000178,3,Business,37436.48,Active,2015-09-02,B04003,14843.42,250000,True
AC0005179,C000179,6,Credit,20343.97,Active,2017-08-14,B01008,6799.53,25000,True
AC0005180,C000180,1,Savings,2988.12,Active,2022-12-23,B01001,8906.4,250000,False
AC0005181,C000181,10,Current,4833.64,Active,2019-01-02,B05003,12662.89,100000,True
AC0005182,C000182,5,Savings,4165.86,Active,2025-12-12,B01002,7087.84,250000,False
AC0005183,C000183,3,Current,33033.17,Active,2017-01-28,B02003,2795.38,250000,True
AC0005184,C000184,6,Credit,42352.68,Active,2019-09-24,B08008,11174.59,25000,True
AC0005185,C000185,8,Business,25048.05,Active,2019-09-07,B02002,29080.28,250000,False
AC0005186,C000186,4,Checking,3090.5,Active,2023-01-30,B01009,4056.07,50000,True
AC0005187,C000187,1,Credit,11446.09,Active,2024-12-09,B05002,1883.9,25000,True
AC0005188,C000188,1,Credit,16852.16,Active,2018-07-12,B01006,8970.03,25000,True
AC0005189,C000189,9,Checking,16502.72,Active,2021-12-30,B01005,45476.47,100000,True
AC0005190,C000190,2,Checking,42689.3,Active,2022-06-30,B08002,8016.08,50000,True
AC0005191,C000191,7,Business,5319.87,Active,2024-09-24,B07005,6376.56,100000,True
AC0005192,C000192,4,Business,13048.28,Dormant,2015-07-03,B05010,3711.8,100000,False
AC0005193,C000193,8,Savings,10452.41,Active,2025-04-04,B01006,2601.71,250000,False
AC0005194,C000194,1,Current,6716.34,Dormant,2024-10-18,B02008,4368.88,25000,True
AC0005195,C000195,9,Business,14306.86,Active,2023-09-06,B09004,15189.97,250000,True
AC0005196,C000196,7,Checking,38179.15,Active,2022-12-12,B08010,6386.95,25000,True
AC0005197,C000197,5,Credit,17972.34,Dormant,2018-10-16,B07008,6187.34,50000,False
AC0005198,C000198,3,Current,127083.58,Active,2020-02-16,B10009,12579.34,25000,False
AC0005199,C000199,10,Business,48172.1,Active,2020-05-30,B08005,4307.52,25000,True
AC0005200,C000200,4,Checking,6795.12,Active,2022-11-21,B04002,12179.88,250000,True
AC0005201,C000201,5,Credit,13372.11,Active,2015-02-22,B09009,5767.92,100000,True
AC0005202,C000202,4,Checking,3452.89,Active,2024-06-29,B02001,7103.55,50000,False
AC0005203,C000203,3,Savings,1060.83,Active,2016-12-10,B04004,18080.34,250000,True
AC0005204,C000204,5,Current,19435.61,Active,2022-02-20,B06009,11835.87,25000,True
AC0005205,C000205,2,Current,41144.62,Closed,2022-10-19,B06001,7720.23,250000,False
AC0005206,C000206,1,Current,34088.54,Active,2018-02-05,B03003,7890.52,50000,True
AC0005207,C000207,3,Business,8106.07,Active,2022-03-07,B03005,9362.53,50000,False
AC0005208,C000208,2,Business,24522.31,Active,2024-09-20,B03007,26011.06,250000,True
AC0005209,C000209,5,Credit,30557.55,Dormant,2015-06-13,B02001,1841.68,25000,True
AC0005210,C000210,9,Checking,9750.26,Active,2019-09-08,B02002,8404.48,25000,True
AC0005211,C000211,2,Business,9204.79,Active,2020-03-04,B08006,11186.81,100000,True
AC0005212,C000212,1,Business,17158.41,Active,2020-03-20,B04006,26888.0,250000,False
AC0005213,C000213,2,Business,8758.97,Active,2015-07-31,B09010,4217.97,100000,True
AC0005214,C000214,6,Current,21893.24,Dormant,2018-12-30,B02006,8974.76,50000,False
AC0005215,C000215,3,Current,17363.92,Active,2018-10-03,B05010,3438.78,50000,True
AC0005216,C000216,5,Credit,25009.03,Active,2019-05-14,B03006,4097.7,50000,True
AC0005217,C000217,1,Current,1778.11,Active,2015-09-24,B03009,7495.86,50000,True
AC0005218,C000218,4,Credit,87990.51,Active,2020-11-03,B01008,4216.66,250000,False
AC0005219,C000219,5,Business,11744.73,Active,2016-11-03,B07005,7092.0,50000,True
AC0005220,C000220,5,Business,8325.73,Active,2020-03-08,B07005,6897.96,50000,False
AC0005221,C000221,6,Checking,5174.13,Dormant,2017-09-29,B04005,11791.88,50000,False
AC0005222,C000222,8,Savings,2337.25,Active,2019-01-05,B01010,6870.09,250000,False
AC0005223,C000223,5,Business,9802.26,Active,2016-08-07,B07001,7956.75,25000,True
AC0005224,C000224,9,Credit,24727.73,Active,2020-11-22,B08008,8105.2,50000,True
AC0005225,C000225,6,Credit,53632.6,Active,2021-01-07,B08008,4570.64,250000,True
AC0005226,C000226,3,Checking,83374.98,Active,2025-07-01,B08010,2135.42,25000,True
AC0005227,C000227,3,Credit,36233.63,Active,2020-09-20,B02003,3767.72,25000,True
AC0005228,C000228,4,Savings,16594.53,Active,2019-05-20,B04007,20560.22,50000,True
AC0005229,C000229,6,Business,97021.95,Active,2017-12-27,B03008,12534.9,100000,False
AC0005230,C000230,3,Business,3410.25,Active,2022-11-01,B06008,1057.28,250000,True
AC0005231,C000231,10,Checking,53249.44,Active,2022-06-28,B10007,11339.57,50000,True
AC0005232,C000232,5,Business,7441.85,Active,2019-03-29,B01001,5023.34,250000,True
AC0005233,C000233,9,Business,46094.4,Active,2019-11-25,B05009,5644.96,250000,False
AC0005234,C000234,7,Current,63508.81,Active,2023-07-20,B03004,13535.89,50000,False
AC0005235,C000235,4,Credit,38003.3,Active,2023-11-27,B02007,8121.42,250000,True
AC0005236,C000236,3,Credit,17108.03,Active,2015-04-16,B09001,4302.79,50000,True
AC0005237,C000237,8,Credit,30536.67,Active,2024-04-30,B03004,13846.45,50000,True
AC0005238,C000238,4,Checking,7142.91,Active,2016-05-15,B08007,1895.48,250000,True
AC0005239,C000239,3,Savings,716.53,Active,2022-09-15,B08006,3856.72,100000,False
AC0005240,C000240,10,Current,10246.68,Active,2016-02-17,B02010,2558.91,100000,True
AC0005241,C000241,5,Business,73213.47,Dormant,2020-12-06,B02009,3493.74,25000,False
AC0005242,C000242,1,Savings,14583.03,Dormant,2020-08-10,B09002,5754.89,25000,False
AC0005243,C000243,5,Current,13691.56,Active,2021-08-22,B10003,7241.48,100000,True
AC0005244,C000244,5,Checking,13240.2,Active,2017-01-18,B08007,6702.98,250000,True
AC0005245,C000245,9,Business,9282.9,Active,2020-05-02,B07010,6171.07,50000,False
AC0005246,C000246,8,Credit,5681.33,Active,2023-03-15,B09008,37480.84,25000,False
AC0005247,C000247,2,Current,6515.87,Active,2022-09-20,B06007,6410.28,250000,True
AC0005248,C000248,2,Current,10694.12,Active,2021-01-26,B06003,2486.87,100000,True
AC0005249,C000249,7,Business,52363.68,Dormant,2015-05-27,B10004,15693.48,50000,True
AC0005250,C000250,1,Savings,2681.27,Active,2019-11-19,B06004,10572.43,100000,True
AC0005251,C000251,4,Current,5077.33,Active,2017-04-20,B09001,8602.16,25000,False
AC0005252,C000252,2,Business,27397.45,Active,2020-09-03,B05003,17303.52,50000,False
AC0005253,C000253,1,Credit,19573.25,Active,2020-05-02,B08006,7903.91,250000,True
AC0005254,C000254,10,Checking,30432.82,Active,2017-10-18,B08010,13748.0,50000,True
AC0005255,C000255,1,Checking,5130.5,Active,2018-03-29,B09004,3040.78,50000,True
AC0005256,C000256,1,Checking,38113.96,Active,2025-03-09,B01010,3682.89,50000,True
AC0005257,C000257,10,Credit,24502.16,Active,2017-01-24,B05009,9479.36,25000,False
AC0005258,C000258,2,Current,10099.82,Active,2015-01-07,B04005,15356.18,100000,True
AC0005259,C000259,9,Checking,6170.92,Active,2016-08-09,B08003,13802.45,250000,True
AC0005260,C000260,1,Current,32436.09,Active,2017-06-03,B10001,4149.26,25000,False
AC0005261,C000261,2,Checking,7655.45,Active,2016-10-20,B09003,9478.0,100000,True
AC0005262,C000262,2,Savings,52311.2,Active,2020-03-29,B02005,5636.61,25000,True
AC0005263,C000263,8,Savings,58352.18,Active,2020-03-23,B08008,13048.87,50000,False
AC0005264,C000264,7,Business,14671.64,Active,2025-01-12,B08009,9545.22,250000,True
AC0005265,C000265,5,Credit,20549.01,Active,2015-07-28,B02002,15470.99,100000,True
AC0005266,C000266,3,Current,3185.99,Active,2021-02-25,B04005,12835.73,25000,False
AC0005267,C000267,1,Checking,37996.99,Active,2021-01-19,B06004,5083.48,25000,True
AC0005268,C000268,6,Savings,13006.28,Active,2024-06-30,B10001,3818.45,25000,True
AC0005269,C000269,3,Credit,5343.05,Active,2019-03-26,B03008,6529.67,100000,False
AC0005270,C000270,6,Business,2981.24,Active,2018-03-25,B01002,10537.6,100000,True
AC0005271,C000271,7,Savings,13990.82,Active,2022-05-26,B05004,12507.95,100000,True
AC0005272,C000272,9,Credit,87780.0,Active,2020-03-26,B09001,5518.89,100000,True
AC0005273,C000273,5,Savings,13711.84,Dormant,2016-06-11,B08005,6021.06,25000,True
AC0005274,C000274,1,Business,20125.11,Active,2017-11-17,B04002,7556.88,250000,False
AC0005275,C000275,3,Checking,173097.93,Dormant,2024-11-08,B06007,7317.03,100000,True
AC0005276,C000276,9,Credit,18095.57,Active,2015-02-06,B05005,7562.27,50000,False
AC0005277,C000277,6,Business,33503.69,Dormant,2022-01-03,B08004,4647.48,250000,True
AC0005278,C000278,7,Credit,3599.27,Active,2019-03-15,B04010,11415.22,250000,True
AC0005279,C000279,5,Current,6133.46,Dormant,2017-02-20,B01004,10604.9,25000,True
AC0005280,C000280,2,Current,2487.98,Active,2024-12-31,B03010,7544.3,100000,True
AC0005281,C000281,9,Current,19100.72,Active,2018-08-31,B08004,7625.73,25000,True
AC0005282,C000282,8,Current,4027.3,Active,2023-06-07,B02010,11231.84,100000,True
AC0005283,C000283,10,Current,5771.86,Active,2025-08-04,B02008,20937.37,250000,True
AC0005284,C000284,9,Business,25768.88,Active,2023-03-07,B06003,11164.6,250000,False
AC0005285,C000285,3,Savings,13958.01,Active,2020-12-05,B08003,15109.01,100000,True
AC0005286,C000286,3,Checking,12419.77,Active,2017-07-12,B01003,10783.28,25000,True
AC0005287,C000287,3,Savings,7477.73,Active,2017-12-14,B03007,18912.89,50000,True
AC0005288,C000288,10,Current,8466.27,Active,2017-10-14,B09004,5369.37,25000,True
AC0005289,C000289,6,Credit,30946.08,Active,2018-07-05,B01004,7280.88,50000,True
AC0005290,C000290,5,Business,2009.49,Active,2021-02-27,B05007,4140.63,50000,True
AC0005291,C000291,10,Savings,19520.24,Active,2021-11-17,B05004,3418.55,50000,True
AC0005292,C000292,7,Business,14154.83,Active,2025-04-27,B10007,1031.9,250000,False
AC0005293,C000293,10,Business,70769.78,Active,2016-02-13,B04005,10622.95,50000,False
AC0005294,C000294,10,Checking,17231.77,Active,2021-08-11,B01008,12025.59,100000,True
AC0005295,C000295,1,Checking,2203.98,Active,2016-01-23,B06002,7773.9,50000,False
AC0005296,C000296,4,Business,29944.42,Active,2020-12-10,B05009,9920.69,250000,True
AC0005297,C000297,8,Credit,12888.09,Active,2019-07-24,B07004,10746.37,25000,True
AC0005298,C000298,9,Current,13697.85,Active,2023-10-30,B09001,21183.23,100000,False
AC0005299,C000299,2,Checking,3134.65,Closed,2023-03-03,B02006,10568.73,100000,False
AC0005300,C000300,4,Current,5556.28,Active,2024-02-04,B03003,4065.76,100000,True
AC0005301,C000301,6,Current,20739.05,Active,2017-12-11,B04005,14694.2,100000,True
AC0005302,C000302,8,Business,10974.41,Active,2016-07-20,B05004,1518.67,250000,False
AC0005303,C000303,2,Checking,2594.28,Active,2024-05-22,B07010,10134.28,100000,False
AC0005304,C000304,7,Checking,34609.28,Active,2023-12-03,B10001,7003.46,250000,True
AC0005305,C000305,3,Checking,3755.68,Active,2019-05-30,B01006,4817.34,25000,True
AC0005306,C000306,3,Business,19248.32,Active,2020-07-18,B09010,10308.62,25000,False
AC0005307,C000307,6,Savings,22903.72,Active,2015-04-14,B03007,7103.12,100000,True
AC0005308,C000308,5,Credit,21232.77,Active,2023-09-03,B08002,10711.72,250000,True
AC0005309,C000309,7,Business,1411.6,Active,2018-10-19,B01001,24584.87,250000,False
AC0005310,C000310,4,Checking,16018.94,Active,2025-06-19,B07010,6815.35,25000,True
AC0005311,C000311,9,Checking,27716.93,Dormant,2021-03-16,B05001,7148.55,25000,False
AC0005312,C000312,1,Checking,8651.24,Active,2021-03-26,B02008,5800.23,250000,True
AC0005313,C000313,9,Checking,6432.52,Active,2017-09-22,B10003,17611.28,100000,True
AC0005314,C000314,1,Savings,5726.25,Active,2018-02-08,B07010,3287.34,250000,True
AC0005315,C000315,8,Credit,18337.73,Active,2025-03-11,B06010,20716.24,100000,True
AC0005316,C000316,4,Business,13854.18,Active,2022-06-01,B08003,3441.82,100000,False
AC0005317,C000317,4,Business,6033.61,Active,2017-04-05,B10009,6685.2,25000,True
AC0005318,C000318,1,Savings,11100.32,Active,2015-10-19,B06005,4588.77,25000,True
AC0005319,C000319,8,Credit,3938.02,Active,2017-07-11,B04005,29905.63,50000,False
AC0005320,C000320,2,Credit,22855.88,Active,2025-02-19,B06003,10526.27,50000,True
AC0005321,C000321,7,Savings,10874.65,Active,2015-09-22,B08001,11902.81,50000,True
AC0005322,C000322,8,Current,43307.67,Active,2023-06-17,B10001,7736.31,25000,True
AC0005323,C000323,9,Savings,8817.51,Active,2016-12-10,B09007,7494.85,100000,True
AC0005324,C000324,8,Credit,4884.58,Active,2022-12-03,B04007,13794.05,25000,True
AC0005325,C000325,4,Business,2595.11,Closed,2023-10-31,B10002,8092.03,25000,True
AC0005326,C000326,8,Current,40699.78,Active,2019-04-27,B10004,6234.4,25000,True
AC0005327,C000327,9,Business,3262.52,Active,2025-06-15,B10001,9410.99,250000,True
AC0005328,C000328,4,Checking,14904.63,Active,2015-01-12,B02008,31452.13,50000,True
AC0005329,C000329,2,Business,78734.53,Active,2023-02-22,B06005,6030.01,250000,True
AC0005330,C000330,9,Checking,22643.92,Active,2024-07-10,B07007,7284.38,50000,True
AC0005331,C000331,2,Credit,1103.02,Active,2021-12-14,B04007,7465.67,250000,False
AC0005332,C000332,6,Business,7161.22,Active,2023-09-06,B06002,12351.88,25000,True
AC0005333,C000333,3,Checking,25695.29,Active,2023-12-03,B03001,31879.73,100000,True
AC0005334,C000334,2,Credit,42532.22,Dormant,2022-04-24,B07007,11778.5,25000,True
AC0005335,C000335,8,Current,11404.02,Active,2017-03-21,B04009,1775.85,250000,False
AC0005336,C000336,2,Credit,11591.25,Active,2015-06-06,B09004,10155.32,100000,True
AC0005337,C000337,7,Savings,10223.27,Active,2025-09-27,B09003,5646.86,50000,False
AC0005338,C000338,7,Business,18335.69,Active,2024-12-12,B05008,16256.31,100000,True
AC0005339,C000339,1,Checking,16944.24,Active,2020-05-13,B02002,5004.48,25000,True
AC0005340,C000340,2,Credit,6377.56,Active,2025-04-26,B04006,10188.42,100000,True
AC0005341,C000341,8,Savings,22290.5,Active,2024-04-20,B09002,18117.91,25000,False
AC0005342,C000342,6,Savings,11755.55,Active,2023-10-28,B01003,11841.27,100000,False
AC0005343,C000343,2,Checking,11786.24,Active,2025-02-22,B09001,18734.11,250000,False
AC0005344,C000344,10,Credit,73166.55,Active,2022-07-20,B02005,4735.06,100000,True
AC0005345,C000345,3,Business,2021.8,Active,2016-07-27,B06010,5504.53,50000,False
AC0005346,C000346,1,Checking,7888.29,Active,2017-07-21,B01004,1759.84,25000,True
AC0005347,C000347,10,Current,4933.96,Active,2021-12-02,B04009,4700.35,100000,False
AC0005348,C000348,1,Current,14412.01,Active,2021-05-10,B02008,12010.51,100000,True
AC0005349,C000349,6,Savings,4408.73,Active,2020-08-14,B07010,5357.89,50000,False
AC0005350,C000350,10,Business,12733.49,Active,2025-10-27,B07009,6518.08,100000,False
AC0005351,C000351,6,Current,27430.44,Active,2018-03-08,B08005,16200.39,50000,False
AC0005352,C000352,6,Business,10141.33,Active,2022-01-06,B09010,5679.37,250000,False
AC0005353,C000353,4,Credit,2635.04,Active,2022-03-23,B04009,4644.57,25000,True
AC0005354,C000354,2,Savings,9850.84,Active,2016-07-06,B09010,6138.26,50000,True
AC0005355,C000355,6,Credit,18276.75,Dormant,2023-01-22,B03009,11511.94,100000,True
AC0005356,C000356,9,Current,15515.3,Active,2018-11-11,B09001,14315.42,25000,False
AC0005357,C000357,1,Current,14578.1,Active,2024-04-28,B09003,25278.05,25000,True
AC0005358,C000358,9,Business,11843.59,Active,2021-02-23,B09005,15953.57,100000,True
AC0005359,C000359,5,Business,31507.93,Active,2016-12-31,B03007,4212.08,250000,True
AC0005360,C000360,6,Checking,21952.85,Active,2024-09-08,B10003,34670.43,25000,True
AC0005361,C000361,2,Credit,1383.52,Active,2017-08-17,B02005,5900.86,100000,False
AC0005362,C000362,7,Current,4351.36,Active,2024-12-10,B02004,21771.83,50000,True
AC0005363,C000363,2,Business,8709.72,Active,2021-08-09,B10007,8464.57,25000,True
AC0005364,C000364,3,Credit,18836.69,Active,2023-01-19,B02006,5089.55,50000,True
AC0005365,C000365,8,Current,28439.29,Active,2020-12-06,B09001,6555.59,250000,True
AC0005366,C000366,1,Current,33495.03,Active,2024-02-07,B04005,6510.67,25000,False
AC0005367,C000367,5,Credit,6528.92,Active,2019-10-11,B08007,10820.31,50000,True
AC0005368,C000368,6,Current,30223.94,Active,2024-02-28,B10008,17864.15,100000,False
AC0005369,C000369,2,Credit,1991.42,Active,2019-11-12,B02009,6724.61,100000,True
AC0005370,C000370,3,Current,18397.63,Active,2019-07-15,B04002,10650.28,25000,True
AC0005371,C000371,4,Savings,7014.62,Active,2016-09-15,B03007,6155.8,250000,True
AC0005372,C000372,7,Checking,4389.24,Active,2015-08-27,B06010,15372.49,100000,True
AC0005373,C000373,10,Savings,44323.35,Active,2016-08-05,B03007,4333.99,250000,False
AC0005374,C000374,9,Current,5789.47,Active,2017-12-24,B07009,14990.24,250000,True
AC0005375,C000375,2,Current,17226.47,Dormant,2015-02-04,B07005,7127.24,50000,True
AC0005376,C000376,1,Savings,42684.83,Active,2025-02-15,B09003,5400.67,50000,True
AC0005377,C000377,1,Checking,24195.35,Active,2019-03-25,B03009,14501.89,50000,True
AC0005378,C000378,6,Checking,25866.51,Active,2019-06-28,B03001,29652.14,100000,True
AC0005379,C000379,2,Business,4417.31,Active,2018-04-15,B05004,7727.21,25000,False
AC0005380,C000380,3,Credit,1769.65,Active,2020-05-14,B03001,12201.1,100000,True
AC0005381,C000381,9,Credit,32510.43,Active,2023-01-14,B02009,10459.14,250000,True
AC0005382,C000382,9,Checking,5010.28,Closed,2020-10-23,B01008,9516.0,50000,True
AC0005383,C000383,9,Business,34857.69,Active,2021-07-07,B03001,7283.92,25000,True
AC0005384,C000384,3,Credit,2934.95,Dormant,2023-10-16,B07004,8243.65,50000,False
AC0005385,C000385,7,Savings,13205.65,Active,2015-04-19,B08007,6659.88,100000,True
AC0005386,C000386,7,Checking,24723.32,Active,2025-01-09,B03009,3597.48,100000,True
AC0005387,C000387,2,Current,1503.88,Active,2020-05-03,B02004,15253.81,100000,False
AC0005388,C000388,6,Business,14348.45,Active,2017-02-26,B07002,15029.81,100000,True
AC0005389,C000389,6,Business,12540.3,Dormant,2015-11-16,B07001,5046.66,100000,False
AC0005390,C000390,4,Current,107274.81,Active,2024-10-31,B04001,19497.62,100000,False
AC0005391,C000391,8,Checking,46414.19,Active,2025-10-04,B04004,21492.58,50000,True
AC0005392,C000392,7,Current,10314.48,Active,2024-05-24,B02004,11983.36,50000,False
AC0005393,C000393,6,Current,22016.88,Active,2015-04-14,B10002,6997.25,50000,True
AC0005394,C000394,8,Business,5127.07,Active,2015-01-06,B05008,14623.78,250000,False
AC0005395,C000395,8,Business,7100.21,Active,2018-10-17,B04010,12221.98,250000,True
AC0005396,C000396,6,Business,3669.83,Active,2021-11-01,B02010,7739.93,25000,True
AC0005397,C000397,3,Business,43478.42,Active,2019-08-15,B05005,21629.9,100000,True
AC0005398,C000398,8,Credit,5467.57,Active,2016-03-08,B04007,12435.76,250000,True
AC0005399,C000399,8,Checking,39775.92,Active,2020-09-25,B08003,3304.48,50000,False
AC0005400,C000400,10,Savings,36386.05,Active,2019-06-19,B05010,7217.2,250000,False
AC0005401,C000401,2,Business,38693.55,Active,2023-07-01,B07001,11482.86,25000,False
AC0005402,C000402,5,Business,17832.7,Active,2025-12-04,B07007,6463.06,50000,True
AC0005403,C000403,10,Checking,4114.1,Active,2022-04-05,B05005,9481.75,100000,True
AC0005404,C000404,6,Business,43488.16,Active,2020-10-10,B02007,11231.32,50000,True
AC0005405,C000405,10,Business,18254.65,Active,2023-11-17,B09001,11050.03,250000,True
AC0005406,C000406,1,Credit,3310.47,Active,2020-10-13,B03008,18287.43,50000,False
AC0005407,C000407,1,Current,24132.57,Active,2020-09-18,B02004,4062.72,25000,True
AC0005408,C000408,8,Current,17102.78,Active,2016-12-24,B07007,10258.4,100000,True
AC0005409,C000409,4,Business,4305.35,Active,2019-09-23,B09006,8824.58,50000,False
AC0005410,C000410,6,Business,6025.12,Closed,2021-10-28,B07005,11278.83,250000,False
AC0005411,C000411,5,Checking,62885.71,Active,2017-11-03,B02009,5722.37,50000,True
AC0005412,C000412,5,Business,14109.33,Active,2019-03-05,B05003,3077.54,250000,True
AC0005413,C000413,10,Business,16054.2,Closed,2018-07-07,B01007,15232.77,50000,False
AC0005414,C000414,1,Savings,18441.99,Active,2020-07-15,B07006,4611.6,250000,True
AC0005415,C000415,8,Current,13686.09,Active,2022-09-22,B05004,5203.37,250000,True
AC0005416,C000416,9,Credit,13579.11,Active,2022-07-21,B10008,9362.33,25000,True
AC0005417,C000417,7,Checking,7800.74,Active,2017-05-11,B06003,13348.7,250000,True
AC0005418,C000418,4,Savings,10584.86,Active,2017-06-13,B01006,14580.17,250000,True
AC0005419,C000419,2,Savings,72811.34,Active,2018-03-13,B07003,13810.26,25000,True
AC0005420,C000420,7,Checking,5398.27,Active,2021-01-27,B03002,2411.69,50000,True
AC0005421,C000421,5,Current,53505.27,Active,2015-03-19,B04006,14387.31,50000,True
AC0005422,C000422,2,Savings,23529.96,Dormant,2022-08-16,B05005,12282.83,25000,True
AC0005423,C000423,4,Credit,23850.71,Active,2024-06-30,B04009,11512.05,250000,True
AC0005424,C000424,10,Credit,8532.18,Active,2015-06-13,B01005,32005.04,250000,True
AC0005425,C000425,3,Credit,42261.25,Active,2025-12-15,B05008,6871.15,25000,True
AC0005426,C000426,2,Checking,6965.63,Dormant,2024-01-21,B06005,6727.07,100000,True
AC0005427,C000427,7,Business,24893.78,Active,2024-11-26,B02003,47591.55,250000,False
AC0005428,C000428,2,Current,3053.98,Active,2020-01-23,B06005,5492.4,25000,True
AC0005429,C000429,10,Credit,10407.7,Active,2017-04-14,B05005,22361.37,100000,True
AC0005430,C000430,9,Credit,60894.75,Active,2020-02-01,B09002,9068.42,25000,True
AC0005431,C000431,10,Checking,2680.34,Active,2015-08-29,B08008,9872.09,25000,True
AC0005432,C000432,10,Savings,15427.63,Closed,2020-06-02,B07008,19428.89,100000,True
AC0005433,C000433,3,Current,5296.84,Active,2025-04-28,B02005,7967.68,100000,True
AC0005434,C000434,3,Credit,6464.56,Active,2015-11-30,B03003,15382.15,250000,True
AC0005435,C000435,4,Current,17990.08,Dormant,2023-03-26,B09007,10488.85,100000,True
AC0005436,C000436,5,Savings,3508.46,Active,2019-05-17,B06007,3391.37,25000,True
AC0005437,C000437,9,Business,15671.23,Active,2018-09-28,B08001,13199.0,50000,False
AC0005438,C000438,8,Savings,57433.36,Active,2018-01-01,B08007,6292.02,100000,True
AC0005439,C000439,7,Business,16437.36,Active,2025-02-21,B08003,3716.36,50000,True
AC0005440,C000440,9,Business,3934.74,Active,2024-01-30,B03003,7827.91,100000,True
AC0005441,C000441,7,Current,11065.43,Active,2021-06-12,B03002,9797.25,25000,False
AC0005442,C000442,4,Credit,12506.24,Active,2015-09-09,B10002,2602.78,25000,True
AC0005443,C000443,5,Savings,25564.31,Active,2017-06-24,B10010,3162.34,25000,True
AC0005444,C000444,6,Checking,5555.13,Active,2020-02-13,B01005,5149.41,250000,False
AC0005445,C000445,1,Checking,34135.24,Active,2017-01-02,B02006,3299.87,50000,True
AC0005446,C000446,8,Credit,140901.83,Dormant,2023-06-25,B09002,5602.23,250000,True
AC0005447,C000447,7,Business,3373.83,Active,2023-11-29,B08009,38867.42,50000,True
AC0005448,C000448,8,Checking,15389.91,Active,2020-08-20,B05002,4927.34,100000,True
AC0005449,C000449,6,Credit,60652.19,Active,2024-07-23,B08010,1314.25,250000,True
AC0005450,C000450,8,Savings,4021.08,Active,2018-01-29,B06002,5519.52,250000,True
AC0005451,C000451,10,Savings,34007.25,Active,2018-03-25,B06009,4379.8,100000,True
AC0005452,C000452,6,Checking,5745.37,Active,2019-02-05,B07007,25052.28,50000,True
AC0005453,C000453,5,Business,22578.12,Active,2017-08-10,B09005,8614.99,100000,True
AC0005454,C000454,2,Business,21452.98,Active,2018-05-10,B07009,14810.5,25000,False
AC0005455,C000455,8,Business,10300.57,Active,2025-12-07,B09005,5066.87,250000,False
AC0005456,C000456,10,Business,12396.95,Active,2020-12-28,B01002,13882.41,50000,True
AC0005457,C000457,7,Savings,451200.07,Active,2016-08-27,B01010,42296.82,250000,False
AC0005458,C000458,9,Checking,16583.9,Active,2018-12-18,B10004,2392.05,50000,False
AC0005459,C000459,9,Credit,11440.05,Active,2023-10-18,B07003,14649.69,100000,False
AC0005460,C000460,8,Business,3696.91,Active,2022-07-12,B02008,5337.27,50000,True
AC0005461,C000461,6,Checking,5160.7,Active,2021-09-23,B02002,2774.39,25000,False
AC0005462,C000462,1,Current,32947.06,Active,2019-05-11,B03008,10113.89,100000,True
AC0005463,C000463,1,Savings,15505.72,Active,2022-08-10,B06004,7584.87,250000,False
AC0005464,C000464,3,Business,25192.4,Active,2017-08-09,B01003,4910.83,100000,False
AC0005465,C000465,5,Current,115409.34,Active,2018-07-09,B09010,7787.3,50000,True
AC0005466,C000466,8,Credit,21984.12,Active,2020-02-13,B10003,6511.7,50000,False
AC0005467,C000467,5,Current,6710.33,Dormant,2016-10-19,B03002,4025.47,50000,False
AC0005468,C000468,1,Credit,13092.35,Active,2016-08-13,B09003,14692.45,25000,True
AC0005469,C000469,3,Current,6270.93,Active,2015-11-11,B02005,8282.82,50000,True
AC0005470,C000470,10,Current,6426.76,Active,2017-11-08,B07010,5446.39,100000,True
AC0005471,C000471,10,Checking,35180.35,Active,2015-04-21,B07001,7032.96,50000,False
AC0005472,C000472,4,Checking,5508.21,Active,2019-05-14,B06007,7023.52,250000,False
AC0005473,C000473,9,Current,8117.48,Active,2019-05-19,B01004,7016.88,50000,False
AC0005474,C000474,8,Business,23342.21,Active,2023-08-21,B09007,7617.8,250000,True
AC0005475,C000475,10,Current,12544.1,Active,2019-10-24,B10003,19534.73,100000,True
AC0005476,C000476,9,Current,21390.36,Active,2023-07-23,B06008,2881.22,250000,True
AC0005477,C000477,7,Checking,3155.15,Active,2017-09-03,B07008,8846.36,50000,False
AC0005478,C000478,4,Current,27691.27,Active,2020-09-12,B06006,15045.19,50000,True
AC0005479,C000479,7,Checking,12633.55,Active,2017-07-25,B07002,2885.91,250000,True
AC0005480,C000480,4,Checking,11212.93,Active,2017-06-30,B01010,15672.43,100000,True
AC0005481,C000481,4,Current,71918.39,Active,2024-09-08,B04002,2256.19,250000,True
AC0005482,C000482,7,Credit,2897.43,Active,2016-10-19,B04008,2513.16,250000,True
AC0005483,C000483,6,Business,16913.86,Active,2018-07-24,B02001,9732.04,50000,True
AC0005484,C000484,6,Business,11616.75,Active,2020-09-12,B08005,7010.01,25000,True
AC0005485,C000485,4,Business,34714.08,Active,2022-01-24,B07004,2011.29,25000,True
AC0005486,C000486,5,Checking,2566.02,Active,2015-02-02,B08002,3187.34,250000,True
AC0005487,C000487,1,Checking,30761.69,Active,2022-12-23,B02008,22507.79,100000,True
AC0005488,C000488,7,Business,20010.73,Active,2023-05-25,B10010,8809.7,100000,True
AC0005489,C000489,6,Savings,6413.37,Active,2022-06-11,B02004,14561.89,25000,False
AC0005490,C000490,10,Checking,33098.76,Active,2020-12-04,B01009,6902.94,25000,False
AC0005491,C000491,6,Savings,27066.99,Active,2021-02-14,B08002,10331.25,50000,True
AC0005492,C000492,5,Savings,18147.2,Active,2023-04-05,B05010,16045.16,100000,True
AC0005493,C000493,1,Business,3158.35,Active,2016-12-29,B01001,5268.49,50000,True
AC0005494,C000494,2,Business,10787.46,Active,2020-04-21,B06010,7907.68,250000,False
AC0005495,C000495,4,Savings,76648.08,Active,2024-05-03,B02010,8469.93,50000,True
AC0005496,C000496,4,Business,5673.9,Active,2015-10-30,B10002,13270.25,100000,True
AC0005497,C000497,4,Savings,34679.6,Dormant,2025-10-23,B01010,5558.8,25000,True
AC0005498,C000498,4,Current,4479.91,Active,2023-03-09,B02010,7303.17,25000,True
AC0005499,C000499,8,Current,23791.67,Active,2018-12-20,B04009,16654.15,250000,True
AC0005500,C000500,2,Credit,10966.63,Active,2015-04-18,B08005,3821.26,25000,True
AC0005501,C000501,4,Business,20534.08,Active,2024-12-06,B10008,5235.88,100000,False
AC0005502,C000502,2,Business,2271.75,Active,2016-04-06,B07005,4310.41,50000,True
AC0005503,C000503,4,Current,7551.54,Active,2024-09-05,B08010,3526.49,25000,True
AC0005504,C000504,7,Credit,8436.34,Active,2020-06-06,B10004,5353.51,50000,True
AC0005505,C000505,1,Credit,41712.34,Active,2025-05-09,B02008,9898.66,250000,True
AC0005506,C000506,4,Savings,54280.0,Active,2024-05-03,B09007,12077.19,100000,False
AC0005507,C000507,1,Credit,5247.94,Active,2025-11-22,B09010,9023.4,50000,False
AC0005508,C000508,10,Checking,9678.94,Dormant,2024-01-03,B05008,5136.75,25000,True
AC0005509,C000509,8,Business,11451.6,Active,2018-05-11,B08008,8199.26,100000,False
AC0005510,C000510,3,Business,17287.07,Closed,2019-08-16,B01005,27623.93,100000,True
AC0005511,C000511,2,Current,951.17,Closed,2019-01-31,B04005,4919.35,100000,False
AC0005512,C000512,1,Business,16063.99,Active,2016-07-26,B06010,6716.08,50000,True
AC0005513,C000513,5,Savings,23572.73,Active,2019-08-29,B07003,22027.13,25000,True
AC0005514,C000514,8,Savings,12640.58,Dormant,2016-12-26,B10008,23057.79,25000,False
AC0005515,C000515,6,Checking,6589.13,Active,2021-07-09,B10003,10835.02,25000,True
AC0005516,C000516,9,Savings,13383.07,Dormant,2025-10-28,B07010,11812.01,50000,True
AC0005517,C000517,4,Current,1265.15,Active,2016-02-23,B06008,17523.04,100000,True
AC0005518,C000518,3,Current,1351.51,Dormant,2022-09-27,B04001,11065.46,250000,False
AC0005519,C000519,5,Current,30706.84,Active,2015-02-24,B09008,10307.29,100000,False
AC0005520,C000520,3,Checking,6675.31,Active,2020-01-09,B08003,11426.6,100000,True
AC0005521,C000521,10,Savings,10437.5,Active,2023-10-04,B05010,5583.74,250000,True
AC0005522,C000522,2,Savings,11248.31,Active,2016-07-17,B07005,3378.71,250000,True
AC0005523,C000523,5,Credit,18934.22,Active,2021-12-08,B02008,5631.52,25000,False
AC0005524,C000524,6,Savings,60509.52,Active,2016-05-12,B03005,4267.69,100000,True
AC0005525,C000525,1,Current,65706.7,Active,2023-10-20,B05005,12045.12,100000,True
AC0005526,C000526,5,Business,11202.15,Active,2025-07-08,B04003,8188.49,50000,True
AC0005527,C000527,5,Checking,8041.63,Active,2021-08-06,B01006,8823.92,50000,False
AC0005528,C000528,3,Current,45336.33,Active,2018-12-13,B06010,5404.1,50000,True
AC0005529,C000529,2,Business,23403.29,Active,2016-01-05,B03010,18291.76,50000,False
AC0005530,C000530,1,Current,10704.92,Active,2022-01-09,B05006,9854.94,50000,True
AC0005531,C000531,1,Checking,19445.4,Active,2025-02-06,B01008,7179.7,50000,True
AC0005532,C000532,5,Current,73628.46,Active,2020-05-28,B07001,6724.01,100000,True
AC0005533,C000533,1,Savings,25072.65,Active,2015-02-14,B07008,12996.8,250000,True
AC0005534,C000534,10,Business,30725.27,Active,2017-07-12,B08006,7614.16,250000,False
AC0005535,C000535,3,Business,16395.48,Active,2019-03-17,B02008,17211.45,250000,True
AC0005536,C000536,7,Business,72990.8,Active,2017-01-24,B07005,7959.15,250000,True
AC0005537,C000537,7,Savings,1690.42,Active,2025-12-17,B05001,5562.9,100000,False
AC0005538,C000538,5,Savings,43635.33,Active,2018-10-13,B09001,37669.74,25000,True
AC0005539,C000539,9,Business,4155.69,Active,2017-11-18,B02002,5766.36,25000,True
AC0005540,C000540,2,Business,9276.74,Active,2021-07-18,B01006,7315.37,50000,False
AC0005541,C000541,3,Savings,58021.89,Active,2021-08-10,B02008,5734.99,100000,True
AC0005542,C000542,3,Current,38354.99,Active,2019-09-20,B01006,5450.43,250000,False
AC0005543,C000543,2,Current,13808.6,Active,2018-07-17,B03006,31027.54,25000,False
AC0005544,C000544,3,Savings,1209.54,Active,2015-07-30,B10005,12551.43,50000,True
AC0005545,C000545,4,Credit,9953.42,Active,2023-10-07,B06005,3365.56,25000,True
AC0005546,C000546,8,Current,65548.83,Active,2021-06-26,B02005,2122.09,25000,True
AC0005547,C000547,4,Checking,65981.36,Dormant,2018-01-15,B07003,9859.08,50000,True
AC0005548,C000548,9,Savings,93467.97,Active,2018-01-07,B08002,6016.07,50000,True
AC0005549,C000549,8,Current,8661.89,Active,2023-09-26,B06009,8014.52,25000,True
AC0005550,C000550,10,Checking,41007.98,Dormant,2016-01-03,B07009,33507.23,50000,True
AC0005551,C000551,2,Checking,38910.31,Active,2016-05-15,B07007,37875.57,50000,True
AC0005552,C000552,10,Business,19315.61,Active,2019-06-06,B01008,6482.08,100000,False
AC0005553,C000553,7,Credit,50344.4,Dormant,2017-03-02,B02001,8089.07,100000,False
AC0005554,C000554,10,Business,7640.58,Active,2023-05-25,B09003,3390.8,250000,True
AC0005555,C000555,4,Checking,6350.56,Active,2022-04-23,B05008,8480.18,100000,False
AC0005556,C000556,10,Savings,4479.57,Active,2023-08-27,B02006,19260.98,100000,True
AC0005557,C000557,6,Credit,60910.6,Active,2016-11-18,B06006,7069.85,50000,True
AC0005558,C000558,1,Savings,26958.03,Active,2018-01-15,B10007,9573.73,50000,True
AC0005559,C000559,5,Credit,13958.28,Active,2022-12-27,B10007,13276.13,100000,True
AC0005560,C000560,2,Checking,15309.01,Closed,2025-05-07,B01009,6539.46,250000,True
AC0005561,C000561,10,Credit,25343.4,Active,2025-07-03,B07005,21567.42,25000,False
AC0005562,C000562,4,Credit,26468.15,Active,2020-09-06,B08006,6639.41,250000,True
AC0005563,C000563,3,Checking,6142.2,Active,2016-10-03,B03007,3734.47,25000,False
AC0005564,C000564,6,Checking,2533.55,Dormant,2025-07-17,B01009,6554.09,250000,True
AC0005565,C000565,5,Checking,38566.52,Active,2022-10-31,B07001,4544.05,250000,True
AC0005566,C000566,1,Credit,4653.77,Active,2020-07-28,B10004,14304.84,50000,False
AC0005567,C000567,9,Current,42152.33,Active,2015-03-13,B02010,6709.64,25000,True
AC0005568,C000568,9,Savings,5678.94,Dormant,2019-08-03,B08003,8470.45,25000,False
AC0005569,C000569,8,Business,8629.63,Active,2024-11-19,B10009,5675.36,25000,True
AC0005570,C000570,7,Credit,17528.32,Active,2024-08-30,B08006,3915.5,25000,False
AC0005571,C000571,5,Current,16053.23,Active,2021-06-23,B09010,12932.48,50000,True
AC0005572,C000572,6,Current,14624.84,Active,2017-07-22,B05004,5364.93,25000,False
AC0005573,C000573,6,Checking,6340.44,Active,2025-11-25,B09003,6065.12,50000,False
AC0005574,C000574,2,Current,18358.47,Active,2017-12-30,B05009,2953.27,100000,True
AC0005575,C000575,1,Savings,15627.85,Active,2018-08-14,B04007,9075.79,250000,True
AC0005576,C000576,3,Current,15896.28,Active,2020-03-10,B01007,9587.18,100000,True
AC0005577,C000577,5,Checking,23110.02,Dormant,2019-07-08,B10002,14094.96,25000,True
AC0005578,C000578,2,Current,28393.63,Active,2022-02-21,B08002,11209.63,250000,False
AC0005579,C000579,2,Current,17496.07,Active,2016-09-22,B09009,16466.57,50000,False
AC0005580,C000580,9,Current,5194.61,Active,2024-07-31,B01004,13408.9,250000,True
AC0005581,C000581,4,Current,10595.61,Active,2023-01-27,B01006,5177.74,100000,True
AC0005582,C000582,6,Business,5969.24,Active,2018-08-30,B10010,10056.59,50000,False
AC0005583,C000583,6,Current,10806.15,Dormant,2021-06-18,B04008,12806.48,50000,True
AC0005584,C000584,8,Current,8993.5,Active,2017-03-21,B10009,4935.79,50000,False
AC0005585,C000585,8,Credit,23366.79,Active,2018-07-31,B06009,7943.76,50000,True
AC0005586,C000586,3,Current,26375.82,Active,2015-11-19,B08008,12542.36,25000,False
AC0005587,C000587,9,Current,22981.77,Dormant,2023-02-18,B09010,12108.5,25000,False
AC0005588,C000588,4,Current,13158.45,Active,2025-02-25,B02002,32704.39,250000,True
AC0005589,C000589,9,Current,11891.98,Active,2025-12-06,B10008,9107.74,25000,False
AC0005590,C000590,5,Checking,19201.93,Active,2017-04-24,B06006,4033.53,50000,False
AC0005591,C000591,2,Savings,12578.48,Active,2019-07-19,B08001,18374.41,250000,True
AC0005592,C000592,8,Business,15557.88,Active,2018-08-17,B01005,7182.82,50000,True
AC0005593,C000593,1,Current,18229.44,Active,2021-07-20,B02006,4993.71,50000,True
AC0005594,C000594,8,Business,14281.86,Active,2025-08-24,B01007,15315.92,25000,False
AC0005595,C000595,1,Current,19059.79,Active,2024-11-04,B03005,3396.65,25000,True
AC0005596,C000596,3,Savings,3836.23,Active,2024-02-23,B01004,10442.55,100000,True
AC0005597,C000597,7,Savings,16357.83,Active,2025-07-13,B09006,5013.86,250000,False
AC0005598,C000598,10,Checking,18198.07,Active,2017-07-24,B10009,10655.55,50000,True
AC0005599,C000599,5,Current,8478.45,Active,2021-09-20,B10005,25054.83,50000,True
AC0005600,C000600,2,Checking,4182.5,Active,2025-04-21,B03010,9837.21,250000,False
AC0005601,C000601,3,Current,94857.39,Active,2015-07-18,B10004,10319.22,250000,True
AC0005602,C000602,9,Current,30611.32,Active,2020-03-27,B07006,6443.84,250000,True
AC0005603,C000603,8,Current,10489.55,Active,2025-02-21,B04008,6073.39,50000,True
AC0005604,C000604,2,Checking,2914.74,Active,2020-08-08,B02009,15158.06,250000,True
AC0005605,C000605,4,Current,6157.65,Active,2017-11-05,B02007,3047.73,25000,False
AC0005606,C000606,3,Credit,22474.44,Active,2018-10-09,B08002,6124.51,100000,True
AC0005607,C000607,2,Credit,3094.01,Active,2021-04-04,B10010,11479.4,25000,True
AC0005608,C000608,9,Current,26339.99,Active,2025-12-25,B04004,17252.54,250000,True
AC0005609,C000609,7,Savings,22589.47,Active,2021-06-24,B01001,4382.09,50000,True
AC0005610,C000610,2,Current,40831.73,Active,2021-03-06,B01007,2949.94,250000,True
AC0005611,C000611,7,Credit,5574.94,Active,2025-04-26,B01006,5856.52,250000,True
AC0005612,C000612,5,Business,4257.59,Active,2025-08-09,B01006,2125.2,100000,True
AC0005613,C000613,1,Credit,19328.42,Active,2015-12-17,B02005,1551.38,250000,True
AC0005614,C000614,5,Savings,3185.71,Active,2022-11-03,B06001,12494.37,50000,True
AC0005615,C000615,2,Savings,60312.74,Active,2015-10-06,B07010,9314.73,25000,False
AC0005616,C000616,3,Business,10280.33,Active,2019-08-18,B08010,2847.15,100000,True
AC0005617,C000617,9,Checking,40487.98,Active,2015-12-24,B10009,17071.1,50000,False
AC0005618,C000618,8,Current,24470.92,Active,2015-01-16,B04001,11212.98,50000,True
AC0005619,C000619,2,Savings,29024.88,Active,2025-08-30,B08010,7925.56,50000,False
AC0005620,C000620,9,Current,82369.88,Active,2016-09-14,B01007,4270.8,250000,True
AC0005621,C000621,6,Credit,6536.66,Active,2017-02-28,B02001,2955.45,25000,True
AC0005622,C000622,9,Current,18563.11,Active,2024-04-04,B04009,3394.37,250000,True
AC0005623,C000623,8,Current,7471.64,Active,2018-11-13,B03002,18892.18,250000,True
AC0005624,C000624,4,Credit,21388.26,Active,2019-04-09,B07008,8638.32,25000,True
AC0005625,C000625,6,Current,3917.58,Active,2015-01-15,B08008,6757.02,25000,False
AC0005626,C000626,6,Savings,1622.03,Active,2019-08-30,B01007,7541.49,250000,True
AC0005627,C000627,8,Checking,12302.61,Active,2016-05-05,B09003,10455.89,50000,True
AC0005628,C000628,3,Savings,7818.76,Active,2022-10-29,B01004,5589.31,250000,True
AC0005629,C000629,4,Checking,3152.25,Dormant,2025-07-29,B09002,12709.32,250000,True
AC0005630,C000630,3,Checking,11439.57,Active,2019-05-17,B07001,13617.4,100000,True
AC0005631,C000631,3,Business,5741.94,Active,2020-08-13,B10005,6299.99,250000,True
AC0005632,C000632,2,Checking,19963.7,Active,2017-06-03,B07003,7138.18,50000,True
AC0005633,C000633,1,Business,8140.58,Active,2021-12-05,B03003,5298.53,50000,True
AC0005634,C000634,10,Business,11637.47,Active,2024-03-23,B06001,6831.85,50000,True
AC0005635,C000635,1,Business,2179.23,Active,2017-03-05,B04006,4565.15,25000,True
AC0005636,C000636,9,Credit,9648.71,Active,2022-03-10,B06008,12567.14,250000,True
AC0005637,C000637,1,Current,9975.44,Active,2023-02-05,B06007,16290.45,25000,False
AC0005638,C000638,8,Credit,2979.91,Active,2017-01-04,B07004,5442.79,25000,True
AC0005639,C000639,4,Credit,68399.35,Active,2017-04-20,B09009,5662.12,250000,True
AC0005640,C000640,6,Current,2951.78,Active,2025-04-08,B01001,10665.36,25000,False
AC0005641,C000641,3,Business,16109.32,Active,2023-09-18,B05009,20591.52,25000,True
AC0005642,C000642,5,Current,47737.58,Active,2016-01-19,B08001,16944.37,250000,True
AC0005643,C000643,5,Business,5730.79,Dormant,2017-04-10,B04010,14808.71,50000,False
AC0005644,C000644,6,Current,1011.93,Active,2015-06-03,B04001,2123.65,250000,True
AC0005645,C000645,4,Credit,15348.68,Active,2018-01-13,B03007,5613.02,25000,False
AC0005646,C000646,6,Business,27734.58,Closed,2020-01-16,B06009,5880.23,50000,False
AC0005647,C000647,9,Current,11329.53,Active,2018-04-14,B02009,6186.49,50000,True
AC0005648,C000648,5,Savings,17562.01,Active,2017-10-20,B10007,2543.85,250000,False
AC0005649,C000649,4,Savings,11361.31,Active,2022-11-22,B02007,14419.03,100000,True
AC0005650,C000650,2,Business,6262.65,Closed,2025-11-06,B07002,1927.82,25000,True
AC0005651,C000651,4,Current,23854.46,Active,2021-08-20,B07008,8913.04,25000,True
AC0005652,C000652,2,Business,16879.72,Active,2017-06-11,B07007,17410.06,50000,False
AC0005653,C000653,2,Current,11128.99,Active,2022-10-05,B08003,8604.68,250000,True
AC0005654,C000654,10,Checking,24354.2,Active,2017-05-06,B09006,12038.42,250000,False
AC0005655,C000655,1,Current,4154.83,Active,2025-01-06,B01006,2677.94,100000,True
AC0005656,C000656,5,Current,14807.91,Active,2022-04-06,B05010,13360.52,50000,False
AC0005657,C000657,9,Business,1364.62,Active,2015-05-12,B07007,11212.7,100000,False
AC0005658,C000658,10,Savings,9994.02,Active,2017-08-20,B07003,2375.84,25000,True
AC0005659,C000659,2,Current,25366.61,Active,2015-09-23,B04009,6665.12,250000,False
AC0005660,C000660,2,Savings,36871.63,Active,2022-04-17,B06009,10236.08,25000,True
AC0005661,C000661,4,Current,3711.83,Active,2016-05-19,B04005,16654.09,250000,True
AC0005662,C000662,6,Checking,11258.05,Active,2021-11-12,B01005,5897.32,50000,False
AC0005663,C000663,10,Checking,3222.25,Active,2023-05-14,B03002,7081.81,250000,False
AC0005664,C000664,3,Current,4628.23,Active,2016-06-08,B10009,10066.33,100000,True
AC0005665,C000665,2,Credit,9510.04,Active,2024-06-29,B05002,3725.2,250000,True
AC0005666,C000666,3,Current,4497.61,Active,2016-12-15,B02006,13206.68,25000,True
AC0005667,C000667,9,Checking,2161.29,Active,2022-07-06,B09002,15165.63,250000,True
AC0005668,C000668,1,Current,7967.55,Active,2025-02-17,B08005,6646.06,50000,True
AC0005669,C000669,4,Savings,12307.4,Active,2017-12-13,B04010,5337.02,50000,True
AC0005670,C000670,2,Checking,219410.74,Active,2018-01-22,B03005,6545.22,25000,True
AC0005671,C000671,2,Business,66719.54,Active,2024-11-29,B02006,14188.13,50000,True
AC0005672,C000672,10,Credit,18428.28,Active,2015-09-02,B07007,3521.87,25000,False
AC0005673,C000673,1,Savings,116616.45,Active,2024-01-20,B09001,29071.23,250000,True
AC0005674,C000674,4,Business,20409.98,Active,2022-07-03,B09003,11290.78,100000,False
AC0005675,C000675,10,Checking,11247.32,Active,2021-08-11,B02002,12425.86,250000,True
AC0005676,C000676,7,Credit,1659.93,Active,2020-07-31,B04007,4656.77,250000,True
AC0005677,C000677,1,Business,22476.59,Active,2015-08-19,B04009,10521.02,25000,True
AC0005678,C000678,5,Checking,9070.92,Active,2025-03-28,B05005,9915.9,50000,True
AC0005679,C000679,10,Business,20048.43,Dormant,2016-08-26,B06007,10360.41,250000,True
AC0005680,C000680,5,Business,3824.56,Active,2024-05-15,B01007,5252.37,250000,True
AC0005681,C000681,6,Business,3505.72,Active,2017-06-24,B02008,12276.79,250000,True
AC0005682,C000682,6,Business,14786.48,Active,2024-06-01,B05005,7272.22,100000,True
AC0005683,C000683,7,Credit,4038.92,Active,2025-01-25,B09004,8558.05,100000,True
AC0005684,C000684,2,Credit,5476.46,Active,2018-06-09,B04009,9940.6,50000,True
AC0005685,C000685,9,Checking,63118.3,Active,2021-03-07,B03010,25248.45,100000,True
AC0005686,C000686,10,Savings,28791.3,Active,2018-06-04,B05008,13985.91,250000,True
AC0005687,C000687,2,Current,6330.08,Active,2018-01-11,B10003,5105.37,250000,True
AC0005688,C000688,9,Current,5475.7,Active,2016-03-23,B06007,8404.19,25000,True
AC0005689,C000689,9,Business,50612.08,Active,2023-06-28,B02005,9267.73,25000,True
AC0005690,C000690,8,Credit,2310.67,Active,2017-04-28,B05009,4002.23,250000,False
AC0005691,C000691,4,Checking,11795.67,Active,2022-06-30,B03010,5363.34,25000,True
AC0005692,C000692,5,Current,1491.99,Active,2021-12-27,B05005,6648.69,100000,True
AC0005693,C000693,9,Credit,22193.59,Active,2024-12-14,B07001,13855.59,100000,True
AC0005694,C000694,2,Checking,30681.25,Active,2024-08-26,B03004,12182.25,50000,True
AC0005695,C000695,9,Credit,9108.19,Active,2015-10-26,B10007,8120.32,100000,False
AC0005696,C000696,10,Credit,5822.5,Active,2025-04-13,B05004,6152.75,250000,True
AC0005697,C000697,7,Current,26880.51,Active,2023-09-21,B03006,5460.51,25000,True
AC0005698,C000698,4,Savings,21011.41,Active,2024-11-21,B09003,7881.79,50000,True
AC0005699,C000699,6,Business,64378.99,Active,2016-02-28,B10007,4326.12,50000,True
AC0005700,C000700,1,Credit,35672.77,Active,2023-07-07,B04009,1616.3,100000,False
AC0005701,C000701,10,Business,48695.77,Active,2017-11-07,B06009,908.15,100000,True
AC0005702,C000702,4,Savings,5173.64,Active,2022-04-26,B05005,13375.93,25000,True
AC0005703,C000703,1,Business,66259.06,Active,2017-10-10,B02005,3741.81,100000,True
AC0005704,C000704,8,Credit,28669.28,Active,2024-11-05,B03007,4511.77,250000,True
AC0005705,C000705,7,Business,11150.5,Active,2016-03-16,B10002,12784.24,25000,False
AC0005706,C000706,7,Credit,3967.71,Active,2018-04-08,B01005,10355.37,100000,True
AC0005707,C000707,1,Current,6718.62,Active,2018-12-26,B03007,2479.29,25000,False
AC0005708,C000708,8,Checking,6227.48,Active,2023-08-09,B05004,38452.33,250000,False
AC0005709,C000709,7,Savings,2561.04,Dormant,2017-05-15,B05005,16074.19,100000,False
AC0005710,C000710,8,Business,13629.44,Active,2021-02-27,B04005,4070.72,25000,True
AC0005711,C000711,9,Current,22469.57,Active,2023-12-18,B01007,5420.34,100000,True
AC0005712,C000712,3,Current,23496.97,Active,2016-08-08,B02008,7458.29,25000,True
AC0005713,C000713,3,Savings,20487.33,Active,2016-04-20,B09006,6515.52,50000,False
AC0005714,C000714,10,Business,8602.2,Dormant,2025-06-07,B06003,15998.74,100000,True
AC0005715,C000715,6,Business,5158.36,Active,2019-03-09,B02007,19995.17,100000,True
AC0005716,C000716,5,Business,6211.12,Active,2025-06-07,B09001,11709.99,250000,True
AC0005717,C000717,3,Credit,4330.33,Active,2022-05-02,B09004,6819.78,25000,False
AC0005718,C000718,7,Current,29352.24,Active,2024-01-07,B08008,4531.5,25000,True
AC0005719,C000719,8,Current,2947.24,Active,2023-07-09,B05004,4860.73,50000,False
AC0005720,C000720,1,Checking,13145.69,Active,2022-01-08,B07005,3433.91,250000,False
AC0005721,C000721,6,Current,10597.44,Active,2019-10-22,B04005,20890.75,250000,True
AC0005722,C000722,10,Savings,26939.39,Active,2025-06-09,B07001,9486.36,50000,True
AC0005723,C000723,3,Credit,9990.46,Active,2022-07-04,B10006,7320.7,250000,False
AC0005724,C000724,3,Current,21639.85,Active,2018-06-01,B10002,4070.24,50000,True
AC0005725,C000725,9,Savings,21221.72,Active,2019-05-16,B02007,18424.93,50000,True
AC0005726,C000726,1,Savings,21142.34,Dormant,2024-02-07,B06007,7925.24,50000,False
AC0005727,C000727,4,Current,10486.36,Active,2019-06-24,B03001,2866.29,250000,True
AC0005728,C000728,5,Checking,4950.36,Active,2021-12-13,B10004,3653.58,50000,False
AC0005729,C000729,8,Checking,10674.59,Active,2016-06-24,B03007,2496.06,50000,False
AC0005730,C000730,2,Current,5502.39,Active,2016-12-20,B02006,3772.92,50000,True
AC0005731,C000731,5,Checking,6588.67,Active,2016-11-01,B04004,17017.6,250000,False
AC0005732,C000732,2,Current,20260.46,Active,2018-12-28,B07006,23588.93,100000,False
AC0005733,C000733,8,Savings,10871.14,Active,2023-05-01,B08006,15931.22,100000,True
AC0005734,C000734,7,Credit,29700.84,Active,2024-02-25,B05006,22058.0,25000,True
AC0005735,C000735,5,Checking,11136.32,Active,2020-08-14,B05005,24681.64,25000,True
AC0005736,C000736,4,Checking,51536.0,Active,2020-11-06,B07006,6478.7,25000,True
AC0005737,C000737,2,Current,89698.82,Active,2018-02-26,B06004,12148.04,50000,True
AC0005738,C000738,10,Savings,10516.77,Active,2018-06-17,B01007,5705.01,250000,True
AC0005739,C000739,7,Checking,69472.69,Active,2025-05-09,B06010,11568.19,50000,False
AC0005740,C000740,4,Credit,4442.32,Dormant,2019-04-10,B05008,2537.37,250000,False
AC0005741,C000741,5,Current,10243.63,Active,2016-09-05,B04008,4649.93,25000,False
AC0005742,C000742,8,Credit,26541.66,Active,2017-11-07,B05010,3140.72,50000,False
AC0005743,C000743,8,Current,2061.43,Active,2017-12-05,B05008,4967.51,50000,True
AC0005744,C000744,5,Savings,14015.3,Active,2016-08-20,B07002,1160.81,250000,True
AC0005745,C000745,4,Savings,45345.94,Active,2020-09-14,B08010,31637.24,25000,False
AC0005746,C000746,7,Credit,29899.99,Active,2024-12-27,B10005,6796.46,100000,True
AC0005747,C000747,7,Current,4940.78,Active,2024-02-08,B01007,25556.75,100000,True
AC0005748,C000748,6,Business,20740.01,Active,2018-02-08,B06007,19679.37,25000,True
AC0005749,C000749,1,Checking,130675.38,Active,2015-11-29,B08006,7117.28,50000,True
AC0005750,C000750,5,Savings,48803.77,Active,2017-03-24,B08003,6019.56,50000,False
AC0005751,C000751,7,Savings,11044.63,Active,2021-04-27,B05001,5417.35,250000,True
AC0005752,C000752,10,Business,7129.55,Dormant,2021-06-27,B03003,10063.6,100000,True
AC0005753,C000753,6,Savings,3936.98,Active,2018-09-13,B01004,6273.6,25000,True
AC0005754,C000754,4,Business,4738.08,Active,2025-08-08,B08005,15648.82,250000,True
AC0005755,C000755,6,Savings,24132.89,Active,2025-12-09,B02004,8484.91,50000,False
AC0005756,C000756,2,Business,46225.16,Active,2022-06-09,B04005,4584.6,250000,True
AC0005757,C000757,1,Current,3910.17,Active,2021-04-18,B04009,15522.1,50000,False
AC0005758,C000758,7,Savings,6335.06,Active,2020-01-29,B03003,2797.22,250000,True
AC0005759,C000759,10,Business,47504.47,Active,2019-01-16,B01008,17329.12,50000,False
AC0005760,C000760,9,Savings,2912.93,Active,2025-12-03,B08007,7403.98,250000,True
AC0005761,C000761,6,Current,40401.48,Active,2022-12-01,B08008,4054.98,100000,False
AC0005762,C000762,1,Business,3839.4,Active,2018-02-27,B02008,28120.81,100000,True
AC0005763,C000763,10,Business,10582.85,Active,2021-02-07,B10001,19059.45,100000,True
AC0005764,C000764,5,Checking,16676.8,Active,2025-02-20,B06006,4481.67,100000,True
AC0005765,C000765,3,Checking,8226.44,Active,2017-06-24,B07009,7043.31,100000,True
AC0005766,C000766,9,Checking,1387.04,Active,2023-08-04,B07010,10997.68,50000,True
AC0005767,C000767,8,Savings,10644.55,Active,2022-09-06,B01001,2959.55,250000,True
AC0005768,C000768,8,Business,9984.24,Active,2023-10-18,B06009,7265.87,50000,True
AC0005769,C000769,3,Credit,3460.16,Dormant,2019-01-27,B09008,6013.58,100000,False
AC0005770,C000770,10,Business,29186.26,Active,2022-05-30,B08004,3730.16,100000,True
AC0005771,C000771,5,Savings,16747.29,Active,2017-10-18,B01002,5215.83,250000,True
AC0005772,C000772,6,Business,3178.4,Active,2023-11-21,B06005,3746.34,100000,True
AC0005773,C000773,8,Credit,2494.77,Active,2021-07-16,B03010,6032.36,50000,True
AC0005774,C000774,7,Business,34078.37,Active,2023-05-31,B01010,15490.85,100000,True
AC0005775,C000775,2,Checking,4349.28,Active,2023-01-20,B01009,8737.79,250000,False
AC0005776,C000776,4,Business,4288.23,Active,2018-01-12,B01001,2505.81,250000,True
AC0005777,C000777,4,Checking,19159.21,Active,2024-02-16,B06007,10012.56,250000,True
AC0005778,C000778,10,Current,5492.39,Active,2018-12-21,B05001,6080.4,100000,True
AC0005779,C000779,8,Savings,10423.36,Active,2024-09-18,B01002,6941.06,25000,True
AC0005780,C000780,4,Current,20937.7,Active,2023-11-01,B01004,4141.08,100000,True
AC0005781,C000781,8,Business,45309.08,Active,2021-04-13,B02003,6590.8,25000,True
AC0005782,C000782,8,Checking,40845.68,Active,2024-11-03,B08007,11917.39,250000,True
AC0005783,C000783,4,Savings,118308.19,Active,2019-05-09,B10005,4344.75,250000,False
AC0005784,C000784,5,Checking,8561.03,Active,2021-06-26,B02005,4231.4,250000,True
AC0005785,C000785,9,Business,18000.77,Active,2019-12-27,B01005,8783.56,250000,False
AC0005786,C000786,6,Current,29897.38,Active,2017-10-25,B07008,5727.32,100000,False
AC0005787,C000787,2,Business,3560.22,Active,2023-07-15,B05004,4425.39,25000,True
AC0005788,C000788,8,Checking,26993.97,Active,2024-01-08,B05008,15748.46,100000,True
AC0005789,C000789,6,Credit,30848.72,Active,2025-08-05,B02007,16208.75,250000,True
AC0005790,C000790,6,Savings,36875.89,Active,2015-11-28,B05010,7450.15,50000,True
AC0005791,C000791,8,Business,160321.92,Active,2023-11-20,B10003,18174.48,50000,False
AC0005792,C000792,10,Credit,17915.35,Active,2022-07-06,B06002,3583.44,50000,False
AC0005793,C000793,4,Savings,11942.36,Active,2025-07-26,B06010,2808.16,250000,True
AC0005794,C000794,5,Current,11824.81,Active,2015-09-10,B01006,8237.67,25000,True
AC0005795,C000795,2,Credit,8989.76,Active,2016-12-05,B09006,14310.55,50000,True
AC0005796,C000796,7,Credit,2657.19,Active,2025-06-14,B06008,18586.26,50000,False
AC0005797,C000797,5,Business,15625.59,Active,2016-10-05,B10005,5822.81,50000,False
AC0005798,C000798,4,Credit,11050.18,Active,2024-10-30,B05003,9245.24,100000,True
AC0005799,C000799,7,Business,4129.72,Active,2024-06-08,B10010,5495.85,100000,False
AC0005800,C000800,5,Current,17375.06,Active,2022-01-10,B02007,7512.52,50000,True
AC0005801,C000801,5,Credit,31201.96,Active,2022-10-29,B07001,5411.53,25000,True
AC0005802,C000802,5,Checking,4106.26,Active,2023-12-09,B08007,14362.34,250000,True
AC0005803,C000803,3,Business,6066.14,Active,2015-05-04,B03005,24906.79,100000,False
AC0005804,C000804,2,Current,46824.39,Active,2015-07-20,B09009,16802.27,250000,False
AC0005805,C000805,9,Savings,6534.69,Active,2023-08-01,B07002,17426.76,25000,True
AC0005806,C000806,1,Savings,1634.52,Active,2023-03-29,B06006,4193.36,100000,False
AC0005807,C000807,4,Savings,41073.22,Dormant,2021-05-27,B04010,18589.65,250000,True
AC0005808,C000808,7,Current,17114.85,Active,2022-11-29,B09001,11056.22,250000,True
AC0005809,C000809,2,Business,10451.53,Active,2015-02-11,B07001,9649.91,25000,False
AC0005810,C000810,7,Current,81974.85,Active,2022-01-15,B06007,7584.66,250000,True
AC0005811,C000811,8,Business,904.22,Active,2021-12-12,B01005,6484.18,250000,True
AC0005812,C000812,7,Savings,2934.46,Active,2017-02-28,B10007,8278.52,25000,True
AC0005813,C000813,4,Current,7745.98,Active,2022-11-19,B08002,4905.08,25000,False
AC0005814,C000814,1,Checking,6644.78,Active,2018-07-10,B07005,7759.57,250000,False
AC0005815,C000815,9,Current,4630.65,Active,2024-07-05,B06010,24298.48,250000,True
AC0005816,C000816,4,Current,8325.05,Dormant,2025-10-27,B05005,7055.2,250000,True
AC0005817,C000817,9,Savings,10688.2,Active,2016-05-20,B08007,4608.83,100000,True
AC0005818,C000818,2,Business,1317.2,Active,2016-09-13,B07005,9042.07,50000,True
AC0005819,C000819,2,Business,20265.39,Active,2020-02-27,B07007,21326.65,25000,True
AC0005820,C000820,8,Savings,17460.63,Active,2024-07-01,B07006,4764.21,25000,True
AC0005821,C000821,10,Current,3880.31,Active,2025-06-11,B04008,8498.91,25000,False
AC0005822,C000822,9,Savings,40445.85,Active,2015-04-10,B04007,5668.25,250000,True
AC0005823,C000823,8,Current,6642.5,Active,2025-01-15,B04008,12910.87,250000,False
AC0005824,C000824,3,Credit,9420.31,Active,2015-08-16,B08010,5070.41,100000,True
AC0005825,C000825,10,Business,14918.46,Active,2022-06-13,B04004,2840.45,250000,True
AC0005826,C000826,7,Checking,7181.52,Active,2016-10-12,B04007,8797.45,250000,True
AC0005827,C000827,2,Credit,6258.98,Active,2019-08-04,B02003,5367.21,25000,True
AC0005828,C000828,2,Credit,8541.52,Active,2024-03-04,B02006,10770.93,50000,True
AC0005829,C000829,9,Business,34014.26,Dormant,2020-11-27,B09001,2774.59,50000,False
AC0005830,C000830,3,Business,13807.98,Active,2017-08-08,B10004,7032.08,100000,True
AC0005831,C000831,8,Checking,19055.29,Active,2025-06-28,B08008,4089.9,25000,True
AC0005832,C000832,2,Business,21413.0,Dormant,2017-02-05,B02008,15019.79,25000,True
AC0005833,C000833,3,Checking,3801.23,Active,2023-08-12,B03006,3445.18,100000,False
AC0005834,C000834,3,Credit,94906.52,Dormant,2018-12-23,B01007,25267.12,100000,True
AC0005835,C000835,3,Credit,16916.37,Active,2024-07-28,B02008,17248.97,25000,True
AC0005836,C000836,7,Credit,18417.01,Active,2017-02-01,B10001,3358.45,25000,True
AC0005837,C000837,10,Checking,7107.98,Active,2018-10-13,B03009,28084.56,25000,True
AC0005838,C000838,10,Business,3644.24,Active,2024-12-28,B07003,22309.86,250000,True
AC0005839,C000839,8,Business,9639.95,Active,2016-06-10,B06008,18362.6,100000,True
AC0005840,C000840,3,Business,12664.8,Active,2018-03-04,B10006,18675.35,100000,True
AC0005841,C000841,10,Current,8832.35,Active,2017-08-16,B03001,15529.62,100000,True
AC0005842,C000842,6,Business,11783.67,Active,2021-03-08,B08005,4798.74,250000,True
AC0005843,C000843,6,Current,12036.77,Active,2018-01-27,B02003,6567.1,250000,False
AC0005844,C000844,8,Business,25598.84,Active,2025-07-16,B10002,34268.86,25000,True
AC0005845,C000845,8,Business,6229.94,Active,2019-03-16,B06006,5792.08,50000,True
AC0005846,C000846,10,Current,66306.62,Active,2024-03-14,B02003,5405.51,25000,True
AC0005847,C000847,6,Credit,5462.59,Active,2015-03-11,B02004,3960.6,25000,True
AC0005848,C000848,7,Business,2752.0,Active,2025-11-04,B04008,6322.33,100000,True
AC0005849,C000849,8,Credit,54532.72,Active,2023-11-16,B10007,7011.34,25000,False
AC0005850,C000850,3,Checking,3338.55,Active,2018-06-01,B07001,3052.41,25000,True
AC0005851,C000851,4,Business,7292.83,Active,2020-02-11,B08001,4416.03,100000,True
AC0005852,C000852,7,Business,8012.19,Active,2018-01-14,B08009,2504.17,250000,True
AC0005853,C000853,1,Business,18327.88,Active,2018-08-29,B09005,7448.31,25000,True
AC0005854,C000854,4,Credit,8918.73,Active,2020-12-12,B09001,3368.39,25000,True
AC0005855,C000855,8,Savings,8839.12,Active,2017-05-08,B08010,3504.56,25000,True
AC0005856,C000856,10,Business,10371.2,Active,2017-11-18,B08009,6118.32,50000,True
AC0005857,C000857,6,Credit,11960.13,Active,2023-04-01,B01002,21325.72,100000,True
AC0005858,C000858,4,Current,25088.12,Dormant,2019-04-27,B10002,17129.48,25000,True
AC0005859,C000859,5,Credit,10328.61,Active,2017-10-26,B06009,47557.75,250000,True
AC0005860,C000860,7,Savings,11374.97,Active,2016-04-26,B07006,4738.9,25000,True
AC0005861,C000861,6,Savings,3783.77,Active,2022-02-12,B01008,2209.11,25000,True
AC0005862,C000862,1,Credit,29691.47,Active,2024-04-19,B03003,5732.75,250000,True
AC0005863,C000863,6,Current,2462.96,Active,2019-05-12,B03008,10090.58,100000,False
AC0005864,C000864,5,Current,19929.56,Active,2025-05-17,B08005,13923.42,100000,True
AC0005865,C000865,8,Business,5260.52,Closed,2023-02-11,B01001,2312.91,25000,True
AC0005866,C000866,9,Savings,26947.1,Active,2019-01-29,B08006,2463.45,100000,False
AC0005867,C000867,10,Credit,2937.73,Active,2024-10-07,B06005,12914.81,250000,True
AC0005868,C000868,7,Savings,19910.83,Active,2018-11-16,B04002,6864.12,100000,False
AC0005869,C000869,4,Business,26171.24,Active,2017-05-01,B10002,11177.18,50000,True
AC0005870,C000870,5,Business,21739.49,Active,2019-02-19,B01003,11924.34,25000,True
AC0005871,C000871,2,Current,4614.98,Active,2021-04-01,B08001,14952.31,250000,False
AC0005872,C000872,10,Credit,28243.99,Active,2017-02-04,B01004,4469.48,25000,True
AC0005873,C000873,9,Current,11632.75,Active,2021-02-15,B07006,9054.53,100000,True
AC0005874,C000874,9,Credit,10745.07,Active,2023-09-07,B04001,9280.23,250000,True
AC0005875,C000875,4,Business,7978.89,Active,2024-01-25,B02007,5507.96,25000,True
AC0005876,C000876,4,Current,18510.86,Active,2020-04-29,B07007,7460.1,25000,False
AC0005877,C000877,9,Business,5443.43,Dormant,2018-05-15,B05005,5506.35,100000,True
AC0005878,C000878,6,Savings,9154.96,Active,2018-05-26,B08005,8589.81,100000,False
AC0005879,C000879,8,Checking,15904.3,Active,2020-01-09,B06010,7313.69,100000,True
AC0005880,C000880,5,Business,17320.84,Active,2015-06-03,B07005,12404.99,50000,True
AC0005881,C000881,5,Checking,23413.81,Active,2023-09-21,B10009,12447.46,100000,False
AC0005882,C000882,7,Current,5586.4,Active,2023-02-28,B09003,10524.76,50000,False
AC0005883,C000883,9,Checking,12267.23,Active,2024-02-03,B05006,4979.18,100000,False
AC0005884,C000884,4,Savings,5986.8,Active,2020-08-09,B07001,5484.69,50000,False
AC0005885,C000885,9,Credit,25202.68,Active,2016-06-30,B09008,15808.45,50000,False
AC0005886,C000886,3,Current,16531.37,Active,2020-09-03,B01009,17825.0,50000,False
AC0005887,C000887,5,Business,23357.84,Active,2016-09-19,B06004,2763.45,100000,True
AC0005888,C000888,10,Business,20889.38,Active,2018-02-17,B09001,8301.59,50000,True
AC0005889,C000889,10,Business,24712.76,Active,2019-12-12,B07005,8250.02,50000,True
AC0005890,C000890,10,Business,6944.86,Active,2018-03-05,B06009,9353.03,100000,False
AC0005891,C000891,4,Current,45679.56,Active,2015-04-10,B01008,7437.07,25000,False
AC0005892,C000892,9,Business,5342.79,Active,2017-07-07,B02010,11562.32,25000,True
AC0005893,C000893,10,Checking,17630.69,Active,2021-11-12,B02006,3064.44,50000,True
AC0005894,C000894,10,Current,1208.21,Active,2017-04-10,B06005,18205.72,100000,False
AC0005895,C000895,1,Savings,55034.05,Active,2024-06-07,B09002,21685.79,100000,True
AC0005896,C000896,8,Business,14111.89,Active,2021-10-02,B03008,10720.15,50000,False
AC0005897,C000897,10,Current,4521.92,Active,2022-01-25,B01009,5137.91,250000,True
AC0005898,C000898,8,Business,20722.31,Active,2021-09-24,B01010,12973.86,250000,True
AC0005899,C000899,3,Savings,39236.31,Active,2018-01-27,B01006,7502.12,25000,True
AC0005900,C000900,8,Business,79467.71,Active,2025-04-09,B07009,20323.05,25000,True
AC0005901,C000901,2,Credit,27774.38,Active,2016-04-08,B03002,14760.8,250000,True
AC0005902,C000902,5,Credit,16873.81,Dormant,2016-07-22,B06008,1615.99,250000,True
AC0005903,C000903,7,Current,3587.94,Active,2022-08-15,B04001,1280.86,50000,False
AC0005904,C000904,5,Savings,6613.53,Dormant,2020-07-09,B06007,8578.9,100000,True
AC0005905,C000905,7,Checking,60643.47,Active,2016-01-12,B05001,25817.85,25000,True
AC0005906,C000906,3,Business,14923.06,Active,2019-06-20,B06002,12040.79,25000,False
AC0005907,C000907,7,Business,22484.4,Closed,2025-04-13,B10006,28276.49,100000,False
AC0005908,C000908,7,Current,7052.23,Active,2024-02-21,B10008,4591.53,25000,False
AC0005909,C000909,7,Checking,4988.33,Active,2017-01-08,B03006,12688.18,250000,True
AC0005910,C000910,3,Credit,11179.39,Active,2025-03-10,B01002,6788.58,100000,True
AC0005911,C000911,4,Savings,15740.46,Active,2017-08-07,B03003,46996.34,50000,False
AC0005912,C000912,3,Current,11786.97,Active,2023-07-11,B04010,8194.24,50000,True
AC0005913,C000913,5,Credit,27365.7,Active,2021-08-25,B01002,10225.79,50000,False
AC0005914,C000914,6,Savings,82133.66,Active,2019-01-20,B07001,7755.98,25000,True
AC0005915,C000915,4,Business,33560.39,Active,2019-05-29,B04005,4542.42,250000,True
AC0005916,C000916,5,Current,14086.04,Active,2018-04-12,B08003,9928.73,50000,True
AC0005917,C000917,3,Savings,24974.6,Active,2017-08-06,B10005,7805.07,25000,True
AC0005918,C000918,3,Credit,71771.8,Active,2019-03-06,B02002,16957.99,25000,False
AC0005919,C000919,7,Credit,5586.78,Active,2016-06-18,B08010,11171.95,50000,False
AC0005920,C000920,9,Savings,30915.42,Active,2019-06-28,B04008,7271.18,100000,True
AC0005921,C000921,3,Credit,5926.46,Active,2024-08-12,B03002,13315.99,50000,True
AC0005922,C000922,9,Credit,23149.92,Dormant,2016-12-01,B05002,3562.42,25000,True
AC0005923,C000923,6,Current,26467.2,Active,2023-01-26,B02002,17386.05,100000,True
AC0005924,C000924,2,Business,4711.9,Active,2024-12-26,B05007,8899.53,250000,True
AC0005925,C000925,4,Current,18089.64,Active,2025-04-07,B06004,9178.28,250000,False
AC0005926,C000926,1,Business,16965.17,Active,2023-06-30,B07008,6137.28,100000,True
AC0005927,C000927,1,Savings,587425.19,Active,2025-10-09,B09001,26993.71,250000,True
AC0005928,C000928,4,Credit,66950.64,Active,2015-12-18,B07003,6016.89,25000,False
AC0005929,C000929,5,Credit,11584.83,Dormant,2019-12-23,B06008,19925.38,100000,True
AC0005930,C000930,8,Business,1485.05,Active,2021-08-04,B03009,7670.78,250000,False
AC0005931,C000931,2,Business,2076.34,Active,2018-07-04,B05007,3669.36,250000,True
AC0005932,C000932,9,Checking,8697.59,Closed,2020-03-15,B02005,10029.25,25000,False
AC0005933,C000933,3,Savings,5540.51,Active,2025-09-26,B10006,10837.6,25000,True
AC0005934,C000934,2,Current,24001.65,Active,2018-05-24,B02002,6831.02,25000,True
AC0005935,C000935,7,Current,18390.17,Active,2021-11-10,B04006,22405.65,100000,True
AC0005936,C000936,8,Checking,9225.12,Active,2016-09-08,B03010,9193.08,50000,True
AC0005937,C000937,7,Checking,36791.35,Active,2020-09-05,B07009,8553.52,50000,True
AC0005938,C000938,2,Savings,1673.2,Closed,2019-09-21,B09003,12491.18,25000,False
AC0005939,C000939,2,Credit,12571.9,Active,2017-05-14,B05003,6996.53,250000,True
AC0005940,C000940,4,Business,8699.87,Active,2025-02-24,B05008,32734.03,100000,True
AC0005941,C000941,5,Checking,41171.86,Dormant,2015-05-25,B03007,4165.02,25000,True
AC0005942,C000942,10,Savings,8557.95,Active,2018-07-10,B05004,4295.33,50000,False
AC0005943,C000943,3,Checking,22975.23,Active,2019-04-19,B03003,13122.82,25000,False
AC0005944,C000944,2,Savings,2285.02,Active,2023-11-12,B10006,1164.84,25000,True
AC0005945,C000945,10,Checking,11396.02,Active,2024-07-21,B08003,19547.09,250000,False
AC0005946,C000946,2,Current,22510.65,Active,2022-05-28,B10001,7670.85,100000,True
AC0005947,C000947,1,Checking,15663.44,Active,2017-05-31,B04004,9331.88,50000,True
AC0005948,C000948,5,Business,32678.86,Active,2022-03-20,B08010,6625.11,25000,True
AC0005949,C000949,5,Business,6867.47,Active,2022-02-10,B06007,23995.16,25000,True
AC0005950,C000950,7,Current,32414.83,Active,2017-04-26,B03005,50129.39,250000,True
AC0005951,C000951,9,Credit,11590.7,Active,2021-12-14,B02002,3922.38,25000,True
AC0005952,C000952,10,Savings,5340.02,Active,2016-03-21,B10008,11090.71,50000,True
AC0005953,C000953,3,Current,24426.18,Active,2018-07-06,B02001,37273.98,100000,True
AC0005954,C000954,10,Credit,3473.11,Active,2019-05-22,B02001,7605.25,25000,True
AC0005955,C000955,7,Credit,66498.89,Active,2025-04-16,B04007,6322.36,250000,False
AC0005956,C000956,1,Credit,5833.76,Active,2022-05-16,B04006,5385.11,100000,True
AC0005957,C000957,10,Savings,10746.37,Active,2015-02-27,B01010,9079.99,25000,False
AC0005958,C000958,2,Checking,21146.81,Active,2020-10-02,B06002,8288.19,100000,False
AC0005959,C000959,6,Current,17382.22,Active,2022-06-29,B02001,1375.63,25000,True
AC0005960,C000960,8,Current,24899.17,Active,2015-09-17,B04009,8284.38,100000,True
AC0005961,C000961,3,Business,28833.65,Dormant,2015-04-05,B05004,13712.53,25000,True
AC0005962,C000962,3,Current,3767.62,Active,2025-01-29,B04010,14093.65,50000,True
AC0005963,C000963,5,Credit,4610.64,Active,2022-11-20,B08008,6269.8,50000,False
AC0005964,C000964,9,Current,7167.39,Active,2025-05-12,B04005,22701.09,50000,False
AC0005965,C000965,3,Savings,1498.74,Active,2015-07-30,B04005,28328.86,50000,True
AC0005966,C000966,7,Business,7287.88,Active,2020-02-29,B04009,9851.09,25000,False
AC0005967,C000967,5,Checking,12185.99,Dormant,2021-07-26,B03003,17562.19,25000,True
AC0005968,C000968,2,Credit,10470.56,Dormant,2025-05-13,B07005,14297.79,50000,False
AC0005969,C000969,8,Savings,5465.57,Active,2020-09-01,B06006,14313.94,25000,False
AC0005970,C000970,9,Business,1701.58,Dormant,2020-12-17,B06009,16452.69,100000,False
AC0005971,C000971,6,Savings,6630.89,Active,2016-08-12,B06001,2804.96,50000,True
AC0005972,C000972,2,Current,1435.15,Active,2025-01-26,B01002,13545.31,25000,True
AC0005973,C000973,2,Current,38293.1,Active,2018-12-06,B10008,14836.69,25000,True
AC0005974,C000974,5,Checking,4369.82,Active,2017-05-14,B06001,1928.61,250000,False
AC0005975,C000975,6,Current,19002.26,Active,2015-04-02,B09004,9062.37,250000,False
AC0005976,C000976,6,Savings,7373.38,Active,2020-07-18,B03002,14966.49,25000,True
AC0005977,C000977,3,Checking,8055.89,Active,2015-10-08,B09010,4071.77,250000,True
AC0005978,C000978,6,Business,3407.87,Active,2016-03-12,B09003,9355.76,25000,True
AC0005979,C000979,3,Business,34342.58,Active,2024-12-16,B02002,11373.07,250000,False
AC0005980,C000980,7,Current,8894.28,Active,2022-09-13,B05001,4885.55,100000,True
AC0005981,C000981,8,Current,1469.52,Active,2020-01-26,B06004,2179.85,50000,True
AC0005982,C000982,7,Savings,21057.42,Active,2025-02-24,B01003,34427.86,250000,True
AC0005983,C000983,1,Credit,1361.0,Active,2020-03-22,B09010,5844.83,25000,True
AC0005984,C000984,10,Credit,15253.86,Active,2025-06-12,B05001,7652.16,100000,True
AC0005985,C000985,1,Current,6619.16,Active,2023-10-01,B04008,3708.27,50000,False
AC0005986,C000986,10,Checking,25488.57,Dormant,2023-10-21,B01003,19170.65,25000,True
AC0005987,C000987,1,Credit,13049.34,Active,2016-10-12,B05005,21963.31,25000,True
AC0005988,C000988,6,Current,31131.13,Active,2016-08-28,B02010,10510.08,50000,False
AC0005989,C000989,2,Savings,17127.65,Active,2018-08-22,B09002,17538.42,250000,True
AC0005990,C000990,1,Current,25198.56,Active,2022-09-25,B10002,4764.58,100000,True
AC0005991,C000991,7,Current,15339.55,Active,2022-02-13,B03008,18512.17,250000,False
AC0005992,C000992,8,Current,19963.44,Active,2025-05-22,B03004,2351.54,50000,False
AC0005993,C000993,2,Current,1494.65,Dormant,2018-05-29,B01003,6381.04,100000,True
AC0005994,C000994,10,Savings,47735.89,Active,2021-08-29,B04002,2008.38,50000,True
AC0005995,C000995,4,Credit,39808.86,Active,2023-07-09,B02004,4804.55,100000,False
AC0005996,C000996,4,Checking,43060.81,Active,2023-03-03,B10005,8642.97,100000,True
AC0005997,C000997,3,Business,21110.4,Active,2017-09-07,B04004,33744.66,250000,True
AC0005998,C000998,5,Credit,8680.14,Active,2021-01-24,B08009,3024.04,25000,True
AC0005999,C000999,2,Business,6738.65,Active,2018-04-25,B01001,7931.37,50000,True
AC0006000,C001000,5,Current,39371.72,Active,2017-06-15,B05003,3368.37,100000,True
