CardID,CustomerID,AccountID,BankID,CardType,CardNetwork,CardCategory,IssueDate,ExpiryDate,CardStatus,BlockedFlag,BlockReason
CD0000001,C000001,AC0000001,7,Debit,Visa,Standard,2019-06-10,2027-05-11,Active,0,
CD0000002,C000002,AC0005002,8,Debit,Visa,Standard,2024-03-22,2027-11-13,Active,0,
CD0000003,C000003,AC0000003,1,Debit,Mastercard,Platinum,2022-01-14,2030-03-19,Active,0,
CD0000004,C000004,AC0005004,9,Debit,Visa,Standard,2021-01-24,2030-03-28,Active,0,
CD0000005,C000005,AC0000005,8,Debit,Mastercard,Platinum,2025-11-16,2026-05-21,Active,0,
CD0000006,C000006,AC0005006,8,Debit,Visa,Platinum,2019-04-11,2028-05-12,Active,0,
CD0000007,C000007,AC0000007,4,Debit,Mastercard,Platinum,2021-04-16,2026-10-05,Active,0,
CD0000008,C000008,AC0005008,9,Debit,Visa,Gold,2022-12-18,2027-08-07,Expired,0,
CD0000009,C000009,AC0000009,4,Debit,Visa,Standard,2025-11-04,2029-02-18,Blocked,1,Security Block
CD0000010,C000010,AC0005010,1,Debit,Mastercard,Business,2018-12-15,2029-10-18,Active,0,
CD0000011,C000011,AC0000011,10,Debit,Visa,Standard,2022-05-16,2028-08-08,Active,0,
CD0000012,C000012,AC0005012,3,Credit,Visa,Gold,2024-08-27,2030-01-06,Active,0,
CD0000013,C000013,AC0000013,2,Debit,Visa,Platinum,2019-11-15,2028-05-26,Active,0,
CD0000014,C000014,AC0005014,7,Credit,Visa,Gold,2024-05-04,2028-10-10,Blocked,1,Excessive Attempts
CD0000015,C000015,AC0000015,3,Debit,Visa,Gold,2018-03-24,2026-10-01,Active,0,
CD0000016,C000016,AC0005016,9,Credit,Visa,Standard,2021-04-03,2029-07-07,Active,0,
CD0000017,C000017,AC0000017,5,Debit,Visa,Standard,2020-07-18,2030-03-11,Active,0,
CD0000018,C000018,AC0005018,1,Debit,Visa,Platinum,2019-06-05,2028-11-15,Active,0,
CD0000019,C000019,AC0000019,10,Debit,Mastercard,Business,2021-02-11,2028-08-20,Active,0,
CD0000020,C000020,AC0005020,6,Credit,Mastercard,Business,2023-12-14,2030-12-28,Blocked,1,Security Block
CD0000021,C000021,AC0000021,3,Credit,Visa,Business,2024-12-25,2028-08-28,Active,0,
CD0000022,C000022,AC0005022,7,Debit,Mastercard,Business,2025-08-17,2030-04-08,Blocked,1,Lost/Stolen
CD0000023,C000023,AC0000023,6,Debit,Mastercard,Platinum,2020-08-07,2030-07-09,Active,0,
CD0000024,C000024,AC0005024,1,Credit,Amex,Platinum,2023-10-12,2030-01-09,Expired,0,
CD0000025,C000025,AC0000025,8,Credit,Mastercard,Platinum,2025-08-24,2028-12-27,Active,0,
CD0000026,C000026,AC0005026,5,Debit,Visa,Standard,2021-01-12,2030-08-30,Expired,0,
CD0000027,C000027,AC0000027,7,Debit,Visa,Standard,2025-05-22,2030-04-28,Blocked,1,Lost/Stolen
CD0000028,C000028,AC0005028,9,Debit,Amex,Platinum,2021-11-13,2028-07-03,Active,0,
CD0000029,C000029,AC0000029,7,Debit,Amex,Business,2023-04-03,2026-09-12,Active,0,
CD0000030,C000030,AC0005030,7,Debit,Mastercard,Platinum,2022-07-16,2029-02-14,Active,0,
CD0000031,C000031,AC0000031,3,Credit,Mastercard,Platinum,2024-12-25,2029-02-05,Active,0,
CD0000032,C000032,AC0005032,3,Credit,Mastercard,Gold,2023-09-15,2027-12-26,Blocked,1,Excessive Attempts
CD0000033,C000033,AC0000033,5,Credit,Mastercard,Gold,2023-06-28,2028-11-07,Blocked,1,Security Block
CD0000034,C000034,AC0005034,9,Debit,Mastercard,Gold,2020-11-12,2026-08-01,Active,0,
CD0000035,C000035,AC0000035,6,Debit,Mastercard,Business,2021-01-10,2026-02-02,Blocked,1,Lost/Stolen
CD0000036,C000036,AC0005036,4,Credit,Mastercard,Business,2020-10-14,2028-06-05,Blocked,1,Security Block
CD0000037,C000037,AC0000037,8,Debit,Visa,Gold,2018-11-06,2027-02-21,Blocked,1,Fraud Suspected
CD0000038,C000038,AC0005038,9,Credit,Mastercard,Platinum,2021-05-17,2030-05-18,Active,0,
CD0000039,C000039,AC0000039,10,Debit,Mastercard,Platinum,2021-11-23,2029-10-01,Blocked,1,Security Block
CD0000040,C000040,AC0005040,3,Credit,Visa,Business,2024-09-02,2030-09-02,Active,0,
CD0000041,C000041,AC0000041,8,Credit,Mastercard,Business,2021-10-15,2028-08-11,Active,0,
CD0000042,C000042,AC0005042,6,Debit,Mastercard,Standard,2019-11-17,2028-05-12,Blocked,1,Security Block
CD0000043,C000043,AC0000043,5,Debit,Visa,Platinum,2025-07-30,2026-06-06,Blocked,1,Security Block
CD0000044,C000044,AC0005044,4,Debit,Mastercard,Business,2020-03-30,2027-06-30,Blocked,1,Fraud Suspected
CD0000045,C000045,AC0000045,2,Debit,Visa,Business,2019-01-02,2026-01-21,Active,0,
CD0000046,C000046,AC0005046,3,Credit,Visa,Business,2022-06-27,2029-05-23,Active,0,
CD0000047,C000047,AC0000047,6,Debit,Mastercard,Business,2023-07-28,2027-07-31,Blocked,1,Security Block
CD0000048,C000048,AC0005048,9,Credit,Mastercard,Gold,2025-11-23,2030-09-11,Active,0,
CD0000049,C000049,AC0000049,9,Debit,Mastercard,Business,2019-11-30,2027-04-29,Active,0,
CD0000050,C000050,AC0005050,2,Credit,Visa,Platinum,2022-09-21,2027-02-01,Active,0,
CD0000051,C000051,AC0000051,7,Credit,Visa,Standard,2024-11-25,2029-06-21,Active,0,
CD0000052,C000052,AC0005052,1,Debit,Amex,Business,2021-08-26,2029-04-03,Active,0,
CD0000053,C000053,AC0000053,7,Credit,Mastercard,Platinum,2024-09-18,2026-08-12,Active,0,
CD0000054,C000054,AC0005054,4,Debit,Mastercard,Standard,2023-10-26,2027-05-05,Active,0,
CD0000055,C000055,AC0000055,5,Debit,Visa,Gold,2019-08-28,2028-02-16,Active,0,
CD0000056,C000056,AC0005056,8,Credit,Mastercard,Gold,2019-10-07,2026-05-17,Active,0,
CD0000057,C000057,AC0000057,5,Credit,Mastercard,Business,2021-03-27,2028-05-26,Active,0,
CD0000058,C000058,AC0005058,9,Debit,Visa,Standard,2021-07-28,2026-08-24,Active,0,
CD0000059,C000059,AC0000059,6,Debit,Mastercard,Gold,2024-02-25,2027-05-17,Active,0,
CD0000060,C000060,AC0005060,10,Debit,Mastercard,Platinum,2025-01-27,2029-08-24,Active,0,
CD0000061,C000061,AC0000061,7,Credit,Visa,Business,2025-06-10,2028-03-08,Expired,0,
CD0000062,C000062,AC0005062,3,Debit,Visa,Platinum,2021-10-07,2028-06-13,Active,0,
CD0000063,C000063,AC0000063,8,Credit,Mastercard,Gold,2018-01-09,2026-01-12,Blocked,1,Security Block
CD0000064,C000064,AC0005064,5,Debit,Visa,Business,2020-09-04,2027-02-12,Active,0,
CD0000065,C000065,AC0000065,6,Debit,Mastercard,Platinum,2024-09-12,2026-01-07,Active,0,
CD0000066,C000066,AC0005066,2,Debit,Mastercard,Platinum,2020-07-07,2029-02-25,Active,0,
CD0000067,C000067,AC0000067,2,Debit,Mastercard,Platinum,2024-04-03,2030-08-04,Blocked,1,Security Block
CD0000068,C000068,AC0005068,6,Credit,Amex,Platinum,2019-10-20,2028-07-29,Blocked,1,Fraud Suspected
CD0000069,C000069,AC0000069,2,Debit,Mastercard,Business,2019-06-08,2029-07-15,Active,0,
CD0000070,C000070,AC0005070,10,Debit,Visa,Standard,2023-07-26,2030-04-14,Active,0,
CD0000071,C000071,AC0000071,9,Debit,Mastercard,Gold,2019-11-24,2028-11-09,Active,0,
CD0000072,C000072,AC0005072,8,Debit,Visa,Standard,2022-11-19,2027-02-26,Active,0,
CD0000073,C000073,AC0000073,8,Credit,Visa,Platinum,2020-08-08,2029-03-04,Active,0,
CD0000074,C000074,AC0005074,6,Debit,Mastercard,Standard,2021-08-09,2029-03-12,Active,0,
CD0000075,C000075,AC0000075,1,Credit,Visa,Gold,2020-12-03,2026-06-13,Active,0,
CD0000076,C000076,AC0005076,4,Debit,Visa,Standard,2019-07-07,2028-07-04,Active,0,
CD0000077,C000077,AC0000077,5,Debit,Visa,Gold,2024-08-15,2026-10-19,Active,0,
CD0000078,C000078,AC0005078,10,Debit,Visa,Gold,2021-09-26,2030-01-15,Blocked,1,Security Block
CD0000079,C000079,AC0000079,3,Debit,Mastercard,Business,2021-06-11,2029-10-06,Blocked,1,Security Block
CD0000080,C000080,AC0005080,5,Credit,Visa,Gold,2024-08-10,2030-01-18,Active,0,
CD0000081,C000081,AC0000081,4,Credit,Mastercard,Platinum,2025-08-12,2029-06-19,Active,0,
CD0000082,C000082,AC0005082,2,Credit,Visa,Gold,2018-02-09,2030-01-30,Active,0,
CD0000083,C000083,AC0000083,2,Credit,Mastercard,Gold,2025-02-28,2026-01-02,Active,0,
CD0000084,C000084,AC0005084,4,Debit,Visa,Gold,2025-11-21,2030-08-26,Active,0,
CD0000085,C000085,AC0000085,1,Debit,Visa,Standard,2020-04-24,2027-03-29,Active,0,
CD0000086,C000086,AC0005086,1,Debit,Visa,Business,2019-02-01,2028-01-19,Active,0,
CD0000087,C000087,AC0000087,4,Debit,Mastercard,Business,2025-05-05,2028-09-19,Active,0,
CD0000088,C000088,AC0005088,3,Debit,Amex,Standard,2024-09-06,2028-08-28,Blocked,1,Security Block
CD0000089,C000089,AC0000089,6,Debit,Mastercard,Gold,2022-10-13,2028-11-22,Blocked,1,Fraud Suspected
CD0000090,C000090,AC0005090,1,Debit,Visa,Gold,2022-04-16,2029-05-17,Active,0,
CD0000091,C000091,AC0000091,4,Debit,Mastercard,Standard,2025-08-28,2028-12-12,Active,0,
CD0000092,C000092,AC0005092,5,Credit,Visa,Standard,2018-07-28,2029-03-25,Active,0,
CD0000093,C000093,AC0000093,10,Credit,Visa,Business,2020-01-05,2027-08-10,Active,0,
CD0000094,C000094,AC0005094,7,Debit,Visa,Business,2020-03-09,2026-02-07,Active,0,
CD0000095,C000095,AC0000095,9,Debit,Visa,Standard,2021-02-17,2026-01-03,Active,0,
CD0000096,C000096,AC0005096,4,Debit,Visa,Platinum,2022-09-23,2030-10-01,Active,0,
CD0000097,C000097,AC0000097,5,Debit,Amex,Business,2019-01-10,2026-10-11,Blocked,1,Lost/Stolen
CD0000098,C000098,AC0005098,5,Debit,Mastercard,Business,2019-02-06,2027-01-27,Expired,0,
CD0000099,C000099,AC0000099,9,Credit,Mastercard,Business,2019-04-02,2029-08-01,Active,0,
CD0000100,C000100,AC0005100,10,Debit,Mastercard,Gold,2019-11-17,2026-09-23,Blocked,1,Security Block
CD0000101,C000101,AC0000101,10,Credit,Visa,Platinum,2023-01-18,2028-10-20,Active,0,
CD0000102,C000102,AC0005102,8,Debit,Mastercard,Gold,2018-04-26,2029-05-02,Active,0,
CD0000103,C000103,AC0000103,6,Credit,Mastercard,Platinum,2025-03-25,2030-10-25,Active,0,
CD0000104,C000104,AC0005104,6,Debit,Mastercard,Business,2024-09-06,2030-01-12,Active,0,
CD0000105,C000105,AC0000105,10,Debit,Mastercard,Platinum,2018-10-25,2029-07-02,Active,0,
CD0000106,C000106,AC0005106,3,Debit,Mastercard,Gold,2019-03-18,2029-12-27,Active,0,
CD0000107,C000107,AC0000107,4,Debit,Visa,Business,2024-06-04,2030-02-21,Active,0,
CD0000108,C000108,AC0005108,9,Debit,Mastercard,Gold,2024-05-31,2026-10-21,Active,0,
CD0000109,C000109,AC0000109,4,Credit,Mastercard,Standard,2018-04-05,2028-06-23,Active,0,
CD0000110,C000110,AC0005110,3,Credit,Visa,Standard,2025-01-07,2026-08-21,Blocked,1,Security Block
CD0000111,C000111,AC0000111,6,Debit,Visa,Business,2018-10-27,2028-05-10,Blocked,1,Security Block
CD0000112,C000112,AC0005112,4,Debit,Visa,Gold,2019-09-10,2027-04-28,Active,0,
CD0000113,C000113,AC0000113,9,Debit,Visa,Business,2020-01-10,2028-01-28,Active,0,
CD0000114,C000114,AC0005114,10,Credit,Amex,Business,2023-04-25,2027-09-21,Active,0,
CD0000115,C000115,AC0000115,4,Debit,Visa,Standard,2018-08-23,2027-06-08,Active,0,
CD0000116,C000116,AC0005116,6,Debit,Amex,Business,2022-03-08,2026-03-12,Active,0,
CD0000117,C000117,AC0000117,10,Debit,Visa,Standard,2025-01-11,2027-02-05,Active,0,
CD0000118,C000118,AC0005118,8,Debit,Mastercard,Business,2019-02-25,2030-11-10,Active,0,
CD0000119,C000119,AC0000119,3,Credit,Mastercard,Standard,2023-04-24,2028-09-23,Active,0,
CD0000120,C000120,AC0005120,6,Debit,Visa,Gold,2025-02-19,2026-08-18,Active,0,
CD0000121,C000121,AC0000121,7,Debit,Amex,Platinum,2021-11-18,2027-06-19,Blocked,1,Excessive Attempts
CD0000122,C000122,AC0005122,7,Debit,Amex,Standard,2019-09-14,2026-11-15,Active,0,
CD0000123,C000123,AC0000123,1,Debit,Mastercard,Business,2022-07-28,2027-01-27,Active,0,
CD0000124,C000124,AC0005124,3,Debit,Visa,Gold,2020-04-30,2029-11-22,Active,0,
CD0000125,C000125,AC0000125,9,Credit,Visa,Standard,2018-09-22,2029-05-24,Active,0,
CD0000126,C000126,AC0005126,3,Debit,Visa,Gold,2025-07-01,2028-07-09,Active,0,
CD0000127,C000127,AC0000127,3,Debit,Mastercard,Business,2025-06-21,2026-07-01,Active,0,
CD0000128,C000128,AC0005128,4,Credit,Mastercard,Business,2021-07-31,2026-06-17,Blocked,1,Excessive Attempts
CD0000129,C000129,AC0000129,2,Credit,Visa,Platinum,2023-02-24,2029-09-17,Active,0,
CD0000130,C000130,AC0005130,2,Debit,Mastercard,Business,2023-04-30,2026-01-04,Active,0,
CD0000131,C000131,AC0000131,4,Debit,Mastercard,Business,2022-02-25,2028-03-08,Active,0,
CD0000132,C000132,AC0005132,9,Debit,Visa,Business,2021-03-30,2027-08-12,Expired,0,
CD0000133,C000133,AC0000133,1,Credit,Mastercard,Business,2019-01-01,2029-01-23,Active,0,
CD0000134,C000134,AC0005134,3,Debit,Mastercard,Gold,2020-05-17,2027-08-06,Active,0,
CD0000135,C000135,AC0000135,1,Debit,Mastercard,Gold,2018-05-03,2029-09-13,Active,0,
CD0000136,C000136,AC0005136,6,Credit,Visa,Platinum,2025-09-23,2029-12-03,Active,0,
CD0000137,C000137,AC0000137,3,Debit,Mastercard,Platinum,2022-06-06,2029-08-11,Active,0,
CD0000138,C000138,AC0005138,8,Debit,Mastercard,Gold,2019-11-20,2026-10-27,Active,0,
CD0000139,C000139,AC0000139,6,Debit,Visa,Business,2024-02-05,2026-11-06,Active,0,
CD0000140,C000140,AC0005140,8,Debit,Mastercard,Gold,2025-09-14,2030-07-21,Active,0,
CD0000141,C000141,AC0000141,7,Debit,Mastercard,Gold,2022-04-13,2029-09-17,Active,0,
CD0000142,C000142,AC0005142,5,Credit,Amex,Standard,2018-08-24,2030-02-01,Active,0,
CD0000143,C000143,AC0000143,9,Debit,Mastercard,Platinum,2018-06-29,2028-09-05,Active,0,
CD0000144,C000144,AC0005144,5,Debit,Visa,Standard,2019-05-29,2029-08-15,Active,0,
CD0000145,C000145,AC0000145,10,Credit,Mastercard,Gold,2019-11-18,2027-02-06,Active,0,
CD0000146,C000146,AC0005146,10,Debit,Visa,Standard,2018-09-22,2030-09-12,Blocked,1,Excessive Attempts
CD0000147,C000147,AC0000147,6,Debit,Mastercard,Platinum,2024-12-13,2029-08-26,Active,0,
CD0000148,C000148,AC0005148,7,Credit,Mastercard,Platinum,2018-10-25,2027-05-13,Active,0,
CD0000149,C000149,AC0000149,3,Credit,Visa,Platinum,2020-02-18,2027-08-17,Active,0,
CD0000150,C000150,AC0005150,9,Credit,Amex,Gold,2025-07-14,2029-12-02,Active,0,
CD0000151,C000151,AC0000151,7,Debit,Amex,Platinum,2021-05-07,2029-08-30,Blocked,1,Lost/Stolen
CD0000152,C000152,AC0005152,10,Debit,Mastercard,Business,2025-06-27,2026-03-06,Active,0,
CD0000153,C000153,AC0000153,3,Debit,Visa,Standard,2020-06-08,2029-01-30,Blocked,1,Security Block
CD0000154,C000154,AC0005154,8,Debit,Visa,Standard,2020-07-05,2029-12-29,Active,0,
CD0000155,C000155,AC0000155,5,Credit,Visa,Gold,2022-08-06,2029-08-31,Active,0,
CD0000156,C000156,AC0005156,2,Debit,Mastercard,Gold,2021-10-28,2027-03-08,Active,0,
CD0000157,C000157,AC0000157,2,Credit,Mastercard,Platinum,2021-10-23,2026-04-29,Active,0,
CD0000158,C000158,AC0005158,6,Debit,Mastercard,Gold,2022-06-22,2026-09-22,Active,0,
CD0000159,C000159,AC0000159,4,Credit,Mastercard,Standard,2021-12-19,2028-12-14,Active,0,
CD0000160,C000160,AC0005160,2,Debit,Amex,Platinum,2020-04-16,2029-07-14,Active,0,
CD0000161,C000161,AC0000161,5,Debit,Mastercard,Standard,2020-09-14,2027-09-02,Expired,0,
CD0000162,C000162,AC0005162,7,Debit,Mastercard,Gold,2018-10-04,2028-04-07,Blocked,1,Lost/Stolen
CD0000163,C000163,AC0000163,4,Credit,Visa,Standard,2019-04-08,2027-07-10,Active,0,
CD0000164,C000164,AC0005164,10,Debit,Mastercard,Platinum,2020-09-18,2028-07-11,Active,0,
CD0000165,C000165,AC0000165,8,Debit,Mastercard,Gold,2024-06-26,2028-03-23,Active,0,
CD0000166,C000166,AC0005166,6,Debit,Visa,Gold,2018-04-11,2028-01-03,Active,0,
CD0000167,C000167,AC0000167,10,Credit,Visa,Business,2019-06-19,2029-12-15,Active,0,
CD0000168,C000168,AC0005168,5,Credit,Visa,Platinum,2019-04-21,2026-08-20,Active,0,
CD0000169,C000169,AC0000169,2,Debit,Visa,Platinum,2022-07-10,2027-01-05,Active,0,
CD0000170,C000170,AC0005170,1,Debit,Visa,Standard,2025-10-17,2027-12-23,Active,0,
CD0000171,C000171,AC0000171,10,Credit,Mastercard,Gold,2018-02-05,2028-05-29,Active,0,
CD0000172,C000172,AC0005172,10,Debit,Mastercard,Gold,2023-08-14,2027-12-01,Active,0,
CD0000173,C000173,AC0000173,8,Credit,Visa,Business,2023-08-19,2030-11-16,Active,0,
CD0000174,C000174,AC0005174,2,Debit,Mastercard,Business,2025-02-28,2027-07-28,Active,0,
CD0000175,C000175,AC0000175,3,Debit,Mastercard,Business,2024-12-24,2029-10-26,Active,0,
CD0000176,C000176,AC0005176,1,Debit,Visa,Gold,2022-01-08,2029-08-29,Blocked,1,Excessive Attempts
CD0000177,C000177,AC0000177,1,Credit,Visa,Platinum,2025-12-17,2028-09-22,Expired,0,
CD0000178,C000178,AC0005178,3,Credit,Visa,Business,2024-08-22,2026-06-21,Active,0,
CD0000179,C000179,AC0000179,6,Credit,Visa,Standard,2022-03-11,2030-06-27,Active,0,
CD0000180,C000180,AC0005180,1,Credit,Mastercard,Business,2024-02-10,2028-01-01,Active,0,
CD0000181,C000181,AC0000181,10,Debit,Mastercard,Platinum,2020-10-21,2028-10-24,Active,0,
CD0000182,C000182,AC0005182,5,Debit,Mastercard,Business,2022-11-04,2026-01-21,Active,0,
CD0000183,C000183,AC0000183,3,Credit,Visa,Business,2020-11-07,2028-12-04,Active,0,
CD0000184,C000184,AC0005184,6,Credit,Visa,Standard,2021-10-29,2028-02-28,Blocked,1,Excessive Attempts
CD0000185,C000185,AC0000185,8,Debit,Amex,Platinum,2019-05-18,2026-10-03,Blocked,1,Security Block
CD0000186,C000186,AC0005186,4,Debit,Amex,Platinum,2024-06-24,2028-04-04,Active,0,
CD0000187,C000187,AC0000187,1,Debit,Visa,Platinum,2024-03-17,2027-02-02,Active,0,
CD0000188,C000188,AC0005188,1,Debit,Visa,Standard,2024-02-17,2027-11-17,Blocked,1,Lost/Stolen
CD0000189,C000189,AC0000189,9,Credit,Mastercard,Platinum,2018-03-23,2029-10-27,Active,0,
CD0000190,C000190,AC0005190,2,Credit,Visa,Standard,2021-11-16,2030-03-06,Active,0,
CD0000191,C000191,AC0000191,7,Debit,Visa,Standard,2022-08-09,2030-06-19,Active,0,
CD0000192,C000192,AC0005192,4,Debit,Amex,Business,2024-12-24,2027-05-24,Blocked,1,Fraud Suspected
CD0000193,C000193,AC0000193,8,Credit,Mastercard,Standard,2024-07-05,2030-07-29,Expired,0,
CD0000194,C000194,AC0005194,1,Debit,Visa,Standard,2024-05-10,2027-07-28,Active,0,
CD0000195,C000195,AC0000195,9,Debit,Visa,Standard,2025-09-14,2029-11-22,Active,0,
CD0000196,C000196,AC0005196,7,Debit,Mastercard,Standard,2020-12-06,2030-11-21,Active,0,
CD0000197,C000197,AC0000197,5,Debit,Visa,Standard,2019-03-03,2030-10-10,Active,0,
CD0000198,C000198,AC0005198,3,Credit,Mastercard,Standard,2022-03-10,2028-08-18,Active,0,
CD0000199,C000199,AC0000199,10,Credit,Mastercard,Standard,2025-01-24,2026-06-22,Active,0,
CD0000200,C000200,AC0005200,4,Debit,Mastercard,Business,2022-09-24,2030-07-20,Active,0,
CD0000201,C000201,AC0000201,5,Debit,Visa,Platinum,2022-08-21,2030-06-02,Active,0,
CD0000202,C000202,AC0005202,4,Debit,Visa,Platinum,2021-07-14,2030-11-12,Active,0,
CD0000203,C000203,AC0000203,3,Debit,Mastercard,Gold,2022-07-19,2029-07-05,Active,0,
CD0000204,C000204,AC0005204,5,Debit,Visa,Business,2022-07-28,2028-01-31,Active,0,
CD0000205,C000205,AC0000205,2,Debit,Mastercard,Standard,2022-10-13,2028-10-06,Active,0,
CD0000206,C000206,AC0005206,1,Debit,Mastercard,Business,2020-09-04,2030-09-20,Expired,0,
CD0000207,C000207,AC0000207,3,Debit,Amex,Platinum,2022-03-13,2028-08-23,Active,0,
CD0000208,C000208,AC0005208,2,Debit,Visa,Gold,2020-02-01,2027-01-16,Active,0,
CD0000209,C000209,AC0000209,5,Credit,Visa,Standard,2021-05-10,2027-10-03,Active,0,
CD0000210,C000210,AC0005210,9,Debit,Mastercard,Platinum,2021-03-21,2026-05-20,Active,0,
CD0000211,C000211,AC0000211,2,Debit,Mastercard,Platinum,2024-10-15,2027-08-03,Active,0,
CD0000212,C000212,AC0005212,1,Debit,Mastercard,Standard,2018-05-12,2026-12-27,Active,0,
CD0000213,C000213,AC0000213,2,Debit,Mastercard,Gold,2022-11-08,2027-11-19,Active,0,
CD0000214,C000214,AC0005214,6,Debit,Visa,Gold,2019-05-10,2029-04-13,Active,0,
CD0000215,C000215,AC0000215,3,Credit,Mastercard,Standard,2020-05-12,2028-06-30,Active,0,
CD0000216,C000216,AC0005216,5,Debit,Mastercard,Gold,2020-10-17,2027-06-14,Active,0,
CD0000217,C000217,AC0000217,1,Debit,Mastercard,Business,2024-05-23,2029-09-01,Active,0,
CD0000218,C000218,AC0005218,4,Debit,Mastercard,Business,2021-01-12,2027-04-15,Blocked,1,Security Block
CD0000219,C000219,AC0000219,5,Debit,Mastercard,Platinum,2023-04-04,2027-07-01,Active,0,
CD0000220,C000220,AC0005220,5,Debit,Mastercard,Business,2018-09-25,2026-12-01,Active,0,
CD0000221,C000221,AC0000221,6,Debit,Mastercard,Gold,2020-05-07,2026-03-13,Active,0,
CD0000222,C000222,AC0005222,8,Debit,Amex,Gold,2023-01-27,2027-06-20,Active,0,
CD0000223,C000223,AC0000223,5,Debit,Visa,Business,2020-02-09,2028-12-19,Active,0,
CD0000224,C000224,AC0005224,9,Debit,Visa,Standard,2024-08-24,2030-09-08,Blocked,1,Excessive Attempts
CD0000225,C000225,AC0000225,6,Debit,Mastercard,Gold,2023-12-03,2027-07-09,Blocked,1,Excessive Attempts
CD0000226,C000226,AC0005226,3,Debit,Visa,Standard,2024-09-06,2027-12-27,Active,0,
CD0000227,C000227,AC0000227,3,Debit,Visa,Standard,2024-12-15,2028-03-11,Active,0,
CD0000228,C000228,AC0005228,4,Credit,Visa,Business,2021-07-08,2030-11-03,Active,0,
CD0000229,C000229,AC0000229,6,Debit,Mastercard,Standard,2024-08-30,2027-01-19,Expired,0,
CD0000230,C000230,AC0005230,3,Credit,Mastercard,Business,2021-11-11,2026-01-07,Active,0,
CD0000231,C000231,AC0000231,10,Debit,Visa,Standard,2025-01-05,2026-01-16,Active,0,
CD0000232,C000232,AC0005232,5,Debit,Visa,Platinum,2025-11-27,2028-07-24,Blocked,1,Security Block
CD0000233,C000233,AC0000233,9,Debit,Mastercard,Gold,2023-11-08,2027-01-23,Active,0,
CD0000234,C000234,AC0005234,7,Debit,Visa,Standard,2023-12-19,2030-07-24,Active,0,
CD0000235,C000235,AC0000235,4,Debit,Amex,Business,2018-05-14,2030-04-15,Active,0,
CD0000236,C000236,AC0005236,3,Debit,Visa,Business,2022-08-12,2026-12-22,Active,0,
CD0000237,C000237,AC0000237,8,Credit,Mastercard,Gold,2022-11-26,2027-06-30,Active,0,
CD0000238,C000238,AC0005238,4,Debit,Visa,Business,2023-08-01,2029-02-04,Active,0,
CD0000239,C000239,AC0000239,3,Debit,Visa,Standard,2018-10-13,2029-01-07,Blocked,1,Security Block
CD0000240,C000240,AC0005240,10,Debit,Visa,Business,2018-12-07,2026-07-26,Active,0,
CD0000241,C000241,AC0000241,5,Credit,Visa,Platinum,2020-07-13,2028-04-03,Active,0,
CD0000242,C000242,AC0005242,1,Debit,Mastercard,Business,2021-05-15,2030-09-16,Active,0,
CD0000243,C000243,AC0000243,5,Credit,Mastercard,Standard,2020-05-20,2029-12-13,Active,0,
CD0000244,C000244,AC0005244,5,Credit,Amex,Standard,2022-02-25,2029-09-19,Active,0,
CD0000245,C000245,AC0000245,9,Debit,Mastercard,Business,2023-09-14,2030-06-23,Active,0,
CD0000246,C000246,AC0005246,8,Debit,Mastercard,Platinum,2021-07-15,2030-08-23,Blocked,1,Lost/Stolen
CD0000247,C000247,AC0000247,2,Debit,Mastercard,Standard,2022-10-01,2030-08-20,Active,0,
CD0000248,C000248,AC0005248,2,Debit,Visa,Standard,2018-09-25,2029-07-14,Active,0,
CD0000249,C000249,AC0000249,7,Credit,Mastercard,Standard,2019-07-22,2030-10-30,Active,0,
CD0000250,C000250,AC0005250,1,Credit,Visa,Standard,2020-10-23,2028-12-26,Active,0,
CD0000251,C000251,AC0000251,4,Credit,Visa,Standard,2024-05-31,2029-01-15,Active,0,
CD0000252,C000252,AC0005252,2,Debit,Mastercard,Platinum,2021-01-25,2027-10-12,Blocked,1,Fraud Suspected
CD0000253,C000253,AC0000253,1,Debit,Mastercard,Platinum,2021-10-23,2026-04-25,Active,0,
CD0000254,C000254,AC0005254,10,Debit,Visa,Business,2023-08-25,2027-10-07,Active,0,
CD0000255,C000255,AC0000255,1,Debit,Visa,Standard,2019-03-03,2029-09-06,Active,0,
CD0000256,C000256,AC0005256,1,Debit,Mastercard,Standard,2020-05-28,2029-07-20,Active,0,
CD0000257,C000257,AC0000257,10,Debit,Visa,Standard,2024-08-31,2029-10-10,Expired,0,
CD0000258,C000258,AC0005258,2,Debit,Visa,Platinum,2023-02-07,2030-07-02,Active,0,
CD0000259,C000259,AC0000259,9,Credit,Amex,Platinum,2019-05-28,2029-04-10,Active,0,
CD0000260,C000260,AC0005260,1,Debit,Mastercard,Business,2025-01-27,2026-07-25,Active,0,
CD0000261,C000261,AC0000261,2,Debit,Visa,Business,2018-05-09,2026-04-18,Active,0,
CD0000262,C000262,AC0005262,2,Credit,Visa,Gold,2019-03-28,2030-09-11,Active,0,
CD0000263,C000263,AC0000263,8,Debit,Mastercard,Platinum,2019-05-10,2028-07-06,Blocked,1,Security Block
CD0000264,C000264,AC0005264,7,Credit,Visa,Platinum,2022-01-13,2027-02-26,Blocked,1,Excessive Attempts
CD0000265,C000265,AC0000265,5,Debit,Visa,Standard,2020-10-21,2026-08-12,Blocked,1,Fraud Suspected
CD0000266,C000266,AC0005266,3,Debit,Mastercard,Business,2023-01-19,2026-10-06,Active,0,
CD0000267,C000267,AC0000267,1,Debit,Amex,Gold,2020-10-20,2026-08-21,Active,0,
CD0000268,C000268,AC0005268,6,Credit,Visa,Platinum,2023-05-31,2028-06-27,Active,0,
CD0000269,C000269,AC0000269,3,Debit,Visa,Platinum,2023-04-05,2029-07-28,Active,0,
CD0000270,C000270,AC0005270,6,Credit,Mastercard,Business,2023-12-11,2029-11-20,Active,0,
CD0000271,C000271,AC0000271,7,Debit,Mastercard,Gold,2021-03-02,2027-06-08,Active,0,
CD0000272,C000272,AC0005272,9,Debit,Visa,Standard,2020-11-21,2030-01-13,Active,0,
CD0000273,C000273,AC0000273,5,Credit,Mastercard,Platinum,2021-02-16,2026-10-17,Active,0,
CD0000274,C000274,AC0005274,1,Credit,Visa,Gold,2025-07-12,2030-02-14,Active,0,
CD0000275,C000275,AC0000275,3,Debit,Visa,Platinum,2023-02-18,2027-01-01,Active,0,
CD0000276,C000276,AC0005276,9,Credit,Visa,Gold,2025-03-21,2029-03-16,Blocked,1,Security Block
CD0000277,C000277,AC0000277,6,Credit,Mastercard,Business,2019-06-06,2026-06-13,Active,0,
CD0000278,C000278,AC0005278,7,Credit,Visa,Platinum,2022-09-15,2026-09-11,Active,0,
CD0000279,C000279,AC0000279,5,Debit,Mastercard,Gold,2019-12-22,2030-09-27,Active,0,
CD0000280,C000280,AC0005280,2,Debit,Visa,Platinum,2018-07-31,2026-11-26,Active,0,
CD0000281,C000281,AC0000281,9,Debit,Mastercard,Business,2022-03-31,2028-02-11,Blocked,1,Security Block
CD0000282,C000282,AC0005282,8,Debit,Amex,Business,2020-09-07,2028-01-10,Blocked,1,Security Block
CD0000283,C000283,AC0000283,10,Debit,Mastercard,Gold,2018-11-15,2026-06-08,Active,0,
CD0000284,C000284,AC0005284,9,Credit,Visa,Gold,2023-06-05,2028-04-10,Active,0,
CD0000285,C000285,AC0000285,3,Credit,Visa,Platinum,2025-10-20,2027-02-12,Active,0,
CD0000286,C000286,AC0005286,3,Debit,Visa,Gold,2021-07-20,2030-04-21,Active,0,
CD0000287,C000287,AC0000287,3,Credit,Mastercard,Gold,2021-12-06,2028-12-08,Active,0,
CD0000288,C000288,AC0005288,10,Credit,Mastercard,Platinum,2025-07-23,2029-07-31,Active,0,
CD0000289,C000289,AC0000289,6,Debit,Mastercard,Platinum,2021-05-17,2027-09-16,Expired,0,
CD0000290,C000290,AC0005290,5,Debit,Visa,Platinum,2024-06-21,2028-09-13,Active,0,
CD0000291,C000291,AC0000291,10,Credit,Mastercard,Business,2018-05-02,2028-02-24,Active,0,
CD0000292,C000292,AC0005292,7,Credit,Visa,Platinum,2021-10-13,2030-08-11,Active,0,
CD0000293,C000293,AC0000293,10,Credit,Visa,Platinum,2018-12-04,2026-05-17,Active,0,
CD0000294,C000294,AC0005294,10,Debit,Visa,Standard,2020-09-19,2026-04-20,Active,0,
CD0000295,C000295,AC0000295,1,Credit,Visa,Standard,2018-03-28,2030-07-30,Active,0,
CD0000296,C000296,AC0005296,4,Credit,Visa,Gold,2021-09-23,2029-02-19,Blocked,1,Security Block
CD0000297,C000297,AC0000297,8,Debit,Mastercard,Standard,2022-02-12,2026-06-08,Active,0,
CD0000298,C000298,AC0005298,9,Credit,Visa,Platinum,2023-04-28,2026-07-05,Active,0,
CD0000299,C000299,AC0000299,2,Debit,Mastercard,Platinum,2023-04-29,2028-05-24,Blocked,1,Security Block
CD0000300,C000300,AC0005300,4,Credit,Visa,Business,2022-08-17,2030-02-02,Active,0,
CD0000301,C000301,AC0000301,6,Debit,Mastercard,Platinum,2018-01-06,2026-11-22,Active,0,
CD0000302,C000302,AC0005302,8,Credit,Visa,Platinum,2025-08-03,2030-04-12,Active,0,
CD0000303,C000303,AC0000303,2,Debit,Mastercard,Gold,2022-01-10,2026-01-14,Active,0,
CD0000304,C000304,AC0005304,7,Debit,Visa,Standard,2021-01-08,2026-01-01,Active,0,
CD0000305,C000305,AC0000305,3,Credit,Mastercard,Standard,2020-12-15,2030-07-25,Active,0,
CD0000306,C000306,AC0005306,3,Credit,Mastercard,Business,2021-01-22,2027-04-25,Active,0,
CD0000307,C000307,AC0000307,6,Credit,Visa,Standard,2018-12-13,2029-07-09,Blocked,1,Security Block
CD0000308,C000308,AC0005308,5,Credit,Mastercard,Platinum,2022-04-08,2029-05-08,Active,0,
CD0000309,C000309,AC0000309,7,Debit,Mastercard,Gold,2023-12-30,2026-12-23,Active,0,
CD0000310,C000310,AC0005310,4,Debit,Visa,Gold,2024-06-08,2026-07-20,Active,0,
CD0000311,C000311,AC0000311,9,Debit,Mastercard,Business,2022-07-03,2026-01-27,Active,0,
CD0000312,C000312,AC0005312,1,Credit,Mastercard,Platinum,2022-07-11,2029-06-04,Active,0,
CD0000313,C000313,AC0000313,9,Credit,Mastercard,Platinum,2022-04-16,2028-03-24,Active,0,
CD0000314,C000314,AC0005314,1,Debit,Mastercard,Business,2021-05-23,2028-09-10,Expired,0,
CD0000315,C000315,AC0000315,8,Credit,Mastercard,Business,2021-01-31,2027-06-04,Active,0,
CD0000316,C000316,AC0005316,4,Debit,Visa,Business,2018-06-16,2030-07-04,Active,0,
CD0000317,C000317,AC0000317,4,Debit,Visa,Business,2022-07-09,2029-01-28,Active,0,
CD0000318,C000318,AC0005318,1,Debit,Mastercard,Platinum,2024-04-11,2028-10-03,Active,0,
CD0000319,C000319,AC0000319,8,Credit,Mastercard,Standard,2024-05-01,2026-12-01,Active,0,
CD0000320,C000320,AC0005320,2,Debit,Visa,Business,2024-11-08,2027-02-12,Active,0,
CD0000321,C000321,AC0000321,7,Debit,Amex,Standard,2020-02-03,2030-05-05,Active,0,
CD0000322,C000322,AC0005322,8,Debit,Visa,Platinum,2019-06-18,2030-06-25,Active,0,
CD0000323,C000323,AC0000323,9,Debit,Mastercard,Business,2024-12-15,2028-11-14,Blocked,1,Lost/Stolen
CD0000324,C000324,AC0005324,8,Debit,Amex,Gold,2025-11-15,2027-10-31,Active,0,
CD0000325,C000325,AC0000325,4,Debit,Visa,Standard,2021-01-12,2030-06-17,Active,0,
CD0000326,C000326,AC0005326,8,Debit,Mastercard,Business,2021-04-29,2027-08-29,Active,0,
CD0000327,C000327,AC0000327,9,Debit,Mastercard,Platinum,2020-04-08,2027-12-13,Blocked,1,Lost/Stolen
CD0000328,C000328,AC0005328,4,Credit,Visa,Platinum,2023-09-21,2029-12-16,Active,0,
CD0000329,C000329,AC0000329,2,Debit,Amex,Business,2025-05-01,2026-07-09,Active,0,
CD0000330,C000330,AC0005330,9,Debit,Visa,Business,2021-08-30,2030-01-22,Active,0,
CD0000331,C000331,AC0000331,2,Debit,Visa,Platinum,2024-06-27,2030-08-31,Expired,0,
CD0000332,C000332,AC0005332,6,Credit,Visa,Gold,2021-03-22,2029-04-17,Active,0,
CD0000333,C000333,AC0000333,3,Debit,Mastercard,Platinum,2018-11-27,2028-05-24,Blocked,1,Fraud Suspected
CD0000334,C000334,AC0005334,2,Credit,Visa,Gold,2021-08-10,2029-12-19,Active,0,
CD0000335,C000335,AC0000335,8,Debit,Mastercard,Gold,2023-01-06,2026-05-17,Active,0,
CD0000336,C000336,AC0005336,2,Debit,Amex,Business,2024-11-04,2029-05-06,Active,0,
CD0000337,C000337,AC0000337,7,Debit,Mastercard,Business,2024-03-12,2026-08-31,Active,0,
CD0000338,C000338,AC0005338,7,Debit,Mastercard,Platinum,2019-02-13,2026-04-18,Blocked,1,Fraud Suspected
CD0000339,C000339,AC0000339,1,Debit,Visa,Gold,2025-11-25,2027-01-26,Active,0,
CD0000340,C000340,AC0005340,2,Debit,Amex,Business,2021-04-04,2027-06-09,Active,0,
CD0000341,C000341,AC0000341,8,Credit,Visa,Standard,2021-03-14,2029-11-15,Active,0,
CD0000342,C000342,AC0005342,6,Credit,Mastercard,Business,2022-02-14,2026-11-02,Active,0,
CD0000343,C000343,AC0000343,2,Credit,Mastercard,Standard,2025-09-11,2030-03-31,Active,0,
CD0000344,C000344,AC0005344,10,Debit,Mastercard,Standard,2021-06-01,2027-11-07,Active,0,
CD0000345,C000345,AC0000345,3,Credit,Mastercard,Gold,2022-08-08,2029-01-11,Active,0,
CD0000346,C000346,AC0005346,1,Credit,Amex,Standard,2023-07-02,2029-10-03,Active,0,
CD0000347,C000347,AC0000347,10,Debit,Mastercard,Gold,2020-10-16,2030-04-12,Active,0,
CD0000348,C000348,AC0005348,1,Credit,Visa,Platinum,2021-11-25,2026-12-30,Active,0,
CD0000349,C000349,AC0000349,6,Debit,Mastercard,Gold,2019-03-04,2029-05-27,Active,0,
CD0000350,C000350,AC0005350,10,Credit,Visa,Platinum,2024-05-16,2027-03-04,Active,0,
CD0000351,C000351,AC0000351,6,Debit,Visa,Standard,2022-03-10,2026-12-15,Blocked,1,Security Block
CD0000352,C000352,AC0005352,6,Debit,Mastercard,Standard,2025-10-30,2029-10-03,Active,0,
CD0000353,C000353,AC0000353,4,Credit,Visa,Business,2021-09-23,2029-12-16,Active,0,
CD0000354,C000354,AC0005354,2,Credit,Visa,Business,2018-12-31,2029-07-29,Active,0,
CD0000355,C000355,AC0000355,6,Debit,Mastercard,Business,2023-05-31,2026-10-30,Active,0,
CD0000356,C000356,AC0005356,9,Credit,Amex,Platinum,2020-10-13,2029-02-19,Active,0,
CD0000357,C000357,AC0000357,1,Debit,Mastercard,Gold,2023-10-31,2028-01-16,Active,0,
CD0000358,C000358,AC0005358,9,Debit,Mastercard,Standard,2021-05-17,2026-02-20,Active,0,
CD0000359,C000359,AC0000359,5,Debit,Mastercard,Gold,2020-06-05,2029-09-12,Active,0,
CD0000360,C000360,AC0005360,6,Debit,Mastercard,Standard,2018-12-11,2030-06-19,Active,0,
CD0000361,C000361,AC0000361,2,Debit,Mastercard,Gold,2020-03-30,2028-03-31,Expired,0,
CD0000362,C000362,AC0005362,7,Credit,Mastercard,Standard,2024-10-09,2027-08-03,Active,0,
CD0000363,C000363,AC0000363,2,Credit,Visa,Business,2020-04-14,2026-12-11,Blocked,1,Security Block
CD0000364,C000364,AC0005364,3,Credit,Visa,Platinum,2018-11-15,2026-09-12,Active,0,
CD0000365,C000365,AC0000365,8,Debit,Visa,Gold,2018-02-09,2027-01-26,Blocked,1,Lost/Stolen
CD0000366,C000366,AC0005366,1,Credit,Visa,Standard,2022-03-04,2026-01-07,Active,0,
CD0000367,C000367,AC0000367,5,Debit,Mastercard,Platinum,2025-08-14,2029-11-15,Active,0,
CD0000368,C000368,AC0005368,6,Debit,Visa,Business,2023-06-19,2026-04-24,Active,0,
CD0000369,C000369,AC0000369,2,Credit,Mastercard,Gold,2024-06-29,2029-05-13,Active,0,
CD0000370,C000370,AC0005370,3,Credit,Visa,Gold,2022-09-18,2030-09-19,Blocked,1,Excessive Attempts
CD0000371,C000371,AC0000371,4,Debit,Visa,Business,2020-08-09,2026-02-01,Active,0,
CD0000372,C000372,AC0005372,7,Debit,Amex,Standard,2021-02-15,2028-08-27,Active,0,
CD0000373,C000373,AC0000373,10,Debit,Mastercard,Standard,2023-09-24,2029-12-14,Blocked,1,Security Block
CD0000374,C000374,AC0005374,9,Debit,Mastercard,Standard,2025-12-19,2030-01-26,Active,0,
CD0000375,C000375,AC0000375,2,Debit,Visa,Platinum,2020-02-09,2028-06-25,Active,0,
CD0000376,C000376,AC0005376,1,Debit,Mastercard,Business,2024-02-16,2028-02-29,Active,0,
CD0000377,C000377,AC0000377,1,Debit,Mastercard,Gold,2019-10-29,2026-03-16,Expired,0,
CD0000378,C000378,AC0005378,6,Credit,Amex,Gold,2024-07-15,2030-03-23,Blocked,1,Fraud Suspected
CD0000379,C000379,AC0000379,2,Credit,Mastercard,Business,2021-01-26,2029-03-04,Active,0,
CD0000380,C000380,AC0005380,3,Debit,Visa,Platinum,2019-04-06,2026-05-28,Active,0,
CD0000381,C000381,AC0000381,9,Credit,Mastercard,Business,2023-09-06,2030-10-08,Active,0,
CD0000382,C000382,AC0005382,9,Credit,Mastercard,Gold,2019-11-12,2027-12-29,Active,0,
CD0000383,C000383,AC0000383,9,Debit,Mastercard,Standard,2024-02-14,2029-07-21,Blocked,1,Fraud Suspected
CD0000384,C000384,AC0005384,3,Debit,Visa,Platinum,2024-10-06,2028-11-16,Active,0,
CD0000385,C000385,AC0000385,7,Debit,Amex,Platinum,2019-02-28,2028-03-06,Active,0,
CD0000386,C000386,AC0005386,7,Debit,Visa,Business,2025-08-18,2030-12-04,Active,0,
CD0000387,C000387,AC0000387,2,Credit,Mastercard,Gold,2021-01-19,2028-10-06,Active,0,
CD0000388,C000388,AC0005388,6,Credit,Mastercard,Business,2024-09-30,2026-12-29,Active,0,
CD0000389,C000389,AC0000389,6,Debit,Mastercard,Standard,2019-01-13,2029-11-09,Active,0,
CD0000390,C000390,AC0005390,4,Debit,Visa,Gold,2019-07-29,2030-10-04,Active,0,
CD0000391,C000391,AC0000391,8,Credit,Visa,Business,2023-03-31,2030-09-25,Active,0,
CD0000392,C000392,AC0005392,7,Credit,Visa,Platinum,2018-04-26,2030-01-08,Active,0,
CD0000393,C000393,AC0000393,6,Credit,Visa,Platinum,2019-05-02,2026-04-14,Active,0,
CD0000394,C000394,AC0005394,8,Debit,Mastercard,Platinum,2022-01-23,2027-07-08,Expired,0,
CD0000395,C000395,AC0000395,8,Credit,Mastercard,Platinum,2020-09-10,2030-08-03,Blocked,1,Lost/Stolen
CD0000396,C000396,AC0005396,6,Debit,Mastercard,Standard,2019-06-11,2028-06-22,Blocked,1,Security Block
CD0000397,C000397,AC0000397,3,Credit,Visa,Business,2024-03-04,2030-06-12,Active,0,
CD0000398,C000398,AC0005398,8,Credit,Mastercard,Business,2023-03-09,2028-01-24,Active,0,
CD0000399,C000399,AC0000399,8,Debit,Amex,Business,2024-05-26,2028-10-09,Active,0,
CD0000400,C000400,AC0005400,10,Debit,Mastercard,Business,2024-10-21,2029-08-31,Expired,0,
CD0000401,C000401,AC0000401,2,Debit,Mastercard,Standard,2024-08-14,2026-03-22,Active,0,
CD0000402,C000402,AC0005402,5,Credit,Visa,Platinum,2024-05-04,2026-01-20,Blocked,1,Security Block
CD0000403,C000403,AC0000403,10,Credit,Visa,Standard,2024-04-26,2026-12-28,Active,0,
CD0000404,C000404,AC0005404,6,Credit,Mastercard,Gold,2024-03-19,2029-11-08,Active,0,
CD0000405,C000405,AC0000405,10,Debit,Mastercard,Business,2024-05-07,2026-09-19,Active,0,
CD0000406,C000406,AC0005406,1,Debit,Amex,Standard,2019-08-25,2026-06-10,Active,0,
CD0000407,C000407,AC0000407,1,Debit,Mastercard,Gold,2019-06-07,2028-08-26,Active,0,
CD0000408,C000408,AC0005408,8,Debit,Amex,Gold,2018-09-15,2029-10-30,Active,0,
CD0000409,C000409,AC0000409,4,Debit,Amex,Platinum,2020-07-04,2026-11-22,Active,0,
CD0000410,C000410,AC0005410,6,Debit,Visa,Gold,2019-07-26,2030-09-03,Active,0,
CD0000411,C000411,AC0000411,5,Debit,Visa,Platinum,2018-01-25,2028-10-10,Expired,0,
CD0000412,C000412,AC0005412,5,Credit,Visa,Platinum,2022-09-16,2030-09-06,Blocked,1,Excessive Attempts
CD0000413,C000413,AC0000413,10,Debit,Mastercard,Business,2023-10-21,2029-09-27,Blocked,1,Security Block
CD0000414,C000414,AC0005414,1,Debit,Visa,Gold,2020-04-18,2030-01-18,Active,0,
CD0000415,C000415,AC0000415,8,Debit,Visa,Gold,2024-02-05,2026-01-03,Active,0,
CD0000416,C000416,AC0005416,9,Debit,Amex,Business,2020-08-21,2030-01-28,Active,0,
CD0000417,C000417,AC0000417,7,Credit,Mastercard,Gold,2021-10-05,2028-10-21,Active,0,
CD0000418,C000418,AC0005418,4,Debit,Visa,Business,2025-10-09,2030-11-30,Active,0,
CD0000419,C000419,AC0000419,2,Credit,Visa,Business,2019-02-20,2026-08-01,Blocked,1,Security Block
CD0000420,C000420,AC0005420,7,Debit,Visa,Gold,2022-06-24,2027-08-03,Active,0,
CD0000421,C000421,AC0000421,5,Credit,Visa,Platinum,2023-11-12,2029-10-08,Blocked,1,Security Block
CD0000422,C000422,AC0005422,2,Debit,Mastercard,Gold,2022-10-05,2029-07-26,Active,0,
CD0000423,C000423,AC0000423,4,Debit,Visa,Standard,2021-04-11,2030-11-25,Active,0,
CD0000424,C000424,AC0005424,10,Debit,Mastercard,Platinum,2018-07-25,2029-07-09,Active,0,
CD0000425,C000425,AC0000425,3,Debit,Mastercard,Platinum,2023-05-11,2029-04-26,Active,0,
CD0000426,C000426,AC0005426,2,Credit,Visa,Platinum,2020-11-25,2028-09-08,Blocked,1,Fraud Suspected
CD0000427,C000427,AC0000427,7,Debit,Mastercard,Platinum,2022-10-23,2030-11-21,Active,0,
CD0000428,C000428,AC0005428,2,Debit,Visa,Business,2023-06-14,2028-02-22,Active,0,
CD0000429,C000429,AC0000429,10,Credit,Visa,Gold,2020-05-31,2027-01-27,Blocked,1,Security Block
CD0000430,C000430,AC0005430,9,Credit,Mastercard,Platinum,2024-06-04,2028-07-12,Active,0,
CD0000431,C000431,AC0000431,10,Credit,Visa,Platinum,2019-09-05,2026-05-24,Active,0,
CD0000432,C000432,AC0005432,10,Debit,Mastercard,Standard,2025-08-15,2030-07-28,Blocked,1,Fraud Suspected
CD0000433,C000433,AC0000433,3,Debit,Amex,Standard,2024-05-11,2026-09-14,Active,0,
CD0000434,C000434,AC0005434,3,Credit,Amex,Gold,2018-03-19,2026-06-19,Active,0,
CD0000435,C000435,AC0000435,4,Debit,Mastercard,Standard,2018-02-14,2030-01-05,Expired,0,
CD0000436,C000436,AC0005436,5,Debit,Amex,Gold,2023-12-26,2028-05-27,Expired,0,
CD0000437,C000437,AC0000437,9,Credit,Visa,Business,2018-08-03,2027-06-04,Active,0,
CD0000438,C000438,AC0005438,8,Debit,Mastercard,Business,2022-05-19,2030-11-03,Active,0,
CD0000439,C000439,AC0000439,7,Debit,Visa,Business,2018-10-23,2030-09-29,Blocked,1,Security Block
CD0000440,C000440,AC0005440,9,Credit,Visa,Gold,2019-09-30,2026-07-29,Active,0,
CD0000441,C000441,AC0000441,7,Debit,Visa,Gold,2024-01-30,2030-03-09,Active,0,
CD0000442,C000442,AC0005442,4,Debit,Visa,Gold,2024-11-14,2029-08-11,Active,0,
CD0000443,C000443,AC0000443,5,Credit,Mastercard,Platinum,2019-12-08,2028-10-24,Active,0,
CD0000444,C000444,AC0005444,6,Credit,Mastercard,Standard,2020-09-15,2026-08-13,Active,0,
CD0000445,C000445,AC0000445,1,Debit,Visa,Business,2022-02-04,2028-09-07,Active,0,
CD0000446,C000446,AC0005446,8,Debit,Mastercard,Standard,2022-07-20,2029-03-20,Blocked,1,Lost/Stolen
CD0000447,C000447,AC0000447,7,Debit,Visa,Platinum,2018-03-12,2026-09-04,Active,0,
CD0000448,C000448,AC0005448,8,Debit,Mastercard,Platinum,2019-08-22,2027-06-12,Active,0,
CD0000449,C000449,AC0000449,6,Credit,Amex,Standard,2018-07-26,2026-08-01,Active,0,
CD0000450,C000450,AC0005450,8,Debit,Mastercard,Standard,2020-06-23,2027-05-31,Active,0,
CD0000451,C000451,AC0000451,10,Debit,Visa,Gold,2025-11-20,2030-12-16,Expired,0,
CD0000452,C000452,AC0005452,6,Debit,Visa,Gold,2018-12-08,2027-10-13,Blocked,1,Fraud Suspected
CD0000453,C000453,AC0000453,5,Debit,Visa,Platinum,2020-02-20,2030-10-01,Active,0,
CD0000454,C000454,AC0005454,2,Debit,Mastercard,Standard,2022-09-01,2028-09-20,Active,0,
CD0000455,C000455,AC0000455,8,Debit,Visa,Standard,2024-06-01,2029-04-22,Active,0,
CD0000456,C000456,AC0005456,10,Credit,Mastercard,Gold,2020-12-01,2029-01-30,Active,0,
CD0000457,C000457,AC0000457,7,Credit,Amex,Gold,2025-04-05,2026-08-16,Active,0,
CD0000458,C000458,AC0005458,9,Debit,Visa,Platinum,2020-06-15,2026-12-28,Blocked,1,Excessive Attempts
CD0000459,C000459,AC0000459,9,Credit,Visa,Business,2025-02-28,2029-04-19,Active,0,
CD0000460,C000460,AC0005460,8,Credit,Visa,Standard,2024-11-13,2028-03-05,Active,0,
CD0000461,C000461,AC0000461,6,Debit,Visa,Gold,2020-08-10,2027-01-20,Active,0,
CD0000462,C000462,AC0005462,1,Credit,Mastercard,Business,2021-01-22,2027-11-21,Blocked,1,Security Block
CD0000463,C000463,AC0000463,1,Credit,Mastercard,Business,2023-09-10,2030-01-14,Active,0,
CD0000464,C000464,AC0005464,3,Debit,Mastercard,Business,2019-08-22,2026-05-31,Active,0,
CD0000465,C000465,AC0000465,5,Credit,Visa,Business,2023-05-28,2028-12-17,Active,0,
CD0000466,C000466,AC0005466,8,Debit,Visa,Platinum,2023-10-09,2027-06-29,Active,0,
CD0000467,C000467,AC0000467,5,Credit,Visa,Platinum,2021-06-17,2029-06-10,Active,0,
CD0000468,C000468,AC0005468,1,Credit,Mastercard,Business,2021-01-02,2030-01-30,Active,0,
CD0000469,C000469,AC0000469,3,Credit,Visa,Gold,2023-11-04,2026-05-16,Active,0,
CD0000470,C000470,AC0005470,10,Credit,Visa,Platinum,2023-04-01,2026-01-12,Active,0,
CD0000471,C000471,AC0000471,10,Credit,Visa,Standard,2024-07-31,2030-01-24,Active,0,
CD0000472,C000472,AC0005472,4,Debit,Mastercard,Platinum,2022-09-25,2030-10-14,Active,0,
CD0000473,C000473,AC0000473,9,Debit,Visa,Platinum,2019-07-13,2028-10-06,Active,0,
CD0000474,C000474,AC0005474,8,Credit,Visa,Gold,2020-04-16,2030-12-01,Expired,0,
CD0000475,C000475,AC0000475,10,Debit,Mastercard,Gold,2021-10-05,2027-06-01,Blocked,1,Lost/Stolen
CD0000476,C000476,AC0005476,9,Credit,Visa,Platinum,2020-06-18,2029-01-21,Active,0,
CD0000477,C000477,AC0000477,7,Debit,Mastercard,Standard,2023-02-11,2026-06-11,Blocked,1,Security Block
CD0000478,C000478,AC0005478,4,Credit,Visa,Standard,2022-02-23,2028-03-17,Blocked,1,Security Block
CD0000479,C000479,AC0000479,7,Debit,Visa,Platinum,2018-12-01,2026-02-17,Active,0,
CD0000480,C000480,AC0005480,4,Debit,Visa,Standard,2023-10-24,2028-11-12,Active,0,
CD0000481,C000481,AC0000481,4,Debit,Amex,Standard,2020-03-31,2029-12-03,Blocked,1,Excessive Attempts
CD0000482,C000482,AC0005482,7,Debit,Amex,Business,2021-11-19,2028-08-01,Active,0,
CD0000483,C000483,AC0000483,6,Debit,Visa,Standard,2018-03-31,2029-11-04,Active,0,
CD0000484,C000484,AC0005484,6,Debit,Visa,Platinum,2019-06-14,2028-03-01,Active,0,
CD0000485,C000485,AC0000485,4,Debit,Mastercard,Business,2023-08-20,2028-01-27,Expired,0,
CD0000486,C000486,AC0005486,5,Credit,Visa,Standard,2018-03-28,2026-05-25,Active,0,
CD0000487,C000487,AC0000487,1,Debit,Visa,Business,2020-03-31,2027-02-08,Active,0,
CD0000488,C000488,AC0005488,7,Debit,Visa,Standard,2022-03-05,2028-06-05,Blocked,1,Security Block
CD0000489,C000489,AC0000489,6,Debit,Mastercard,Platinum,2024-08-10,2029-06-23,Active,0,
CD0000490,C000490,AC0005490,10,Credit,Visa,Business,2023-03-04,2026-05-11,Blocked,1,Security Block
CD0000491,C000491,AC0000491,6,Credit,Amex,Business,2022-03-07,2027-06-07,Active,0,
CD0000492,C000492,AC0005492,5,Debit,Mastercard,Gold,2018-08-10,2027-06-09,Blocked,1,Excessive Attempts
CD0000493,C000493,AC0000493,1,Credit,Visa,Standard,2025-09-29,2026-12-24,Active,0,
CD0000494,C000494,AC0005494,2,Credit,Mastercard,Platinum,2021-05-20,2030-10-03,Active,0,
CD0000495,C000495,AC0000495,4,Debit,Mastercard,Gold,2023-12-31,2030-05-31,Active,0,
CD0000496,C000496,AC0005496,4,Debit,Visa,Business,2025-11-16,2026-11-08,Blocked,1,Excessive Attempts
CD0000497,C000497,AC0000497,4,Debit,Mastercard,Standard,2022-09-07,2028-07-02,Active,0,
CD0000498,C000498,AC0005498,4,Credit,Mastercard,Gold,2020-04-16,2028-05-09,Active,0,
CD0000499,C000499,AC0000499,8,Debit,Visa,Platinum,2024-12-30,2026-05-09,Active,0,
CD0000500,C000500,AC0005500,2,Credit,Mastercard,Platinum,2023-02-12,2028-08-11,Blocked,1,Excessive Attempts
CD0000501,C000501,AC0000501,4,Debit,Mastercard,Standard,2019-12-07,2026-07-08,Active,0,
CD0000502,C000502,AC0005502,2,Debit,Visa,Platinum,2021-12-20,2026-06-24,Blocked,1,Security Block
CD0000503,C000503,AC0000503,4,Debit,Visa,Platinum,2025-11-23,2027-12-13,Expired,0,
CD0000504,C000504,AC0005504,7,Credit,Mastercard,Standard,2018-12-07,2029-04-14,Active,0,
CD0000505,C000505,AC0000505,1,Debit,Mastercard,Gold,2022-09-02,2027-03-03,Blocked,1,Lost/Stolen
CD0000506,C000506,AC0005506,4,Debit,Visa,Business,2021-11-07,2030-02-08,Active,0,
CD0000507,C000507,AC0000507,1,Debit,Visa,Platinum,2023-04-09,2026-11-09,Active,0,
CD0000508,C000508,AC0005508,10,Debit,Visa,Gold,2024-12-28,2026-04-05,Active,0,
CD0000509,C000509,AC0000509,8,Credit,Mastercard,Gold,2025-01-30,2026-03-08,Active,0,
CD0000510,C000510,AC0005510,3,Debit,Visa,Platinum,2025-04-14,2028-07-29,Active,0,
CD0000511,C000511,AC0000511,2,Credit,Visa,Platinum,2018-11-23,2030-08-09,Active,0,
CD0000512,C000512,AC0005512,1,Credit,Mastercard,Business,2025-08-15,2028-09-19,Blocked,1,Security Block
CD0000513,C000513,AC0000513,5,Debit,Amex,Platinum,2020-09-24,2029-10-18,Expired,0,
CD0000514,C000514,AC0005514,8,Credit,Mastercard,Gold,2022-05-27,2026-10-14,Active,0,
CD0000515,C000515,AC0000515,6,Debit,Amex,Standard,2020-07-01,2028-12-06,Active,0,
CD0000516,C000516,AC0005516,9,Credit,Visa,Platinum,2020-09-14,2030-05-11,Active,0,
CD0000517,C000517,AC0000517,4,Credit,Visa,Standard,2021-03-30,2028-11-26,Active,0,
CD0000518,C000518,AC0005518,3,Credit,Visa,Standard,2021-03-04,2026-04-25,Active,0,
CD0000519,C000519,AC0000519,5,Debit,Mastercard,Platinum,2024-10-03,2026-01-09,Active,0,
CD0000520,C000520,AC0005520,3,Credit,Visa,Platinum,2022-06-14,2028-10-22,Active,0,
CD0000521,C000521,AC0000521,10,Debit,Mastercard,Gold,2018-02-27,2030-07-24,Blocked,1,Excessive Attempts
CD0000522,C000522,AC0005522,2,Credit,Visa,Platinum,2025-03-20,2029-01-19,Active,0,
CD0000523,C000523,AC0000523,5,Debit,Amex,Gold,2020-11-20,2029-06-13,Active,0,
CD0000524,C000524,AC0005524,6,Credit,Visa,Standard,2024-01-08,2026-01-30,Active,0,
CD0000525,C000525,AC0000525,1,Debit,Visa,Platinum,2019-07-16,2029-12-16,Active,0,
CD0000526,C000526,AC0005526,5,Debit,Mastercard,Gold,2021-10-20,2029-11-24,Active,0,
CD0000527,C000527,AC0000527,5,Debit,Visa,Standard,2021-11-18,2030-02-13,Active,0,
CD0000528,C000528,AC0005528,3,Debit,Mastercard,Standard,2021-09-17,2029-09-24,Active,0,
CD0000529,C000529,AC0000529,2,Debit,Visa,Standard,2019-07-14,2029-01-29,Active,0,
CD0000530,C000530,AC0005530,1,Debit,Visa,Business,2024-10-25,2030-09-12,Blocked,1,Fraud Suspected
CD0000531,C000531,AC0000531,1,Credit,Mastercard,Gold,2025-10-19,2029-01-21,Active,0,
CD0000532,C000532,AC0005532,5,Debit,Amex,Platinum,2022-04-04,2027-07-21,Active,0,
CD0000533,C000533,AC0000533,1,Debit,Mastercard,Business,2025-01-30,2028-08-26,Active,0,
CD0000534,C000534,AC0005534,10,Debit,Visa,Standard,2023-04-01,2029-08-09,Blocked,1,Security Block
CD0000535,C000535,AC0000535,3,Credit,Visa,Standard,2025-11-03,2026-04-17,Active,0,
CD0000536,C000536,AC0005536,7,Credit,Mastercard,Standard,2020-03-23,2030-07-05,Blocked,1,Security Block
CD0000537,C000537,AC0000537,7,Credit,Visa,Standard,2019-12-25,2027-12-04,Active,0,
CD0000538,C000538,AC0005538,5,Credit,Visa,Gold,2020-05-12,2026-06-03,Active,0,
CD0000539,C000539,AC0000539,9,Debit,Visa,Standard,2024-07-28,2029-07-04,Active,0,
CD0000540,C000540,AC0005540,2,Debit,Mastercard,Standard,2022-05-09,2029-01-10,Active,0,
CD0000541,C000541,AC0000541,3,Debit,Visa,Standard,2025-06-03,2026-10-30,Active,0,
CD0000542,C000542,AC0005542,3,Credit,Visa,Platinum,2023-11-03,2027-01-10,Active,0,
CD0000543,C000543,AC0000543,2,Debit,Mastercard,Standard,2023-04-13,2030-05-26,Active,0,
CD0000544,C000544,AC0005544,3,Debit,Mastercard,Business,2021-05-26,2027-08-03,Blocked,1,Security Block
CD0000545,C000545,AC0000545,4,Debit,Mastercard,Platinum,2021-03-31,2028-01-25,Active,0,
CD0000546,C000546,AC0005546,8,Debit,Visa,Standard,2024-05-11,2026-08-24,Active,0,
CD0000547,C000547,AC0000547,4,Debit,Mastercard,Business,2023-07-20,2029-06-30,Blocked,1,Security Block
CD0000548,C000548,AC0005548,9,Credit,Visa,Standard,2023-11-24,2029-07-30,Active,0,
CD0000549,C000549,AC0000549,8,Credit,Amex,Business,2024-04-13,2029-06-20,Active,0,
CD0000550,C000550,AC0005550,10,Credit,Visa,Business,2023-09-03,2027-02-08,Active,0,
CD0000551,C000551,AC0000551,2,Debit,Visa,Platinum,2023-12-09,2027-04-12,Active,0,
CD0000552,C000552,AC0005552,10,Debit,Mastercard,Gold,2018-04-03,2029-04-25,Active,0,
CD0000553,C000553,AC0000553,7,Credit,Mastercard,Business,2025-02-25,2029-10-17,Active,0,
CD0000554,C000554,AC0005554,10,Debit,Amex,Standard,2022-02-22,2030-12-12,Active,0,
CD0000555,C000555,AC0000555,4,Debit,Mastercard,Standard,2018-11-30,2026-11-22,Active,0,
CD0000556,C000556,AC0005556,10,Debit,Mastercard,Business,2019-07-15,2030-05-30,Active,0,
CD0000557,C000557,AC0000557,6,Credit,Mastercard,Gold,2025-10-01,2030-09-24,Active,0,
CD0000558,C000558,AC0005558,1,Debit,Mastercard,Business,2020-01-28,2030-01-02,Active,0,
CD0000559,C000559,AC0000559,5,Debit,Amex,Platinum,2022-03-30,2027-06-09,Expired,0,
CD0000560,C000560,AC0005560,2,Credit,Visa,Business,2021-07-20,2030-11-23,Active,0,
CD0000561,C000561,AC0000561,10,Debit,Visa,Gold,2025-04-15,2027-07-01,Active,0,
CD0000562,C000562,AC0005562,4,Debit,Mastercard,Standard,2018-03-06,2030-03-12,Active,0,
CD0000563,C000563,AC0000563,3,Debit,Mastercard,Standard,2022-11-03,2027-03-15,Active,0,
CD0000564,C000564,AC0005564,6,Debit,Mastercard,Standard,2022-10-11,2030-03-02,Blocked,1,Security Block
CD0000565,C000565,AC0000565,5,Credit,Visa,Gold,2021-01-21,2026-11-28,Active,0,
CD0000566,C000566,AC0005566,1,Debit,Amex,Gold,2023-05-22,2027-05-11,Blocked,1,Security Block
CD0000567,C000567,AC0000567,9,Credit,Mastercard,Gold,2019-08-01,2027-08-01,Active,0,
CD0000568,C000568,AC0005568,9,Debit,Amex,Gold,2019-08-28,2026-09-02,Active,0,
CD0000569,C000569,AC0000569,8,Debit,Visa,Standard,2022-04-06,2026-12-12,Active,0,
CD0000570,C000570,AC0005570,7,Debit,Mastercard,Platinum,2025-02-19,2027-01-11,Active,0,
CD0000571,C000571,AC0000571,5,Debit,Visa,Business,2018-03-22,2029-08-21,Active,0,
CD0000572,C000572,AC0005572,6,Debit,Visa,Platinum,2023-08-01,2028-07-11,Active,0,
CD0000573,C000573,AC0000573,6,Credit,Mastercard,Platinum,2024-03-04,2030-11-20,Blocked,1,Security Block
CD0000574,C000574,AC0005574,2,Debit,Mastercard,Standard,2018-01-25,2028-09-16,Blocked,1,Security Block
CD0000575,C000575,AC0000575,1,Debit,Visa,Business,2020-07-21,2026-04-06,Active,0,
CD0000576,C000576,AC0005576,3,Credit,Visa,Platinum,2020-04-15,2030-12-03,Active,0,
CD0000577,C000577,AC0000577,5,Credit,Amex,Platinum,2024-07-04,2028-01-21,Active,0,
CD0000578,C000578,AC0005578,2,Debit,Mastercard,Business,2022-04-30,2027-02-20,Expired,0,
CD0000579,C000579,AC0000579,2,Credit,Visa,Business,2018-01-21,2026-07-31,Active,0,
CD0000580,C000580,AC0005580,9,Debit,Mastercard,Standard,2019-07-27,2027-03-30,Active,0,
CD0000581,C000581,AC0000581,4,Debit,Mastercard,Business,2021-09-23,2028-03-24,Active,0,
CD0000582,C000582,AC0005582,6,Debit,Visa,Platinum,2024-10-18,2030-01-22,Active,0,
CD0000583,C000583,AC0000583,6,Credit,Amex,Business,2024-04-17,2030-06-22,Blocked,1,Security Block
CD0000584,C000584,AC0005584,8,Credit,Visa,Standard,2022-08-30,2030-09-30,Active,0,
CD0000585,C000585,AC0000585,8,Debit,Amex,Standard,2021-03-17,2028-03-11,Active,0,
CD0000586,C000586,AC0005586,3,Debit,Visa,Business,2020-03-05,2029-03-21,Active,0,
CD0000587,C000587,AC0000587,9,Debit,Visa,Business,2020-10-12,2027-09-12,Active,0,
CD0000588,C000588,AC0005588,4,Debit,Visa,Gold,2021-11-07,2029-06-24,Expired,0,
CD0000589,C000589,AC0000589,9,Credit,Visa,Gold,2022-06-25,2026-06-25,Active,0,
CD0000590,C000590,AC0005590,5,Credit,Visa,Gold,2020-12-18,2026-08-15,Expired,0,
CD0000591,C000591,AC0000591,2,Debit,Mastercard,Platinum,2019-12-18,2027-03-11,Active,0,
CD0000592,C000592,AC0005592,8,Debit,Mastercard,Gold,2020-09-09,2030-05-09,Active,0,
CD0000593,C000593,AC0000593,1,Debit,Visa,Gold,2020-04-12,2027-11-19,Active,0,
CD0000594,C000594,AC0005594,8,Credit,Mastercard,Standard,2020-08-04,2028-11-21,Active,0,
CD0000595,C000595,AC0000595,1,Debit,Visa,Platinum,2023-02-13,2028-08-31,Active,0,
CD0000596,C000596,AC0005596,3,Credit,Mastercard,Standard,2022-12-11,2030-05-18,Blocked,1,Security Block
CD0000597,C000597,AC0000597,7,Credit,Mastercard,Business,2020-05-17,2028-07-11,Active,0,
CD0000598,C000598,AC0005598,10,Debit,Mastercard,Standard,2025-05-03,2026-11-04,Active,0,
CD0000599,C000599,AC0000599,5,Credit,Mastercard,Platinum,2023-05-12,2028-01-08,Active,0,
CD0000600,C000600,AC0005600,2,Credit,Mastercard,Gold,2022-11-23,2027-02-24,Active,0,
CD0000601,C000601,AC0000601,3,Credit,Mastercard,Platinum,2025-01-07,2030-05-19,Blocked,1,Fraud Suspected
CD0000602,C000602,AC0005602,9,Debit,Mastercard,Standard,2022-06-07,2029-04-21,Blocked,1,Lost/Stolen
CD0000603,C000603,AC0000603,8,Credit,Visa,Business,2022-11-17,2027-04-26,Blocked,1,Security Block
CD0000604,C000604,AC0005604,2,Debit,Visa,Gold,2024-08-18,2028-02-11,Active,0,
CD0000605,C000605,AC0000605,4,Credit,Mastercard,Standard,2022-09-30,2027-04-24,Active,0,
CD0000606,C000606,AC0005606,3,Debit,Mastercard,Gold,2025-08-17,2029-02-19,Active,0,
CD0000607,C000607,AC0000607,2,Credit,Amex,Standard,2021-11-19,2026-04-16,Active,0,
CD0000608,C000608,AC0005608,9,Credit,Mastercard,Platinum,2023-11-15,2028-03-22,Active,0,
CD0000609,C000609,AC0000609,7,Debit,Mastercard,Business,2024-08-09,2026-06-28,Active,0,
CD0000610,C000610,AC0005610,2,Credit,Mastercard,Platinum,2019-10-01,2026-01-30,Active,0,
CD0000611,C000611,AC0000611,7,Credit,Mastercard,Gold,2019-01-12,2027-09-16,Active,0,
CD0000612,C000612,AC0005612,5,Credit,Visa,Gold,2018-11-06,2027-11-11,Blocked,1,Fraud Suspected
CD0000613,C000613,AC0000613,1,Debit,Mastercard,Business,2021-09-12,2030-02-19,Active,0,
CD0000614,C000614,AC0005614,5,Debit,Visa,Gold,2019-04-17,2030-03-02,Active,0,
CD0000615,C000615,AC0000615,2,Debit,Visa,Gold,2025-10-26,2026-01-24,Active,0,
CD0000616,C000616,AC0005616,3,Debit,Amex,Business,2022-12-11,2026-03-18,Active,0,
CD0000617,C000617,AC0000617,9,Credit,Visa,Gold,2019-06-18,2027-04-10,Active,0,
CD0000618,C000618,AC0005618,8,Debit,Mastercard,Gold,2022-10-21,2028-08-06,Active,0,
CD0000619,C000619,AC0000619,2,Debit,Visa,Platinum,2023-11-07,2026-02-27,Active,0,
CD0000620,C000620,AC0005620,9,Debit,Mastercard,Platinum,2021-10-08,2026-07-29,Blocked,1,Fraud Suspected
CD0000621,C000621,AC0000621,6,Credit,Visa,Platinum,2024-10-05,2027-05-24,Active,0,
CD0000622,C000622,AC0005622,9,Debit,Mastercard,Gold,2019-09-09,2027-05-24,Active,0,
CD0000623,C000623,AC0000623,8,Credit,Mastercard,Gold,2024-01-06,2029-01-01,Blocked,1,Lost/Stolen
CD0000624,C000624,AC0005624,4,Debit,Mastercard,Business,2019-01-11,2026-06-27,Blocked,1,Security Block
CD0000625,C000625,AC0000625,6,Credit,Mastercard,Business,2018-09-24,2028-10-21,Blocked,1,Lost/Stolen
CD0000626,C000626,AC0005626,6,Debit,Mastercard,Platinum,2021-10-30,2029-04-01,Blocked,1,Security Block
CD0000627,C000627,AC0000627,8,Debit,Amex,Standard,2025-08-12,2030-03-21,Active,0,
CD0000628,C000628,AC0005628,3,Debit,Visa,Gold,2020-04-23,2026-11-12,Active,0,
CD0000629,C000629,AC0000629,4,Debit,Mastercard,Gold,2021-05-22,2028-02-05,Active,0,
CD0000630,C000630,AC0005630,3,Credit,Visa,Gold,2022-07-11,2030-06-06,Active,0,
CD0000631,C000631,AC0000631,3,Debit,Visa,Gold,2022-07-28,2030-08-08,Active,0,
CD0000632,C000632,AC0005632,2,Credit,Visa,Gold,2021-08-18,2026-09-02,Active,0,
CD0000633,C000633,AC0000633,1,Credit,Mastercard,Platinum,2021-06-30,2030-01-17,Active,0,
CD0000634,C000634,AC0005634,10,Debit,Visa,Standard,2022-09-08,2027-05-01,Active,0,
CD0000635,C000635,AC0000635,1,Debit,Visa,Business,2022-10-23,2029-03-26,Active,0,
CD0000636,C000636,AC0005636,9,Credit,Visa,Gold,2023-03-22,2029-04-25,Active,0,
CD0000637,C000637,AC0000637,1,Credit,Amex,Business,2018-11-28,2026-05-21,Active,0,
CD0000638,C000638,AC0005638,8,Debit,Visa,Platinum,2024-10-17,2027-03-05,Active,0,
CD0000639,C000639,AC0000639,4,Debit,Amex,Business,2020-09-29,2028-06-25,Blocked,1,Security Block
CD0000640,C000640,AC0005640,6,Debit,Visa,Gold,2018-09-28,2028-01-06,Expired,0,
CD0000641,C000641,AC0000641,3,Debit,Visa,Business,2020-08-07,2027-05-19,Active,0,
CD0000642,C000642,AC0005642,5,Debit,Mastercard,Standard,2020-02-14,2027-01-31,Active,0,
CD0000643,C000643,AC0000643,5,Debit,Visa,Platinum,2024-05-29,2030-09-13,Active,0,
CD0000644,C000644,AC0005644,6,Debit,Mastercard,Business,2024-09-30,2027-05-20,Blocked,1,Excessive Attempts
CD0000645,C000645,AC0000645,4,Credit,Amex,Business,2018-10-31,2026-09-14,Active,0,
CD0000646,C000646,AC0005646,6,Credit,Visa,Platinum,2022-01-27,2028-02-03,Active,0,
CD0000647,C000647,AC0000647,9,Debit,Visa,Standard,2018-01-14,2026-01-24,Active,0,
CD0000648,C000648,AC0005648,5,Credit,Visa,Standard,2022-07-13,2026-01-29,Active,0,
CD0000649,C000649,AC0000649,4,Debit,Visa,Platinum,2023-02-20,2028-10-17,Active,0,
CD0000650,C000650,AC0005650,2,Credit,Visa,Business,2020-12-26,2026-05-14,Active,0,
CD0000651,C000651,AC0000651,4,Debit,Mastercard,Gold,2020-08-16,2029-01-18,Active,0,
CD0000652,C000652,AC0005652,2,Debit,Mastercard,Platinum,2023-10-09,2029-04-17,Active,0,
CD0000653,C000653,AC0000653,2,Debit,Mastercard,Gold,2025-05-19,2029-07-06,Active,0,
CD0000654,C000654,AC0005654,10,Credit,Mastercard,Standard,2018-06-11,2027-07-15,Blocked,1,Excessive Attempts
CD0000655,C000655,AC0000655,1,Debit,Mastercard,Gold,2024-02-08,2029-09-08,Active,0,
CD0000656,C000656,AC0005656,5,Debit,Mastercard,Business,2025-12-29,2026-12-19,Active,0,
CD0000657,C000657,AC0000657,9,Debit,Visa,Gold,2018-09-19,2029-03-23,Active,0,
CD0000658,C000658,AC0005658,10,Debit,Mastercard,Platinum,2019-07-13,2026-08-10,Active,0,
CD0000659,C000659,AC0000659,2,Debit,Visa,Business,2024-10-09,2030-02-21,Active,0,
CD0000660,C000660,AC0005660,2,Credit,Visa,Standard,2020-04-28,2028-03-15,Blocked,1,Excessive Attempts
CD0000661,C000661,AC0000661,4,Debit,Mastercard,Gold,2025-11-13,2027-10-22,Active,0,
CD0000662,C000662,AC0005662,6,Credit,Visa,Standard,2025-06-28,2029-07-17,Active,0,
CD0000663,C000663,AC0000663,10,Credit,Mastercard,Standard,2021-08-03,2030-01-04,Active,0,
CD0000664,C000664,AC0005664,3,Debit,Visa,Standard,2024-02-25,2029-02-08,Active,0,
CD0000665,C000665,AC0000665,2,Credit,Mastercard,Standard,2020-01-04,2030-01-29,Active,0,
CD0000666,C000666,AC0005666,3,Credit,Visa,Gold,2022-07-26,2030-07-09,Active,0,
CD0000667,C000667,AC0000667,9,Debit,Visa,Gold,2024-08-07,2030-10-19,Active,0,
CD0000668,C000668,AC0005668,1,Debit,Amex,Standard,2019-04-12,2029-11-01,Active,0,
CD0000669,C000669,AC0000669,4,Credit,Visa,Platinum,2021-09-01,2027-12-19,Blocked,1,Security Block
CD0000670,C000670,AC0005670,2,Credit,Visa,Standard,2023-10-01,2029-12-18,Blocked,1,Security Block
CD0000671,C000671,AC0000671,2,Debit,Visa,Standard,2018-08-14,2027-07-04,Active,0,
CD0000672,C000672,AC0005672,10,Credit,Visa,Standard,2019-09-20,2027-07-04,Expired,0,
CD0000673,C000673,AC0000673,1,Debit,Mastercard,Gold,2022-12-04,2029-10-06,Active,0,
CD0000674,C000674,AC0005674,4,Credit,Visa,Business,2022-01-28,2026-11-30,Blocked,1,Security Block
CD0000675,C000675,AC0000675,10,Debit,Mastercard,Standard,2023-10-10,2027-04-13,Active,0,
CD0000676,C000676,AC0005676,7,Debit,Amex,Platinum,2025-09-10,2030-11-08,Active,0,
CD0000677,C000677,AC0000677,1,Credit,Visa,Platinum,2023-10-03,2030-06-03,Active,0,
CD0000678,C000678,AC0005678,5,Credit,Amex,Gold,2025-02-16,2030-06-05,Active,0,
CD0000679,C000679,AC0000679,10,Debit,Mastercard,Gold,2021-08-11,2030-03-26,Active,0,
CD0000680,C000680,AC0005680,5,Debit,Visa,Business,2022-06-28,2028-03-05,Active,0,
CD0000681,C000681,AC0000681,6,Debit,Visa,Standard,2024-12-20,2030-06-20,Active,0,
CD0000682,C000682,AC0005682,6,Debit,Mastercard,Business,2022-03-02,2028-09-14,Blocked,1,Security Block
CD0000683,C000683,AC0000683,7,Credit,Visa,Business,2018-03-10,2027-02-19,Active,0,
CD0000684,C000684,AC0005684,2,Debit,Mastercard,Gold,2024-07-08,2027-01-05,Active,0,
CD0000685,C000685,AC0000685,9,Debit,Visa,Gold,2019-10-07,2027-07-23,Active,0,
CD0000686,C000686,AC0005686,10,Credit,Amex,Gold,2023-12-23,2026-06-25,Active,0,
CD0000687,C000687,AC0000687,2,Credit,Mastercard,Standard,2023-04-05,2028-06-12,Active,0,
CD0000688,C000688,AC0005688,9,Debit,Visa,Standard,2025-01-01,2029-07-14,Active,0,
CD0000689,C000689,AC0000689,9,Credit,Visa,Business,2019-01-01,2027-04-27,Active,0,
CD0000690,C000690,AC0005690,8,Debit,Amex,Business,2022-08-09,2026-07-15,Active,0,
CD0000691,C000691,AC0000691,4,Debit,Visa,Gold,2019-07-04,2030-04-07,Active,0,
CD0000692,C000692,AC0005692,5,Debit,Mastercard,Platinum,2024-01-29,2030-07-01,Blocked,1,Lost/Stolen
CD0000693,C000693,AC0000693,9,Credit,Visa,Business,2024-05-07,2030-12-01,Active,0,
CD0000694,C000694,AC0005694,2,Debit,Visa,Business,2021-09-25,2028-09-27,Active,0,
CD0000695,C000695,AC0000695,9,Debit,Visa,Business,2024-01-06,2027-03-14,Active,0,
CD0000696,C000696,AC0005696,10,Credit,Visa,Platinum,2022-07-04,2028-09-29,Active,0,
CD0000697,C000697,AC0000697,7,Debit,Mastercard,Platinum,2022-09-28,2026-05-29,Active,0,
CD0000698,C000698,AC0005698,4,Debit,Mastercard,Standard,2020-08-31,2028-03-20,Blocked,1,Security Block
CD0000699,C000699,AC0000699,6,Debit,Mastercard,Platinum,2025-08-18,2029-07-30,Active,0,
CD0000700,C000700,AC0005700,1,Debit,Amex,Gold,2019-11-12,2028-10-22,Active,0,
CD0000701,C000701,AC0000701,10,Credit,Mastercard,Gold,2019-01-03,2028-07-04,Active,0,
CD0000702,C000702,AC0005702,4,Credit,Visa,Standard,2025-01-14,2030-05-29,Active,0,
CD0000703,C000703,AC0000703,1,Credit,Visa,Standard,2022-01-23,2027-03-16,Blocked,1,Security Block
CD0000704,C000704,AC0005704,8,Credit,Visa,Gold,2024-02-12,2028-01-24,Active,0,
CD0000705,C000705,AC0000705,7,Credit,Mastercard,Platinum,2020-07-28,2027-03-26,Active,0,
CD0000706,C000706,AC0005706,7,Debit,Mastercard,Gold,2022-05-06,2027-12-22,Active,0,
CD0000707,C000707,AC0000707,1,Debit,Amex,Platinum,2019-06-15,2026-06-03,Active,0,
CD0000708,C000708,AC0005708,8,Debit,Visa,Business,2018-08-25,2029-03-23,Blocked,1,Excessive Attempts
CD0000709,C000709,AC0000709,7,Debit,Mastercard,Business,2018-09-09,2028-04-13,Active,0,
CD0000710,C000710,AC0005710,8,Credit,Mastercard,Gold,2024-08-11,2030-10-21,Active,0,
CD0000711,C000711,AC0000711,9,Debit,Mastercard,Business,2022-09-27,2026-08-23,Active,0,
CD0000712,C000712,AC0005712,3,Credit,Visa,Platinum,2021-09-03,2028-05-21,Active,0,
CD0000713,C000713,AC0000713,3,Debit,Visa,Business,2021-07-25,2030-01-22,Expired,0,
CD0000714,C000714,AC0005714,10,Debit,Visa,Platinum,2025-05-04,2028-11-27,Active,0,
CD0000715,C000715,AC0000715,6,Debit,Mastercard,Standard,2025-06-09,2027-02-13,Blocked,1,Lost/Stolen
CD0000716,C000716,AC0005716,5,Debit,Visa,Standard,2021-08-12,2027-12-29,Active,0,
CD0000717,C000717,AC0000717,3,Debit,Visa,Business,2023-10-04,2030-02-28,Blocked,1,Fraud Suspected
CD0000718,C000718,AC0005718,7,Debit,Mastercard,Platinum,2019-06-04,2028-08-14,Blocked,1,Lost/Stolen
CD0000719,C000719,AC0000719,8,Credit,Visa,Platinum,2021-10-11,2026-03-11,Blocked,1,Security Block
CD0000720,C000720,AC0005720,1,Debit,Amex,Business,2024-12-22,2029-04-09,Active,0,
CD0000721,C000721,AC0000721,6,Debit,Visa,Gold,2019-04-19,2029-04-14,Active,0,
CD0000722,C000722,AC0005722,10,Credit,Visa,Standard,2023-10-22,2026-05-11,Active,0,
CD0000723,C000723,AC0000723,3,Credit,Visa,Platinum,2021-03-03,2030-07-23,Blocked,1,Security Block
CD0000724,C000724,AC0005724,3,Debit,Mastercard,Gold,2022-07-16,2028-05-12,Active,0,
CD0000725,C000725,AC0000725,9,Debit,Visa,Standard,2025-11-29,2029-04-18,Active,0,
CD0000726,C000726,AC0005726,1,Credit,Mastercard,Gold,2023-10-14,2030-08-28,Active,0,
CD0000727,C000727,AC0000727,4,Credit,Mastercard,Gold,2019-09-03,2028-12-19,Active,0,
CD0000728,C000728,AC0005728,5,Credit,Visa,Standard,2020-10-22,2029-04-07,Active,0,
CD0000729,C000729,AC0000729,8,Credit,Mastercard,Gold,2018-03-14,2026-12-21,Active,0,
CD0000730,C000730,AC0005730,2,Debit,Visa,Platinum,2018-09-02,2026-04-30,Active,0,
CD0000731,C000731,AC0000731,5,Debit,Visa,Standard,2021-04-15,2026-05-30,Active,0,
CD0000732,C000732,AC0005732,2,Credit,Visa,Standard,2024-06-16,2028-09-27,Active,0,
CD0000733,C000733,AC0000733,8,Credit,Mastercard,Standard,2018-02-01,2026-11-02,Blocked,1,Lost/Stolen
CD0000734,C000734,AC0005734,7,Debit,Amex,Gold,2025-12-24,2030-02-01,Blocked,1,Fraud Suspected
CD0000735,C000735,AC0000735,5,Credit,Visa,Business,2020-10-12,2028-07-10,Active,0,
CD0000736,C000736,AC0005736,4,Debit,Mastercard,Business,2024-09-08,2028-03-26,Active,0,
CD0000737,C000737,AC0000737,2,Debit,Mastercard,Platinum,2018-01-14,2029-04-10,Active,0,
CD0000738,C000738,AC0005738,10,Debit,Mastercard,Gold,2022-12-15,2030-12-01,Active,0,
CD0000739,C000739,AC0000739,7,Credit,Amex,Gold,2019-08-11,2027-10-25,Active,0,
CD0000740,C000740,AC0005740,4,Credit,Amex,Gold,2020-11-16,2027-08-15,Blocked,1,Security Block
CD0000741,C000741,AC0000741,5,Debit,Mastercard,Standard,2019-05-01,2029-02-11,Active,0,
CD0000742,C000742,AC0005742,8,Debit,Visa,Business,2024-11-29,2029-08-24,Active,0,
CD0000743,C000743,AC0000743,8,Credit,Visa,Standard,2025-12-18,2026-04-13,Blocked,1,Fraud Suspected
CD0000744,C000744,AC0005744,5,Debit,Mastercard,Standard,2025-02-21,2030-05-14,Active,0,
CD0000745,C000745,AC0000745,4,Debit,Visa,Gold,2019-03-28,2029-09-04,Active,0,
CD0000746,C000746,AC0005746,7,Debit,Mastercard,Business,2022-05-25,2029-08-08,Blocked,1,Security Block
CD0000747,C000747,AC0000747,7,Debit,Mastercard,Business,2020-02-03,2026-11-26,Blocked,1,Security Block
CD0000748,C000748,AC0005748,6,Debit,Visa,Gold,2023-03-06,2026-04-08,Active,0,
CD0000749,C000749,AC0000749,1,Credit,Visa,Standard,2018-12-01,2030-11-10,Active,0,
CD0000750,C000750,AC0005750,5,Debit,Mastercard,Gold,2024-01-12,2027-07-29,Active,0,
CD0000751,C000751,AC0000751,7,Debit,Mastercard,Gold,2021-08-11,2027-07-04,Active,0,
CD0000752,C000752,AC0005752,10,Debit,Visa,Gold,2020-03-11,2026-03-11,Blocked,1,Security Block
CD0000753,C000753,AC0000753,6,Credit,Amex,Business,2021-02-21,2026-07-01,Blocked,1,Security Block
CD0000754,C000754,AC0005754,4,Credit,Visa,Standard,2021-05-03,2030-09-18,Blocked,1,Security Block
CD0000755,C000755,AC0000755,6,Debit,Mastercard,Business,2020-07-23,2027-06-11,Active,0,
CD0000756,C000756,AC0005756,2,Debit,Mastercard,Standard,2019-04-30,2026-03-18,Active,0,
CD0000757,C000757,AC0000757,1,Debit,Visa,Platinum,2019-11-16,2027-08-06,Active,0,
CD0000758,C000758,AC0005758,7,Debit,Visa,Gold,2021-05-11,2027-11-18,Active,0,
CD0000759,C000759,AC0000759,10,Debit,Visa,Standard,2024-01-07,2026-03-17,Active,0,
CD0000760,C000760,AC0005760,9,Debit,Visa,Gold,2019-04-07,2028-04-02,Active,0,
CD0000761,C000761,AC0000761,6,Debit,Visa,Gold,2025-11-07,2026-06-10,Active,0,
CD0000762,C000762,AC0005762,1,Debit,Visa,Platinum,2021-10-09,2028-04-24,Active,0,
CD0000763,C000763,AC0000763,10,Debit,Amex,Platinum,2023-12-31,2028-09-15,Active,0,
CD0000764,C000764,AC0005764,5,Credit,Visa,Business,2024-11-26,2028-05-29,Active,0,
CD0000765,C000765,AC0000765,3,Debit,Mastercard,Standard,2025-05-15,2029-02-11,Active,0,
CD0000766,C000766,AC0005766,9,Debit,Mastercard,Platinum,2018-03-11,2030-10-21,Active,0,
CD0000767,C000767,AC0000767,8,Credit,Mastercard,Gold,2020-06-07,2029-07-16,Active,0,
CD0000768,C000768,AC0005768,8,Debit,Mastercard,Gold,2023-07-08,2028-03-09,Active,0,
CD0000769,C000769,AC0000769,3,Credit,Mastercard,Gold,2022-03-12,2027-08-30,Active,0,
CD0000770,C000770,AC0005770,10,Debit,Visa,Gold,2020-03-09,2030-02-13,Active,0,
CD0000771,C000771,AC0000771,5,Credit,Mastercard,Gold,2021-11-10,2029-11-12,Active,0,
CD0000772,C000772,AC0005772,6,Debit,Visa,Gold,2020-05-19,2030-03-27,Expired,0,
CD0000773,C000773,AC0000773,8,Debit,Amex,Gold,2018-11-27,2029-10-29,Active,0,
CD0000774,C000774,AC0005774,7,Credit,Mastercard,Business,2018-08-26,2030-05-24,Active,0,
CD0000775,C000775,AC0000775,2,Credit,Visa,Standard,2022-07-30,2030-11-30,Active,0,
CD0000776,C000776,AC0005776,4,Debit,Visa,Gold,2024-01-15,2026-11-16,Active,0,
CD0000777,C000777,AC0000777,4,Debit,Visa,Business,2024-11-20,2030-01-31,Blocked,1,Excessive Attempts
CD0000778,C000778,AC0005778,10,Debit,Visa,Standard,2020-04-07,2029-07-30,Active,0,
CD0000779,C000779,AC0000779,8,Debit,Mastercard,Gold,2018-05-14,2030-08-18,Active,0,
CD0000780,C000780,AC0005780,4,Debit,Visa,Gold,2020-05-09,2028-02-25,Active,0,
CD0000781,C000781,AC0000781,8,Credit,Mastercard,Gold,2024-08-13,2026-09-23,Active,0,
CD0000782,C000782,AC0005782,8,Debit,Amex,Gold,2021-11-15,2027-05-30,Active,0,
CD0000783,C000783,AC0000783,4,Credit,Mastercard,Platinum,2019-01-20,2030-09-08,Active,0,
CD0000784,C000784,AC0005784,5,Debit,Mastercard,Platinum,2021-03-15,2027-05-11,Active,0,
CD0000785,C000785,AC0000785,9,Debit,Visa,Business,2024-07-07,2030-06-23,Active,0,
CD0000786,C000786,AC0005786,6,Debit,Visa,Standard,2019-12-06,2028-01-12,Active,0,
CD0000787,C000787,AC0000787,2,Debit,Mastercard,Platinum,2025-06-24,2029-07-09,Active,0,
CD0000788,C000788,AC0005788,8,Debit,Visa,Business,2018-12-01,2026-08-07,Active,0,
CD0000789,C000789,AC0000789,6,Debit,Visa,Gold,2023-08-17,2030-08-16,Active,0,
CD0000790,C000790,AC0005790,6,Debit,Visa,Platinum,2020-07-11,2026-03-19,Active,0,
CD0000791,C000791,AC0000791,8,Debit,Visa,Gold,2019-10-06,2028-08-23,Active,0,
CD0000792,C000792,AC0005792,10,Credit,Visa,Platinum,2022-08-18,2027-05-27,Active,0,
CD0000793,C000793,AC0000793,4,Debit,Amex,Platinum,2020-11-13,2028-05-30,Active,0,
CD0000794,C000794,AC0005794,5,Credit,Amex,Gold,2024-05-18,2027-11-25,Active,0,
CD0000795,C000795,AC0000795,2,Debit,Visa,Business,2021-10-27,2027-05-16,Active,0,
CD0000796,C000796,AC0005796,7,Debit,Visa,Platinum,2024-08-24,2026-04-22,Active,0,
CD0000797,C000797,AC0000797,5,Credit,Visa,Gold,2023-01-14,2030-01-05,Active,0,
CD0000798,C000798,AC0005798,4,Debit,Mastercard,Gold,2025-10-14,2026-11-23,Active,0,
CD0000799,C000799,AC0000799,7,Credit,Visa,Business,2025-07-06,2027-12-27,Active,0,
CD0000800,C000800,AC0005800,5,Credit,Visa,Standard,2022-07-29,2026-07-19,Active,0,
CD0000801,C000801,AC0000801,5,Debit,Mastercard,Gold,2023-05-21,2027-10-31,Active,0,
CD0000802,C000802,AC0005802,5,Credit,Mastercard,Standard,2019-05-30,2028-10-25,Active,0,
CD0000803,C000803,AC0000803,3,Debit,Mastercard,Platinum,2022-03-22,2029-06-03,Active,0,
CD0000804,C000804,AC0005804,2,Debit,Visa,Platinum,2020-02-10,2030-03-14,Blocked,1,Fraud Suspected
CD0000805,C000805,AC0000805,9,Credit,Visa,Standard,2024-05-21,2029-01-14,Blocked,1,Security Block
CD0000806,C000806,AC0005806,1,Debit,Amex,Standard,2020-11-11,2027-01-18,Active,0,
CD0000807,C000807,AC0000807,4,Debit,Visa,Gold,2024-07-02,2026-05-29,Active,0,
CD0000808,C000808,AC0005808,7,Debit,Mastercard,Gold,2025-02-11,2029-11-15,Active,0,
CD0000809,C000809,AC0000809,2,Debit,Visa,Business,2018-01-25,2027-10-28,Active,0,
CD0000810,C000810,AC0005810,7,Credit,Mastercard,Standard,2019-05-11,2028-07-08,Active,0,
CD0000811,C000811,AC0000811,8,Credit,Visa,Gold,2022-04-16,2030-06-18,Active,0,
CD0000812,C000812,AC0005812,7,Credit,Amex,Business,2020-07-23,2026-09-05,Active,0,
CD0000813,C000813,AC0000813,4,Debit,Visa,Platinum,2022-07-20,2030-10-07,Active,0,
CD0000814,C000814,AC0005814,1,Debit,Mastercard,Gold,2023-08-25,2027-03-05,Blocked,1,Security Block
CD0000815,C000815,AC0000815,9,Debit,Visa,Platinum,2019-08-02,2027-11-21,Active,0,
CD0000816,C000816,AC0005816,4,Debit,Mastercard,Business,2021-11-11,2026-04-01,Active,0,
CD0000817,C000817,AC0000817,9,Debit,Visa,Business,2019-03-23,2028-04-27,Active,0,
CD0000818,C000818,AC0005818,2,Debit,Visa,Platinum,2020-07-03,2028-05-25,Active,0,
CD0000819,C000819,AC0000819,2,Debit,Mastercard,Platinum,2022-01-28,2027-11-03,Active,0,
CD0000820,C000820,AC0005820,8,Credit,Visa,Business,2021-06-12,2029-10-25,Blocked,1,Excessive Attempts
CD0000821,C000821,AC0000821,10,Debit,Mastercard,Standard,2024-05-20,2028-05-14,Active,0,
CD0000822,C000822,AC0005822,9,Credit,Mastercard,Gold,2022-10-05,2030-09-08,Active,0,
CD0000823,C000823,AC0000823,8,Debit,Mastercard,Business,2022-03-18,2027-01-05,Active,0,
CD0000824,C000824,AC0005824,3,Debit,Visa,Standard,2018-06-29,2030-04-01,Active,0,
CD0000825,C000825,AC0000825,10,Credit,Visa,Standard,2022-08-30,2028-03-29,Active,0,
CD0000826,C000826,AC0005826,7,Debit,Mastercard,Standard,2018-02-18,2030-08-13,Active,0,
CD0000827,C000827,AC0000827,2,Debit,Mastercard,Standard,2022-06-07,2027-12-25,Active,0,
CD0000828,C000828,AC0005828,2,Debit,Visa,Standard,2019-02-13,2027-02-25,Active,0,
CD0000829,C000829,AC0000829,9,Debit,Mastercard,Platinum,2020-01-26,2028-03-26,Blocked,1,Excessive Attempts
CD0000830,C000830,AC0005830,3,Debit,Mastercard,Business,2024-08-15,2026-11-06,Active,0,
CD0000831,C000831,AC0000831,8,Debit,Mastercard,Gold,2019-12-03,2026-05-24,Active,0,
CD0000832,C000832,AC0005832,2,Debit,Mastercard,Platinum,2021-06-18,2026-04-01,Active,0,
CD0000833,C000833,AC0000833,3,Credit,Visa,Platinum,2025-10-03,2029-06-18,Active,0,
CD0000834,C000834,AC0005834,3,Debit,Mastercard,Platinum,2018-06-13,2027-12-09,Active,0,
CD0000835,C000835,AC0000835,3,Debit,Amex,Platinum,2022-10-30,2028-05-22,Active,0,
CD0000836,C000836,AC0005836,7,Debit,Mastercard,Gold,2025-11-05,2026-10-21,Active,0,
CD0000837,C000837,AC0000837,10,Debit,Mastercard,Standard,2023-06-05,2028-12-18,Active,0,
CD0000838,C000838,AC0005838,10,Debit,Visa,Business,2023-09-21,2029-07-23,Active,0,
CD0000839,C000839,AC0000839,8,Debit,Mastercard,Platinum,2019-05-13,2030-12-27,Active,0,
CD0000840,C000840,AC0005840,3,Debit,Visa,Platinum,2023-08-06,2030-09-17,Active,0,
CD0000841,C000841,AC0000841,10,Credit,Mastercard,Gold,2020-07-21,2030-11-25,Active,0,
CD0000842,C000842,AC0005842,6,Credit,Visa,Gold,2021-07-01,2028-05-30,Active,0,
CD0000843,C000843,AC0000843,6,Debit,Mastercard,Business,2023-11-16,2026-05-04,Blocked,1,Security Block
CD0000844,C000844,AC0005844,8,Credit,Mastercard,Standard,2019-01-30,2027-06-27,Active,0,
CD0000845,C000845,AC0000845,8,Debit,Visa,Business,2023-02-25,2027-06-07,Blocked,1,Security Block
CD0000846,C000846,AC0005846,10,Credit,Visa,Business,2020-12-17,2027-06-06,Active,0,
CD0000847,C000847,AC0000847,6,Debit,Mastercard,Platinum,2024-08-02,2029-02-15,Active,0,
CD0000848,C000848,AC0005848,7,Debit,Visa,Platinum,2019-03-07,2026-08-15,Expired,0,
CD0000849,C000849,AC0000849,8,Debit,Mastercard,Business,2022-01-01,2030-04-03,Active,0,
CD0000850,C000850,AC0005850,3,Debit,Visa,Business,2020-05-06,2029-02-07,Active,0,
CD0000851,C000851,AC0000851,4,Debit,Mastercard,Platinum,2022-11-01,2029-07-12,Active,0,
CD0000852,C000852,AC0005852,7,Debit,Mastercard,Platinum,2021-01-20,2029-02-07,Active,0,
CD0000853,C000853,AC0000853,1,Debit,Visa,Platinum,2019-10-28,2030-08-18,Active,0,
CD0000854,C000854,AC0005854,4,Debit,Visa,Platinum,2021-12-11,2030-07-03,Active,0,
CD0000855,C000855,AC0000855,8,Debit,Amex,Gold,2021-10-21,2030-11-04,Active,0,
CD0000856,C000856,AC0005856,10,Credit,Visa,Standard,2018-08-17,2029-12-04,Active,0,
CD0000857,C000857,AC0000857,6,Debit,Visa,Gold,2021-02-18,2026-01-14,Active,0,
CD0000858,C000858,AC0005858,4,Credit,Mastercard,Business,2023-11-09,2027-11-21,Active,0,
CD0000859,C000859,AC0000859,5,Credit,Mastercard,Business,2018-05-05,2027-02-07,Active,0,
CD0000860,C000860,AC0005860,7,Debit,Visa,Gold,2019-06-13,2027-09-22,Blocked,1,Lost/Stolen
CD0000861,C000861,AC0000861,6,Debit,Visa,Platinum,2021-02-13,2028-03-30,Active,0,
CD0000862,C000862,AC0005862,1,Debit,Visa,Standard,2018-05-05,2028-11-19,Active,0,
CD0000863,C000863,AC0000863,6,Credit,Mastercard,Gold,2020-04-16,2027-04-20,Active,0,
CD0000864,C000864,AC0005864,5,Credit,Visa,Business,2023-02-21,2030-11-03,Active,0,
CD0000865,C000865,AC0000865,8,Debit,Visa,Standard,2020-11-16,2027-10-14,Expired,0,
CD0000866,C000866,AC0005866,9,Credit,Amex,Standard,2023-03-01,2026-03-31,Active,0,
CD0000867,C000867,AC0000867,10,Credit,Visa,Business,2024-01-31,2030-01-08,Active,0,
CD0000868,C000868,AC0005868,7,Debit,Visa,Standard,2021-05-22,2028-01-10,Active,0,
CD0000869,C000869,AC0000869,4,Credit,Mastercard,Business,2021-05-14,2029-06-27,Blocked,1,Security Block
CD0000870,C000870,AC0005870,5,Debit,Mastercard,Standard,2020-04-08,2030-12-26,Blocked,1,Security Block
CD0000871,C000871,AC0000871,2,Credit,Mastercard,Standard,2021-12-04,2029-03-26,Expired,0,
CD0000872,C000872,AC0005872,10,Credit,Visa,Standard,2024-03-13,2026-08-13,Active,0,
CD0000873,C000873,AC0000873,9,Credit,Visa,Standard,2025-10-26,2026-02-16,Active,0,
CD0000874,C000874,AC0005874,9,Debit,Mastercard,Platinum,2022-02-08,2030-01-03,Active,0,
CD0000875,C000875,AC0000875,4,Credit,Mastercard,Business,2021-10-02,2027-06-29,Active,0,
CD0000876,C000876,AC0005876,4,Credit,Visa,Platinum,2024-08-07,2026-09-07,Active,0,
CD0000877,C000877,AC0000877,9,Credit,Visa,Platinum,2025-12-13,2028-03-01,Blocked,1,Security Block
CD0000878,C000878,AC0005878,6,Debit,Mastercard,Standard,2025-10-24,2029-02-14,Active,0,
CD0000879,C000879,AC0000879,8,Credit,Mastercard,Platinum,2021-10-22,2030-03-18,Blocked,1,Fraud Suspected
CD0000880,C000880,AC0005880,5,Debit,Visa,Business,2020-07-02,2030-10-22,Active,0,
CD0000881,C000881,AC0000881,5,Debit,Amex,Platinum,2022-04-18,2027-03-28,Active,0,
CD0000882,C000882,AC0005882,7,Debit,Visa,Gold,2023-03-27,2030-10-31,Active,0,
CD0000883,C000883,AC0000883,9,Debit,Visa,Business,2025-09-21,2029-03-23,Active,0,
CD0000884,C000884,AC0005884,4,Debit,Mastercard,Gold,2025-10-09,2030-11-14,Active,0,
CD0000885,C000885,AC0000885,9,Debit,Mastercard,Gold,2022-04-25,2029-06-01,Active,0,
CD0000886,C000886,AC0005886,3,Debit,Mastercard,Standard,2019-07-12,2027-10-20,Active,0,
CD0000887,C000887,AC0000887,5,Debit,Mastercard,Standard,2019-06-19,2027-03-19,Blocked,1,Excessive Attempts
CD0000888,C000888,AC0005888,10,Credit,Mastercard,Platinum,2024-05-28,2028-04-23,Active,0,
CD0000889,C000889,AC0000889,10,Debit,Mastercard,Business,2023-03-26,2030-10-08,Blocked,1,Security Block
CD0000890,C000890,AC0005890,10,Debit,Mastercard,Platinum,2025-07-07,2026-01-29,Active,0,
CD0000891,C000891,AC0000891,4,Credit,Mastercard,Gold,2025-05-16,2027-04-08,Active,0,
CD0000892,C000892,AC0005892,9,Credit,Visa,Platinum,2023-08-15,2026-08-05,Active,0,
CD0000893,C000893,AC0000893,10,Debit,Amex,Platinum,2018-12-01,2030-05-23,Active,0,
CD0000894,C000894,AC0005894,10,Debit,Visa,Gold,2022-04-22,2029-10-01,Active,0,
CD0000895,C000895,AC0000895,1,Debit,Amex,Platinum,2021-03-24,2029-06-10,Active,0,
CD0000896,C000896,AC0005896,8,Credit,Visa,Platinum,2024-03-24,2028-09-08,Active,0,
CD0000897,C000897,AC0000897,10,Credit,Amex,Gold,2025-01-09,2026-04-10,Active,0,
CD0000898,C000898,AC0005898,8,Credit,Visa,Business,2023-08-13,2027-01-04,Active,0,
CD0000899,C000899,AC0000899,3,Credit,Visa,Platinum,2023-04-30,2027-01-14,Active,0,
CD0000900,C000900,AC0005900,8,Debit,Mastercard,Gold,2025-02-03,2030-12-05,Active,0,
CD0000901,C000901,AC0000901,2,Debit,Mastercard,Gold,2018-07-30,2030-12-05,Active,0,
CD0000902,C000902,AC0005902,5,Debit,Visa,Gold,2018-08-07,2030-11-05,Active,0,
CD0000903,C000903,AC0000903,7,Credit,Mastercard,Business,2023-04-17,2028-09-26,Blocked,1,Security Block
CD0000904,C000904,AC0005904,5,Debit,Visa,Platinum,2025-12-29,2027-05-14,Active,0,
CD0000905,C000905,AC0000905,7,Credit,Mastercard,Standard,2024-04-05,2030-02-23,Active,0,
CD0000906,C000906,AC0005906,3,Debit,Mastercard,Standard,2018-08-15,2029-10-29,Active,0,
CD0000907,C000907,AC0000907,7,Debit,Visa,Platinum,2023-05-10,2029-07-31,Active,0,
CD0000908,C000908,AC0005908,7,Debit,Visa,Gold,2023-09-22,2028-04-15,Active,0,
CD0000909,C000909,AC0000909,7,Debit,Amex,Business,2025-07-16,2026-07-06,Active,0,
CD0000910,C000910,AC0005910,3,Debit,Mastercard,Platinum,2025-04-12,2028-09-11,Active,0,
CD0000911,C000911,AC0000911,4,Debit,Mastercard,Gold,2022-09-11,2030-07-26,Active,0,
CD0000912,C000912,AC0005912,3,Debit,Mastercard,Platinum,2020-12-28,2028-05-13,Active,0,
CD0000913,C000913,AC0000913,5,Debit,Visa,Standard,2019-04-20,2027-03-14,Active,0,
CD0000914,C000914,AC0005914,6,Credit,Mastercard,Business,2024-02-15,2027-10-23,Active,0,
CD0000915,C000915,AC0000915,4,Credit,Visa,Business,2021-12-20,2028-01-31,Active,0,
CD0000916,C000916,AC0005916,5,Credit,Visa,Standard,2018-01-23,2028-03-27,Active,0,
CD0000917,C000917,AC0000917,3,Credit,Mastercard,Platinum,2018-09-15,2030-01-06,Active,0,
CD0000918,C000918,AC0005918,3,Debit,Mastercard,Platinum,2020-05-21,2030-02-02,Active,0,
CD0000919,C000919,AC0000919,7,Debit,Visa,Standard,2021-11-26,2026-09-01,Expired,0,
CD0000920,C000920,AC0005920,9,Debit,Amex,Platinum,2018-02-15,2028-03-14,Active,0,
CD0000921,C000921,AC0000921,3,Debit,Mastercard,Standard,2020-10-06,2030-06-14,Active,0,
CD0000922,C000922,AC0005922,9,Credit,Mastercard,Business,2024-05-23,2029-06-19,Active,0,
CD0000923,C000923,AC0000923,6,Debit,Mastercard,Platinum,2018-01-13,2030-01-24,Active,0,
CD0000924,C000924,AC0005924,2,Debit,Visa,Standard,2019-04-27,2026-05-22,Active,0,
CD0000925,C000925,AC0000925,4,Debit,Mastercard,Business,2022-11-10,2028-10-29,Active,0,
CD0000926,C000926,AC0005926,1,Credit,Mastercard,Standard,2025-02-06,2029-02-06,Active,0,
CD0000927,C000927,AC0000927,1,Debit,Mastercard,Platinum,2022-08-11,2028-07-29,Active,0,
CD0000928,C000928,AC0005928,4,Debit,Mastercard,Gold,2025-02-02,2030-10-09,Active,0,
CD0000929,C000929,AC0000929,5,Credit,Amex,Business,2022-06-04,2027-09-15,Active,0,
CD0000930,C000930,AC0005930,8,Debit,Mastercard,Platinum,2018-03-13,2030-10-14,Active,0,
CD0000931,C000931,AC0000931,2,Debit,Visa,Standard,2019-11-05,2029-01-22,Active,0,
CD0000932,C000932,AC0005932,9,Debit,Visa,Standard,2018-09-20,2029-10-13,Blocked,1,Security Block
CD0000933,C000933,AC0000933,3,Credit,Mastercard,Platinum,2018-04-14,2026-04-10,Active,0,
CD0000934,C000934,AC0005934,2,Credit,Visa,Business,2022-05-11,2028-07-22,Active,0,
CD0000935,C000935,AC0000935,7,Credit,Visa,Standard,2020-10-21,2029-06-23,Expired,0,
CD0000936,C000936,AC0005936,8,Debit,Amex,Platinum,2025-09-13,2027-06-23,Active,0,
CD0000937,C000937,AC0000937,7,Debit,Visa,Gold,2024-11-06,2029-06-12,Active,0,
CD0000938,C000938,AC0005938,2,Credit,Visa,Gold,2024-08-02,2030-04-17,Active,0,
CD0000939,C000939,AC0000939,2,Debit,Visa,Business,2021-08-10,2029-11-12,Blocked,1,Security Block
CD0000940,C000940,AC0005940,4,Credit,Visa,Business,2019-11-05,2026-08-29,Active,0,
CD0000941,C000941,AC0000941,5,Debit,Mastercard,Platinum,2024-04-05,2029-03-17,Active,0,
CD0000942,C000942,AC0005942,10,Credit,Visa,Gold,2018-05-19,2030-07-04,Active,0,
CD0000943,C000943,AC0000943,3,Debit,Visa,Standard,2019-08-06,2030-08-12,Active,0,
CD0000944,C000944,AC0005944,2,Debit,Mastercard,Gold,2019-04-15,2030-12-17,Active,0,
CD0000945,C000945,AC0000945,10,Credit,Visa,Platinum,2021-09-13,2026-11-17,Active,0,
CD0000946,C000946,AC0005946,2,Credit,Amex,Platinum,2025-08-05,2028-06-04,Active,0,
CD0000947,C000947,AC0000947,1,Debit,Mastercard,Gold,2021-08-26,2028-11-05,Active,0,
CD0000948,C000948,AC0005948,5,Debit,Visa,Gold,2024-07-11,2028-02-14,Blocked,1,Excessive Attempts
CD0000949,C000949,AC0000949,5,Debit,Visa,Standard,2025-02-05,2028-06-07,Blocked,1,Lost/Stolen
CD0000950,C000950,AC0005950,7,Debit,Visa,Business,2020-11-16,2030-05-28,Active,0,
CD0000951,C000951,AC0000951,9,Debit,Amex,Standard,2025-03-11,2027-08-03,Active,0,
CD0000952,C000952,AC0005952,10,Credit,Amex,Gold,2020-03-23,2028-10-04,Blocked,1,Fraud Suspected
CD0000953,C000953,AC0000953,3,Credit,Mastercard,Standard,2023-12-08,2030-05-24,Active,0,
CD0000954,C000954,AC0005954,10,Debit,Visa,Standard,2024-05-04,2026-04-01,Blocked,1,Security Block
CD0000955,C000955,AC0000955,7,Debit,Visa,Gold,2023-02-05,2029-09-17,Active,0,
CD0000956,C000956,AC0005956,1,Debit,Mastercard,Standard,2022-03-30,2027-11-30,Active,0,
CD0000957,C000957,AC0000957,10,Credit,Amex,Platinum,2019-12-19,2026-09-26,Active,0,
CD0000958,C000958,AC0005958,2,Credit,Mastercard,Platinum,2024-05-25,2030-03-16,Active,0,
CD0000959,C000959,AC0000959,6,Debit,Mastercard,Platinum,2025-06-16,2028-09-28,Active,0,
CD0000960,C000960,AC0005960,8,Debit,Mastercard,Platinum,2020-02-28,2028-04-05,Active,0,
CD0000961,C000961,AC0000961,3,Debit,Amex,Platinum,2022-05-03,2026-03-06,Blocked,1,Security Block
CD0000962,C000962,AC0005962,3,Debit,Visa,Standard,2025-07-11,2027-11-29,Active,0,
CD0000963,C000963,AC0000963,5,Credit,Mastercard,Business,2024-03-11,2027-09-21,Expired,0,
CD0000964,C000964,AC0005964,9,Credit,Visa,Gold,2018-09-28,2028-12-16,Active,0,
CD0000965,C000965,AC0000965,3,Debit,Visa,Standard,2025-01-29,2029-06-10,Active,0,
CD0000966,C000966,AC0005966,7,Credit,Visa,Platinum,2022-03-21,2028-09-12,Active,0,
CD0000967,C000967,AC0000967,5,Debit,Visa,Business,2022-01-21,2028-10-11,Active,0,
CD0000968,C000968,AC0005968,2,Credit,Visa,Platinum,2023-12-10,2030-02-11,Active,0,
CD0000969,C000969,AC0000969,8,Credit,Visa,Gold,2021-04-02,2030-04-20,Blocked,1,Security Block
CD0000970,C000970,AC0005970,9,Debit,Mastercard,Platinum,2018-10-06,2028-03-04,Active,0,
CD0000971,C000971,AC0000971,6,Credit,Visa,Business,2018-09-21,2029-09-11,Active,0,
CD0000972,C000972,AC0005972,2,Debit,Mastercard,Gold,2022-02-21,2026-05-09,Blocked,1,Security Block
CD0000973,C000973,AC0000973,2,Debit,Amex,Gold,2022-07-04,2026-12-01,Blocked,1,Security Block
CD0000974,C000974,AC0005974,5,Credit,Mastercard,Gold,2025-08-03,2030-07-25,Active,0,
CD0000975,C000975,AC0000975,6,Debit,Mastercard,Gold,2023-03-10,2026-01-07,Blocked,1,Security Block
CD0000976,C000976,AC0005976,6,Credit,Visa,Gold,2018-07-28,2030-01-11,Blocked,1,Fraud Suspected
CD0000977,C000977,AC0000977,3,Credit,Mastercard,Platinum,2022-04-30,2028-07-10,Active,0,
CD0000978,C000978,AC0005978,6,Credit,Mastercard,Business,2020-04-06,2028-12-25,Expired,0,
CD0000979,C000979,AC0000979,3,Debit,Visa,Gold,2025-07-11,2028-02-20,Active,0,
CD0000980,C000980,AC0005980,7,Debit,Mastercard,Business,2021-03-01,2030-03-28,Active,0,
CD0000981,C000981,AC0000981,8,Debit,Amex,Platinum,2021-07-24,2027-07-10,Active,0,
CD0000982,C000982,AC0005982,7,Debit,Mastercard,Platinum,2023-01-02,2026-01-13,Active,0,
CD0000983,C000983,AC0000983,1,Debit,Visa,Business,2021-07-11,2030-11-25,Active,0,
CD0000984,C000984,AC0005984,10,Debit,Visa,Standard,2021-03-29,2028-05-15,Active,0,
CD0000985,C000985,AC0000985,1,Credit,Mastercard,Platinum,2019-04-14,2027-06-01,Blocked,1,Fraud Suspected
CD0000986,C000986,AC0005986,10,Credit,Visa,Standard,2019-10-07,2030-08-07,Active,0,
CD0000987,C000987,AC0000987,1,Credit,Mastercard,Business,2025-11-19,2030-03-25,Active,0,
CD0000988,C000988,AC0005988,6,Debit,Mastercard,Business,2024-01-12,2026-11-28,Blocked,1,Excessive Attempts
CD0000989,C000989,AC0000989,2,Debit,Mastercard,Platinum,2021-09-20,2027-02-04,Active,0,
CD0000990,C000990,AC0005990,1,Debit,Visa,Standard,2024-01-19,2027-10-15,Active,0,
CD0000991,C000991,AC0000991,7,Credit,Mastercard,Platinum,2021-09-27,2029-07-04,Blocked,1,Security Block
CD0000992,C000992,AC0005992,8,Debit,Mastercard,Platinum,2020-10-30,2030-04-08,Blocked,1,Security Block
CD0000993,C000993,AC0000993,2,Debit,Visa,Business,2022-04-17,2028-01-24,Active,0,
CD0000994,C000994,AC0005994,10,Debit,Visa,Platinum,2022-04-08,2027-02-25,Active,0,
CD0000995,C000995,AC0000995,4,Credit,Visa,Business,2019-09-14,2026-08-11,Active,0,
CD0000996,C000996,AC0005996,4,Debit,Mastercard,Business,2019-09-11,2028-12-18,Active,0,
CD0000997,C000997,AC0000997,3,Debit,Visa,Gold,2024-03-22,2027-10-14,Active,0,
CD0000998,C000998,AC0005998,5,Credit,Amex,Standard,2023-03-07,2027-01-29,Active,0,
CD0000999,C000999,AC0000999,2,Debit,Mastercard,Standard,2024-05-31,2027-09-04,Blocked,1,Lost/Stolen
CD0001000,C001000,AC0006000,5,Debit,Visa,Business,2023-01-23,2028-09-03,Active,0,
CD0001001,C001001,AC0001001,3,Debit,Mastercard,Business,2019-03-10,2027-09-05,Blocked,1,Security Block
CD0001002,C001002,AC0001002,1,Debit,Visa,Business,2022-01-27,2027-11-19,Active,0,
CD0001003,C001003,AC0001003,4,Debit,Visa,Gold,2019-01-06,2028-07-26,Active,0,
CD0001004,C001004,AC0001004,7,Credit,Amex,Gold,2020-07-17,2029-02-06,Active,0,
CD0001005,C001005,AC0001005,8,Debit,Visa,Standard,2022-02-10,2027-05-04,Active,0,
CD0001006,C001006,AC0001006,4,Debit,Mastercard,Standard,2018-04-04,2029-02-20,Active,0,
CD0001007,C001007,AC0001007,4,Debit,Visa,Platinum,2020-08-19,2029-10-17,Active,0,
CD0001008,C001008,AC0001008,8,Debit,Visa,Standard,2025-08-23,2027-08-19,Active,0,
CD0001009,C001009,AC0001009,7,Debit,Visa,Gold,2025-08-10,2026-12-19,Active,0,
CD0001010,C001010,AC0001010,9,Credit,Visa,Gold,2020-04-01,2027-11-28,Active,0,
CD0001011,C001011,AC0001011,10,Debit,Mastercard,Gold,2024-01-08,2027-11-07,Active,0,
CD0001012,C001012,AC0001012,9,Debit,Mastercard,Platinum,2022-01-01,2026-06-12,Active,0,
CD0001013,C001013,AC0001013,10,Debit,Mastercard,Gold,2021-02-10,2026-05-21,Expired,0,
CD0001014,C001014,AC0001014,5,Debit,Mastercard,Standard,2021-03-21,2030-10-18,Active,0,
CD0001015,C001015,AC0001015,4,Debit,Mastercard,Gold,2025-07-20,2030-04-18,Active,0,
CD0001016,C001016,AC0001016,4,Credit,Mastercard,Platinum,2020-03-11,2029-10-05,Active,0,
CD0001017,C001017,AC0001017,3,Debit,Visa,Gold,2022-07-14,2030-07-28,Active,0,
CD0001018,C001018,AC0001018,8,Debit,Mastercard,Gold,2021-01-01,2028-03-05,Active,0,
CD0001019,C001019,AC0001019,8,Credit,Visa,Standard,2018-07-05,2030-05-20,Active,0,
CD0001020,C001020,AC0001020,9,Debit,Amex,Business,2023-12-18,2029-07-21,Active,0,
CD0001021,C001021,AC0001021,2,Debit,Mastercard,Business,2020-02-14,2030-04-17,Active,0,
CD0001022,C001022,AC0001022,5,Credit,Visa,Gold,2025-07-12,2029-12-17,Active,0,
CD0001023,C001023,AC0001023,3,Debit,Visa,Platinum,2018-09-30,2027-08-28,Active,0,
CD0001024,C001024,AC0001024,9,Debit,Mastercard,Business,2022-04-01,2030-02-22,Active,0,
CD0001025,C001025,AC0001025,3,Debit,Amex,Business,2018-05-10,2030-09-06,Active,0,
CD0001026,C001026,AC0001026,2,Debit,Visa,Platinum,2024-10-23,2028-02-22,Active,0,
CD0001027,C001027,AC0001027,6,Debit,Mastercard,Business,2018-11-16,2029-02-18,Active,0,
CD0001028,C001028,AC0001028,9,Debit,Visa,Standard,2022-05-02,2029-08-10,Active,0,
CD0001029,C001029,AC0001029,10,Debit,Visa,Platinum,2022-05-05,2028-03-09,Active,0,
CD0001030,C001030,AC0001030,1,Credit,Visa,Gold,2024-05-06,2029-06-12,Active,0,
CD0001031,C001031,AC0001031,4,Debit,Mastercard,Business,2025-03-04,2028-05-11,Active,0,
CD0001032,C001032,AC0001032,2,Debit,Mastercard,Platinum,2020-06-19,2029-01-08,Active,0,
CD0001033,C001033,AC0001033,4,Debit,Mastercard,Standard,2018-09-26,2030-07-04,Active,0,
CD0001034,C001034,AC0001034,6,Debit,Visa,Platinum,2024-10-26,2027-06-03,Active,0,
CD0001035,C001035,AC0001035,3,Credit,Mastercard,Platinum,2020-01-03,2027-01-15,Active,0,
CD0001036,C001036,AC0001036,1,Debit,Mastercard,Standard,2023-09-04,2030-11-25,Active,0,
CD0001037,C001037,AC0001037,6,Debit,Visa,Gold,2024-08-21,2027-02-22,Active,0,
CD0001038,C001038,AC0001038,1,Debit,Mastercard,Platinum,2023-06-22,2026-01-14,Expired,0,
CD0001039,C001039,AC0001039,3,Credit,Mastercard,Standard,2023-12-13,2027-11-25,Active,0,
CD0001040,C001040,AC0001040,1,Credit,Amex,Standard,2021-10-20,2030-11-26,Active,0,
CD0001041,C001041,AC0001041,1,Debit,Visa,Standard,2023-11-23,2030-10-23,Active,0,
CD0001042,C001042,AC0001042,5,Credit,Visa,Business,2021-09-28,2030-08-15,Active,0,
CD0001043,C001043,AC0001043,9,Debit,Mastercard,Standard,2025-05-22,2026-07-04,Active,0,
CD0001044,C001044,AC0001044,8,Credit,Visa,Business,2023-06-26,2026-09-20,Active,0,
CD0001045,C001045,AC0001045,1,Credit,Mastercard,Gold,2023-03-17,2026-03-10,Active,0,
CD0001046,C001046,AC0001046,1,Debit,Visa,Standard,2020-01-26,2029-04-18,Blocked,1,Excessive Attempts
CD0001047,C001047,AC0001047,4,Debit,Mastercard,Standard,2024-11-15,2029-01-29,Active,0,
CD0001048,C001048,AC0001048,7,Credit,Mastercard,Business,2023-08-13,2028-03-13,Active,0,
CD0001049,C001049,AC0001049,8,Credit,Mastercard,Business,2020-05-18,2026-09-16,Active,0,
CD0001050,C001050,AC0001050,9,Credit,Visa,Standard,2020-04-30,2028-11-16,Active,0,
CD0001051,C001051,AC0001051,4,Credit,Visa,Gold,2019-05-11,2030-04-14,Blocked,1,Fraud Suspected
CD0001052,C001052,AC0001052,2,Credit,Amex,Gold,2021-11-26,2027-08-19,Active,0,
CD0001053,C001053,AC0001053,1,Debit,Visa,Gold,2021-01-07,2027-01-21,Active,0,
CD0001054,C001054,AC0001054,2,Debit,Amex,Platinum,2020-01-01,2028-07-04,Active,0,
CD0001055,C001055,AC0001055,1,Credit,Mastercard,Gold,2023-10-08,2028-09-01,Active,0,
CD0001056,C001056,AC0001056,9,Credit,Visa,Gold,2019-07-08,2028-02-04,Active,0,
CD0001057,C001057,AC0001057,3,Debit,Visa,Platinum,2020-12-20,2027-04-10,Active,0,
CD0001058,C001058,AC0001058,9,Debit,Visa,Platinum,2022-06-20,2029-09-20,Active,0,
CD0001059,C001059,AC0001059,6,Debit,Visa,Standard,2020-05-01,2029-02-19,Active,0,
CD0001060,C001060,AC0001060,6,Debit,Visa,Standard,2021-07-19,2030-09-18,Active,0,
CD0001061,C001061,AC0001061,5,Credit,Amex,Standard,2022-03-11,2028-10-22,Active,0,
CD0001062,C001062,AC0001062,9,Credit,Mastercard,Gold,2022-01-02,2026-10-04,Active,0,
CD0001063,C001063,AC0001063,1,Credit,Visa,Standard,2020-01-18,2029-07-30,Active,0,
CD0001064,C001064,AC0001064,1,Debit,Mastercard,Gold,2022-01-08,2030-07-27,Active,0,
CD0001065,C001065,AC0001065,5,Debit,Visa,Platinum,2021-12-09,2026-03-01,Active,0,
CD0001066,C001066,AC0001066,4,Debit,Mastercard,Platinum,2025-07-16,2026-11-11,Blocked,1,Security Block
CD0001067,C001067,AC0001067,6,Debit,Visa,Standard,2024-01-10,2027-08-09,Active,0,
CD0001068,C001068,AC0001068,8,Debit,Mastercard,Platinum,2023-03-06,2029-11-29,Blocked,1,Lost/Stolen
CD0001069,C001069,AC0001069,6,Debit,Mastercard,Standard,2021-01-22,2026-07-03,Active,0,
CD0001070,C001070,AC0001070,3,Debit,Visa,Platinum,2019-05-13,2030-07-08,Active,0,
CD0001071,C001071,AC0001071,4,Debit,Visa,Business,2021-12-23,2028-09-24,Active,0,
CD0001072,C001072,AC0001072,8,Debit,Visa,Platinum,2024-11-20,2029-03-11,Active,0,
CD0001073,C001073,AC0001073,3,Debit,Visa,Business,2024-03-05,2026-06-24,Blocked,1,Excessive Attempts
CD0001074,C001074,AC0001074,6,Debit,Mastercard,Platinum,2022-04-04,2026-09-27,Active,0,
CD0001075,C001075,AC0001075,6,Debit,Visa,Standard,2019-01-05,2030-01-18,Blocked,1,Security Block
CD0001076,C001076,AC0001076,8,Debit,Visa,Platinum,2024-04-01,2026-12-07,Active,0,
CD0001077,C001077,AC0001077,8,Debit,Visa,Standard,2018-12-27,2028-12-20,Active,0,
CD0001078,C001078,AC0001078,5,Debit,Mastercard,Platinum,2025-06-26,2030-02-06,Active,0,
CD0001079,C001079,AC0001079,4,Debit,Mastercard,Platinum,2025-11-08,2029-05-14,Active,0,
CD0001080,C001080,AC0001080,4,Credit,Visa,Standard,2020-09-23,2026-10-23,Active,0,
CD0001081,C001081,AC0001081,5,Credit,Mastercard,Platinum,2022-03-29,2030-06-30,Expired,0,
CD0001082,C001082,AC0001082,3,Credit,Visa,Standard,2021-01-15,2028-08-11,Active,0,
CD0001083,C001083,AC0001083,7,Debit,Mastercard,Gold,2025-10-21,2027-06-17,Active,0,
CD0001084,C001084,AC0001084,3,Credit,Amex,Gold,2024-09-18,2030-09-04,Active,0,
CD0001085,C001085,AC0001085,7,Debit,Mastercard,Standard,2018-09-20,2026-08-16,Active,0,
CD0001086,C001086,AC0001086,8,Debit,Visa,Standard,2024-08-21,2026-02-15,Blocked,1,Fraud Suspected
CD0001087,C001087,AC0001087,10,Credit,Amex,Platinum,2018-08-05,2026-06-20,Blocked,1,Security Block
CD0001088,C001088,AC0001088,2,Debit,Mastercard,Platinum,2020-07-04,2026-03-06,Active,0,
CD0001089,C001089,AC0001089,8,Credit,Mastercard,Business,2021-04-05,2027-01-10,Blocked,1,Security Block
CD0001090,C001090,AC0001090,1,Debit,Mastercard,Platinum,2025-02-12,2026-04-25,Active,0,
CD0001091,C001091,AC0001091,4,Debit,Visa,Platinum,2022-05-11,2027-03-17,Active,0,
CD0001092,C001092,AC0001092,2,Debit,Visa,Platinum,2022-01-24,2028-02-17,Active,0,
CD0001093,C001093,AC0001093,2,Debit,Mastercard,Standard,2024-11-25,2028-08-27,Active,0,
CD0001094,C001094,AC0001094,2,Credit,Mastercard,Standard,2025-03-21,2028-04-14,Active,0,
CD0001095,C001095,AC0001095,1,Debit,Visa,Standard,2018-08-02,2026-11-04,Blocked,1,Lost/Stolen
CD0001096,C001096,AC0001096,9,Debit,Mastercard,Platinum,2024-08-24,2029-06-17,Active,0,
CD0001097,C001097,AC0001097,1,Debit,Visa,Business,2023-08-28,2030-09-03,Active,0,
CD0001098,C001098,AC0001098,4,Debit,Mastercard,Gold,2021-12-27,2027-02-21,Blocked,1,Lost/Stolen
CD0001099,C001099,AC0001099,7,Debit,Mastercard,Gold,2021-05-03,2028-01-30,Active,0,
CD0001100,C001100,AC0001100,10,Debit,Visa,Business,2024-08-31,2030-07-17,Active,0,
CD0001101,C001101,AC0001101,9,Debit,Amex,Business,2021-06-03,2028-05-01,Active,0,
CD0001102,C001102,AC0001102,2,Debit,Visa,Business,2021-09-10,2026-01-16,Active,0,
CD0001103,C001103,AC0001103,10,Credit,Mastercard,Business,2019-01-23,2028-11-14,Blocked,1,Lost/Stolen
CD0001104,C001104,AC0001104,7,Credit,Mastercard,Gold,2023-09-30,2029-12-05,Blocked,1,Security Block
CD0001105,C001105,AC0001105,2,Credit,Mastercard,Standard,2024-02-07,2027-04-15,Active,0,
CD0001106,C001106,AC0001106,5,Credit,Amex,Platinum,2020-01-08,2029-08-15,Active,0,
CD0001107,C001107,AC0001107,10,Debit,Visa,Standard,2022-08-16,2030-11-19,Active,0,
CD0001108,C001108,AC0001108,4,Credit,Visa,Business,2025-12-31,2029-04-06,Active,0,
CD0001109,C001109,AC0001109,2,Credit,Visa,Platinum,2019-03-21,2028-11-12,Blocked,1,Excessive Attempts
CD0001110,C001110,AC0001110,9,Credit,Mastercard,Standard,2023-05-14,2027-06-14,Active,0,
CD0001111,C001111,AC0001111,10,Credit,Visa,Gold,2018-02-20,2030-02-04,Active,0,
CD0001112,C001112,AC0001112,10,Credit,Mastercard,Gold,2020-02-26,2027-03-01,Active,0,
CD0001113,C001113,AC0001113,10,Credit,Mastercard,Standard,2020-05-28,2027-07-20,Expired,0,
CD0001114,C001114,AC0001114,9,Credit,Mastercard,Gold,2021-03-04,2029-11-16,Active,0,
CD0001115,C001115,AC0001115,5,Debit,Visa,Platinum,2020-11-04,2027-11-24,Active,0,
CD0001116,C001116,AC0001116,2,Credit,Visa,Gold,2023-01-23,2028-08-12,Expired,0,
CD0001117,C001117,AC0001117,7,Credit,Mastercard,Platinum,2021-11-06,2028-08-27,Active,0,
CD0001118,C001118,AC0001118,3,Debit,Mastercard,Platinum,2022-07-06,2030-03-04,Active,0,
CD0001119,C001119,AC0001119,5,Credit,Mastercard,Platinum,2024-01-23,2029-01-20,Active,0,
CD0001120,C001120,AC0001120,7,Debit,Amex,Gold,2020-12-28,2030-03-31,Blocked,1,Security Block
CD0001121,C001121,AC0001121,10,Debit,Visa,Standard,2018-04-03,2029-04-28,Active,0,
CD0001122,C001122,AC0001122,3,Debit,Mastercard,Gold,2025-12-22,2029-03-08,Active,0,
CD0001123,C001123,AC0001123,3,Debit,Mastercard,Platinum,2019-06-27,2029-10-28,Active,0,
CD0001124,C001124,AC0001124,8,Debit,Visa,Business,2018-11-23,2028-10-30,Active,0,
CD0001125,C001125,AC0001125,1,Credit,Mastercard,Business,2021-07-24,2029-06-22,Active,0,
CD0001126,C001126,AC0001126,6,Debit,Visa,Business,2025-07-10,2027-07-18,Active,0,
CD0001127,C001127,AC0001127,8,Credit,Mastercard,Gold,2021-10-17,2027-03-04,Active,0,
CD0001128,C001128,AC0001128,6,Credit,Mastercard,Business,2023-02-14,2030-12-02,Active,0,
CD0001129,C001129,AC0001129,4,Credit,Visa,Gold,2025-02-26,2028-07-13,Active,0,
CD0001130,C001130,AC0001130,9,Debit,Amex,Platinum,2024-01-14,2029-02-12,Active,0,
CD0001131,C001131,AC0001131,4,Credit,Visa,Gold,2024-03-21,2030-03-28,Active,0,
CD0001132,C001132,AC0001132,8,Credit,Mastercard,Gold,2025-01-05,2029-09-03,Active,0,
CD0001133,C001133,AC0001133,5,Credit,Mastercard,Standard,2022-02-21,2028-08-18,Active,0,
CD0001134,C001134,AC0001134,1,Debit,Visa,Gold,2024-01-16,2028-08-17,Active,0,
CD0001135,C001135,AC0001135,6,Debit,Amex,Business,2021-09-03,2028-12-25,Active,0,
CD0001136,C001136,AC0001136,1,Debit,Mastercard,Platinum,2020-10-17,2029-10-28,Expired,0,
CD0001137,C001137,AC0001137,10,Credit,Visa,Business,2019-02-06,2027-11-26,Active,0,
CD0001138,C001138,AC0001138,7,Debit,Mastercard,Standard,2020-08-30,2028-12-18,Blocked,1,Security Block
CD0001139,C001139,AC0001139,4,Credit,Visa,Business,2018-11-13,2026-12-01,Expired,0,
CD0001140,C001140,AC0001140,5,Debit,Mastercard,Business,2022-11-14,2030-01-25,Blocked,1,Security Block
CD0001141,C001141,AC0001141,7,Debit,Mastercard,Business,2021-11-08,2028-10-08,Active,0,
CD0001142,C001142,AC0001142,3,Credit,Visa,Platinum,2019-12-02,2029-08-27,Active,0,
CD0001143,C001143,AC0001143,3,Debit,Mastercard,Platinum,2025-04-01,2026-04-24,Expired,0,
CD0001144,C001144,AC0001144,5,Credit,Mastercard,Platinum,2024-09-25,2029-05-26,Active,0,
CD0001145,C001145,AC0001145,3,Credit,Mastercard,Platinum,2020-11-09,2028-09-20,Active,0,
CD0001146,C001146,AC0001146,8,Credit,Mastercard,Business,2022-10-02,2026-09-02,Active,0,
CD0001147,C001147,AC0001147,2,Debit,Visa,Business,2019-02-09,2028-02-03,Active,0,
CD0001148,C001148,AC0001148,9,Debit,Visa,Standard,2023-02-17,2028-08-27,Expired,0,
CD0001149,C001149,AC0001149,4,Debit,Mastercard,Platinum,2025-11-28,2029-06-23,Active,0,
CD0001150,C001150,AC0001150,6,Debit,Visa,Gold,2020-02-06,2028-09-28,Active,0,
CD0001151,C001151,AC0001151,2,Credit,Visa,Business,2023-05-25,2029-09-07,Active,0,
CD0001152,C001152,AC0001152,4,Debit,Mastercard,Standard,2021-06-03,2030-06-21,Active,0,
CD0001153,C001153,AC0001153,8,Credit,Mastercard,Business,2024-01-27,2029-08-10,Active,0,
CD0001154,C001154,AC0001154,3,Debit,Mastercard,Gold,2020-01-04,2030-03-10,Active,0,
CD0001155,C001155,AC0001155,2,Debit,Visa,Platinum,2020-04-21,2027-09-01,Active,0,
CD0001156,C001156,AC0001156,6,Debit,Visa,Platinum,2022-08-05,2026-07-18,Active,0,
CD0001157,C001157,AC0001157,2,Credit,Mastercard,Business,2018-02-22,2026-02-14,Active,0,
CD0001158,C001158,AC0001158,4,Debit,Mastercard,Standard,2022-12-24,2026-12-28,Active,0,
CD0001159,C001159,AC0001159,5,Debit,Mastercard,Gold,2024-11-08,2026-02-19,Blocked,1,Fraud Suspected
CD0001160,C001160,AC0001160,6,Debit,Mastercard,Business,2024-06-09,2030-06-22,Blocked,1,Security Block
CD0001161,C001161,AC0001161,7,Credit,Mastercard,Business,2022-06-18,2029-02-11,Active,0,
CD0001162,C001162,AC0001162,7,Debit,Mastercard,Platinum,2019-12-17,2026-04-07,Active,0,
CD0001163,C001163,AC0001163,9,Credit,Mastercard,Gold,2023-09-07,2027-11-04,Active,0,
CD0001164,C001164,AC0001164,1,Debit,Visa,Business,2019-05-07,2030-02-03,Expired,0,
CD0001165,C001165,AC0001165,4,Credit,Amex,Platinum,2025-05-21,2030-05-27,Blocked,1,Security Block
CD0001166,C001166,AC0001166,1,Credit,Amex,Standard,2025-01-17,2027-01-02,Blocked,1,Lost/Stolen
CD0001167,C001167,AC0001167,1,Credit,Visa,Platinum,2020-09-23,2029-04-01,Active,0,
CD0001168,C001168,AC0001168,3,Credit,Mastercard,Platinum,2023-04-09,2028-12-07,Active,0,
CD0001169,C001169,AC0001169,6,Credit,Amex,Business,2018-06-20,2030-04-24,Active,0,
CD0001170,C001170,AC0001170,9,Credit,Mastercard,Business,2020-05-28,2026-04-02,Blocked,1,Lost/Stolen
CD0001171,C001171,AC0001171,8,Credit,Visa,Standard,2018-03-01,2026-03-15,Active,0,
CD0001172,C001172,AC0001172,7,Credit,Amex,Gold,2023-11-17,2026-12-20,Active,0,
CD0001173,C001173,AC0001173,8,Credit,Visa,Platinum,2025-03-28,2026-01-15,Active,0,
CD0001174,C001174,AC0001174,2,Debit,Visa,Gold,2022-12-21,2026-03-24,Active,0,
CD0001175,C001175,AC0001175,9,Credit,Visa,Standard,2025-10-20,2026-12-30,Active,0,
CD0001176,C001176,AC0001176,9,Debit,Mastercard,Gold,2024-10-29,2029-05-14,Active,0,
CD0001177,C001177,AC0001177,1,Debit,Mastercard,Business,2024-11-22,2029-06-27,Active,0,
CD0001178,C001178,AC0001178,5,Credit,Amex,Platinum,2022-07-14,2028-01-03,Active,0,
CD0001179,C001179,AC0001179,9,Debit,Mastercard,Platinum,2021-06-13,2027-02-12,Active,0,
CD0001180,C001180,AC0001180,5,Debit,Visa,Business,2025-08-16,2026-03-12,Active,0,
CD0001181,C001181,AC0001181,9,Debit,Mastercard,Gold,2021-02-01,2028-06-18,Active,0,
CD0001182,C001182,AC0001182,10,Debit,Mastercard,Gold,2021-05-22,2029-05-14,Active,0,
CD0001183,C001183,AC0001183,5,Debit,Visa,Standard,2024-04-27,2026-05-09,Active,0,
CD0001184,C001184,AC0001184,1,Debit,Mastercard,Standard,2025-03-18,2030-02-24,Active,0,
CD0001185,C001185,AC0001185,4,Credit,Mastercard,Platinum,2020-01-12,2028-01-05,Active,0,
CD0001186,C001186,AC0001186,3,Debit,Visa,Gold,2023-05-11,2030-10-21,Active,0,
CD0001187,C001187,AC0001187,5,Debit,Visa,Standard,2018-06-07,2027-07-30,Active,0,
CD0001188,C001188,AC0001188,6,Debit,Visa,Standard,2021-08-14,2029-12-31,Active,0,
CD0001189,C001189,AC0001189,5,Credit,Mastercard,Standard,2019-06-19,2028-02-12,Active,0,
CD0001190,C001190,AC0001190,2,Debit,Mastercard,Platinum,2021-05-14,2028-07-21,Active,0,
CD0001191,C001191,AC0001191,4,Debit,Mastercard,Standard,2019-05-20,2026-12-31,Expired,0,
CD0001192,C001192,AC0001192,7,Credit,Mastercard,Business,2020-01-05,2028-07-04,Active,0,
CD0001193,C001193,AC0001193,1,Credit,Mastercard,Platinum,2019-12-13,2028-04-14,Blocked,1,Fraud Suspected
CD0001194,C001194,AC0001194,3,Debit,Mastercard,Standard,2023-01-05,2027-04-08,Active,0,
CD0001195,C001195,AC0001195,9,Debit,Mastercard,Standard,2019-10-12,2027-05-28,Active,0,
CD0001196,C001196,AC0001196,1,Credit,Visa,Platinum,2024-07-14,2029-09-16,Active,0,
CD0001197,C001197,AC0001197,5,Debit,Mastercard,Business,2018-06-06,2029-03-15,Active,0,
CD0001198,C001198,AC0001198,3,Debit,Visa,Gold,2019-07-01,2030-02-09,Active,0,
CD0001199,C001199,AC0001199,2,Debit,Mastercard,Business,2025-10-31,2028-08-16,Active,0,
CD0001200,C001200,AC0001200,5,Credit,Mastercard,Gold,2024-11-06,2026-07-04,Active,0,
CD0001201,C001201,AC0001201,6,Credit,Visa,Business,2024-12-07,2029-05-01,Active,0,
CD0001202,C001202,AC0001202,2,Credit,Visa,Platinum,2022-01-05,2030-06-29,Active,0,
CD0001203,C001203,AC0001203,1,Credit,Mastercard,Business,2020-05-12,2027-06-01,Active,0,
CD0001204,C001204,AC0001204,2,Debit,Amex,Platinum,2024-07-25,2029-04-21,Active,0,
CD0001205,C001205,AC0001205,7,Debit,Mastercard,Business,2018-10-08,2026-03-16,Blocked,1,Security Block
CD0001206,C001206,AC0001206,9,Debit,Mastercard,Business,2019-09-02,2026-08-23,Blocked,1,Security Block
CD0001207,C001207,AC0001207,2,Debit,Amex,Platinum,2021-07-18,2028-07-31,Active,0,
CD0001208,C001208,AC0001208,4,Credit,Visa,Standard,2019-01-12,2026-12-25,Active,0,
CD0001209,C001209,AC0001209,4,Credit,Mastercard,Business,2023-06-27,2026-11-13,Active,0,
CD0001210,C001210,AC0001210,4,Debit,Mastercard,Standard,2024-03-15,2030-03-02,Active,0,
CD0001211,C001211,AC0001211,3,Debit,Mastercard,Gold,2020-09-11,2027-09-04,Active,0,
CD0001212,C001212,AC0001212,1,Credit,Visa,Standard,2020-08-08,2026-01-22,Active,0,
CD0001213,C001213,AC0001213,6,Debit,Visa,Business,2021-08-06,2030-07-19,Active,0,
CD0001214,C001214,AC0001214,4,Debit,Mastercard,Business,2020-04-25,2027-12-25,Blocked,1,Excessive Attempts
CD0001215,C001215,AC0001215,4,Credit,Visa,Platinum,2018-11-10,2028-06-08,Blocked,1,Security Block
CD0001216,C001216,AC0001216,3,Debit,Visa,Business,2019-03-17,2028-04-13,Blocked,1,Security Block
CD0001217,C001217,AC0001217,10,Debit,Visa,Standard,2024-10-30,2029-05-24,Active,0,
CD0001218,C001218,AC0001218,7,Debit,Visa,Standard,2023-10-14,2030-08-10,Active,0,
CD0001219,C001219,AC0001219,5,Debit,Visa,Business,2020-12-05,2029-06-04,Active,0,
CD0001220,C001220,AC0001220,3,Credit,Visa,Gold,2019-07-31,2029-03-23,Active,0,
CD0001221,C001221,AC0001221,9,Debit,Visa,Platinum,2024-12-07,2027-06-19,Active,0,
CD0001222,C001222,AC0001222,9,Credit,Mastercard,Gold,2020-10-23,2027-02-17,Expired,0,
CD0001223,C001223,AC0001223,1,Credit,Visa,Gold,2018-04-15,2027-09-20,Active,0,
CD0001224,C001224,AC0001224,10,Debit,Mastercard,Standard,2025-09-26,2030-11-24,Active,0,
CD0001225,C001225,AC0001225,7,Credit,Mastercard,Standard,2018-11-05,2029-03-24,Active,0,
CD0001226,C001226,AC0001226,1,Debit,Visa,Gold,2020-11-12,2028-01-11,Active,0,
CD0001227,C001227,AC0001227,8,Debit,Visa,Business,2025-01-31,2030-01-02,Active,0,
CD0001228,C001228,AC0001228,2,Credit,Mastercard,Gold,2021-10-02,2026-11-21,Active,0,
CD0001229,C001229,AC0001229,1,Debit,Visa,Standard,2019-04-04,2029-06-24,Active,0,
CD0001230,C001230,AC0001230,2,Debit,Mastercard,Gold,2022-04-14,2029-09-18,Active,0,
CD0001231,C001231,AC0001231,5,Debit,Mastercard,Business,2019-06-05,2027-09-22,Blocked,1,Lost/Stolen
CD0001232,C001232,AC0001232,7,Debit,Amex,Gold,2020-02-13,2028-05-17,Active,0,
CD0001233,C001233,AC0001233,5,Credit,Mastercard,Gold,2022-03-13,2027-09-25,Active,0,
CD0001234,C001234,AC0001234,2,Debit,Visa,Gold,2021-10-09,2030-08-01,Active,0,
CD0001235,C001235,AC0001235,2,Debit,Visa,Platinum,2025-01-13,2026-01-15,Active,0,
CD0001236,C001236,AC0001236,9,Debit,Visa,Business,2024-01-13,2026-05-19,Blocked,1,Security Block
CD0001237,C001237,AC0001237,10,Debit,Visa,Gold,2023-05-05,2026-06-06,Active,0,
CD0001238,C001238,AC0001238,8,Credit,Mastercard,Standard,2021-10-24,2026-01-05,Active,0,
CD0001239,C001239,AC0001239,2,Credit,Visa,Business,2021-03-19,2028-06-19,Active,0,
CD0001240,C001240,AC0001240,9,Credit,Mastercard,Standard,2018-02-23,2026-10-14,Active,0,
CD0001241,C001241,AC0001241,7,Debit,Amex,Platinum,2019-09-15,2026-07-29,Active,0,
CD0001242,C001242,AC0001242,6,Debit,Mastercard,Standard,2024-11-15,2026-08-05,Blocked,1,Excessive Attempts
CD0001243,C001243,AC0001243,2,Credit,Visa,Standard,2020-02-22,2029-01-15,Active,0,
CD0001244,C001244,AC0001244,10,Debit,Mastercard,Business,2025-04-15,2027-09-19,Active,0,
CD0001245,C001245,AC0001245,5,Debit,Visa,Standard,2025-04-18,2027-03-24,Active,0,
CD0001246,C001246,AC0001246,1,Debit,Mastercard,Platinum,2019-06-22,2027-05-03,Active,0,
CD0001247,C001247,AC0001247,3,Debit,Mastercard,Business,2018-01-21,2026-01-27,Active,0,
CD0001248,C001248,AC0001248,5,Debit,Amex,Platinum,2019-11-16,2030-10-05,Active,0,
CD0001249,C001249,AC0001249,1,Debit,Amex,Business,2019-07-14,2030-08-02,Active,0,
CD0001250,C001250,AC0001250,4,Debit,Visa,Gold,2021-09-10,2026-10-09,Active,0,
CD0001251,C001251,AC0001251,5,Debit,Mastercard,Standard,2025-03-02,2030-04-27,Active,0,
CD0001252,C001252,AC0001252,10,Debit,Visa,Standard,2024-03-24,2027-11-24,Active,0,
CD0001253,C001253,AC0001253,1,Debit,Mastercard,Platinum,2025-03-28,2029-05-20,Active,0,
CD0001254,C001254,AC0001254,6,Credit,Visa,Platinum,2018-08-01,2030-12-21,Active,0,
CD0001255,C001255,AC0001255,10,Debit,Mastercard,Standard,2024-01-03,2026-08-06,Active,0,
CD0001256,C001256,AC0001256,9,Credit,Mastercard,Standard,2022-01-04,2029-12-31,Blocked,1,Lost/Stolen
CD0001257,C001257,AC0001257,10,Credit,Mastercard,Business,2025-03-01,2028-10-10,Active,0,
CD0001258,C001258,AC0001258,2,Credit,Visa,Gold,2025-05-17,2029-05-19,Active,0,
CD0001259,C001259,AC0001259,9,Credit,Mastercard,Platinum,2024-03-25,2030-05-22,Active,0,
CD0001260,C001260,AC0001260,10,Credit,Mastercard,Standard,2020-01-19,2027-08-07,Active,0,
CD0001261,C001261,AC0001261,4,Debit,Mastercard,Standard,2023-05-24,2026-11-04,Active,0,
CD0001262,C001262,AC0001262,5,Debit,Mastercard,Business,2023-06-10,2028-05-25,Active,0,
CD0001263,C001263,AC0001263,6,Debit,Visa,Standard,2019-02-11,2026-11-08,Blocked,1,Lost/Stolen
CD0001264,C001264,AC0001264,5,Debit,Visa,Business,2021-01-19,2030-11-25,Active,0,
CD0001265,C001265,AC0001265,3,Debit,Visa,Business,2018-04-30,2030-04-07,Active,0,
CD0001266,C001266,AC0001266,10,Debit,Visa,Standard,2020-03-08,2027-04-08,Blocked,1,Lost/Stolen
CD0001267,C001267,AC0001267,10,Debit,Mastercard,Gold,2018-04-27,2027-10-19,Active,0,
CD0001268,C001268,AC0001268,4,Debit,Visa,Gold,2023-12-09,2030-12-31,Active,0,
CD0001269,C001269,AC0001269,9,Debit,Mastercard,Gold,2018-09-17,2027-07-07,Active,0,
CD0001270,C001270,AC0001270,4,Credit,Amex,Gold,2021-01-03,2026-07-10,Active,0,
CD0001271,C001271,AC0001271,8,Debit,Mastercard,Standard,2022-08-03,2027-03-24,Expired,0,
CD0001272,C001272,AC0001272,6,Debit,Visa,Platinum,2024-06-29,2029-06-30,Active,0,
CD0001273,C001273,AC0001273,5,Credit,Mastercard,Business,2018-08-09,2029-03-05,Active,0,
CD0001274,C001274,AC0001274,2,Credit,Mastercard,Platinum,2025-01-19,2029-11-24,Blocked,1,Lost/Stolen
CD0001275,C001275,AC0001275,7,Debit,Visa,Gold,2025-12-14,2029-07-28,Active,0,
CD0001276,C001276,AC0001276,4,Credit,Visa,Business,2024-02-07,2027-08-12,Active,0,
CD0001277,C001277,AC0001277,3,Debit,Visa,Standard,2018-03-11,2029-05-05,Active,0,
CD0001278,C001278,AC0001278,2,Debit,Mastercard,Gold,2019-11-12,2029-10-18,Blocked,1,Excessive Attempts
CD0001279,C001279,AC0001279,10,Debit,Mastercard,Gold,2019-09-27,2030-01-06,Blocked,1,Lost/Stolen
CD0001280,C001280,AC0001280,2,Debit,Visa,Platinum,2022-07-06,2029-07-16,Active,0,
CD0001281,C001281,AC0001281,8,Debit,Visa,Business,2021-02-15,2028-11-13,Active,0,
CD0001282,C001282,AC0001282,9,Credit,Visa,Standard,2019-07-13,2029-09-06,Active,0,
CD0001283,C001283,AC0001283,1,Debit,Mastercard,Platinum,2025-03-21,2028-08-30,Active,0,
CD0001284,C001284,AC0001284,6,Credit,Mastercard,Gold,2024-04-29,2028-05-11,Active,0,
CD0001285,C001285,AC0001285,6,Credit,Visa,Business,2024-10-23,2028-09-11,Blocked,1,Excessive Attempts
CD0001286,C001286,AC0001286,4,Debit,Mastercard,Gold,2022-11-17,2027-05-18,Active,0,
CD0001287,C001287,AC0001287,7,Debit,Visa,Gold,2025-12-14,2030-10-28,Expired,0,
CD0001288,C001288,AC0001288,5,Debit,Amex,Business,2024-12-27,2029-03-14,Active,0,
CD0001289,C001289,AC0001289,5,Debit,Mastercard,Platinum,2025-10-01,2029-06-27,Active,0,
CD0001290,C001290,AC0001290,5,Credit,Mastercard,Platinum,2018-11-24,2027-11-06,Active,0,
CD0001291,C001291,AC0001291,9,Debit,Visa,Business,2019-06-11,2030-06-05,Blocked,1,Fraud Suspected
CD0001292,C001292,AC0001292,7,Debit,Mastercard,Business,2024-05-25,2030-06-29,Blocked,1,Fraud Suspected
CD0001293,C001293,AC0001293,4,Debit,Visa,Platinum,2024-01-30,2028-02-18,Active,0,
CD0001294,C001294,AC0001294,10,Credit,Visa,Gold,2024-06-24,2029-03-24,Active,0,
CD0001295,C001295,AC0001295,9,Debit,Mastercard,Gold,2021-08-12,2027-05-27,Active,0,
CD0001296,C001296,AC0001296,10,Debit,Mastercard,Business,2018-08-14,2027-09-11,Active,0,
CD0001297,C001297,AC0001297,8,Credit,Visa,Standard,2020-10-15,2029-12-30,Active,0,
CD0001298,C001298,AC0001298,4,Debit,Visa,Platinum,2025-02-05,2028-03-30,Blocked,1,Security Block
CD0001299,C001299,AC0001299,8,Credit,Visa,Standard,2022-11-23,2026-12-22,Active,0,
CD0001300,C001300,AC0001300,4,Debit,Mastercard,Business,2022-11-18,2026-10-11,Active,0,
CD0001301,C001301,AC0001301,3,Credit,Visa,Gold,2020-06-25,2026-12-09,Active,0,
CD0001302,C001302,AC0001302,5,Debit,Visa,Gold,2020-09-19,2030-10-14,Active,0,
CD0001303,C001303,AC0001303,10,Credit,Visa,Platinum,2021-04-22,2028-08-12,Active,0,
CD0001304,C001304,AC0001304,6,Debit,Mastercard,Gold,2021-11-24,2027-06-11,Active,0,
CD0001305,C001305,AC0001305,4,Credit,Mastercard,Business,2018-07-12,2029-11-09,Blocked,1,Security Block
CD0001306,C001306,AC0001306,5,Credit,Visa,Standard,2020-09-02,2028-04-30,Active,0,
CD0001307,C001307,AC0001307,3,Debit,Mastercard,Business,2018-05-10,2027-04-24,Active,0,
CD0001308,C001308,AC0001308,7,Debit,Mastercard,Standard,2023-06-14,2026-08-09,Blocked,1,Fraud Suspected
CD0001309,C001309,AC0001309,4,Debit,Visa,Standard,2019-10-11,2026-07-20,Active,0,
CD0001310,C001310,AC0001310,6,Debit,Mastercard,Gold,2020-05-10,2027-06-10,Active,0,
CD0001311,C001311,AC0001311,4,Debit,Visa,Standard,2021-05-05,2030-09-14,Active,0,
CD0001312,C001312,AC0001312,4,Debit,Visa,Gold,2021-04-10,2029-01-08,Active,0,
CD0001313,C001313,AC0001313,10,Debit,Visa,Standard,2021-09-25,2028-09-05,Blocked,1,Security Block
CD0001314,C001314,AC0001314,4,Debit,Visa,Business,2022-06-23,2028-12-08,Active,0,
CD0001315,C001315,AC0001315,1,Debit,Visa,Business,2024-05-04,2030-07-26,Blocked,1,Security Block
CD0001316,C001316,AC0001316,4,Debit,Visa,Standard,2018-03-13,2029-11-14,Active,0,
CD0001317,C001317,AC0001317,6,Debit,Visa,Business,2023-10-22,2028-01-09,Active,0,
CD0001318,C001318,AC0001318,1,Credit,Visa,Business,2023-12-06,2029-01-12,Blocked,1,Security Block
CD0001319,C001319,AC0001319,4,Debit,Amex,Standard,2021-04-27,2030-11-09,Active,0,
CD0001320,C001320,AC0001320,2,Debit,Visa,Platinum,2023-11-06,2026-06-29,Active,0,
CD0001321,C001321,AC0001321,6,Debit,Mastercard,Standard,2020-02-27,2028-05-23,Active,0,
CD0001322,C001322,AC0001322,8,Debit,Mastercard,Business,2020-05-02,2029-07-04,Expired,0,
CD0001323,C001323,AC0001323,10,Debit,Visa,Gold,2024-02-19,2029-11-12,Active,0,
CD0001324,C001324,AC0001324,4,Debit,Mastercard,Standard,2024-05-31,2028-10-19,Active,0,
CD0001325,C001325,AC0001325,9,Debit,Mastercard,Business,2022-06-11,2028-06-11,Active,0,
CD0001326,C001326,AC0001326,3,Credit,Visa,Gold,2024-12-13,2029-04-08,Active,0,
CD0001327,C001327,AC0001327,8,Credit,Mastercard,Standard,2019-01-17,2030-03-08,Active,0,
CD0001328,C001328,AC0001328,6,Credit,Visa,Gold,2020-11-12,2026-06-19,Blocked,1,Security Block
CD0001329,C001329,AC0001329,8,Debit,Mastercard,Platinum,2022-04-28,2030-05-13,Active,0,
CD0001330,C001330,AC0001330,8,Credit,Mastercard,Gold,2022-12-18,2030-05-13,Active,0,
CD0001331,C001331,AC0001331,6,Credit,Mastercard,Standard,2023-05-06,2028-02-01,Active,0,
CD0001332,C001332,AC0001332,3,Debit,Visa,Business,2018-12-09,2028-01-05,Blocked,1,Security Block
CD0001333,C001333,AC0001333,6,Credit,Mastercard,Platinum,2020-11-26,2026-02-17,Blocked,1,Excessive Attempts
CD0001334,C001334,AC0001334,9,Debit,Mastercard,Business,2021-04-02,2027-02-21,Active,0,
CD0001335,C001335,AC0001335,10,Debit,Mastercard,Standard,2025-10-20,2026-11-30,Active,0,
CD0001336,C001336,AC0001336,10,Credit,Mastercard,Standard,2018-10-31,2030-12-22,Active,0,
CD0001337,C001337,AC0001337,2,Credit,Visa,Platinum,2020-09-18,2027-06-19,Active,0,
CD0001338,C001338,AC0001338,6,Debit,Mastercard,Standard,2021-11-27,2027-04-15,Active,0,
CD0001339,C001339,AC0001339,2,Debit,Mastercard,Gold,2021-12-10,2028-09-01,Active,0,
CD0001340,C001340,AC0001340,7,Credit,Mastercard,Business,2018-11-17,2030-05-01,Active,0,
CD0001341,C001341,AC0001341,10,Debit,Mastercard,Standard,2023-04-29,2027-11-28,Active,0,
CD0001342,C001342,AC0001342,1,Debit,Visa,Business,2025-03-21,2030-02-08,Active,0,
CD0001343,C001343,AC0001343,7,Debit,Visa,Gold,2022-08-16,2029-08-17,Blocked,1,Fraud Suspected
CD0001344,C001344,AC0001344,10,Debit,Visa,Platinum,2019-09-20,2029-06-06,Blocked,1,Lost/Stolen
CD0001345,C001345,AC0001345,9,Debit,Amex,Business,2020-09-08,2030-09-10,Active,0,
CD0001346,C001346,AC0001346,4,Debit,Visa,Standard,2022-11-26,2026-07-10,Expired,0,
CD0001347,C001347,AC0001347,2,Debit,Visa,Standard,2025-05-09,2027-04-04,Active,0,
CD0001348,C001348,AC0001348,10,Debit,Mastercard,Standard,2022-06-29,2027-07-06,Active,0,
CD0001349,C001349,AC0001349,10,Debit,Mastercard,Standard,2024-09-27,2028-10-03,Active,0,
CD0001350,C001350,AC0001350,6,Debit,Visa,Gold,2024-03-18,2029-03-16,Active,0,
CD0001351,C001351,AC0001351,10,Debit,Visa,Platinum,2020-10-01,2026-09-24,Blocked,1,Excessive Attempts
CD0001352,C001352,AC0001352,1,Debit,Visa,Platinum,2019-08-23,2028-12-28,Blocked,1,Security Block
CD0001353,C001353,AC0001353,7,Credit,Mastercard,Business,2024-08-23,2029-11-23,Active,0,
CD0001354,C001354,AC0001354,1,Credit,Amex,Standard,2020-04-11,2026-05-28,Active,0,
CD0001355,C001355,AC0001355,10,Credit,Mastercard,Standard,2021-09-11,2027-05-06,Active,0,
CD0001356,C001356,AC0001356,7,Debit,Mastercard,Gold,2021-03-07,2029-02-26,Active,0,
CD0001357,C001357,AC0001357,10,Debit,Visa,Standard,2019-04-24,2027-11-19,Expired,0,
CD0001358,C001358,AC0001358,6,Debit,Visa,Business,2018-11-19,2028-11-14,Active,0,
CD0001359,C001359,AC0001359,1,Debit,Visa,Gold,2022-07-26,2028-03-22,Active,0,
CD0001360,C001360,AC0001360,1,Debit,Visa,Gold,2018-10-20,2028-04-27,Blocked,1,Security Block
CD0001361,C001361,AC0001361,4,Debit,Mastercard,Gold,2024-03-18,2027-01-08,Active,0,
CD0001362,C001362,AC0001362,8,Debit,Visa,Platinum,2020-01-06,2027-03-21,Expired,0,
CD0001363,C001363,AC0001363,2,Debit,Visa,Gold,2021-12-19,2026-07-24,Active,0,
CD0001364,C001364,AC0001364,9,Credit,Mastercard,Standard,2021-09-04,2030-08-17,Active,0,
CD0001365,C001365,AC0001365,3,Debit,Mastercard,Gold,2023-09-25,2029-09-22,Active,0,
CD0001366,C001366,AC0001366,5,Debit,Visa,Standard,2025-12-31,2030-10-05,Blocked,1,Security Block
CD0001367,C001367,AC0001367,3,Debit,Visa,Platinum,2022-02-19,2026-10-26,Active,0,
CD0001368,C001368,AC0001368,5,Debit,Visa,Standard,2019-03-12,2029-01-29,Active,0,
CD0001369,C001369,AC0001369,5,Credit,Mastercard,Standard,2025-04-12,2030-12-12,Active,0,
CD0001370,C001370,AC0001370,1,Credit,Mastercard,Gold,2021-02-19,2027-06-06,Active,0,
CD0001371,C001371,AC0001371,6,Debit,Visa,Standard,2023-12-21,2027-02-07,Active,0,
CD0001372,C001372,AC0001372,8,Credit,Mastercard,Gold,2022-03-11,2028-03-16,Active,0,
CD0001373,C001373,AC0001373,10,Debit,Mastercard,Platinum,2024-06-20,2029-09-03,Active,0,
CD0001374,C001374,AC0001374,4,Debit,Visa,Business,2025-05-01,2026-05-14,Active,0,
CD0001375,C001375,AC0001375,9,Debit,Visa,Gold,2021-05-23,2028-08-04,Active,0,
CD0001376,C001376,AC0001376,9,Debit,Mastercard,Standard,2025-05-04,2030-10-08,Active,0,
CD0001377,C001377,AC0001377,10,Credit,Visa,Platinum,2019-08-29,2028-11-18,Active,0,
CD0001378,C001378,AC0001378,4,Debit,Mastercard,Gold,2025-11-15,2028-04-21,Blocked,1,Security Block
CD0001379,C001379,AC0001379,9,Credit,Mastercard,Standard,2022-12-29,2027-06-23,Active,0,
CD0001380,C001380,AC0001380,6,Debit,Mastercard,Standard,2021-06-05,2028-11-07,Active,0,
CD0001381,C001381,AC0001381,1,Debit,Mastercard,Business,2018-09-22,2028-04-14,Active,0,
CD0001382,C001382,AC0001382,3,Debit,Mastercard,Business,2021-12-23,2029-05-21,Blocked,1,Excessive Attempts
CD0001383,C001383,AC0001383,7,Credit,Visa,Standard,2023-08-09,2026-12-12,Active,0,
CD0001384,C001384,AC0001384,2,Debit,Mastercard,Standard,2021-08-10,2029-09-02,Active,0,
CD0001385,C001385,AC0001385,5,Debit,Mastercard,Platinum,2021-02-15,2028-07-09,Active,0,
CD0001386,C001386,AC0001386,8,Debit,Mastercard,Platinum,2021-05-08,2027-02-07,Active,0,
CD0001387,C001387,AC0001387,2,Debit,Visa,Gold,2021-06-01,2026-02-25,Blocked,1,Lost/Stolen
CD0001388,C001388,AC0001388,5,Debit,Mastercard,Platinum,2023-02-28,2026-11-07,Active,0,
CD0001389,C001389,AC0001389,3,Debit,Mastercard,Standard,2021-02-23,2030-12-08,Active,0,
CD0001390,C001390,AC0001390,6,Credit,Mastercard,Platinum,2024-10-06,2029-10-28,Active,0,
CD0001391,C001391,AC0001391,3,Debit,Mastercard,Gold,2022-12-16,2030-10-09,Active,0,
CD0001392,C001392,AC0001392,10,Credit,Visa,Gold,2019-05-19,2027-10-30,Active,0,
CD0001393,C001393,AC0001393,1,Debit,Mastercard,Standard,2025-04-06,2029-05-28,Active,0,
CD0001394,C001394,AC0001394,10,Credit,Mastercard,Standard,2025-12-04,2030-03-13,Active,0,
CD0001395,C001395,AC0001395,8,Credit,Visa,Standard,2019-01-11,2028-12-20,Blocked,1,Security Block
CD0001396,C001396,AC0001396,9,Debit,Mastercard,Standard,2023-02-05,2027-10-10,Active,0,
CD0001397,C001397,AC0001397,9,Credit,Visa,Business,2019-12-16,2029-03-09,Active,0,
CD0001398,C001398,AC0001398,2,Credit,Visa,Standard,2022-10-29,2027-03-06,Active,0,
CD0001399,C001399,AC0001399,10,Credit,Visa,Business,2020-12-22,2029-08-17,Active,0,
CD0001400,C001400,AC0001400,6,Credit,Mastercard,Platinum,2018-08-14,2028-10-16,Active,0,
CD0001401,C001401,AC0001401,10,Credit,Mastercard,Gold,2022-07-29,2026-05-01,Blocked,1,Security Block
CD0001402,C001402,AC0001402,9,Debit,Visa,Business,2021-09-01,2029-07-10,Active,0,
CD0001403,C001403,AC0001403,6,Debit,Mastercard,Standard,2019-02-14,2027-05-27,Active,0,
CD0001404,C001404,AC0001404,4,Debit,Visa,Gold,2022-03-20,2029-10-03,Active,0,
CD0001405,C001405,AC0001405,2,Debit,Mastercard,Standard,2019-06-02,2027-06-21,Active,0,
CD0001406,C001406,AC0001406,2,Debit,Mastercard,Standard,2025-05-10,2028-08-31,Blocked,1,Security Block
CD0001407,C001407,AC0001407,4,Debit,Mastercard,Platinum,2022-02-14,2027-02-27,Active,0,
CD0001408,C001408,AC0001408,9,Credit,Mastercard,Business,2023-03-08,2027-12-14,Active,0,
CD0001409,C001409,AC0001409,6,Debit,Visa,Standard,2020-12-14,2026-08-31,Active,0,
CD0001410,C001410,AC0001410,5,Debit,Mastercard,Gold,2020-11-29,2026-12-25,Active,0,
CD0001411,C001411,AC0001411,3,Credit,Mastercard,Standard,2020-05-13,2028-12-10,Active,0,
CD0001412,C001412,AC0001412,6,Debit,Visa,Platinum,2020-01-05,2029-04-19,Active,0,
CD0001413,C001413,AC0001413,7,Debit,Mastercard,Standard,2021-10-09,2027-04-29,Active,0,
CD0001414,C001414,AC0001414,10,Debit,Visa,Business,2024-01-18,2027-05-15,Active,0,
CD0001415,C001415,AC0001415,8,Debit,Visa,Gold,2021-09-12,2029-02-04,Blocked,1,Excessive Attempts
CD0001416,C001416,AC0001416,7,Debit,Visa,Platinum,2022-05-15,2029-08-11,Active,0,
CD0001417,C001417,AC0001417,10,Credit,Mastercard,Business,2020-07-05,2029-08-22,Active,0,
CD0001418,C001418,AC0001418,5,Debit,Visa,Gold,2024-01-04,2030-07-28,Active,0,
CD0001419,C001419,AC0001419,10,Debit,Mastercard,Platinum,2024-09-24,2029-08-27,Active,0,
CD0001420,C001420,AC0001420,4,Credit,Visa,Gold,2024-03-01,2027-10-11,Active,0,
CD0001421,C001421,AC0001421,2,Debit,Visa,Standard,2021-02-04,2026-08-24,Active,0,
CD0001422,C001422,AC0001422,5,Debit,Visa,Platinum,2018-12-06,2027-05-11,Active,0,
CD0001423,C001423,AC0001423,2,Debit,Mastercard,Platinum,2023-03-03,2029-05-10,Blocked,1,Lost/Stolen
CD0001424,C001424,AC0001424,2,Debit,Amex,Gold,2024-06-26,2027-07-20,Active,0,
CD0001425,C001425,AC0001425,9,Credit,Mastercard,Platinum,2023-01-03,2029-04-19,Blocked,1,Excessive Attempts
CD0001426,C001426,AC0001426,8,Debit,Mastercard,Gold,2022-03-12,2028-05-28,Active,0,
CD0001427,C001427,AC0001427,3,Credit,Visa,Platinum,2022-08-27,2026-11-28,Active,0,
CD0001428,C001428,AC0001428,9,Debit,Amex,Gold,2019-05-09,2030-09-07,Active,0,
CD0001429,C001429,AC0001429,1,Debit,Amex,Business,2025-05-02,2028-01-01,Blocked,1,Excessive Attempts
CD0001430,C001430,AC0001430,3,Debit,Mastercard,Standard,2019-07-03,2028-06-05,Active,0,
CD0001431,C001431,AC0001431,8,Debit,Mastercard,Gold,2020-01-25,2030-10-20,Active,0,
CD0001432,C001432,AC0001432,4,Debit,Visa,Platinum,2019-02-05,2029-09-13,Active,0,
CD0001433,C001433,AC0001433,8,Credit,Visa,Business,2024-06-09,2027-01-05,Active,0,
CD0001434,C001434,AC0001434,9,Debit,Amex,Business,2025-07-17,2028-09-03,Active,0,
CD0001435,C001435,AC0001435,1,Debit,Visa,Gold,2024-01-27,2029-06-23,Active,0,
CD0001436,C001436,AC0001436,1,Debit,Amex,Standard,2023-07-16,2030-08-23,Active,0,
CD0001437,C001437,AC0001437,10,Debit,Visa,Platinum,2019-02-09,2028-12-30,Active,0,
CD0001438,C001438,AC0001438,6,Credit,Mastercard,Gold,2020-02-29,2029-11-03,Active,0,
CD0001439,C001439,AC0001439,6,Debit,Mastercard,Gold,2024-08-25,2028-11-30,Active,0,
CD0001440,C001440,AC0001440,5,Credit,Mastercard,Gold,2023-03-20,2029-08-30,Active,0,
CD0001441,C001441,AC0001441,5,Debit,Visa,Gold,2019-07-14,2027-08-25,Active,0,
CD0001442,C001442,AC0001442,7,Debit,Amex,Platinum,2020-11-20,2027-08-24,Active,0,
CD0001443,C001443,AC0001443,6,Credit,Mastercard,Gold,2025-09-08,2027-05-15,Active,0,
CD0001444,C001444,AC0001444,2,Debit,Visa,Business,2025-10-08,2027-06-16,Blocked,1,Fraud Suspected
CD0001445,C001445,AC0001445,7,Debit,Mastercard,Platinum,2019-11-23,2028-02-09,Active,0,
CD0001446,C001446,AC0001446,7,Debit,Mastercard,Platinum,2022-12-25,2030-04-29,Active,0,
CD0001447,C001447,AC0001447,2,Debit,Amex,Business,2021-04-11,2026-06-27,Expired,0,
CD0001448,C001448,AC0001448,4,Debit,Mastercard,Business,2021-05-17,2029-08-21,Active,0,
CD0001449,C001449,AC0001449,8,Credit,Visa,Standard,2018-08-14,2028-04-03,Active,0,
CD0001450,C001450,AC0001450,7,Credit,Visa,Standard,2024-07-16,2027-07-03,Blocked,1,Security Block
CD0001451,C001451,AC0001451,2,Credit,Mastercard,Gold,2024-12-23,2030-05-28,Active,0,
CD0001452,C001452,AC0001452,1,Debit,Mastercard,Gold,2024-07-06,2029-08-24,Active,0,
CD0001453,C001453,AC0001453,6,Debit,Mastercard,Platinum,2019-10-27,2028-03-01,Active,0,
CD0001454,C001454,AC0001454,5,Debit,Mastercard,Business,2018-03-06,2030-07-09,Active,0,
CD0001455,C001455,AC0001455,10,Debit,Mastercard,Gold,2020-04-13,2028-12-21,Active,0,
CD0001456,C001456,AC0001456,6,Credit,Visa,Platinum,2025-07-10,2027-04-01,Active,0,
CD0001457,C001457,AC0001457,10,Credit,Visa,Standard,2020-05-10,2030-05-08,Active,0,
CD0001458,C001458,AC0001458,3,Debit,Visa,Gold,2018-05-15,2027-03-25,Active,0,
CD0001459,C001459,AC0001459,5,Debit,Visa,Gold,2021-04-04,2030-12-23,Active,0,
CD0001460,C001460,AC0001460,2,Debit,Visa,Platinum,2020-05-04,2027-02-24,Active,0,
CD0001461,C001461,AC0001461,6,Credit,Visa,Standard,2018-08-31,2029-08-28,Blocked,1,Lost/Stolen
CD0001462,C001462,AC0001462,2,Debit,Amex,Platinum,2025-10-12,2026-05-06,Active,0,
CD0001463,C001463,AC0001463,5,Debit,Visa,Platinum,2019-12-17,2028-01-02,Active,0,
CD0001464,C001464,AC0001464,4,Debit,Mastercard,Business,2020-05-29,2027-01-14,Active,0,
CD0001465,C001465,AC0001465,2,Credit,Mastercard,Business,2019-09-17,2029-03-04,Active,0,
CD0001466,C001466,AC0001466,1,Debit,Mastercard,Standard,2025-02-17,2028-02-19,Active,0,
CD0001467,C001467,AC0001467,6,Debit,Visa,Gold,2025-03-06,2027-08-26,Expired,0,
CD0001468,C001468,AC0001468,10,Credit,Mastercard,Gold,2021-03-01,2026-03-31,Active,0,
CD0001469,C001469,AC0001469,2,Credit,Mastercard,Gold,2020-12-16,2029-11-26,Active,0,
CD0001470,C001470,AC0001470,5,Debit,Mastercard,Standard,2021-01-22,2026-01-01,Active,0,
CD0001471,C001471,AC0001471,3,Debit,Mastercard,Business,2019-04-24,2027-03-25,Active,0,
CD0001472,C001472,AC0001472,9,Debit,Visa,Gold,2019-08-27,2026-06-25,Active,0,
CD0001473,C001473,AC0001473,5,Debit,Mastercard,Standard,2025-04-21,2029-01-25,Active,0,
CD0001474,C001474,AC0001474,10,Credit,Visa,Gold,2019-08-01,2027-02-19,Active,0,
CD0001475,C001475,AC0001475,3,Debit,Amex,Business,2025-12-28,2029-08-08,Active,0,
CD0001476,C001476,AC0001476,1,Debit,Visa,Gold,2023-09-27,2029-05-26,Blocked,1,Security Block
CD0001477,C001477,AC0001477,6,Debit,Visa,Platinum,2025-07-08,2027-05-20,Active,0,
CD0001478,C001478,AC0001478,7,Debit,Visa,Business,2018-04-26,2028-01-20,Blocked,1,Fraud Suspected
CD0001479,C001479,AC0001479,10,Debit,Mastercard,Standard,2018-05-09,2028-08-02,Blocked,1,Security Block
CD0001480,C001480,AC0001480,9,Debit,Amex,Standard,2021-04-19,2029-10-28,Active,0,
CD0001481,C001481,AC0001481,9,Debit,Mastercard,Platinum,2023-02-15,2027-05-10,Active,0,
CD0001482,C001482,AC0001482,7,Credit,Visa,Business,2023-09-25,2026-03-09,Active,0,
CD0001483,C001483,AC0001483,4,Debit,Visa,Platinum,2024-05-03,2029-01-03,Active,0,
CD0001484,C001484,AC0001484,5,Credit,Mastercard,Gold,2025-08-29,2027-07-01,Blocked,1,Fraud Suspected
CD0001485,C001485,AC0001485,2,Credit,Visa,Platinum,2020-09-25,2029-11-11,Active,0,
CD0001486,C001486,AC0001486,5,Credit,Mastercard,Standard,2024-01-13,2026-08-03,Active,0,
CD0001487,C001487,AC0001487,4,Credit,Mastercard,Gold,2024-09-19,2027-08-03,Active,0,
CD0001488,C001488,AC0001488,1,Debit,Visa,Gold,2024-03-21,2030-05-07,Active,0,
CD0001489,C001489,AC0001489,3,Credit,Amex,Platinum,2025-05-25,2027-06-16,Active,0,
CD0001490,C001490,AC0001490,6,Debit,Mastercard,Platinum,2020-02-19,2029-04-23,Active,0,
CD0001491,C001491,AC0001491,4,Debit,Visa,Business,2021-09-13,2028-02-24,Active,0,
CD0001492,C001492,AC0001492,10,Debit,Visa,Standard,2022-12-25,2027-08-17,Active,0,
CD0001493,C001493,AC0001493,5,Debit,Visa,Business,2023-12-02,2029-05-10,Active,0,
CD0001494,C001494,AC0001494,10,Debit,Amex,Platinum,2018-01-28,2030-06-01,Active,0,
CD0001495,C001495,AC0001495,7,Debit,Mastercard,Gold,2023-03-29,2026-07-07,Active,0,
CD0001496,C001496,AC0001496,1,Credit,Visa,Platinum,2023-01-18,2029-09-10,Active,0,
CD0001497,C001497,AC0001497,3,Debit,Mastercard,Standard,2024-04-13,2030-02-28,Active,0,
CD0001498,C001498,AC0001498,8,Debit,Mastercard,Gold,2022-10-14,2029-05-20,Active,0,
CD0001499,C001499,AC0001499,6,Debit,Visa,Standard,2018-03-05,2028-05-10,Active,0,
CD0001500,C001500,AC0001500,4,Debit,Amex,Platinum,2020-12-01,2026-01-08,Active,0,
CD0001501,C001501,AC0001501,6,Debit,Visa,Platinum,2023-05-21,2027-05-24,Active,0,
CD0001502,C001502,AC0001502,10,Debit,Mastercard,Platinum,2021-05-23,2028-02-09,Blocked,1,Security Block
CD0001503,C001503,AC0001503,4,Debit,Amex,Gold,2020-04-21,2026-05-28,Active,0,
CD0001504,C001504,AC0001504,1,Debit,Mastercard,Standard,2020-05-28,2028-10-07,Active,0,
CD0001505,C001505,AC0001505,4,Credit,Mastercard,Standard,2021-05-23,2030-08-17,Blocked,1,Excessive Attempts
CD0001506,C001506,AC0001506,10,Debit,Amex,Platinum,2020-04-01,2027-01-08,Active,0,
CD0001507,C001507,AC0001507,8,Debit,Mastercard,Platinum,2021-01-14,2030-03-23,Blocked,1,Fraud Suspected
CD0001508,C001508,AC0001508,9,Credit,Mastercard,Business,2022-06-17,2029-09-10,Active,0,
CD0001509,C001509,AC0001509,10,Debit,Mastercard,Standard,2023-05-15,2030-01-06,Blocked,1,Security Block
CD0001510,C001510,AC0001510,2,Debit,Visa,Standard,2024-05-28,2029-02-02,Active,0,
CD0001511,C001511,AC0001511,3,Credit,Amex,Gold,2024-02-24,2028-12-15,Active,0,
CD0001512,C001512,AC0001512,1,Credit,Mastercard,Gold,2022-06-15,2026-10-27,Active,0,
CD0001513,C001513,AC0001513,1,Debit,Mastercard,Gold,2024-08-06,2029-11-24,Active,0,
CD0001514,C001514,AC0001514,9,Credit,Mastercard,Platinum,2022-06-01,2028-07-17,Active,0,
CD0001515,C001515,AC0001515,10,Credit,Mastercard,Business,2025-03-31,2029-12-16,Active,0,
CD0001516,C001516,AC0001516,2,Credit,Visa,Platinum,2022-04-27,2030-12-12,Active,0,
CD0001517,C001517,AC0001517,8,Debit,Mastercard,Standard,2020-08-23,2027-05-07,Active,0,
CD0001518,C001518,AC0001518,6,Credit,Mastercard,Platinum,2020-06-07,2028-06-19,Active,0,
CD0001519,C001519,AC0001519,1,Credit,Visa,Business,2019-05-10,2026-11-29,Active,0,
CD0001520,C001520,AC0001520,10,Debit,Amex,Platinum,2023-01-29,2030-01-01,Active,0,
CD0001521,C001521,AC0001521,9,Debit,Mastercard,Standard,2024-05-27,2028-11-25,Active,0,
CD0001522,C001522,AC0001522,6,Debit,Amex,Platinum,2022-07-29,2028-07-01,Active,0,
CD0001523,C001523,AC0001523,8,Debit,Visa,Business,2025-12-19,2027-09-21,Expired,0,
CD0001524,C001524,AC0001524,4,Debit,Visa,Standard,2018-04-06,2028-01-07,Active,0,
CD0001525,C001525,AC0001525,8,Debit,Mastercard,Business,2022-06-21,2030-04-07,Active,0,
CD0001526,C001526,AC0001526,5,Credit,Mastercard,Standard,2021-01-04,2027-06-13,Active,0,
CD0001527,C001527,AC0001527,10,Debit,Mastercard,Standard,2024-07-19,2028-01-23,Active,0,
CD0001528,C001528,AC0001528,1,Credit,Mastercard,Business,2019-05-08,2030-05-29,Blocked,1,Security Block
CD0001529,C001529,AC0001529,2,Credit,Visa,Business,2021-08-12,2026-12-03,Active,0,
CD0001530,C001530,AC0001530,10,Credit,Visa,Standard,2025-05-24,2029-12-23,Blocked,1,Security Block
CD0001531,C001531,AC0001531,3,Debit,Visa,Platinum,2025-08-21,2028-11-11,Active,0,
CD0001532,C001532,AC0001532,4,Debit,Visa,Business,2023-04-06,2030-01-25,Blocked,1,Lost/Stolen
CD0001533,C001533,AC0001533,8,Credit,Mastercard,Platinum,2020-12-21,2026-10-10,Blocked,1,Security Block
CD0001534,C001534,AC0001534,2,Debit,Mastercard,Standard,2025-07-20,2028-07-25,Active,0,
CD0001535,C001535,AC0001535,6,Credit,Mastercard,Gold,2022-06-01,2026-03-12,Active,0,
CD0001536,C001536,AC0001536,3,Debit,Mastercard,Standard,2019-12-22,2027-06-02,Active,0,
CD0001537,C001537,AC0001537,2,Debit,Visa,Standard,2023-10-29,2030-07-20,Active,0,
CD0001538,C001538,AC0001538,10,Debit,Visa,Gold,2021-08-04,2028-05-29,Expired,0,
CD0001539,C001539,AC0001539,2,Debit,Visa,Business,2018-08-05,2028-01-21,Active,0,
CD0001540,C001540,AC0001540,1,Credit,Mastercard,Gold,2022-01-19,2030-01-24,Active,0,
CD0001541,C001541,AC0001541,7,Debit,Amex,Business,2020-12-16,2030-11-27,Active,0,
CD0001542,C001542,AC0001542,9,Credit,Mastercard,Business,2018-03-07,2029-06-29,Active,0,
CD0001543,C001543,AC0001543,2,Debit,Visa,Platinum,2018-06-06,2028-09-16,Blocked,1,Fraud Suspected
CD0001544,C001544,AC0001544,8,Credit,Mastercard,Business,2019-09-07,2030-03-05,Active,0,
CD0001545,C001545,AC0001545,6,Credit,Visa,Business,2023-12-09,2027-10-08,Active,0,
CD0001546,C001546,AC0001546,9,Credit,Mastercard,Standard,2020-04-22,2029-11-24,Active,0,
CD0001547,C001547,AC0001547,2,Debit,Mastercard,Standard,2018-04-08,2030-02-02,Active,0,
CD0001548,C001548,AC0001548,10,Debit,Mastercard,Platinum,2025-02-20,2030-04-01,Active,0,
CD0001549,C001549,AC0001549,7,Debit,Mastercard,Standard,2022-07-04,2028-09-26,Active,0,
CD0001550,C001550,AC0001550,9,Debit,Mastercard,Platinum,2020-03-16,2026-10-20,Expired,0,
CD0001551,C001551,AC0001551,4,Credit,Mastercard,Gold,2022-01-22,2028-11-25,Active,0,
CD0001552,C001552,AC0001552,10,Debit,Mastercard,Platinum,2018-04-12,2028-12-02,Blocked,1,Security Block
CD0001553,C001553,AC0001553,7,Debit,Visa,Standard,2018-11-12,2026-05-04,Active,0,
CD0001554,C001554,AC0001554,2,Credit,Visa,Business,2018-01-20,2027-07-11,Active,0,
CD0001555,C001555,AC0001555,10,Credit,Visa,Platinum,2022-12-28,2028-11-07,Active,0,
CD0001556,C001556,AC0001556,8,Debit,Mastercard,Gold,2019-06-30,2029-05-22,Active,0,
CD0001557,C001557,AC0001557,4,Credit,Visa,Platinum,2025-07-03,2030-10-05,Active,0,
CD0001558,C001558,AC0001558,6,Debit,Visa,Business,2019-04-06,2026-12-08,Blocked,1,Security Block
CD0001559,C001559,AC0001559,4,Debit,Mastercard,Gold,2021-04-09,2027-11-01,Blocked,1,Security Block
CD0001560,C001560,AC0001560,6,Debit,Mastercard,Business,2018-10-27,2029-03-25,Active,0,
CD0001561,C001561,AC0001561,10,Debit,Mastercard,Gold,2025-07-23,2026-06-04,Active,0,
CD0001562,C001562,AC0001562,9,Credit,Mastercard,Standard,2022-08-01,2030-11-28,Active,0,
CD0001563,C001563,AC0001563,3,Credit,Visa,Platinum,2020-06-20,2027-01-17,Active,0,
CD0001564,C001564,AC0001564,10,Credit,Visa,Business,2018-05-23,2026-06-05,Blocked,1,Fraud Suspected
CD0001565,C001565,AC0001565,5,Credit,Mastercard,Platinum,2020-03-16,2030-10-26,Active,0,
CD0001566,C001566,AC0001566,8,Debit,Visa,Gold,2025-08-06,2027-09-18,Active,0,
CD0001567,C001567,AC0001567,8,Credit,Mastercard,Business,2025-11-19,2029-10-29,Active,0,
CD0001568,C001568,AC0001568,5,Credit,Amex,Platinum,2022-07-31,2026-07-17,Active,0,
CD0001569,C001569,AC0001569,5,Credit,Mastercard,Standard,2021-08-22,2028-10-21,Blocked,1,Security Block
CD0001570,C001570,AC0001570,5,Debit,Visa,Business,2024-02-20,2029-03-29,Active,0,
CD0001571,C001571,AC0001571,9,Credit,Visa,Gold,2023-09-14,2030-11-28,Active,0,
CD0001572,C001572,AC0001572,4,Debit,Visa,Business,2021-11-03,2030-12-03,Active,0,
CD0001573,C001573,AC0001573,3,Debit,Visa,Standard,2024-10-25,2027-06-27,Active,0,
CD0001574,C001574,AC0001574,4,Debit,Mastercard,Gold,2020-02-17,2028-12-12,Active,0,
CD0001575,C001575,AC0001575,2,Credit,Amex,Gold,2024-02-03,2028-04-05,Active,0,
CD0001576,C001576,AC0001576,4,Debit,Visa,Platinum,2023-08-23,2030-03-10,Active,0,
CD0001577,C001577,AC0001577,2,Debit,Visa,Standard,2021-08-20,2030-12-03,Active,0,
CD0001578,C001578,AC0001578,1,Debit,Mastercard,Gold,2023-08-27,2027-10-17,Active,0,
CD0001579,C001579,AC0001579,8,Credit,Mastercard,Standard,2024-07-16,2028-09-04,Active,0,
CD0001580,C001580,AC0001580,1,Debit,Mastercard,Gold,2025-03-02,2027-08-29,Active,0,
CD0001581,C001581,AC0001581,6,Debit,Visa,Business,2021-12-11,2027-02-04,Active,0,
CD0001582,C001582,AC0001582,8,Debit,Mastercard,Standard,2022-03-29,2028-09-28,Active,0,
CD0001583,C001583,AC0001583,8,Debit,Mastercard,Gold,2018-12-04,2026-12-09,Active,0,
CD0001584,C001584,AC0001584,5,Debit,Visa,Standard,2021-12-02,2029-05-15,Blocked,1,Security Block
CD0001585,C001585,AC0001585,2,Credit,Visa,Business,2023-08-12,2029-06-07,Expired,0,
CD0001586,C001586,AC0001586,10,Credit,Visa,Platinum,2018-02-24,2029-05-15,Active,0,
CD0001587,C001587,AC0001587,9,Debit,Visa,Gold,2023-08-28,2028-03-10,Blocked,1,Excessive Attempts
CD0001588,C001588,AC0001588,7,Debit,Visa,Platinum,2018-12-21,2028-02-18,Active,0,
CD0001589,C001589,AC0001589,1,Debit,Mastercard,Platinum,2023-01-06,2029-08-17,Active,0,
CD0001590,C001590,AC0001590,1,Debit,Amex,Standard,2025-08-18,2029-10-09,Active,0,
CD0001591,C001591,AC0001591,4,Debit,Visa,Standard,2023-09-04,2030-07-17,Active,0,
CD0001592,C001592,AC0001592,2,Debit,Mastercard,Standard,2022-05-04,2028-07-02,Active,0,
CD0001593,C001593,AC0001593,9,Debit,Visa,Gold,2024-01-28,2026-07-04,Active,0,
CD0001594,C001594,AC0001594,3,Debit,Amex,Business,2021-08-07,2030-07-16,Active,0,
CD0001595,C001595,AC0001595,3,Credit,Mastercard,Gold,2018-01-02,2030-03-05,Active,0,
CD0001596,C001596,AC0001596,10,Debit,Visa,Standard,2021-12-04,2028-08-29,Blocked,1,Security Block
CD0001597,C001597,AC0001597,9,Debit,Mastercard,Business,2021-09-14,2028-12-15,Active,0,
CD0001598,C001598,AC0001598,3,Debit,Visa,Gold,2021-09-25,2028-09-06,Active,0,
CD0001599,C001599,AC0001599,4,Debit,Mastercard,Platinum,2020-03-15,2030-03-23,Active,0,
CD0001600,C001600,AC0001600,6,Debit,Mastercard,Business,2021-08-26,2029-07-22,Blocked,1,Security Block
CD0001601,C001601,AC0001601,7,Credit,Amex,Standard,2023-02-09,2028-04-22,Active,0,
CD0001602,C001602,AC0001602,10,Credit,Mastercard,Business,2023-11-18,2027-07-28,Active,0,
CD0001603,C001603,AC0001603,9,Credit,Mastercard,Platinum,2025-03-06,2029-11-26,Active,0,
CD0001604,C001604,AC0001604,10,Credit,Visa,Business,2023-01-29,2028-08-19,Active,0,
CD0001605,C001605,AC0001605,1,Debit,Visa,Standard,2018-03-21,2026-06-16,Active,0,
CD0001606,C001606,AC0001606,3,Debit,Visa,Business,2021-08-04,2026-05-28,Active,0,
CD0001607,C001607,AC0001607,6,Debit,Mastercard,Business,2024-04-06,2026-11-18,Active,0,
CD0001608,C001608,AC0001608,1,Credit,Visa,Gold,2023-01-31,2027-12-14,Active,0,
CD0001609,C001609,AC0001609,4,Credit,Visa,Standard,2023-08-13,2029-05-27,Active,0,
CD0001610,C001610,AC0001610,2,Debit,Visa,Standard,2025-01-31,2029-05-25,Active,0,
CD0001611,C001611,AC0001611,10,Debit,Visa,Platinum,2022-06-04,2028-11-10,Active,0,
CD0001612,C001612,AC0001612,1,Credit,Mastercard,Standard,2022-09-29,2030-05-18,Active,0,
CD0001613,C001613,AC0001613,2,Debit,Visa,Business,2025-07-04,2026-07-30,Active,0,
CD0001614,C001614,AC0001614,2,Debit,Amex,Platinum,2020-01-23,2028-08-02,Active,0,
CD0001615,C001615,AC0001615,2,Credit,Visa,Business,2019-03-09,2028-02-02,Active,0,
CD0001616,C001616,AC0001616,6,Credit,Mastercard,Gold,2021-08-30,2027-06-25,Expired,0,
CD0001617,C001617,AC0001617,4,Debit,Amex,Business,2018-08-05,2026-01-27,Active,0,
CD0001618,C001618,AC0001618,10,Debit,Visa,Gold,2024-04-30,2026-03-05,Active,0,
CD0001619,C001619,AC0001619,3,Debit,Mastercard,Standard,2018-09-26,2030-04-14,Blocked,1,Lost/Stolen
CD0001620,C001620,AC0001620,6,Debit,Mastercard,Gold,2025-01-29,2028-02-05,Active,0,
CD0001621,C001621,AC0001621,7,Debit,Visa,Gold,2019-04-08,2030-06-02,Active,0,
CD0001622,C001622,AC0001622,7,Credit,Visa,Standard,2024-06-01,2026-07-08,Blocked,1,Lost/Stolen
CD0001623,C001623,AC0001623,8,Debit,Amex,Gold,2024-05-18,2026-08-20,Active,0,
CD0001624,C001624,AC0001624,3,Debit,Mastercard,Platinum,2023-08-12,2029-12-28,Active,0,
CD0001625,C001625,AC0001625,6,Credit,Mastercard,Business,2025-12-02,2027-09-17,Active,0,
CD0001626,C001626,AC0001626,9,Debit,Visa,Platinum,2024-04-06,2030-08-23,Blocked,1,Security Block
CD0001627,C001627,AC0001627,9,Debit,Mastercard,Business,2019-06-20,2026-12-20,Active,0,
CD0001628,C001628,AC0001628,7,Credit,Visa,Gold,2021-08-08,2028-04-27,Active,0,
CD0001629,C001629,AC0001629,7,Debit,Mastercard,Business,2024-11-29,2029-05-11,Active,0,
CD0001630,C001630,AC0001630,9,Credit,Mastercard,Gold,2023-12-24,2030-10-31,Active,0,
CD0001631,C001631,AC0001631,7,Debit,Mastercard,Platinum,2023-08-30,2029-06-02,Active,0,
CD0001632,C001632,AC0001632,10,Debit,Mastercard,Standard,2025-08-15,2030-01-24,Active,0,
CD0001633,C001633,AC0001633,2,Credit,Visa,Standard,2023-11-22,2029-06-20,Active,0,
CD0001634,C001634,AC0001634,4,Debit,Mastercard,Business,2019-12-16,2028-04-19,Active,0,
CD0001635,C001635,AC0001635,2,Debit,Mastercard,Business,2019-09-14,2028-11-27,Active,0,
CD0001636,C001636,AC0001636,1,Debit,Amex,Gold,2022-10-15,2027-09-24,Active,0,
CD0001637,C001637,AC0001637,5,Credit,Visa,Platinum,2018-09-16,2027-05-17,Active,0,
CD0001638,C001638,AC0001638,3,Debit,Mastercard,Platinum,2025-07-24,2029-07-06,Active,0,
CD0001639,C001639,AC0001639,5,Credit,Visa,Business,2019-10-14,2030-07-03,Active,0,
CD0001640,C001640,AC0001640,5,Credit,Mastercard,Business,2023-10-02,2027-01-19,Active,0,
CD0001641,C001641,AC0001641,7,Debit,Visa,Gold,2021-11-07,2029-07-30,Blocked,1,Excessive Attempts
CD0001642,C001642,AC0001642,10,Credit,Visa,Standard,2025-06-06,2030-09-18,Active,0,
CD0001643,C001643,AC0001643,9,Debit,Visa,Standard,2023-01-11,2028-01-19,Active,0,
CD0001644,C001644,AC0001644,4,Debit,Amex,Platinum,2019-03-13,2030-11-29,Active,0,
CD0001645,C001645,AC0001645,4,Credit,Visa,Standard,2024-05-02,2027-04-22,Blocked,1,Excessive Attempts
CD0001646,C001646,AC0001646,8,Debit,Mastercard,Business,2025-12-18,2027-03-18,Active,0,
CD0001647,C001647,AC0001647,2,Credit,Mastercard,Platinum,2022-03-03,2028-05-10,Active,0,
CD0001648,C001648,AC0001648,6,Credit,Mastercard,Platinum,2025-05-09,2026-01-17,Active,0,
CD0001649,C001649,AC0001649,5,Debit,Visa,Business,2020-02-29,2028-03-17,Active,0,
CD0001650,C001650,AC0001650,2,Debit,Mastercard,Business,2024-12-15,2027-01-29,Active,0,
CD0001651,C001651,AC0001651,7,Debit,Visa,Standard,2019-04-02,2029-08-21,Active,0,
CD0001652,C001652,AC0001652,4,Debit,Visa,Business,2021-09-18,2029-05-29,Active,0,
CD0001653,C001653,AC0001653,2,Credit,Mastercard,Platinum,2023-04-29,2028-11-15,Active,0,
CD0001654,C001654,AC0001654,7,Credit,Mastercard,Gold,2024-04-13,2029-07-22,Active,0,
CD0001655,C001655,AC0001655,2,Credit,Mastercard,Platinum,2023-11-27,2027-05-05,Active,0,
CD0001656,C001656,AC0001656,7,Debit,Visa,Gold,2020-12-20,2030-11-27,Blocked,1,Security Block
CD0001657,C001657,AC0001657,2,Debit,Visa,Platinum,2021-07-23,2029-03-02,Expired,0,
CD0001658,C001658,AC0001658,5,Debit,Mastercard,Standard,2021-01-01,2028-02-04,Active,0,
CD0001659,C001659,AC0001659,9,Debit,Mastercard,Standard,2023-12-25,2028-09-15,Active,0,
CD0001660,C001660,AC0001660,3,Debit,Visa,Standard,2023-02-18,2026-10-29,Active,0,
CD0001661,C001661,AC0001661,8,Debit,Mastercard,Standard,2022-11-18,2026-02-25,Active,0,
CD0001662,C001662,AC0001662,8,Debit,Visa,Platinum,2022-09-02,2026-02-28,Active,0,
CD0001663,C001663,AC0001663,10,Credit,Mastercard,Platinum,2025-04-24,2029-11-26,Blocked,1,Security Block
CD0001664,C001664,AC0001664,2,Credit,Mastercard,Standard,2019-01-17,2030-04-12,Active,0,
CD0001665,C001665,AC0001665,8,Debit,Visa,Platinum,2024-10-16,2027-01-29,Active,0,
CD0001666,C001666,AC0001666,10,Debit,Mastercard,Standard,2019-09-19,2030-03-14,Blocked,1,Security Block
CD0001667,C001667,AC0001667,8,Debit,Amex,Business,2019-11-03,2027-06-23,Active,0,
CD0001668,C001668,AC0001668,2,Debit,Visa,Business,2022-03-27,2026-04-15,Active,0,
CD0001669,C001669,AC0001669,9,Debit,Visa,Standard,2019-09-09,2027-01-14,Active,0,
CD0001670,C001670,AC0001670,2,Debit,Mastercard,Platinum,2022-01-23,2026-04-18,Active,0,
CD0001671,C001671,AC0001671,6,Debit,Visa,Gold,2019-06-16,2027-12-21,Active,0,
CD0001672,C001672,AC0001672,5,Credit,Mastercard,Standard,2020-08-12,2030-03-21,Active,0,
CD0001673,C001673,AC0001673,6,Credit,Visa,Business,2019-10-03,2029-04-10,Active,0,
CD0001674,C001674,AC0001674,6,Debit,Mastercard,Standard,2019-03-26,2027-02-07,Blocked,1,Security Block
CD0001675,C001675,AC0001675,1,Debit,Mastercard,Standard,2021-06-27,2029-03-11,Active,0,
CD0001676,C001676,AC0001676,6,Debit,Mastercard,Platinum,2025-09-22,2030-08-05,Active,0,
CD0001677,C001677,AC0001677,10,Credit,Mastercard,Business,2021-08-10,2030-07-07,Active,0,
CD0001678,C001678,AC0001678,5,Credit,Visa,Business,2025-04-06,2029-09-03,Active,0,
CD0001679,C001679,AC0001679,3,Credit,Visa,Gold,2022-03-22,2028-10-16,Active,0,
CD0001680,C001680,AC0001680,10,Debit,Mastercard,Standard,2018-09-01,2030-12-20,Active,0,
CD0001681,C001681,AC0001681,1,Debit,Mastercard,Platinum,2020-03-13,2029-05-08,Active,0,
CD0001682,C001682,AC0001682,5,Debit,Amex,Platinum,2025-03-23,2028-08-20,Active,0,
CD0001683,C001683,AC0001683,6,Debit,Visa,Gold,2021-12-30,2030-06-17,Active,0,
CD0001684,C001684,AC0001684,5,Debit,Visa,Gold,2022-02-12,2027-01-29,Active,0,
CD0001685,C001685,AC0001685,10,Debit,Visa,Standard,2023-11-29,2027-08-29,Active,0,
CD0001686,C001686,AC0001686,5,Debit,Amex,Gold,2020-07-31,2026-03-16,Blocked,1,Security Block
CD0001687,C001687,AC0001687,10,Debit,Visa,Business,2019-03-24,2029-05-15,Active,0,
CD0001688,C001688,AC0001688,1,Debit,Visa,Platinum,2019-08-20,2027-08-23,Active,0,
CD0001689,C001689,AC0001689,8,Credit,Visa,Gold,2023-05-15,2026-12-08,Active,0,
CD0001690,C001690,AC0001690,6,Debit,Mastercard,Standard,2020-04-13,2028-10-12,Blocked,1,Fraud Suspected
CD0001691,C001691,AC0001691,3,Debit,Visa,Platinum,2025-10-05,2026-04-10,Blocked,1,Security Block
CD0001692,C001692,AC0001692,3,Credit,Visa,Business,2024-02-13,2028-06-09,Active,0,
CD0001693,C001693,AC0001693,8,Debit,Visa,Gold,2019-03-08,2030-01-29,Active,0,
CD0001694,C001694,AC0001694,7,Debit,Mastercard,Standard,2018-03-08,2026-01-16,Blocked,1,Security Block
CD0001695,C001695,AC0001695,7,Debit,Mastercard,Standard,2021-06-28,2027-04-15,Active,0,
CD0001696,C001696,AC0001696,1,Credit,Visa,Business,2022-07-15,2026-08-31,Active,0,
CD0001697,C001697,AC0001697,6,Debit,Mastercard,Platinum,2022-08-08,2028-07-30,Active,0,
CD0001698,C001698,AC0001698,10,Debit,Mastercard,Standard,2018-02-22,2027-02-24,Active,0,
CD0001699,C001699,AC0001699,1,Debit,Visa,Platinum,2022-11-27,2026-08-10,Active,0,
CD0001700,C001700,AC0001700,5,Credit,Mastercard,Standard,2025-12-28,2026-05-29,Blocked,1,Security Block
CD0001701,C001701,AC0001701,5,Credit,Visa,Standard,2021-02-27,2026-09-27,Active,0,
CD0001702,C001702,AC0001702,9,Debit,Visa,Gold,2020-07-06,2027-05-26,Active,0,
CD0001703,C001703,AC0001703,3,Debit,Mastercard,Gold,2019-02-11,2029-03-02,Expired,0,
CD0001704,C001704,AC0001704,5,Credit,Mastercard,Gold,2019-07-03,2027-03-11,Active,0,
CD0001705,C001705,AC0001705,8,Debit,Visa,Standard,2018-03-18,2029-02-09,Active,0,
CD0001706,C001706,AC0001706,1,Debit,Mastercard,Platinum,2022-05-10,2029-03-06,Active,0,
CD0001707,C001707,AC0001707,9,Debit,Visa,Platinum,2024-03-16,2026-12-09,Active,0,
CD0001708,C001708,AC0001708,9,Debit,Visa,Standard,2024-12-06,2026-06-22,Blocked,1,Security Block
CD0001709,C001709,AC0001709,8,Debit,Mastercard,Gold,2019-10-26,2030-12-11,Active,0,
CD0001710,C001710,AC0001710,7,Credit,Visa,Platinum,2025-07-17,2029-07-14,Active,0,
CD0001711,C001711,AC0001711,8,Debit,Visa,Gold,2024-07-17,2026-11-05,Active,0,
CD0001712,C001712,AC0001712,8,Debit,Mastercard,Business,2021-01-10,2028-11-14,Blocked,1,Security Block
CD0001713,C001713,AC0001713,10,Debit,Mastercard,Platinum,2024-08-17,2030-11-07,Active,0,
CD0001714,C001714,AC0001714,5,Debit,Visa,Business,2019-05-18,2028-02-14,Active,0,
CD0001715,C001715,AC0001715,5,Debit,Visa,Standard,2018-12-19,2026-07-24,Active,0,
CD0001716,C001716,AC0001716,7,Debit,Visa,Platinum,2018-10-03,2028-06-09,Active,0,
CD0001717,C001717,AC0001717,2,Debit,Amex,Business,2024-06-16,2027-04-27,Active,0,
CD0001718,C001718,AC0001718,9,Credit,Mastercard,Standard,2024-12-14,2027-12-21,Active,0,
CD0001719,C001719,AC0001719,8,Debit,Visa,Standard,2024-05-08,2028-10-25,Active,0,
CD0001720,C001720,AC0001720,7,Debit,Mastercard,Platinum,2023-11-04,2026-11-04,Active,0,
CD0001721,C001721,AC0001721,4,Credit,Visa,Standard,2022-04-17,2030-03-18,Active,0,
CD0001722,C001722,AC0001722,4,Credit,Mastercard,Gold,2024-12-29,2030-02-28,Active,0,
CD0001723,C001723,AC0001723,5,Credit,Visa,Platinum,2025-11-13,2027-08-30,Active,0,
CD0001724,C001724,AC0001724,7,Credit,Visa,Standard,2024-12-29,2028-10-11,Active,0,
CD0001725,C001725,AC0001725,8,Credit,Visa,Platinum,2018-03-24,2027-10-04,Active,0,
CD0001726,C001726,AC0001726,7,Debit,Mastercard,Platinum,2019-09-10,2030-07-23,Active,0,
CD0001727,C001727,AC0001727,10,Debit,Visa,Platinum,2024-04-02,2029-09-26,Active,0,
CD0001728,C001728,AC0001728,10,Credit,Visa,Platinum,2022-04-05,2029-06-20,Active,0,
CD0001729,C001729,AC0001729,8,Credit,Visa,Gold,2020-03-20,2029-07-30,Active,0,
CD0001730,C001730,AC0001730,4,Debit,Mastercard,Gold,2022-08-17,2028-09-26,Active,0,
CD0001731,C001731,AC0001731,6,Credit,Mastercard,Platinum,2025-07-08,2030-12-16,Active,0,
CD0001732,C001732,AC0001732,5,Credit,Mastercard,Business,2023-12-12,2026-08-06,Blocked,1,Lost/Stolen
CD0001733,C001733,AC0001733,7,Credit,Mastercard,Platinum,2018-10-16,2029-03-11,Blocked,1,Lost/Stolen
CD0001734,C001734,AC0001734,9,Debit,Visa,Platinum,2020-03-16,2028-01-04,Active,0,
CD0001735,C001735,AC0001735,4,Credit,Amex,Standard,2022-08-05,2030-12-17,Active,0,
CD0001736,C001736,AC0001736,6,Credit,Mastercard,Platinum,2019-12-06,2028-10-01,Active,0,
CD0001737,C001737,AC0001737,1,Debit,Amex,Business,2018-04-10,2029-06-18,Active,0,
CD0001738,C001738,AC0001738,8,Debit,Visa,Platinum,2025-01-25,2026-01-17,Blocked,1,Security Block
CD0001739,C001739,AC0001739,5,Credit,Amex,Standard,2019-05-10,2026-04-20,Active,0,
CD0001740,C001740,AC0001740,5,Debit,Mastercard,Business,2020-11-03,2028-07-15,Active,0,
CD0001741,C001741,AC0001741,6,Debit,Mastercard,Business,2025-03-01,2029-09-15,Active,0,
CD0001742,C001742,AC0001742,3,Debit,Visa,Standard,2018-09-15,2030-11-11,Blocked,1,Lost/Stolen
CD0001743,C001743,AC0001743,6,Debit,Visa,Platinum,2020-10-23,2030-07-01,Active,0,
CD0001744,C001744,AC0001744,8,Debit,Mastercard,Platinum,2019-01-02,2026-08-04,Blocked,1,Excessive Attempts
CD0001745,C001745,AC0001745,4,Debit,Mastercard,Standard,2021-02-05,2028-04-03,Active,0,
CD0001746,C001746,AC0001746,2,Debit,Mastercard,Gold,2024-05-28,2026-04-16,Active,0,
CD0001747,C001747,AC0001747,4,Debit,Visa,Business,2021-01-21,2029-08-28,Active,0,
CD0001748,C001748,AC0001748,2,Debit,Mastercard,Platinum,2023-02-21,2027-03-16,Blocked,1,Lost/Stolen
CD0001749,C001749,AC0001749,4,Debit,Visa,Gold,2024-09-30,2028-08-15,Active,0,
CD0001750,C001750,AC0001750,7,Debit,Mastercard,Platinum,2019-09-24,2026-09-22,Active,0,
CD0001751,C001751,AC0001751,2,Debit,Visa,Standard,2018-04-19,2029-07-15,Active,0,
CD0001752,C001752,AC0001752,8,Debit,Visa,Gold,2024-04-02,2028-03-13,Active,0,
CD0001753,C001753,AC0001753,3,Debit,Mastercard,Business,2023-11-05,2030-03-11,Active,0,
CD0001754,C001754,AC0001754,9,Debit,Mastercard,Business,2023-10-02,2029-03-25,Active,0,
CD0001755,C001755,AC0001755,8,Debit,Mastercard,Platinum,2024-12-29,2026-01-20,Active,0,
CD0001756,C001756,AC0001756,3,Credit,Visa,Standard,2025-05-12,2029-01-10,Active,0,
CD0001757,C001757,AC0001757,6,Debit,Visa,Gold,2025-01-23,2028-07-06,Active,0,
CD0001758,C001758,AC0001758,2,Debit,Visa,Platinum,2024-03-08,2028-12-06,Active,0,
CD0001759,C001759,AC0001759,1,Debit,Visa,Gold,2021-11-06,2026-12-20,Active,0,
CD0001760,C001760,AC0001760,10,Credit,Visa,Business,2020-06-15,2027-09-08,Active,0,
CD0001761,C001761,AC0001761,9,Debit,Mastercard,Standard,2022-12-12,2029-07-16,Active,0,
CD0001762,C001762,AC0001762,2,Debit,Mastercard,Platinum,2020-02-08,2028-03-15,Active,0,
CD0001763,C001763,AC0001763,3,Debit,Mastercard,Platinum,2023-07-17,2030-02-23,Active,0,
CD0001764,C001764,AC0001764,2,Credit,Visa,Business,2021-03-17,2026-02-07,Active,0,
CD0001765,C001765,AC0001765,4,Debit,Mastercard,Business,2024-05-23,2027-09-08,Active,0,
CD0001766,C001766,AC0001766,3,Credit,Amex,Business,2019-05-13,2030-12-16,Blocked,1,Security Block
CD0001767,C001767,AC0001767,4,Debit,Visa,Standard,2022-03-17,2028-05-30,Active,0,
CD0001768,C001768,AC0001768,6,Debit,Mastercard,Business,2025-07-08,2030-10-08,Active,0,
CD0001769,C001769,AC0001769,2,Debit,Mastercard,Business,2025-07-30,2027-11-24,Active,0,
CD0001770,C001770,AC0001770,9,Debit,Mastercard,Standard,2024-06-13,2027-03-10,Active,0,
CD0001771,C001771,AC0001771,8,Credit,Mastercard,Standard,2018-09-28,2030-09-10,Blocked,1,Fraud Suspected
CD0001772,C001772,AC0001772,8,Debit,Visa,Gold,2021-06-11,2026-08-18,Blocked,1,Security Block
CD0001773,C001773,AC0001773,2,Credit,Mastercard,Platinum,2022-03-24,2027-09-23,Active,0,
CD0001774,C001774,AC0001774,8,Debit,Mastercard,Standard,2021-10-05,2029-06-06,Active,0,
CD0001775,C001775,AC0001775,9,Debit,Mastercard,Standard,2019-07-05,2029-03-27,Active,0,
CD0001776,C001776,AC0001776,2,Debit,Mastercard,Platinum,2025-12-12,2030-02-15,Active,0,
CD0001777,C001777,AC0001777,8,Credit,Mastercard,Platinum,2021-06-22,2027-07-25,Active,0,
CD0001778,C001778,AC0001778,4,Credit,Visa,Platinum,2018-08-09,2027-11-26,Active,0,
CD0001779,C001779,AC0001779,8,Debit,Mastercard,Business,2018-01-24,2028-06-04,Blocked,1,Security Block
CD0001780,C001780,AC0001780,5,Debit,Mastercard,Standard,2019-12-13,2028-04-29,Active,0,
CD0001781,C001781,AC0001781,9,Debit,Visa,Gold,2018-12-06,2028-09-03,Active,0,
CD0001782,C001782,AC0001782,2,Credit,Visa,Gold,2024-01-13,2026-12-10,Blocked,1,Security Block
CD0001783,C001783,AC0001783,4,Credit,Visa,Business,2022-02-17,2030-11-09,Blocked,1,Security Block
CD0001784,C001784,AC0001784,3,Credit,Visa,Platinum,2024-03-14,2026-11-18,Active,0,
CD0001785,C001785,AC0001785,3,Credit,Mastercard,Gold,2020-10-18,2028-09-25,Active,0,
CD0001786,C001786,AC0001786,4,Credit,Mastercard,Business,2022-12-01,2028-11-13,Active,0,
CD0001787,C001787,AC0001787,4,Credit,Amex,Platinum,2021-02-11,2028-06-02,Active,0,
CD0001788,C001788,AC0001788,2,Debit,Visa,Gold,2024-09-16,2027-04-14,Blocked,1,Security Block
CD0001789,C001789,AC0001789,8,Credit,Visa,Gold,2025-01-11,2026-08-25,Active,0,
CD0001790,C001790,AC0001790,6,Credit,Visa,Standard,2019-05-26,2029-04-28,Active,0,
CD0001791,C001791,AC0001791,9,Debit,Mastercard,Business,2018-08-14,2026-12-25,Active,0,
CD0001792,C001792,AC0001792,8,Debit,Amex,Platinum,2019-07-20,2029-10-17,Active,0,
CD0001793,C001793,AC0001793,2,Debit,Visa,Standard,2020-08-12,2029-08-20,Blocked,1,Security Block
CD0001794,C001794,AC0001794,1,Debit,Visa,Business,2019-03-15,2028-08-26,Active,0,
CD0001795,C001795,AC0001795,5,Credit,Visa,Standard,2020-12-12,2026-10-12,Active,0,
CD0001796,C001796,AC0001796,5,Credit,Visa,Platinum,2025-06-29,2030-06-18,Blocked,1,Security Block
CD0001797,C001797,AC0001797,3,Debit,Visa,Standard,2020-05-26,2029-09-04,Active,0,
CD0001798,C001798,AC0001798,8,Debit,Mastercard,Business,2018-06-07,2028-07-04,Active,0,
CD0001799,C001799,AC0001799,6,Credit,Visa,Gold,2021-04-16,2030-07-03,Active,0,
CD0001800,C001800,AC0001800,8,Debit,Mastercard,Standard,2024-08-10,2029-04-29,Blocked,1,Fraud Suspected
CD0001801,C001801,AC0001801,2,Debit,Visa,Gold,2023-10-04,2030-04-02,Active,0,
CD0001802,C001802,AC0001802,9,Debit,Visa,Gold,2019-02-05,2030-05-14,Active,0,
CD0001803,C001803,AC0001803,3,Credit,Amex,Platinum,2025-07-07,2030-09-24,Active,0,
CD0001804,C001804,AC0001804,5,Debit,Amex,Business,2020-04-14,2027-12-30,Active,0,
CD0001805,C001805,AC0001805,5,Credit,Visa,Business,2022-04-02,2030-03-13,Active,0,
CD0001806,C001806,AC0001806,9,Debit,Visa,Standard,2023-03-14,2030-11-18,Active,0,
CD0001807,C001807,AC0001807,3,Debit,Visa,Gold,2019-02-19,2030-10-05,Blocked,1,Fraud Suspected
CD0001808,C001808,AC0001808,3,Credit,Mastercard,Business,2023-05-31,2028-01-31,Active,0,
CD0001809,C001809,AC0001809,4,Debit,Mastercard,Business,2020-04-03,2027-04-09,Active,0,
CD0001810,C001810,AC0001810,4,Debit,Visa,Platinum,2020-01-06,2030-08-19,Blocked,1,Fraud Suspected
CD0001811,C001811,AC0001811,2,Debit,Mastercard,Standard,2018-07-15,2029-05-10,Active,0,
CD0001812,C001812,AC0001812,2,Credit,Visa,Platinum,2021-07-15,2029-03-08,Active,0,
CD0001813,C001813,AC0001813,3,Debit,Mastercard,Standard,2020-01-20,2030-09-14,Blocked,1,Security Block
CD0001814,C001814,AC0001814,5,Debit,Mastercard,Platinum,2025-09-21,2027-01-17,Active,0,
CD0001815,C001815,AC0001815,4,Debit,Mastercard,Business,2024-09-11,2030-01-15,Active,0,
CD0001816,C001816,AC0001816,4,Debit,Visa,Gold,2025-06-27,2026-03-18,Blocked,1,Fraud Suspected
CD0001817,C001817,AC0001817,8,Debit,Visa,Standard,2023-02-03,2027-05-20,Blocked,1,Lost/Stolen
CD0001818,C001818,AC0001818,3,Debit,Visa,Gold,2021-04-06,2026-08-25,Active,0,
CD0001819,C001819,AC0001819,10,Debit,Mastercard,Gold,2019-06-16,2030-12-14,Active,0,
CD0001820,C001820,AC0001820,8,Debit,Mastercard,Platinum,2021-05-29,2028-09-18,Active,0,
CD0001821,C001821,AC0001821,2,Credit,Visa,Standard,2023-02-14,2028-11-22,Expired,0,
CD0001822,C001822,AC0001822,4,Credit,Visa,Platinum,2019-10-20,2026-09-29,Active,0,
CD0001823,C001823,AC0001823,2,Debit,Mastercard,Platinum,2024-05-19,2028-02-20,Active,0,
CD0001824,C001824,AC0001824,3,Credit,Visa,Gold,2025-02-06,2029-08-13,Active,0,
CD0001825,C001825,AC0001825,4,Debit,Visa,Standard,2019-04-14,2028-07-21,Blocked,1,Security Block
CD0001826,C001826,AC0001826,2,Debit,Visa,Standard,2025-06-06,2028-03-17,Active,0,
CD0001827,C001827,AC0001827,1,Credit,Visa,Standard,2020-08-22,2030-01-30,Active,0,
CD0001828,C001828,AC0001828,5,Debit,Mastercard,Platinum,2019-09-19,2029-08-03,Active,0,
CD0001829,C001829,AC0001829,8,Credit,Visa,Standard,2025-10-17,2027-08-15,Active,0,
CD0001830,C001830,AC0001830,4,Credit,Visa,Gold,2023-05-16,2029-04-14,Active,0,
CD0001831,C001831,AC0001831,9,Debit,Visa,Standard,2022-06-06,2028-03-13,Active,0,
CD0001832,C001832,AC0001832,4,Debit,Mastercard,Gold,2022-02-28,2027-02-04,Blocked,1,Fraud Suspected
CD0001833,C001833,AC0001833,10,Debit,Mastercard,Platinum,2021-05-06,2028-09-08,Active,0,
CD0001834,C001834,AC0001834,3,Credit,Visa,Business,2022-07-29,2027-11-14,Active,0,
CD0001835,C001835,AC0001835,6,Debit,Visa,Standard,2018-08-16,2028-06-02,Active,0,
CD0001836,C001836,AC0001836,8,Debit,Visa,Business,2025-07-25,2030-08-28,Active,0,
CD0001837,C001837,AC0001837,1,Debit,Mastercard,Standard,2023-06-25,2027-11-22,Active,0,
CD0001838,C001838,AC0001838,10,Credit,Mastercard,Gold,2020-10-04,2028-09-01,Expired,0,
CD0001839,C001839,AC0001839,4,Debit,Amex,Business,2019-02-13,2027-04-02,Active,0,
CD0001840,C001840,AC0001840,5,Debit,Visa,Platinum,2022-10-27,2026-04-19,Blocked,1,Lost/Stolen
CD0001841,C001841,AC0001841,7,Credit,Visa,Gold,2019-09-07,2029-08-31,Active,0,
CD0001842,C001842,AC0001842,7,Debit,Mastercard,Platinum,2023-06-26,2027-04-30,Active,0,
CD0001843,C001843,AC0001843,1,Debit,Visa,Standard,2025-03-08,2029-09-26,Active,0,
CD0001844,C001844,AC0001844,9,Debit,Amex,Standard,2022-08-16,2030-02-02,Expired,0,
CD0001845,C001845,AC0001845,7,Debit,Mastercard,Gold,2020-04-11,2028-04-27,Active,0,
CD0001846,C001846,AC0001846,10,Debit,Mastercard,Business,2019-04-10,2026-02-14,Active,0,
CD0001847,C001847,AC0001847,5,Debit,Mastercard,Standard,2018-03-07,2030-06-29,Active,0,
CD0001848,C001848,AC0001848,7,Debit,Mastercard,Business,2021-01-04,2026-12-19,Active,0,
CD0001849,C001849,AC0001849,5,Credit,Visa,Platinum,2021-04-10,2026-12-28,Active,0,
CD0001850,C001850,AC0001850,9,Credit,Mastercard,Standard,2019-01-03,2027-10-17,Blocked,1,Security Block
CD0001851,C001851,AC0001851,9,Debit,Mastercard,Business,2020-04-28,2029-01-05,Active,0,
CD0001852,C001852,AC0001852,10,Credit,Mastercard,Gold,2023-03-04,2026-05-03,Blocked,1,Fraud Suspected
CD0001853,C001853,AC0001853,6,Credit,Visa,Business,2023-03-27,2028-01-13,Active,0,
CD0001854,C001854,AC0001854,8,Credit,Mastercard,Standard,2024-12-13,2027-02-20,Expired,0,
CD0001855,C001855,AC0001855,4,Debit,Mastercard,Standard,2018-09-23,2029-08-22,Blocked,1,Fraud Suspected
CD0001856,C001856,AC0001856,5,Credit,Mastercard,Business,2020-10-21,2029-07-28,Active,0,
CD0001857,C001857,AC0001857,8,Credit,Visa,Business,2019-12-01,2029-12-11,Active,0,
CD0001858,C001858,AC0001858,1,Credit,Mastercard,Gold,2023-04-01,2027-03-31,Active,0,
CD0001859,C001859,AC0001859,8,Debit,Visa,Platinum,2020-09-07,2028-02-19,Active,0,
CD0001860,C001860,AC0001860,1,Credit,Visa,Platinum,2018-07-09,2026-11-10,Blocked,1,Excessive Attempts
CD0001861,C001861,AC0001861,6,Debit,Mastercard,Business,2022-07-03,2027-06-08,Active,0,
CD0001862,C001862,AC0001862,5,Credit,Mastercard,Gold,2023-11-13,2027-08-31,Active,0,
CD0001863,C001863,AC0001863,5,Credit,Mastercard,Platinum,2024-08-24,2030-05-11,Active,0,
CD0001864,C001864,AC0001864,5,Debit,Mastercard,Gold,2018-01-17,2027-03-15,Expired,0,
CD0001865,C001865,AC0001865,5,Debit,Amex,Gold,2023-01-22,2026-05-17,Active,0,
CD0001866,C001866,AC0001866,5,Debit,Mastercard,Platinum,2019-04-30,2028-11-22,Active,0,
CD0001867,C001867,AC0001867,5,Credit,Amex,Gold,2021-07-15,2026-08-10,Active,0,
CD0001868,C001868,AC0001868,6,Debit,Mastercard,Gold,2024-11-05,2030-01-25,Active,0,
CD0001869,C001869,AC0001869,8,Debit,Visa,Platinum,2025-05-26,2029-02-14,Active,0,
CD0001870,C001870,AC0001870,6,Credit,Visa,Standard,2024-03-17,2029-06-25,Active,0,
CD0001871,C001871,AC0001871,7,Debit,Visa,Gold,2021-06-06,2026-10-24,Expired,0,
CD0001872,C001872,AC0001872,9,Debit,Visa,Business,2023-04-16,2030-06-26,Active,0,
CD0001873,C001873,AC0001873,10,Debit,Visa,Platinum,2020-10-18,2026-07-28,Active,0,
CD0001874,C001874,AC0001874,2,Credit,Visa,Business,2025-10-09,2027-12-09,Active,0,
CD0001875,C001875,AC0001875,8,Debit,Visa,Business,2025-02-24,2029-11-27,Blocked,1,Security Block
CD0001876,C001876,AC0001876,3,Credit,Visa,Gold,2025-08-05,2026-08-26,Active,0,
CD0001877,C001877,AC0001877,2,Credit,Visa,Business,2020-07-11,2029-08-04,Blocked,1,Security Block
CD0001878,C001878,AC0001878,8,Debit,Mastercard,Standard,2022-03-20,2028-05-15,Active,0,
CD0001879,C001879,AC0001879,1,Debit,Mastercard,Standard,2018-06-25,2030-03-26,Active,0,
CD0001880,C001880,AC0001880,9,Debit,Amex,Platinum,2023-01-17,2026-07-02,Blocked,1,Security Block
CD0001881,C001881,AC0001881,8,Debit,Visa,Gold,2024-02-03,2029-05-08,Active,0,
CD0001882,C001882,AC0001882,10,Debit,Mastercard,Standard,2019-05-11,2029-01-05,Active,0,
CD0001883,C001883,AC0001883,7,Debit,Mastercard,Business,2023-11-13,2029-04-22,Active,0,
CD0001884,C001884,AC0001884,9,Debit,Mastercard,Business,2019-03-30,2027-01-29,Active,0,
CD0001885,C001885,AC0001885,2,Credit,Mastercard,Platinum,2018-03-08,2028-10-04,Active,0,
CD0001886,C001886,AC0001886,9,Credit,Visa,Gold,2018-12-06,2026-01-07,Active,0,
CD0001887,C001887,AC0001887,2,Debit,Visa,Standard,2021-05-05,2027-05-19,Active,0,
CD0001888,C001888,AC0001888,4,Debit,Visa,Business,2025-09-26,2027-11-06,Blocked,1,Security Block
CD0001889,C001889,AC0001889,2,Debit,Mastercard,Standard,2021-12-22,2027-01-14,Blocked,1,Security Block
CD0001890,C001890,AC0001890,5,Debit,Mastercard,Standard,2025-11-22,2026-09-22,Active,0,
CD0001891,C001891,AC0001891,8,Credit,Visa,Business,2021-06-20,2030-08-06,Active,0,
CD0001892,C001892,AC0001892,3,Credit,Amex,Platinum,2025-02-28,2029-02-25,Active,0,
CD0001893,C001893,AC0001893,9,Debit,Mastercard,Gold,2023-12-07,2030-12-07,Active,0,
CD0001894,C001894,AC0001894,7,Debit,Mastercard,Platinum,2021-09-06,2028-07-03,Active,0,
CD0001895,C001895,AC0001895,7,Credit,Visa,Platinum,2021-11-27,2027-11-13,Active,0,
CD0001896,C001896,AC0001896,10,Debit,Visa,Platinum,2020-12-20,2026-03-27,Active,0,
CD0001897,C001897,AC0001897,5,Credit,Mastercard,Standard,2023-12-26,2027-01-04,Active,0,
CD0001898,C001898,AC0001898,4,Debit,Mastercard,Platinum,2020-09-20,2028-04-08,Active,0,
CD0001899,C001899,AC0001899,10,Debit,Mastercard,Gold,2024-06-27,2026-10-28,Active,0,
CD0001900,C001900,AC0001900,6,Debit,Visa,Standard,2023-02-04,2030-11-11,Active,0,
CD0001901,C001901,AC0001901,7,Credit,Visa,Gold,2024-01-15,2029-11-11,Active,0,
CD0001902,C001902,AC0001902,3,Credit,Visa,Standard,2019-01-15,2030-05-03,Active,0,
CD0001903,C001903,AC0001903,3,Credit,Mastercard,Gold,2018-02-15,2029-01-22,Active,0,
CD0001904,C001904,AC0001904,2,Credit,Mastercard,Business,2018-02-04,2029-05-01,Active,0,
CD0001905,C001905,AC0001905,3,Credit,Mastercard,Business,2023-03-12,2029-06-26,Active,0,
CD0001906,C001906,AC0001906,2,Debit,Mastercard,Gold,2019-08-30,2027-08-11,Active,0,
CD0001907,C001907,AC0001907,8,Debit,Mastercard,Platinum,2025-11-05,2029-06-22,Active,0,
CD0001908,C001908,AC0001908,1,Debit,Mastercard,Gold,2024-07-29,2030-11-14,Active,0,
CD0001909,C001909,AC0001909,7,Debit,Mastercard,Gold,2018-06-06,2026-10-04,Active,0,
CD0001910,C001910,AC0001910,10,Debit,Visa,Platinum,2019-10-09,2027-12-22,Active,0,
CD0001911,C001911,AC0001911,8,Debit,Visa,Standard,2020-05-09,2027-10-07,Active,0,
CD0001912,C001912,AC0001912,5,Credit,Visa,Gold,2021-10-15,2029-07-05,Active,0,
CD0001913,C001913,AC0001913,1,Credit,Visa,Gold,2023-04-01,2028-11-25,Active,0,
CD0001914,C001914,AC0001914,9,Credit,Visa,Gold,2021-10-16,2030-12-26,Active,0,
CD0001915,C001915,AC0001915,1,Debit,Amex,Platinum,2019-09-14,2029-03-20,Blocked,1,Security Block
CD0001916,C001916,AC0001916,7,Debit,Mastercard,Standard,2022-04-14,2028-04-06,Active,0,
CD0001917,C001917,AC0001917,7,Debit,Mastercard,Gold,2025-08-02,2029-03-11,Blocked,1,Security Block
CD0001918,C001918,AC0001918,2,Credit,Visa,Business,2025-11-05,2029-06-02,Active,0,
CD0001919,C001919,AC0001919,8,Credit,Visa,Gold,2021-06-11,2030-09-16,Active,0,
CD0001920,C001920,AC0001920,2,Debit,Mastercard,Business,2025-01-13,2027-08-17,Active,0,
CD0001921,C001921,AC0001921,3,Credit,Amex,Business,2018-07-10,2028-07-18,Blocked,1,Lost/Stolen
CD0001922,C001922,AC0001922,9,Debit,Visa,Standard,2024-01-06,2029-07-14,Active,0,
CD0001923,C001923,AC0001923,10,Debit,Visa,Business,2022-01-24,2028-11-24,Active,0,
CD0001924,C001924,AC0001924,3,Debit,Visa,Business,2022-12-04,2029-10-21,Active,0,
CD0001925,C001925,AC0001925,10,Debit,Visa,Standard,2022-07-21,2028-05-30,Active,0,
CD0001926,C001926,AC0001926,10,Credit,Mastercard,Standard,2019-07-29,2027-03-12,Blocked,1,Security Block
CD0001927,C001927,AC0001927,8,Credit,Mastercard,Gold,2024-05-17,2026-03-22,Active,0,
CD0001928,C001928,AC0001928,2,Credit,Mastercard,Platinum,2022-09-08,2026-07-12,Active,0,
CD0001929,C001929,AC0001929,3,Credit,Mastercard,Standard,2021-03-14,2028-09-21,Active,0,
CD0001930,C001930,AC0001930,7,Debit,Amex,Standard,2024-04-28,2027-02-18,Active,0,
CD0001931,C001931,AC0001931,10,Credit,Amex,Business,2024-10-03,2028-10-23,Blocked,1,Fraud Suspected
CD0001932,C001932,AC0001932,9,Debit,Visa,Business,2019-05-02,2030-04-03,Active,0,
CD0001933,C001933,AC0001933,5,Debit,Visa,Platinum,2022-10-13,2028-05-15,Active,0,
CD0001934,C001934,AC0001934,3,Credit,Visa,Gold,2023-02-13,2026-07-23,Active,0,
CD0001935,C001935,AC0001935,10,Debit,Mastercard,Gold,2021-12-30,2029-06-06,Active,0,
CD0001936,C001936,AC0001936,3,Credit,Mastercard,Business,2023-01-26,2027-10-23,Active,0,
CD0001937,C001937,AC0001937,4,Credit,Mastercard,Platinum,2025-04-16,2029-07-27,Active,0,
CD0001938,C001938,AC0001938,10,Debit,Visa,Business,2025-11-08,2029-11-08,Active,0,
CD0001939,C001939,AC0001939,6,Credit,Visa,Platinum,2018-09-19,2027-11-28,Active,0,
CD0001940,C001940,AC0001940,3,Debit,Amex,Platinum,2019-02-02,2027-08-18,Active,0,
CD0001941,C001941,AC0001941,1,Debit,Mastercard,Standard,2025-09-14,2027-06-09,Blocked,1,Excessive Attempts
CD0001942,C001942,AC0001942,5,Debit,Amex,Gold,2023-10-06,2027-08-15,Expired,0,
CD0001943,C001943,AC0001943,10,Debit,Amex,Platinum,2021-12-02,2027-07-10,Active,0,
CD0001944,C001944,AC0001944,5,Debit,Mastercard,Platinum,2019-11-04,2027-04-27,Active,0,
CD0001945,C001945,AC0001945,7,Debit,Visa,Gold,2025-10-03,2026-02-22,Blocked,1,Security Block
CD0001946,C001946,AC0001946,3,Debit,Visa,Standard,2020-02-02,2030-03-06,Active,0,
CD0001947,C001947,AC0001947,8,Debit,Visa,Business,2020-01-29,2026-01-22,Expired,0,
CD0001948,C001948,AC0001948,8,Debit,Mastercard,Gold,2023-02-17,2030-08-08,Active,0,
CD0001949,C001949,AC0001949,7,Credit,Visa,Platinum,2025-12-28,2027-07-09,Active,0,
CD0001950,C001950,AC0001950,8,Credit,Mastercard,Platinum,2022-05-26,2029-07-19,Expired,0,
CD0001951,C001951,AC0001951,6,Credit,Visa,Platinum,2025-04-24,2027-07-20,Active,0,
CD0001952,C001952,AC0001952,4,Credit,Mastercard,Business,2025-03-01,2030-05-12,Active,0,
CD0001953,C001953,AC0001953,8,Debit,Visa,Standard,2020-11-13,2029-03-11,Active,0,
CD0001954,C001954,AC0001954,9,Credit,Mastercard,Platinum,2019-01-17,2027-07-06,Active,0,
CD0001955,C001955,AC0001955,9,Credit,Amex,Gold,2018-08-01,2029-10-05,Active,0,
CD0001956,C001956,AC0001956,3,Credit,Mastercard,Gold,2021-11-23,2026-04-28,Active,0,
CD0001957,C001957,AC0001957,7,Credit,Mastercard,Gold,2019-03-09,2027-07-31,Active,0,
CD0001958,C001958,AC0001958,1,Debit,Mastercard,Business,2023-01-13,2029-07-10,Active,0,
CD0001959,C001959,AC0001959,6,Credit,Visa,Business,2021-12-12,2030-12-28,Active,0,
CD0001960,C001960,AC0001960,6,Credit,Visa,Standard,2018-06-10,2029-03-15,Active,0,
CD0001961,C001961,AC0001961,4,Debit,Visa,Gold,2018-04-14,2029-11-27,Active,0,
CD0001962,C001962,AC0001962,10,Debit,Mastercard,Standard,2020-11-07,2030-02-22,Expired,0,
CD0001963,C001963,AC0001963,9,Debit,Amex,Standard,2024-04-20,2028-06-14,Active,0,
CD0001964,C001964,AC0001964,1,Debit,Mastercard,Gold,2024-07-11,2029-03-24,Active,0,
CD0001965,C001965,AC0001965,3,Credit,Mastercard,Platinum,2025-09-20,2028-06-29,Blocked,1,Excessive Attempts
CD0001966,C001966,AC0001966,3,Credit,Amex,Platinum,2022-07-24,2029-06-15,Active,0,
CD0001967,C001967,AC0001967,9,Debit,Mastercard,Gold,2024-08-13,2028-03-02,Active,0,
CD0001968,C001968,AC0001968,6,Credit,Mastercard,Business,2022-05-27,2026-07-16,Active,0,
CD0001969,C001969,AC0001969,8,Debit,Amex,Platinum,2020-04-05,2030-01-25,Active,0,
CD0001970,C001970,AC0001970,9,Credit,Visa,Standard,2021-03-24,2030-07-28,Active,0,
CD0001971,C001971,AC0001971,8,Debit,Mastercard,Standard,2025-03-23,2027-06-19,Active,0,
CD0001972,C001972,AC0001972,1,Credit,Visa,Gold,2025-10-11,2026-06-25,Active,0,
CD0001973,C001973,AC0001973,2,Credit,Visa,Standard,2021-11-19,2026-09-13,Active,0,
CD0001974,C001974,AC0001974,4,Credit,Visa,Gold,2020-12-08,2028-03-05,Active,0,
CD0001975,C001975,AC0001975,4,Debit,Mastercard,Standard,2024-08-11,2028-12-29,Active,0,
CD0001976,C001976,AC0001976,8,Debit,Visa,Standard,2021-07-25,2030-06-17,Active,0,
CD0001977,C001977,AC0001977,2,Debit,Mastercard,Gold,2020-09-11,2029-08-27,Blocked,1,Security Block
CD0001978,C001978,AC0001978,4,Debit,Mastercard,Business,2020-09-01,2026-01-12,Active,0,
CD0001979,C001979,AC0001979,3,Credit,Visa,Gold,2019-12-04,2026-01-01,Active,0,
CD0001980,C001980,AC0001980,2,Debit,Visa,Platinum,2023-02-08,2026-04-18,Active,0,
CD0001981,C001981,AC0001981,2,Credit,Amex,Standard,2023-04-20,2030-08-21,Active,0,
CD0001982,C001982,AC0001982,2,Debit,Mastercard,Gold,2018-10-25,2029-01-11,Active,0,
CD0001983,C001983,AC0001983,6,Debit,Mastercard,Platinum,2020-03-05,2028-10-24,Active,0,
CD0001984,C001984,AC0001984,5,Debit,Visa,Business,2024-01-01,2028-01-05,Active,0,
CD0001985,C001985,AC0001985,5,Debit,Mastercard,Standard,2022-06-21,2027-10-01,Active,0,
CD0001986,C001986,AC0001986,5,Debit,Mastercard,Standard,2023-11-06,2028-02-10,Active,0,
CD0001987,C001987,AC0001987,8,Credit,Visa,Gold,2024-08-03,2030-04-09,Blocked,1,Security Block
CD0001988,C001988,AC0001988,9,Debit,Mastercard,Gold,2019-08-09,2027-05-19,Active,0,
CD0001989,C001989,AC0001989,6,Credit,Visa,Standard,2020-04-19,2026-11-17,Active,0,
CD0001990,C001990,AC0001990,7,Debit,Mastercard,Business,2019-04-08,2030-05-15,Blocked,1,Fraud Suspected
CD0001991,C001991,AC0001991,8,Debit,Visa,Gold,2022-07-09,2030-08-24,Active,0,
CD0001992,C001992,AC0001992,7,Debit,Amex,Platinum,2021-07-08,2026-03-10,Active,0,
CD0001993,C001993,AC0001993,2,Credit,Visa,Gold,2021-04-04,2027-08-06,Blocked,1,Security Block
CD0001994,C001994,AC0001994,10,Debit,Visa,Gold,2023-06-22,2029-11-22,Active,0,
CD0001995,C001995,AC0001995,2,Credit,Mastercard,Standard,2023-11-08,2029-06-17,Blocked,1,Security Block
CD0001996,C001996,AC0001996,5,Credit,Visa,Standard,2021-01-06,2026-06-06,Active,0,
CD0001997,C001997,AC0001997,7,Credit,Mastercard,Business,2021-04-11,2026-01-24,Active,0,
CD0001998,C001998,AC0001998,5,Credit,Visa,Standard,2020-07-13,2030-04-12,Active,0,
CD0001999,C001999,AC0001999,3,Debit,Mastercard,Business,2022-02-04,2029-06-12,Active,0,
CD0002000,C002000,AC0002000,10,Debit,Mastercard,Standard,2025-04-05,2028-08-22,Active,0,
CD0002001,C002001,AC0002001,1,Debit,Mastercard,Platinum,2020-07-30,2030-10-14,Active,0,
CD0002002,C002002,AC0002002,3,Debit,Mastercard,Standard,2019-03-31,2027-12-28,Active,0,
CD0002003,C002003,AC0002003,10,Credit,Visa,Platinum,2019-08-05,2028-05-18,Blocked,1,Fraud Suspected
CD0002004,C002004,AC0002004,8,Debit,Mastercard,Platinum,2020-11-07,2029-09-24,Active,0,
CD0002005,C002005,AC0002005,1,Credit,Amex,Gold,2025-07-20,2029-03-12,Active,0,
CD0002006,C002006,AC0002006,8,Credit,Amex,Platinum,2024-11-29,2026-05-21,Active,0,
CD0002007,C002007,AC0002007,10,Credit,Amex,Business,2018-04-09,2029-07-09,Blocked,1,Security Block
CD0002008,C002008,AC0002008,1,Debit,Mastercard,Business,2020-01-16,2030-03-13,Expired,0,
CD0002009,C002009,AC0002009,5,Credit,Visa,Business,2018-04-09,2030-09-25,Active,0,
CD0002010,C002010,AC0002010,5,Debit,Mastercard,Standard,2022-03-04,2026-07-11,Active,0,
CD0002011,C002011,AC0002011,2,Credit,Mastercard,Business,2025-11-17,2030-10-19,Active,0,
CD0002012,C002012,AC0002012,3,Debit,Mastercard,Platinum,2019-05-28,2029-06-20,Active,0,
CD0002013,C002013,AC0002013,2,Debit,Visa,Standard,2018-09-02,2027-12-26,Active,0,
CD0002014,C002014,AC0002014,2,Credit,Mastercard,Gold,2023-11-07,2027-04-06,Active,0,
CD0002015,C002015,AC0002015,5,Debit,Mastercard,Gold,2023-08-01,2027-05-09,Active,0,
CD0002016,C002016,AC0002016,5,Debit,Visa,Business,2024-11-08,2029-05-09,Active,0,
CD0002017,C002017,AC0002017,3,Debit,Mastercard,Business,2018-12-10,2030-06-11,Active,0,
CD0002018,C002018,AC0002018,3,Credit,Mastercard,Business,2024-11-05,2029-12-08,Active,0,
CD0002019,C002019,AC0002019,2,Debit,Visa,Standard,2025-11-21,2029-01-26,Active,0,
CD0002020,C002020,AC0002020,8,Debit,Mastercard,Business,2023-07-01,2030-03-27,Active,0,
CD0002021,C002021,AC0002021,3,Debit,Mastercard,Gold,2022-02-02,2029-12-12,Active,0,
CD0002022,C002022,AC0002022,10,Credit,Visa,Business,2020-06-14,2028-06-15,Active,0,
CD0002023,C002023,AC0002023,6,Credit,Visa,Platinum,2024-06-02,2028-05-13,Active,0,
CD0002024,C002024,AC0002024,9,Debit,Visa,Platinum,2022-03-05,2030-06-29,Active,0,
CD0002025,C002025,AC0002025,7,Debit,Visa,Standard,2025-04-19,2030-04-12,Blocked,1,Excessive Attempts
CD0002026,C002026,AC0002026,3,Debit,Amex,Business,2020-10-27,2028-10-19,Blocked,1,Security Block
CD0002027,C002027,AC0002027,7,Debit,Mastercard,Platinum,2022-01-16,2029-11-14,Blocked,1,Lost/Stolen
CD0002028,C002028,AC0002028,3,Debit,Mastercard,Business,2018-02-08,2029-08-15,Active,0,
CD0002029,C002029,AC0002029,2,Debit,Mastercard,Gold,2020-10-15,2026-05-06,Active,0,
CD0002030,C002030,AC0002030,3,Debit,Visa,Standard,2019-09-27,2028-11-12,Active,0,
CD0002031,C002031,AC0002031,3,Debit,Mastercard,Standard,2021-02-20,2026-10-30,Active,0,
CD0002032,C002032,AC0002032,2,Debit,Visa,Gold,2021-09-06,2030-11-21,Active,0,
CD0002033,C002033,AC0002033,1,Credit,Visa,Gold,2020-06-15,2029-10-20,Active,0,
CD0002034,C002034,AC0002034,10,Debit,Mastercard,Gold,2023-11-19,2030-04-14,Active,0,
CD0002035,C002035,AC0002035,6,Credit,Visa,Standard,2019-09-01,2028-05-31,Active,0,
CD0002036,C002036,AC0002036,5,Credit,Mastercard,Platinum,2019-09-09,2027-08-07,Active,0,
CD0002037,C002037,AC0002037,10,Credit,Mastercard,Standard,2018-01-25,2029-02-14,Active,0,
CD0002038,C002038,AC0002038,3,Debit,Visa,Platinum,2024-12-12,2029-03-19,Blocked,1,Security Block
CD0002039,C002039,AC0002039,5,Debit,Visa,Business,2025-07-08,2028-06-14,Active,0,
CD0002040,C002040,AC0002040,9,Debit,Visa,Gold,2023-12-09,2027-06-03,Active,0,
CD0002041,C002041,AC0002041,7,Debit,Mastercard,Business,2023-10-24,2028-10-14,Active,0,
CD0002042,C002042,AC0002042,4,Credit,Mastercard,Gold,2021-06-17,2027-06-19,Active,0,
CD0002043,C002043,AC0002043,3,Credit,Visa,Business,2021-01-31,2029-02-15,Active,0,
CD0002044,C002044,AC0002044,1,Credit,Mastercard,Gold,2023-09-29,2026-05-13,Active,0,
CD0002045,C002045,AC0002045,1,Debit,Visa,Platinum,2023-04-21,2027-09-28,Active,0,
CD0002046,C002046,AC0002046,2,Debit,Visa,Standard,2025-11-22,2026-02-28,Active,0,
CD0002047,C002047,AC0002047,8,Debit,Mastercard,Gold,2025-06-10,2029-12-25,Active,0,
CD0002048,C002048,AC0002048,7,Debit,Mastercard,Gold,2023-09-29,2026-08-12,Active,0,
CD0002049,C002049,AC0002049,5,Credit,Mastercard,Platinum,2023-03-15,2028-11-06,Active,0,
CD0002050,C002050,AC0002050,8,Credit,Visa,Business,2021-03-10,2026-07-11,Active,0,
CD0002051,C002051,AC0002051,2,Debit,Visa,Business,2023-05-03,2029-03-03,Active,0,
CD0002052,C002052,AC0002052,3,Credit,Visa,Gold,2018-06-29,2026-04-03,Active,0,
CD0002053,C002053,AC0002053,4,Credit,Visa,Gold,2018-12-05,2026-03-10,Active,0,
CD0002054,C002054,AC0002054,10,Debit,Visa,Business,2023-09-30,2026-06-27,Active,0,
CD0002055,C002055,AC0002055,7,Debit,Amex,Gold,2019-02-05,2029-03-31,Active,0,
CD0002056,C002056,AC0002056,9,Debit,Visa,Business,2021-12-30,2028-01-10,Active,0,
CD0002057,C002057,AC0002057,3,Debit,Mastercard,Gold,2024-09-10,2030-09-04,Blocked,1,Security Block
CD0002058,C002058,AC0002058,9,Debit,Amex,Platinum,2019-09-06,2030-04-03,Active,0,
CD0002059,C002059,AC0002059,1,Debit,Visa,Platinum,2020-11-17,2026-11-14,Blocked,1,Fraud Suspected
CD0002060,C002060,AC0002060,3,Debit,Mastercard,Standard,2024-03-18,2030-04-11,Active,0,
CD0002061,C002061,AC0002061,6,Debit,Visa,Business,2024-06-27,2028-05-28,Expired,0,
CD0002062,C002062,AC0002062,1,Debit,Mastercard,Platinum,2019-06-12,2029-05-04,Active,0,
CD0002063,C002063,AC0002063,9,Debit,Mastercard,Business,2018-03-01,2026-08-20,Active,0,
CD0002064,C002064,AC0002064,9,Credit,Mastercard,Standard,2025-03-25,2026-11-13,Active,0,
CD0002065,C002065,AC0002065,6,Credit,Visa,Standard,2021-11-11,2030-01-08,Blocked,1,Security Block
CD0002066,C002066,AC0002066,4,Debit,Mastercard,Platinum,2024-09-16,2029-11-24,Blocked,1,Lost/Stolen
CD0002067,C002067,AC0002067,1,Credit,Visa,Gold,2021-03-30,2026-08-02,Active,0,
CD0002068,C002068,AC0002068,7,Debit,Visa,Platinum,2025-12-19,2027-12-02,Blocked,1,Excessive Attempts
CD0002069,C002069,AC0002069,6,Debit,Visa,Gold,2019-01-25,2026-03-07,Active,0,
CD0002070,C002070,AC0002070,8,Debit,Visa,Business,2023-09-24,2028-10-16,Active,0,
CD0002071,C002071,AC0002071,7,Credit,Visa,Gold,2023-08-17,2026-08-03,Active,0,
CD0002072,C002072,AC0002072,2,Debit,Visa,Business,2022-06-19,2030-03-26,Expired,0,
CD0002073,C002073,AC0002073,2,Debit,Mastercard,Platinum,2019-10-20,2027-04-12,Active,0,
CD0002074,C002074,AC0002074,8,Debit,Mastercard,Business,2023-11-03,2028-05-08,Active,0,
CD0002075,C002075,AC0002075,2,Debit,Mastercard,Platinum,2024-03-15,2027-09-06,Expired,0,
CD0002076,C002076,AC0002076,10,Debit,Visa,Platinum,2024-06-02,2028-05-16,Active,0,
CD0002077,C002077,AC0002077,2,Credit,Mastercard,Gold,2021-06-08,2029-08-04,Active,0,
CD0002078,C002078,AC0002078,8,Debit,Mastercard,Business,2025-04-19,2029-03-13,Active,0,
CD0002079,C002079,AC0002079,10,Debit,Visa,Standard,2024-07-05,2027-07-02,Active,0,
CD0002080,C002080,AC0002080,5,Debit,Visa,Standard,2022-01-03,2026-08-25,Active,0,
CD0002081,C002081,AC0002081,1,Credit,Mastercard,Standard,2022-10-28,2027-01-13,Blocked,1,Security Block
CD0002082,C002082,AC0002082,9,Debit,Visa,Platinum,2021-05-27,2028-09-07,Blocked,1,Security Block
CD0002083,C002083,AC0002083,2,Debit,Mastercard,Business,2021-08-19,2029-05-20,Active,0,
CD0002084,C002084,AC0002084,6,Debit,Mastercard,Standard,2020-07-27,2028-07-20,Active,0,
CD0002085,C002085,AC0002085,10,Debit,Visa,Standard,2025-07-05,2027-02-12,Blocked,1,Security Block
CD0002086,C002086,AC0002086,8,Credit,Mastercard,Platinum,2019-06-29,2030-02-22,Blocked,1,Security Block
CD0002087,C002087,AC0002087,1,Debit,Mastercard,Business,2018-04-05,2026-02-11,Active,0,
CD0002088,C002088,AC0002088,9,Credit,Amex,Standard,2023-11-10,2030-06-13,Active,0,
CD0002089,C002089,AC0002089,2,Debit,Mastercard,Business,2024-06-16,2029-11-10,Active,0,
CD0002090,C002090,AC0002090,8,Debit,Visa,Gold,2023-06-20,2026-02-16,Active,0,
CD0002091,C002091,AC0002091,7,Credit,Mastercard,Business,2025-11-15,2028-06-21,Active,0,
CD0002092,C002092,AC0002092,3,Credit,Visa,Standard,2022-05-31,2027-10-31,Active,0,
CD0002093,C002093,AC0002093,5,Credit,Visa,Gold,2025-04-30,2028-08-11,Active,0,
CD0002094,C002094,AC0002094,2,Debit,Mastercard,Standard,2023-01-09,2029-03-29,Active,0,
CD0002095,C002095,AC0002095,10,Credit,Mastercard,Business,2024-09-07,2027-12-28,Active,0,
CD0002096,C002096,AC0002096,3,Debit,Visa,Platinum,2021-04-10,2030-05-09,Active,0,
CD0002097,C002097,AC0002097,4,Debit,Amex,Gold,2018-06-06,2026-12-06,Active,0,
CD0002098,C002098,AC0002098,6,Debit,Mastercard,Standard,2018-11-12,2026-09-18,Active,0,
CD0002099,C002099,AC0002099,7,Debit,Mastercard,Platinum,2020-05-10,2028-12-06,Active,0,
CD0002100,C002100,AC0002100,6,Credit,Visa,Business,2025-11-03,2029-05-05,Active,0,
CD0002101,C002101,AC0002101,6,Credit,Amex,Gold,2021-12-18,2030-10-08,Active,0,
CD0002102,C002102,AC0002102,6,Debit,Visa,Platinum,2021-01-26,2027-06-28,Blocked,1,Security Block
CD0002103,C002103,AC0002103,9,Debit,Visa,Platinum,2020-05-14,2028-05-25,Active,0,
CD0002104,C002104,AC0002104,4,Debit,Mastercard,Standard,2021-05-10,2028-01-28,Active,0,
CD0002105,C002105,AC0002105,9,Debit,Mastercard,Gold,2020-05-10,2026-11-30,Active,0,
CD0002106,C002106,AC0002106,8,Debit,Mastercard,Business,2023-05-27,2029-01-29,Active,0,
CD0002107,C002107,AC0002107,10,Credit,Visa,Standard,2020-03-01,2029-02-17,Active,0,
CD0002108,C002108,AC0002108,10,Debit,Visa,Platinum,2022-12-10,2028-01-01,Active,0,
CD0002109,C002109,AC0002109,8,Credit,Visa,Standard,2021-11-26,2027-03-07,Active,0,
CD0002110,C002110,AC0002110,3,Debit,Visa,Gold,2022-01-11,2027-07-25,Active,0,
CD0002111,C002111,AC0002111,8,Debit,Mastercard,Platinum,2022-06-11,2029-10-15,Expired,0,
CD0002112,C002112,AC0002112,8,Debit,Visa,Platinum,2025-09-12,2028-12-19,Blocked,1,Excessive Attempts
CD0002113,C002113,AC0002113,3,Debit,Visa,Standard,2018-09-14,2026-07-25,Blocked,1,Fraud Suspected
CD0002114,C002114,AC0002114,7,Credit,Visa,Gold,2024-01-06,2028-09-24,Expired,0,
CD0002115,C002115,AC0002115,3,Debit,Mastercard,Standard,2025-04-01,2029-05-29,Active,0,
CD0002116,C002116,AC0002116,6,Debit,Visa,Business,2024-08-20,2026-04-15,Active,0,
CD0002117,C002117,AC0002117,8,Debit,Amex,Platinum,2024-11-16,2027-03-06,Active,0,
CD0002118,C002118,AC0002118,2,Credit,Mastercard,Platinum,2018-05-23,2030-02-03,Active,0,
CD0002119,C002119,AC0002119,4,Credit,Amex,Standard,2019-06-28,2030-09-06,Active,0,
CD0002120,C002120,AC0002120,8,Credit,Amex,Business,2022-06-30,2027-10-11,Active,0,
CD0002121,C002121,AC0002121,5,Credit,Visa,Business,2024-07-20,2027-04-01,Active,0,
CD0002122,C002122,AC0002122,10,Debit,Visa,Gold,2020-08-29,2028-05-27,Expired,0,
CD0002123,C002123,AC0002123,1,Debit,Amex,Business,2025-05-12,2028-02-13,Active,0,
CD0002124,C002124,AC0002124,8,Debit,Visa,Gold,2018-12-27,2027-08-05,Active,0,
CD0002125,C002125,AC0002125,9,Credit,Mastercard,Gold,2018-11-06,2027-01-20,Active,0,
CD0002126,C002126,AC0002126,10,Debit,Visa,Gold,2023-07-18,2030-07-02,Active,0,
CD0002127,C002127,AC0002127,2,Credit,Mastercard,Gold,2021-09-02,2026-08-19,Blocked,1,Security Block
CD0002128,C002128,AC0002128,10,Credit,Visa,Platinum,2025-11-03,2027-08-18,Active,0,
CD0002129,C002129,AC0002129,4,Credit,Visa,Gold,2021-01-26,2028-11-15,Blocked,1,Security Block
CD0002130,C002130,AC0002130,4,Debit,Mastercard,Platinum,2019-03-21,2028-06-06,Active,0,
CD0002131,C002131,AC0002131,4,Credit,Mastercard,Platinum,2018-10-21,2026-04-10,Active,0,
CD0002132,C002132,AC0002132,7,Debit,Visa,Gold,2020-07-14,2027-12-10,Active,0,
CD0002133,C002133,AC0002133,7,Credit,Mastercard,Standard,2023-02-01,2026-03-21,Active,0,
CD0002134,C002134,AC0002134,5,Credit,Visa,Gold,2019-12-29,2026-12-17,Active,0,
CD0002135,C002135,AC0002135,1,Credit,Mastercard,Gold,2023-12-20,2028-06-07,Active,0,
CD0002136,C002136,AC0002136,10,Credit,Visa,Business,2024-07-13,2029-11-16,Blocked,1,Fraud Suspected
CD0002137,C002137,AC0002137,3,Debit,Mastercard,Gold,2024-11-12,2029-10-30,Active,0,
CD0002138,C002138,AC0002138,1,Debit,Amex,Standard,2019-02-06,2030-08-20,Active,0,
CD0002139,C002139,AC0002139,6,Credit,Visa,Business,2019-09-26,2030-07-03,Active,0,
CD0002140,C002140,AC0002140,5,Credit,Mastercard,Business,2023-05-07,2030-05-08,Active,0,
CD0002141,C002141,AC0002141,7,Debit,Visa,Standard,2021-04-12,2029-07-25,Active,0,
CD0002142,C002142,AC0002142,9,Debit,Mastercard,Platinum,2020-10-22,2029-06-12,Active,0,
CD0002143,C002143,AC0002143,1,Debit,Amex,Platinum,2019-01-29,2027-11-21,Active,0,
CD0002144,C002144,AC0002144,3,Credit,Mastercard,Business,2020-12-31,2028-09-25,Active,0,
CD0002145,C002145,AC0002145,6,Debit,Mastercard,Business,2021-03-06,2030-07-15,Active,0,
CD0002146,C002146,AC0002146,8,Debit,Visa,Gold,2019-07-10,2026-06-15,Expired,0,
CD0002147,C002147,AC0002147,7,Debit,Mastercard,Gold,2021-09-22,2030-01-18,Active,0,
CD0002148,C002148,AC0002148,4,Credit,Mastercard,Platinum,2023-09-24,2030-12-09,Active,0,
CD0002149,C002149,AC0002149,7,Debit,Visa,Business,2024-01-27,2028-03-24,Blocked,1,Security Block
CD0002150,C002150,AC0002150,10,Credit,Visa,Gold,2024-11-25,2029-11-11,Blocked,1,Security Block
CD0002151,C002151,AC0002151,5,Debit,Visa,Gold,2018-05-09,2027-02-26,Active,0,
CD0002152,C002152,AC0002152,9,Credit,Mastercard,Platinum,2018-04-10,2026-12-18,Active,0,
CD0002153,C002153,AC0002153,8,Debit,Mastercard,Platinum,2021-12-05,2029-12-01,Active,0,
CD0002154,C002154,AC0002154,4,Credit,Visa,Standard,2021-02-24,2028-12-18,Active,0,
CD0002155,C002155,AC0002155,3,Debit,Mastercard,Platinum,2022-08-24,2030-10-10,Active,0,
CD0002156,C002156,AC0002156,8,Debit,Mastercard,Business,2025-09-19,2028-10-10,Active,0,
CD0002157,C002157,AC0002157,3,Debit,Mastercard,Business,2018-10-31,2028-03-15,Active,0,
CD0002158,C002158,AC0002158,4,Debit,Visa,Platinum,2018-02-05,2026-04-18,Active,0,
CD0002159,C002159,AC0002159,3,Debit,Mastercard,Standard,2018-06-04,2029-11-01,Active,0,
CD0002160,C002160,AC0002160,7,Debit,Visa,Standard,2025-03-09,2028-06-06,Blocked,1,Lost/Stolen
CD0002161,C002161,AC0002161,3,Debit,Mastercard,Standard,2019-08-07,2029-03-31,Active,0,
CD0002162,C002162,AC0002162,7,Debit,Mastercard,Gold,2019-05-09,2028-02-12,Active,0,
CD0002163,C002163,AC0002163,10,Debit,Mastercard,Standard,2023-08-16,2026-07-26,Active,0,
CD0002164,C002164,AC0002164,9,Credit,Mastercard,Gold,2023-07-29,2029-03-09,Active,0,
CD0002165,C002165,AC0002165,10,Credit,Mastercard,Standard,2025-03-21,2029-11-30,Active,0,
CD0002166,C002166,AC0002166,1,Debit,Visa,Standard,2020-01-23,2030-01-15,Active,0,
CD0002167,C002167,AC0002167,5,Credit,Visa,Standard,2018-07-21,2026-03-09,Blocked,1,Security Block
CD0002168,C002168,AC0002168,3,Debit,Visa,Business,2025-08-25,2029-10-22,Active,0,
CD0002169,C002169,AC0002169,10,Debit,Amex,Platinum,2025-06-08,2027-12-29,Expired,0,
CD0002170,C002170,AC0002170,8,Debit,Visa,Business,2020-01-29,2027-08-06,Active,0,
CD0002171,C002171,AC0002171,4,Debit,Visa,Platinum,2024-05-18,2027-08-12,Active,0,
CD0002172,C002172,AC0002172,6,Credit,Visa,Gold,2025-03-11,2029-10-21,Active,0,
CD0002173,C002173,AC0002173,7,Credit,Visa,Platinum,2023-10-21,2027-01-04,Active,0,
CD0002174,C002174,AC0002174,5,Credit,Visa,Standard,2023-10-16,2030-04-16,Active,0,
CD0002175,C002175,AC0002175,5,Debit,Mastercard,Gold,2019-11-10,2028-07-02,Blocked,1,Security Block
CD0002176,C002176,AC0002176,1,Debit,Mastercard,Standard,2019-08-03,2026-11-28,Active,0,
CD0002177,C002177,AC0002177,5,Debit,Visa,Platinum,2021-03-10,2028-07-29,Active,0,
CD0002178,C002178,AC0002178,4,Debit,Amex,Standard,2022-08-19,2027-07-09,Active,0,
CD0002179,C002179,AC0002179,9,Credit,Visa,Platinum,2018-07-20,2028-09-09,Active,0,
CD0002180,C002180,AC0002180,9,Credit,Visa,Gold,2022-01-10,2028-08-12,Expired,0,
CD0002181,C002181,AC0002181,8,Credit,Visa,Standard,2022-11-09,2028-08-02,Blocked,1,Excessive Attempts
CD0002182,C002182,AC0002182,1,Debit,Visa,Standard,2025-10-27,2027-05-31,Active,0,
CD0002183,C002183,AC0002183,9,Debit,Mastercard,Gold,2022-12-30,2027-11-05,Active,0,
CD0002184,C002184,AC0002184,4,Debit,Visa,Business,2024-09-09,2027-06-13,Expired,0,
CD0002185,C002185,AC0002185,5,Debit,Visa,Platinum,2019-01-22,2028-10-10,Expired,0,
CD0002186,C002186,AC0002186,10,Debit,Visa,Standard,2024-09-21,2030-07-27,Active,0,
CD0002187,C002187,AC0002187,9,Debit,Mastercard,Business,2021-05-06,2030-04-07,Blocked,1,Security Block
CD0002188,C002188,AC0002188,1,Debit,Visa,Platinum,2021-03-19,2026-09-05,Active,0,
CD0002189,C002189,AC0002189,4,Debit,Visa,Gold,2020-06-25,2026-12-29,Active,0,
CD0002190,C002190,AC0002190,8,Credit,Mastercard,Business,2020-04-23,2026-08-01,Active,0,
CD0002191,C002191,AC0002191,6,Debit,Visa,Standard,2024-04-16,2030-01-05,Active,0,
CD0002192,C002192,AC0002192,3,Debit,Amex,Platinum,2022-06-19,2027-01-01,Active,0,
CD0002193,C002193,AC0002193,6,Debit,Visa,Business,2021-09-30,2026-05-22,Active,0,
CD0002194,C002194,AC0002194,9,Credit,Mastercard,Gold,2024-02-17,2029-12-17,Active,0,
CD0002195,C002195,AC0002195,3,Debit,Visa,Platinum,2025-06-22,2029-09-28,Active,0,
CD0002196,C002196,AC0002196,8,Debit,Mastercard,Platinum,2024-10-18,2030-12-07,Active,0,
CD0002197,C002197,AC0002197,8,Credit,Visa,Standard,2025-11-09,2028-02-02,Active,0,
CD0002198,C002198,AC0002198,9,Debit,Visa,Platinum,2025-06-05,2027-08-25,Active,0,
CD0002199,C002199,AC0002199,3,Debit,Amex,Business,2019-01-01,2028-12-15,Active,0,
CD0002200,C002200,AC0002200,3,Credit,Mastercard,Standard,2022-10-30,2029-10-15,Active,0,
CD0002201,C002201,AC0002201,6,Credit,Visa,Business,2023-12-26,2028-10-11,Expired,0,
CD0002202,C002202,AC0002202,6,Debit,Amex,Business,2023-02-17,2026-05-30,Active,0,
CD0002203,C002203,AC0002203,5,Debit,Visa,Business,2022-07-24,2027-06-30,Active,0,
CD0002204,C002204,AC0002204,8,Debit,Mastercard,Platinum,2025-11-19,2026-09-23,Active,0,
CD0002205,C002205,AC0002205,8,Credit,Visa,Gold,2020-09-01,2030-01-23,Active,0,
CD0002206,C002206,AC0002206,3,Debit,Amex,Platinum,2024-02-23,2029-08-22,Active,0,
CD0002207,C002207,AC0002207,8,Debit,Visa,Platinum,2019-11-21,2028-08-18,Blocked,1,Lost/Stolen
CD0002208,C002208,AC0002208,3,Debit,Visa,Business,2022-11-16,2027-03-15,Active,0,
CD0002209,C002209,AC0002209,5,Credit,Mastercard,Gold,2025-09-20,2030-02-08,Blocked,1,Lost/Stolen
CD0002210,C002210,AC0002210,1,Credit,Amex,Gold,2022-12-15,2029-08-02,Active,0,
CD0002211,C002211,AC0002211,4,Debit,Visa,Gold,2018-12-03,2028-12-07,Active,0,
CD0002212,C002212,AC0002212,10,Debit,Mastercard,Standard,2020-07-07,2027-05-08,Active,0,
CD0002213,C002213,AC0002213,5,Debit,Visa,Standard,2020-05-13,2030-04-19,Active,0,
CD0002214,C002214,AC0002214,8,Debit,Mastercard,Gold,2023-06-20,2027-10-19,Blocked,1,Fraud Suspected
CD0002215,C002215,AC0002215,2,Debit,Amex,Standard,2023-01-07,2030-01-08,Active,0,
CD0002216,C002216,AC0002216,7,Debit,Mastercard,Business,2019-10-15,2026-03-09,Active,0,
CD0002217,C002217,AC0002217,4,Debit,Visa,Standard,2025-07-07,2029-02-15,Blocked,1,Security Block
CD0002218,C002218,AC0002218,8,Debit,Mastercard,Standard,2025-08-01,2028-03-04,Active,0,
CD0002219,C002219,AC0002219,10,Debit,Visa,Standard,2025-08-28,2027-10-30,Active,0,
CD0002220,C002220,AC0002220,6,Credit,Visa,Standard,2024-11-14,2030-08-01,Active,0,
CD0002221,C002221,AC0002221,2,Debit,Amex,Platinum,2019-12-11,2029-05-14,Active,0,
CD0002222,C002222,AC0002222,5,Debit,Mastercard,Standard,2024-09-03,2029-01-27,Active,0,
CD0002223,C002223,AC0002223,2,Credit,Amex,Standard,2023-03-02,2028-02-28,Active,0,
CD0002224,C002224,AC0002224,5,Credit,Mastercard,Gold,2024-07-18,2027-10-08,Active,0,
CD0002225,C002225,AC0002225,1,Credit,Mastercard,Platinum,2018-09-14,2028-08-14,Active,0,
CD0002226,C002226,AC0002226,7,Credit,Mastercard,Gold,2021-10-26,2028-11-29,Active,0,
CD0002227,C002227,AC0002227,4,Debit,Amex,Gold,2023-06-06,2029-06-17,Active,0,
CD0002228,C002228,AC0002228,3,Credit,Visa,Gold,2018-02-10,2030-11-20,Active,0,
CD0002229,C002229,AC0002229,1,Debit,Visa,Business,2024-10-28,2028-08-29,Active,0,
CD0002230,C002230,AC0002230,9,Debit,Mastercard,Business,2019-07-28,2026-01-13,Active,0,
CD0002231,C002231,AC0002231,9,Debit,Mastercard,Platinum,2024-03-16,2027-04-03,Active,0,
CD0002232,C002232,AC0002232,9,Debit,Mastercard,Gold,2020-02-05,2028-07-07,Active,0,
CD0002233,C002233,AC0002233,1,Credit,Mastercard,Platinum,2018-12-31,2028-02-03,Active,0,
CD0002234,C002234,AC0002234,4,Debit,Mastercard,Standard,2023-02-23,2027-11-03,Active,0,
CD0002235,C002235,AC0002235,10,Debit,Visa,Business,2024-11-17,2028-03-17,Active,0,
CD0002236,C002236,AC0002236,6,Debit,Visa,Standard,2018-01-21,2026-01-09,Active,0,
CD0002237,C002237,AC0002237,2,Credit,Amex,Platinum,2018-09-07,2027-05-28,Active,0,
CD0002238,C002238,AC0002238,2,Debit,Mastercard,Gold,2025-12-12,2027-04-22,Active,0,
CD0002239,C002239,AC0002239,3,Debit,Amex,Platinum,2025-10-25,2027-04-08,Active,0,
CD0002240,C002240,AC0002240,10,Credit,Mastercard,Gold,2018-05-16,2030-07-10,Active,0,
CD0002241,C002241,AC0002241,2,Credit,Amex,Gold,2018-09-29,2029-11-09,Active,0,
CD0002242,C002242,AC0002242,10,Credit,Visa,Gold,2023-03-10,2026-07-16,Active,0,
CD0002243,C002243,AC0002243,7,Debit,Visa,Gold,2023-12-28,2028-09-28,Active,0,
CD0002244,C002244,AC0002244,10,Debit,Visa,Standard,2021-12-08,2029-10-24,Blocked,1,Fraud Suspected
CD0002245,C002245,AC0002245,9,Credit,Visa,Gold,2022-05-24,2028-08-01,Active,0,
CD0002246,C002246,AC0002246,4,Debit,Mastercard,Platinum,2024-10-14,2029-09-26,Active,0,
CD0002247,C002247,AC0002247,9,Debit,Mastercard,Gold,2018-04-18,2027-05-12,Active,0,
CD0002248,C002248,AC0002248,2,Credit,Amex,Standard,2022-12-11,2029-04-01,Active,0,
CD0002249,C002249,AC0002249,3,Credit,Amex,Gold,2018-03-01,2027-02-15,Active,0,
CD0002250,C002250,AC0002250,3,Debit,Mastercard,Platinum,2022-12-09,2026-02-27,Blocked,1,Security Block
CD0002251,C002251,AC0002251,2,Credit,Visa,Business,2019-05-22,2027-01-21,Expired,0,
CD0002252,C002252,AC0002252,1,Debit,Visa,Standard,2021-08-02,2026-10-02,Active,0,
CD0002253,C002253,AC0002253,2,Credit,Mastercard,Gold,2018-09-05,2027-06-02,Blocked,1,Security Block
CD0002254,C002254,AC0002254,2,Credit,Visa,Business,2022-06-04,2028-12-07,Active,0,
CD0002255,C002255,AC0002255,4,Debit,Visa,Business,2025-02-02,2026-07-02,Active,0,
CD0002256,C002256,AC0002256,1,Credit,Mastercard,Platinum,2022-11-19,2030-02-22,Expired,0,
CD0002257,C002257,AC0002257,1,Debit,Mastercard,Business,2024-07-13,2029-07-08,Active,0,
CD0002258,C002258,AC0002258,10,Debit,Amex,Gold,2020-07-12,2028-01-02,Active,0,
CD0002259,C002259,AC0002259,1,Credit,Mastercard,Standard,2025-04-10,2029-09-18,Active,0,
CD0002260,C002260,AC0002260,1,Credit,Mastercard,Standard,2023-08-23,2030-07-16,Active,0,
CD0002261,C002261,AC0002261,1,Credit,Visa,Standard,2019-11-30,2027-10-24,Active,0,
CD0002262,C002262,AC0002262,2,Debit,Visa,Business,2019-08-18,2030-09-30,Active,0,
CD0002263,C002263,AC0002263,6,Debit,Mastercard,Business,2025-02-09,2029-11-09,Active,0,
CD0002264,C002264,AC0002264,9,Debit,Mastercard,Business,2020-12-18,2029-06-09,Blocked,1,Security Block
CD0002265,C002265,AC0002265,8,Debit,Mastercard,Standard,2019-08-21,2027-05-01,Blocked,1,Fraud Suspected
CD0002266,C002266,AC0002266,6,Debit,Mastercard,Platinum,2020-05-26,2027-11-21,Active,0,
CD0002267,C002267,AC0002267,1,Debit,Mastercard,Standard,2022-06-13,2027-11-16,Blocked,1,Excessive Attempts
CD0002268,C002268,AC0002268,8,Debit,Visa,Gold,2018-04-30,2027-11-29,Blocked,1,Fraud Suspected
CD0002269,C002269,AC0002269,1,Debit,Amex,Platinum,2018-08-17,2026-09-19,Active,0,
CD0002270,C002270,AC0002270,7,Debit,Visa,Gold,2018-02-14,2026-01-15,Active,0,
CD0002271,C002271,AC0002271,5,Credit,Amex,Platinum,2021-01-15,2027-05-13,Active,0,
CD0002272,C002272,AC0002272,9,Debit,Mastercard,Business,2021-10-01,2027-03-16,Active,0,
CD0002273,C002273,AC0002273,4,Debit,Visa,Standard,2021-12-17,2028-04-20,Blocked,1,Security Block
CD0002274,C002274,AC0002274,7,Credit,Visa,Gold,2019-11-25,2028-12-02,Active,0,
CD0002275,C002275,AC0002275,5,Credit,Visa,Standard,2023-08-08,2027-07-16,Blocked,1,Security Block
CD0002276,C002276,AC0002276,6,Debit,Mastercard,Gold,2023-11-03,2026-01-01,Active,0,
CD0002277,C002277,AC0002277,10,Debit,Mastercard,Gold,2020-05-07,2029-03-08,Active,0,
CD0002278,C002278,AC0002278,8,Debit,Mastercard,Gold,2021-04-28,2027-12-21,Active,0,
CD0002279,C002279,AC0002279,5,Debit,Visa,Standard,2025-10-26,2027-09-12,Active,0,
CD0002280,C002280,AC0002280,5,Debit,Visa,Standard,2024-07-06,2029-08-18,Active,0,
CD0002281,C002281,AC0002281,8,Credit,Visa,Standard,2020-03-01,2028-05-16,Active,0,
CD0002282,C002282,AC0002282,4,Debit,Mastercard,Gold,2025-01-30,2026-06-29,Active,0,
CD0002283,C002283,AC0002283,2,Credit,Amex,Business,2022-11-29,2030-04-01,Active,0,
CD0002284,C002284,AC0002284,5,Debit,Mastercard,Business,2023-01-05,2030-05-21,Active,0,
CD0002285,C002285,AC0002285,1,Debit,Visa,Business,2021-11-28,2026-12-28,Blocked,1,Security Block
CD0002286,C002286,AC0002286,2,Credit,Mastercard,Standard,2021-10-09,2027-12-14,Active,0,
CD0002287,C002287,AC0002287,5,Credit,Mastercard,Platinum,2025-10-05,2030-12-10,Active,0,
CD0002288,C002288,AC0002288,8,Debit,Mastercard,Business,2019-03-22,2030-12-18,Active,0,
CD0002289,C002289,AC0002289,8,Debit,Mastercard,Standard,2020-04-12,2028-07-19,Active,0,
CD0002290,C002290,AC0002290,3,Credit,Visa,Gold,2023-04-12,2027-02-02,Active,0,
CD0002291,C002291,AC0002291,5,Debit,Visa,Business,2023-09-01,2029-09-19,Active,0,
CD0002292,C002292,AC0002292,2,Debit,Mastercard,Business,2019-05-06,2029-07-08,Blocked,1,Security Block
CD0002293,C002293,AC0002293,8,Credit,Amex,Business,2018-06-13,2027-03-13,Active,0,
CD0002294,C002294,AC0002294,3,Debit,Amex,Platinum,2018-10-28,2030-02-20,Active,0,
CD0002295,C002295,AC0002295,8,Debit,Visa,Gold,2025-12-26,2028-11-22,Active,0,
CD0002296,C002296,AC0002296,9,Credit,Amex,Standard,2019-08-21,2028-05-21,Active,0,
CD0002297,C002297,AC0002297,7,Debit,Mastercard,Platinum,2025-01-17,2029-04-10,Blocked,1,Security Block
CD0002298,C002298,AC0002298,4,Credit,Visa,Gold,2018-01-23,2028-12-23,Active,0,
CD0002299,C002299,AC0002299,10,Debit,Mastercard,Standard,2018-11-25,2028-03-06,Blocked,1,Fraud Suspected
CD0002300,C002300,AC0002300,7,Debit,Mastercard,Gold,2020-07-08,2030-08-24,Active,0,
CD0002301,C002301,AC0002301,7,Credit,Mastercard,Gold,2023-06-18,2029-02-27,Active,0,
CD0002302,C002302,AC0002302,9,Debit,Visa,Platinum,2020-12-12,2026-10-05,Active,0,
CD0002303,C002303,AC0002303,9,Credit,Mastercard,Standard,2021-02-17,2027-08-06,Active,0,
CD0002304,C002304,AC0002304,1,Credit,Amex,Platinum,2023-09-26,2027-01-20,Expired,0,
CD0002305,C002305,AC0002305,9,Debit,Visa,Platinum,2023-08-20,2029-06-14,Active,0,
CD0002306,C002306,AC0002306,8,Credit,Visa,Business,2022-11-17,2028-03-17,Active,0,
CD0002307,C002307,AC0002307,3,Credit,Visa,Business,2023-03-26,2030-11-04,Active,0,
CD0002308,C002308,AC0002308,4,Debit,Visa,Platinum,2018-10-14,2030-08-09,Active,0,
CD0002309,C002309,AC0002309,8,Debit,Visa,Platinum,2023-01-11,2027-01-21,Active,0,
CD0002310,C002310,AC0002310,3,Credit,Visa,Business,2025-08-02,2027-07-19,Active,0,
CD0002311,C002311,AC0002311,5,Debit,Visa,Business,2020-11-07,2028-08-14,Active,0,
CD0002312,C002312,AC0002312,7,Debit,Mastercard,Standard,2023-04-23,2028-08-11,Active,0,
CD0002313,C002313,AC0002313,7,Debit,Visa,Standard,2025-10-24,2026-06-29,Active,0,
CD0002314,C002314,AC0002314,10,Debit,Mastercard,Business,2022-07-24,2030-12-02,Active,0,
CD0002315,C002315,AC0002315,2,Debit,Visa,Standard,2018-09-12,2029-10-09,Active,0,
CD0002316,C002316,AC0002316,3,Debit,Visa,Business,2022-03-16,2030-04-03,Active,0,
CD0002317,C002317,AC0002317,10,Credit,Mastercard,Standard,2019-03-25,2027-06-14,Blocked,1,Security Block
CD0002318,C002318,AC0002318,6,Debit,Mastercard,Platinum,2020-11-12,2029-06-22,Active,0,
CD0002319,C002319,AC0002319,3,Debit,Mastercard,Gold,2023-12-04,2030-11-22,Active,0,
CD0002320,C002320,AC0002320,3,Debit,Mastercard,Platinum,2023-09-20,2028-03-10,Blocked,1,Excessive Attempts
CD0002321,C002321,AC0002321,4,Credit,Mastercard,Platinum,2020-07-15,2026-05-30,Active,0,
CD0002322,C002322,AC0002322,6,Credit,Visa,Gold,2025-11-29,2028-03-09,Active,0,
CD0002323,C002323,AC0002323,3,Credit,Mastercard,Business,2022-08-12,2029-09-10,Active,0,
CD0002324,C002324,AC0002324,7,Credit,Mastercard,Standard,2018-12-29,2028-01-18,Expired,0,
CD0002325,C002325,AC0002325,5,Credit,Amex,Standard,2022-05-01,2026-09-11,Blocked,1,Security Block
CD0002326,C002326,AC0002326,7,Credit,Mastercard,Platinum,2020-01-15,2026-05-10,Active,0,
CD0002327,C002327,AC0002327,2,Credit,Mastercard,Gold,2018-10-01,2027-11-23,Active,0,
CD0002328,C002328,AC0002328,7,Credit,Amex,Standard,2018-03-21,2029-06-21,Active,0,
CD0002329,C002329,AC0002329,10,Credit,Amex,Gold,2023-03-23,2026-12-25,Active,0,
CD0002330,C002330,AC0002330,2,Debit,Mastercard,Platinum,2018-06-19,2026-01-21,Active,0,
CD0002331,C002331,AC0002331,4,Debit,Visa,Platinum,2021-06-15,2029-12-15,Active,0,
CD0002332,C002332,AC0002332,7,Credit,Amex,Platinum,2018-07-08,2030-07-22,Active,0,
CD0002333,C002333,AC0002333,7,Credit,Visa,Business,2023-07-10,2028-04-20,Active,0,
CD0002334,C002334,AC0002334,7,Debit,Mastercard,Platinum,2018-09-13,2030-09-20,Active,0,
CD0002335,C002335,AC0002335,6,Debit,Visa,Standard,2018-04-15,2027-02-27,Active,0,
CD0002336,C002336,AC0002336,7,Debit,Mastercard,Platinum,2018-10-20,2030-04-15,Blocked,1,Security Block
CD0002337,C002337,AC0002337,7,Debit,Visa,Standard,2025-01-22,2026-04-19,Active,0,
CD0002338,C002338,AC0002338,1,Debit,Mastercard,Standard,2020-11-16,2030-05-15,Active,0,
CD0002339,C002339,AC0002339,8,Debit,Visa,Standard,2022-06-17,2027-02-04,Active,0,
CD0002340,C002340,AC0002340,5,Debit,Mastercard,Business,2019-04-17,2030-12-11,Active,0,
CD0002341,C002341,AC0002341,1,Debit,Amex,Standard,2018-04-28,2026-09-13,Active,0,
CD0002342,C002342,AC0002342,5,Credit,Visa,Standard,2021-01-24,2028-12-28,Active,0,
CD0002343,C002343,AC0002343,5,Debit,Mastercard,Gold,2020-04-17,2028-07-25,Active,0,
CD0002344,C002344,AC0002344,1,Credit,Mastercard,Platinum,2024-11-22,2028-06-14,Active,0,
CD0002345,C002345,AC0002345,10,Credit,Visa,Platinum,2025-01-24,2026-12-04,Active,0,
CD0002346,C002346,AC0002346,3,Debit,Mastercard,Business,2023-02-20,2030-06-02,Expired,0,
CD0002347,C002347,AC0002347,4,Debit,Mastercard,Standard,2018-09-11,2027-10-25,Active,0,
CD0002348,C002348,AC0002348,5,Credit,Mastercard,Business,2020-10-10,2026-05-07,Blocked,1,Security Block
CD0002349,C002349,AC0002349,9,Debit,Amex,Platinum,2024-10-12,2029-09-24,Blocked,1,Lost/Stolen
CD0002350,C002350,AC0002350,8,Debit,Visa,Gold,2024-06-24,2029-12-25,Active,0,
CD0002351,C002351,AC0002351,8,Debit,Visa,Business,2018-05-23,2029-11-22,Active,0,
CD0002352,C002352,AC0002352,3,Debit,Visa,Business,2020-08-11,2026-02-20,Active,0,
CD0002353,C002353,AC0002353,9,Debit,Mastercard,Standard,2021-02-25,2027-12-02,Blocked,1,Excessive Attempts
CD0002354,C002354,AC0002354,9,Debit,Mastercard,Business,2021-09-08,2028-09-17,Active,0,
CD0002355,C002355,AC0002355,5,Debit,Visa,Standard,2025-02-16,2028-12-05,Active,0,
CD0002356,C002356,AC0002356,6,Debit,Visa,Gold,2020-02-24,2029-08-17,Active,0,
CD0002357,C002357,AC0002357,1,Credit,Mastercard,Platinum,2024-07-08,2030-11-09,Active,0,
CD0002358,C002358,AC0002358,8,Debit,Visa,Standard,2020-07-16,2030-07-20,Active,0,
CD0002359,C002359,AC0002359,10,Credit,Mastercard,Platinum,2021-05-08,2026-07-07,Active,0,
CD0002360,C002360,AC0002360,5,Debit,Mastercard,Gold,2021-03-11,2030-04-07,Blocked,1,Excessive Attempts
CD0002361,C002361,AC0002361,6,Debit,Mastercard,Gold,2023-05-25,2029-10-03,Active,0,
CD0002362,C002362,AC0002362,5,Debit,Visa,Business,2018-08-07,2028-03-26,Active,0,
CD0002363,C002363,AC0002363,1,Debit,Mastercard,Business,2018-05-23,2030-10-08,Active,0,
CD0002364,C002364,AC0002364,7,Debit,Mastercard,Standard,2021-11-24,2026-04-14,Active,0,
CD0002365,C002365,AC0002365,8,Debit,Mastercard,Business,2021-02-19,2029-02-17,Blocked,1,Security Block
CD0002366,C002366,AC0002366,10,Debit,Visa,Platinum,2024-11-23,2029-06-20,Active,0,
CD0002367,C002367,AC0002367,10,Debit,Visa,Standard,2023-10-14,2030-08-09,Active,0,
CD0002368,C002368,AC0002368,5,Credit,Mastercard,Gold,2018-06-13,2030-02-22,Active,0,
CD0002369,C002369,AC0002369,10,Credit,Mastercard,Business,2020-02-15,2028-05-24,Active,0,
CD0002370,C002370,AC0002370,6,Credit,Visa,Standard,2025-09-06,2026-08-10,Active,0,
CD0002371,C002371,AC0002371,7,Debit,Mastercard,Standard,2024-06-01,2030-09-05,Expired,0,
CD0002372,C002372,AC0002372,7,Debit,Visa,Gold,2022-04-28,2026-12-30,Active,0,
CD0002373,C002373,AC0002373,10,Credit,Mastercard,Platinum,2024-05-13,2026-01-09,Blocked,1,Fraud Suspected
CD0002374,C002374,AC0002374,8,Credit,Mastercard,Standard,2023-02-10,2029-09-15,Blocked,1,Security Block
CD0002375,C002375,AC0002375,2,Debit,Mastercard,Standard,2018-03-30,2029-03-07,Active,0,
CD0002376,C002376,AC0002376,1,Credit,Visa,Platinum,2024-08-27,2027-12-17,Active,0,
CD0002377,C002377,AC0002377,5,Debit,Amex,Business,2025-09-13,2030-10-23,Active,0,
CD0002378,C002378,AC0002378,6,Credit,Mastercard,Business,2021-01-12,2030-01-10,Active,0,
CD0002379,C002379,AC0002379,7,Credit,Visa,Platinum,2025-04-05,2026-12-03,Active,0,
CD0002380,C002380,AC0002380,5,Credit,Amex,Platinum,2021-10-06,2027-12-26,Active,0,
CD0002381,C002381,AC0002381,6,Debit,Mastercard,Business,2024-10-15,2028-12-20,Active,0,
CD0002382,C002382,AC0002382,10,Credit,Mastercard,Business,2025-10-15,2029-05-19,Active,0,
CD0002383,C002383,AC0002383,4,Debit,Visa,Standard,2019-04-04,2030-03-27,Active,0,
CD0002384,C002384,AC0002384,5,Debit,Visa,Standard,2019-12-18,2026-02-12,Active,0,
CD0002385,C002385,AC0002385,6,Debit,Visa,Platinum,2018-12-29,2028-05-31,Active,0,
CD0002386,C002386,AC0002386,5,Credit,Visa,Platinum,2022-01-16,2029-02-06,Active,0,
CD0002387,C002387,AC0002387,10,Debit,Amex,Platinum,2020-08-16,2030-01-09,Active,0,
CD0002388,C002388,AC0002388,10,Debit,Visa,Platinum,2020-02-20,2030-01-30,Active,0,
CD0002389,C002389,AC0002389,6,Debit,Visa,Standard,2020-09-13,2027-07-16,Active,0,
CD0002390,C002390,AC0002390,5,Credit,Visa,Business,2022-10-19,2026-09-29,Active,0,
CD0002391,C002391,AC0002391,6,Debit,Visa,Platinum,2021-12-11,2026-04-08,Blocked,1,Fraud Suspected
CD0002392,C002392,AC0002392,2,Debit,Mastercard,Gold,2019-02-19,2030-12-12,Expired,0,
CD0002393,C002393,AC0002393,5,Credit,Visa,Standard,2022-05-24,2026-08-31,Active,0,
CD0002394,C002394,AC0002394,3,Credit,Amex,Business,2024-09-03,2027-11-18,Blocked,1,Fraud Suspected
CD0002395,C002395,AC0002395,2,Credit,Visa,Gold,2019-10-10,2026-03-01,Active,0,
CD0002396,C002396,AC0002396,1,Debit,Mastercard,Platinum,2023-07-14,2030-08-23,Active,0,
CD0002397,C002397,AC0002397,6,Credit,Visa,Gold,2025-05-03,2026-11-01,Active,0,
CD0002398,C002398,AC0002398,1,Debit,Mastercard,Business,2023-04-27,2028-03-18,Active,0,
CD0002399,C002399,AC0002399,7,Debit,Mastercard,Platinum,2018-11-23,2030-10-10,Active,0,
CD0002400,C002400,AC0002400,5,Debit,Visa,Gold,2021-12-12,2027-10-08,Active,0,
CD0002401,C002401,AC0002401,4,Debit,Mastercard,Business,2020-04-14,2030-11-27,Active,0,
CD0002402,C002402,AC0002402,8,Credit,Mastercard,Platinum,2023-04-16,2029-12-04,Active,0,
CD0002403,C002403,AC0002403,6,Debit,Mastercard,Standard,2024-08-08,2029-10-06,Active,0,
CD0002404,C002404,AC0002404,8,Debit,Mastercard,Gold,2023-03-27,2030-07-19,Active,0,
CD0002405,C002405,AC0002405,8,Debit,Mastercard,Platinum,2024-07-15,2029-02-04,Active,0,
CD0002406,C002406,AC0002406,1,Credit,Visa,Business,2020-12-05,2026-12-23,Active,0,
CD0002407,C002407,AC0002407,3,Debit,Visa,Business,2025-04-15,2029-12-20,Active,0,
CD0002408,C002408,AC0002408,6,Credit,Mastercard,Gold,2024-11-17,2030-06-07,Active,0,
CD0002409,C002409,AC0002409,10,Credit,Mastercard,Standard,2023-10-21,2027-02-23,Active,0,
CD0002410,C002410,AC0002410,2,Debit,Mastercard,Gold,2023-06-20,2030-04-08,Active,0,
CD0002411,C002411,AC0002411,2,Debit,Visa,Standard,2023-08-01,2030-06-22,Active,0,
CD0002412,C002412,AC0002412,10,Debit,Mastercard,Platinum,2025-06-29,2028-02-22,Active,0,
CD0002413,C002413,AC0002413,10,Credit,Visa,Gold,2025-11-27,2028-07-12,Active,0,
CD0002414,C002414,AC0002414,2,Debit,Mastercard,Gold,2021-04-01,2029-03-12,Active,0,
CD0002415,C002415,AC0002415,5,Credit,Visa,Gold,2019-08-12,2029-03-10,Expired,0,
CD0002416,C002416,AC0002416,7,Debit,Mastercard,Standard,2020-11-22,2027-03-23,Blocked,1,Security Block
CD0002417,C002417,AC0002417,2,Credit,Visa,Standard,2018-04-08,2029-06-01,Active,0,
CD0002418,C002418,AC0002418,4,Credit,Visa,Business,2019-08-07,2029-07-07,Active,0,
CD0002419,C002419,AC0002419,4,Credit,Mastercard,Standard,2022-03-16,2028-10-16,Active,0,
CD0002420,C002420,AC0002420,7,Debit,Mastercard,Business,2022-10-25,2029-06-11,Active,0,
CD0002421,C002421,AC0002421,4,Debit,Mastercard,Standard,2023-03-03,2029-01-24,Active,0,
CD0002422,C002422,AC0002422,5,Credit,Visa,Business,2025-04-29,2027-12-09,Active,0,
CD0002423,C002423,AC0002423,3,Debit,Mastercard,Gold,2021-03-29,2029-01-21,Active,0,
CD0002424,C002424,AC0002424,8,Debit,Visa,Standard,2018-02-03,2030-02-22,Blocked,1,Lost/Stolen
CD0002425,C002425,AC0002425,2,Debit,Mastercard,Business,2025-01-07,2029-05-19,Active,0,
CD0002426,C002426,AC0002426,3,Credit,Visa,Platinum,2025-05-10,2028-10-20,Active,0,
CD0002427,C002427,AC0002427,3,Credit,Visa,Standard,2018-01-20,2027-12-17,Blocked,1,Lost/Stolen
CD0002428,C002428,AC0002428,10,Debit,Visa,Standard,2022-07-01,2030-10-12,Active,0,
CD0002429,C002429,AC0002429,10,Debit,Amex,Business,2023-10-21,2026-06-04,Active,0,
CD0002430,C002430,AC0002430,6,Credit,Visa,Platinum,2023-09-01,2027-07-14,Blocked,1,Security Block
CD0002431,C002431,AC0002431,2,Debit,Mastercard,Gold,2024-01-25,2028-08-04,Active,0,
CD0002432,C002432,AC0002432,8,Credit,Visa,Business,2018-06-08,2030-05-09,Active,0,
CD0002433,C002433,AC0002433,5,Debit,Visa,Platinum,2025-06-04,2027-10-12,Active,0,
CD0002434,C002434,AC0002434,9,Debit,Visa,Standard,2018-05-27,2027-03-23,Active,0,
CD0002435,C002435,AC0002435,4,Credit,Mastercard,Gold,2022-11-07,2029-07-28,Active,0,
CD0002436,C002436,AC0002436,10,Debit,Mastercard,Standard,2023-04-20,2027-02-19,Expired,0,
CD0002437,C002437,AC0002437,9,Debit,Mastercard,Platinum,2021-07-03,2027-08-13,Active,0,
CD0002438,C002438,AC0002438,3,Debit,Mastercard,Standard,2021-04-11,2026-07-07,Active,0,
CD0002439,C002439,AC0002439,8,Debit,Mastercard,Gold,2022-06-02,2028-06-29,Active,0,
CD0002440,C002440,AC0002440,3,Credit,Mastercard,Gold,2020-10-21,2027-05-29,Blocked,1,Security Block
CD0002441,C002441,AC0002441,4,Debit,Mastercard,Platinum,2019-09-28,2030-05-20,Active,0,
CD0002442,C002442,AC0002442,3,Debit,Mastercard,Platinum,2019-02-08,2029-10-04,Active,0,
CD0002443,C002443,AC0002443,7,Credit,Amex,Platinum,2022-09-09,2026-03-05,Active,0,
CD0002444,C002444,AC0002444,3,Credit,Mastercard,Business,2024-05-20,2028-03-28,Active,0,
CD0002445,C002445,AC0002445,7,Debit,Visa,Platinum,2018-08-13,2027-07-14,Active,0,
CD0002446,C002446,AC0002446,6,Credit,Mastercard,Platinum,2024-12-31,2027-01-01,Expired,0,
CD0002447,C002447,AC0002447,8,Debit,Visa,Business,2019-12-13,2026-08-11,Active,0,
CD0002448,C002448,AC0002448,10,Credit,Mastercard,Platinum,2018-11-07,2028-04-12,Blocked,1,Fraud Suspected
CD0002449,C002449,AC0002449,1,Credit,Visa,Platinum,2020-07-30,2029-02-03,Active,0,
CD0002450,C002450,AC0002450,10,Debit,Mastercard,Standard,2023-06-30,2030-01-29,Active,0,
CD0002451,C002451,AC0002451,2,Debit,Visa,Platinum,2021-07-11,2026-03-12,Active,0,
CD0002452,C002452,AC0002452,6,Debit,Visa,Platinum,2025-12-18,2026-08-04,Active,0,
CD0002453,C002453,AC0002453,4,Debit,Mastercard,Standard,2024-06-13,2030-06-24,Active,0,
CD0002454,C002454,AC0002454,7,Debit,Mastercard,Platinum,2021-10-30,2026-05-23,Active,0,
CD0002455,C002455,AC0002455,8,Debit,Visa,Business,2020-05-24,2026-03-24,Active,0,
CD0002456,C002456,AC0002456,9,Debit,Amex,Business,2024-12-22,2026-12-04,Blocked,1,Lost/Stolen
CD0002457,C002457,AC0002457,5,Debit,Mastercard,Platinum,2023-05-31,2027-05-02,Active,0,
CD0002458,C002458,AC0002458,10,Debit,Mastercard,Gold,2019-02-11,2029-04-01,Active,0,
CD0002459,C002459,AC0002459,4,Debit,Mastercard,Standard,2020-11-25,2026-04-11,Active,0,
CD0002460,C002460,AC0002460,3,Credit,Mastercard,Gold,2018-10-13,2028-04-07,Active,0,
CD0002461,C002461,AC0002461,4,Credit,Visa,Gold,2024-06-20,2028-02-19,Active,0,
CD0002462,C002462,AC0002462,6,Credit,Mastercard,Standard,2022-10-14,2027-12-23,Active,0,
CD0002463,C002463,AC0002463,7,Debit,Mastercard,Gold,2024-05-14,2026-06-20,Expired,0,
CD0002464,C002464,AC0002464,9,Debit,Mastercard,Gold,2023-10-01,2028-09-08,Active,0,
CD0002465,C002465,AC0002465,3,Debit,Visa,Business,2020-03-20,2028-02-11,Active,0,
CD0002466,C002466,AC0002466,4,Debit,Visa,Gold,2018-01-04,2026-08-21,Active,0,
CD0002467,C002467,AC0002467,10,Credit,Mastercard,Standard,2023-08-03,2028-07-13,Active,0,
CD0002468,C002468,AC0002468,5,Debit,Mastercard,Business,2018-04-19,2028-03-02,Active,0,
CD0002469,C002469,AC0002469,3,Credit,Mastercard,Business,2020-05-31,2026-05-19,Active,0,
CD0002470,C002470,AC0002470,10,Debit,Visa,Standard,2018-01-17,2028-04-13,Active,0,
CD0002471,C002471,AC0002471,5,Debit,Mastercard,Standard,2023-09-05,2026-11-21,Blocked,1,Excessive Attempts
CD0002472,C002472,AC0002472,10,Credit,Visa,Gold,2025-10-07,2028-06-28,Active,0,
CD0002473,C002473,AC0002473,10,Debit,Visa,Standard,2018-09-26,2027-04-02,Active,0,
CD0002474,C002474,AC0002474,10,Credit,Visa,Platinum,2024-08-16,2029-05-05,Active,0,
CD0002475,C002475,AC0002475,6,Credit,Amex,Gold,2018-10-09,2029-07-04,Active,0,
CD0002476,C002476,AC0002476,8,Debit,Visa,Platinum,2019-12-29,2026-09-01,Active,0,
CD0002477,C002477,AC0002477,10,Debit,Mastercard,Gold,2024-10-03,2028-01-28,Active,0,
CD0002478,C002478,AC0002478,3,Debit,Visa,Platinum,2025-12-04,2030-02-27,Active,0,
CD0002479,C002479,AC0002479,1,Debit,Mastercard,Platinum,2019-09-12,2028-11-25,Active,0,
CD0002480,C002480,AC0002480,4,Credit,Amex,Platinum,2020-03-22,2029-02-18,Active,0,
CD0002481,C002481,AC0002481,7,Debit,Visa,Business,2019-02-20,2028-04-11,Active,0,
CD0002482,C002482,AC0002482,6,Debit,Visa,Business,2021-01-05,2028-06-19,Blocked,1,Security Block
CD0002483,C002483,AC0002483,1,Debit,Mastercard,Business,2022-02-02,2029-04-18,Active,0,
CD0002484,C002484,AC0002484,6,Debit,Visa,Gold,2023-03-01,2027-09-15,Blocked,1,Lost/Stolen
CD0002485,C002485,AC0002485,2,Debit,Visa,Standard,2023-08-24,2029-08-15,Active,0,
CD0002486,C002486,AC0002486,6,Debit,Amex,Business,2025-09-10,2029-09-05,Active,0,
CD0002487,C002487,AC0002487,6,Credit,Visa,Standard,2022-12-06,2029-02-22,Active,0,
CD0002488,C002488,AC0002488,7,Debit,Visa,Gold,2019-12-19,2028-07-04,Active,0,
CD0002489,C002489,AC0002489,5,Credit,Mastercard,Gold,2021-02-08,2030-09-10,Active,0,
CD0002490,C002490,AC0002490,5,Credit,Amex,Business,2020-11-07,2030-06-05,Active,0,
CD0002491,C002491,AC0002491,7,Debit,Mastercard,Platinum,2018-02-20,2026-07-03,Expired,0,
CD0002492,C002492,AC0002492,8,Debit,Mastercard,Platinum,2018-07-12,2028-10-22,Active,0,
CD0002493,C002493,AC0002493,9,Debit,Mastercard,Platinum,2022-07-09,2030-12-20,Active,0,
CD0002494,C002494,AC0002494,4,Credit,Visa,Platinum,2021-12-22,2028-01-04,Active,0,
CD0002495,C002495,AC0002495,5,Debit,Visa,Business,2022-06-20,2029-03-17,Active,0,
CD0002496,C002496,AC0002496,4,Debit,Visa,Standard,2022-01-19,2028-10-21,Active,0,
CD0002497,C002497,AC0002497,6,Credit,Visa,Standard,2020-05-03,2027-06-07,Active,0,
CD0002498,C002498,AC0002498,2,Debit,Mastercard,Business,2024-12-02,2030-01-13,Expired,0,
CD0002499,C002499,AC0002499,5,Debit,Mastercard,Business,2020-08-11,2027-09-14,Active,0,
CD0002500,C002500,AC0002500,2,Debit,Amex,Business,2019-08-06,2028-06-02,Blocked,1,Security Block
CD0002501,C002501,AC0002501,6,Debit,Amex,Platinum,2019-12-18,2028-04-07,Active,0,
CD0002502,C002502,AC0002502,9,Debit,Visa,Platinum,2024-11-20,2026-01-14,Active,0,
CD0002503,C002503,AC0002503,10,Credit,Mastercard,Platinum,2024-06-23,2028-01-02,Active,0,
CD0002504,C002504,AC0002504,5,Credit,Mastercard,Business,2019-09-06,2027-12-26,Active,0,
CD0002505,C002505,AC0002505,1,Credit,Visa,Platinum,2020-06-25,2029-04-20,Active,0,
CD0002506,C002506,AC0002506,3,Debit,Mastercard,Standard,2022-06-17,2030-01-15,Expired,0,
CD0002507,C002507,AC0002507,2,Credit,Mastercard,Platinum,2021-06-28,2028-12-12,Active,0,
CD0002508,C002508,AC0002508,8,Debit,Mastercard,Platinum,2025-03-05,2028-06-24,Blocked,1,Security Block
CD0002509,C002509,AC0002509,10,Debit,Visa,Business,2022-09-02,2029-07-06,Active,0,
CD0002510,C002510,AC0002510,6,Credit,Visa,Platinum,2018-10-13,2027-04-01,Active,0,
CD0002511,C002511,AC0002511,2,Debit,Visa,Platinum,2020-11-16,2030-07-20,Active,0,
CD0002512,C002512,AC0002512,1,Debit,Mastercard,Platinum,2024-06-10,2026-02-06,Active,0,
CD0002513,C002513,AC0002513,10,Debit,Visa,Gold,2023-07-26,2028-02-12,Active,0,
CD0002514,C002514,AC0002514,4,Debit,Visa,Standard,2021-11-07,2030-06-25,Active,0,
CD0002515,C002515,AC0002515,2,Credit,Mastercard,Gold,2019-07-14,2027-02-18,Active,0,
CD0002516,C002516,AC0002516,2,Debit,Visa,Platinum,2018-09-26,2030-09-06,Active,0,
CD0002517,C002517,AC0002517,3,Debit,Mastercard,Gold,2020-09-27,2026-07-31,Active,0,
CD0002518,C002518,AC0002518,7,Credit,Mastercard,Business,2018-09-27,2027-08-27,Active,0,
CD0002519,C002519,AC0002519,9,Debit,Mastercard,Business,2019-12-19,2028-08-01,Active,0,
CD0002520,C002520,AC0002520,3,Credit,Amex,Standard,2022-12-12,2030-12-28,Active,0,
CD0002521,C002521,AC0002521,7,Debit,Visa,Business,2020-09-25,2030-09-22,Active,0,
CD0002522,C002522,AC0002522,1,Debit,Visa,Gold,2024-09-12,2030-11-25,Active,0,
CD0002523,C002523,AC0002523,1,Debit,Mastercard,Standard,2021-10-02,2027-12-10,Blocked,1,Security Block
CD0002524,C002524,AC0002524,1,Debit,Visa,Standard,2025-04-21,2028-10-28,Active,0,
CD0002525,C002525,AC0002525,10,Debit,Mastercard,Business,2024-01-30,2028-07-07,Expired,0,
CD0002526,C002526,AC0002526,6,Debit,Mastercard,Platinum,2019-08-25,2028-01-13,Expired,0,
CD0002527,C002527,AC0002527,9,Credit,Mastercard,Gold,2020-08-12,2028-04-07,Active,0,
CD0002528,C002528,AC0002528,1,Credit,Mastercard,Platinum,2023-09-12,2030-11-21,Blocked,1,Security Block
CD0002529,C002529,AC0002529,1,Debit,Mastercard,Gold,2023-10-20,2027-01-23,Blocked,1,Fraud Suspected
CD0002530,C002530,AC0002530,9,Credit,Visa,Gold,2018-01-31,2029-04-26,Active,0,
CD0002531,C002531,AC0002531,2,Credit,Amex,Standard,2024-03-12,2029-04-28,Active,0,
CD0002532,C002532,AC0002532,2,Debit,Visa,Gold,2023-08-12,2026-01-13,Active,0,
CD0002533,C002533,AC0002533,6,Debit,Visa,Business,2018-05-23,2028-09-21,Active,0,
CD0002534,C002534,AC0002534,7,Debit,Mastercard,Platinum,2022-06-23,2030-11-06,Active,0,
CD0002535,C002535,AC0002535,3,Debit,Visa,Business,2024-11-12,2027-08-13,Active,0,
CD0002536,C002536,AC0002536,5,Debit,Mastercard,Gold,2018-07-20,2027-03-31,Active,0,
CD0002537,C002537,AC0002537,7,Debit,Mastercard,Business,2020-03-29,2029-07-30,Active,0,
CD0002538,C002538,AC0002538,5,Credit,Visa,Business,2018-01-18,2030-01-13,Expired,0,
CD0002539,C002539,AC0002539,4,Debit,Visa,Platinum,2020-12-20,2029-01-15,Active,0,
CD0002540,C002540,AC0002540,1,Credit,Visa,Business,2025-10-31,2027-08-31,Active,0,
CD0002541,C002541,AC0002541,5,Debit,Mastercard,Gold,2023-09-30,2029-10-16,Active,0,
CD0002542,C002542,AC0002542,9,Credit,Visa,Standard,2018-05-08,2027-04-20,Blocked,1,Security Block
CD0002543,C002543,AC0002543,7,Debit,Mastercard,Standard,2020-11-07,2029-04-05,Active,0,
CD0002544,C002544,AC0002544,9,Credit,Visa,Platinum,2022-08-01,2030-02-17,Active,0,
CD0002545,C002545,AC0002545,2,Debit,Visa,Business,2024-01-02,2026-12-15,Active,0,
CD0002546,C002546,AC0002546,1,Debit,Amex,Gold,2024-01-22,2027-02-16,Active,0,
CD0002547,C002547,AC0002547,6,Credit,Mastercard,Platinum,2018-04-09,2028-08-13,Active,0,
CD0002548,C002548,AC0002548,2,Debit,Amex,Business,2022-01-16,2030-09-19,Active,0,
CD0002549,C002549,AC0002549,6,Debit,Mastercard,Platinum,2018-10-21,2028-01-04,Active,0,
CD0002550,C002550,AC0002550,10,Debit,Mastercard,Standard,2022-01-07,2027-03-21,Active,0,
CD0002551,C002551,AC0002551,4,Credit,Mastercard,Standard,2022-03-17,2028-02-26,Active,0,
CD0002552,C002552,AC0002552,6,Debit,Mastercard,Standard,2023-03-02,2028-08-17,Active,0,
CD0002553,C002553,AC0002553,7,Credit,Mastercard,Standard,2024-10-30,2028-02-10,Active,0,
CD0002554,C002554,AC0002554,2,Credit,Mastercard,Platinum,2021-10-08,2026-07-08,Active,0,
CD0002555,C002555,AC0002555,9,Debit,Mastercard,Platinum,2024-05-16,2028-08-20,Blocked,1,Lost/Stolen
CD0002556,C002556,AC0002556,3,Credit,Visa,Business,2021-09-30,2028-09-11,Active,0,
CD0002557,C002557,AC0002557,9,Credit,Mastercard,Gold,2024-09-14,2026-07-24,Active,0,
CD0002558,C002558,AC0002558,7,Credit,Amex,Business,2021-11-12,2030-06-19,Active,0,
CD0002559,C002559,AC0002559,2,Debit,Visa,Standard,2021-07-06,2028-05-21,Active,0,
CD0002560,C002560,AC0002560,8,Debit,Amex,Platinum,2020-04-30,2029-03-04,Active,0,
CD0002561,C002561,AC0002561,2,Credit,Amex,Business,2020-06-13,2028-04-04,Blocked,1,Security Block
CD0002562,C002562,AC0002562,6,Debit,Visa,Gold,2023-02-28,2026-04-22,Active,0,
CD0002563,C002563,AC0002563,10,Debit,Mastercard,Platinum,2024-11-21,2027-12-29,Active,0,
CD0002564,C002564,AC0002564,10,Debit,Visa,Business,2020-06-23,2030-08-14,Active,0,
CD0002565,C002565,AC0002565,9,Credit,Mastercard,Platinum,2018-12-17,2030-12-14,Active,0,
CD0002566,C002566,AC0002566,5,Debit,Mastercard,Platinum,2020-03-25,2029-12-28,Active,0,
CD0002567,C002567,AC0002567,6,Credit,Mastercard,Business,2019-12-11,2030-03-12,Active,0,
CD0002568,C002568,AC0002568,4,Credit,Visa,Business,2023-03-05,2026-04-23,Active,0,
CD0002569,C002569,AC0002569,10,Credit,Visa,Gold,2024-07-27,2027-07-15,Expired,0,
CD0002570,C002570,AC0002570,5,Credit,Mastercard,Standard,2024-11-04,2029-02-26,Blocked,1,Excessive Attempts
CD0002571,C002571,AC0002571,8,Debit,Mastercard,Platinum,2021-06-28,2026-08-27,Active,0,
CD0002572,C002572,AC0002572,4,Debit,Visa,Business,2024-07-24,2029-10-17,Active,0,
CD0002573,C002573,AC0002573,8,Debit,Visa,Business,2021-11-27,2027-11-19,Active,0,
CD0002574,C002574,AC0002574,3,Debit,Visa,Standard,2018-10-06,2027-06-18,Active,0,
CD0002575,C002575,AC0002575,8,Debit,Visa,Platinum,2025-05-31,2030-10-10,Expired,0,
CD0002576,C002576,AC0002576,1,Credit,Visa,Business,2021-11-15,2027-05-11,Active,0,
CD0002577,C002577,AC0002577,2,Credit,Mastercard,Platinum,2022-11-17,2029-07-13,Active,0,
CD0002578,C002578,AC0002578,4,Debit,Visa,Gold,2023-05-15,2029-12-17,Active,0,
CD0002579,C002579,AC0002579,5,Debit,Mastercard,Gold,2021-12-07,2030-02-15,Active,0,
CD0002580,C002580,AC0002580,8,Debit,Mastercard,Gold,2023-11-24,2026-05-04,Active,0,
CD0002581,C002581,AC0002581,4,Credit,Visa,Business,2023-02-22,2026-04-13,Active,0,
CD0002582,C002582,AC0002582,1,Debit,Mastercard,Gold,2020-08-29,2030-01-31,Blocked,1,Lost/Stolen
CD0002583,C002583,AC0002583,4,Debit,Amex,Gold,2021-03-03,2028-11-07,Blocked,1,Security Block
CD0002584,C002584,AC0002584,5,Debit,Visa,Platinum,2023-08-06,2027-08-14,Active,0,
CD0002585,C002585,AC0002585,6,Debit,Visa,Standard,2020-07-03,2027-01-07,Active,0,
CD0002586,C002586,AC0002586,7,Credit,Visa,Standard,2024-11-16,2030-09-19,Active,0,
CD0002587,C002587,AC0002587,3,Debit,Visa,Gold,2019-10-06,2026-01-10,Blocked,1,Excessive Attempts
CD0002588,C002588,AC0002588,7,Credit,Mastercard,Standard,2020-04-22,2027-01-06,Active,0,
CD0002589,C002589,AC0002589,7,Debit,Mastercard,Platinum,2018-10-23,2030-10-16,Active,0,
CD0002590,C002590,AC0002590,8,Debit,Visa,Business,2023-02-16,2030-11-21,Active,0,
CD0002591,C002591,AC0002591,6,Credit,Mastercard,Gold,2020-09-27,2026-07-18,Blocked,1,Excessive Attempts
CD0002592,C002592,AC0002592,9,Debit,Visa,Standard,2021-06-01,2030-01-06,Blocked,1,Lost/Stolen
CD0002593,C002593,AC0002593,3,Credit,Visa,Business,2018-01-07,2029-07-03,Active,0,
CD0002594,C002594,AC0002594,8,Debit,Mastercard,Gold,2022-05-07,2027-03-05,Active,0,
CD0002595,C002595,AC0002595,1,Credit,Visa,Standard,2025-10-26,2027-05-26,Active,0,
CD0002596,C002596,AC0002596,2,Debit,Visa,Standard,2022-01-18,2026-12-06,Active,0,
CD0002597,C002597,AC0002597,9,Credit,Amex,Gold,2023-05-19,2027-09-28,Active,0,
CD0002598,C002598,AC0002598,5,Debit,Mastercard,Business,2019-11-19,2028-12-19,Active,0,
CD0002599,C002599,AC0002599,7,Debit,Mastercard,Business,2020-01-31,2026-07-29,Active,0,
CD0002600,C002600,AC0002600,7,Credit,Mastercard,Gold,2023-03-02,2030-11-30,Active,0,
CD0002601,C002601,AC0002601,7,Credit,Mastercard,Gold,2025-05-16,2029-05-04,Expired,0,
CD0002602,C002602,AC0002602,3,Debit,Visa,Platinum,2024-09-10,2027-01-02,Active,0,
CD0002603,C002603,AC0002603,2,Credit,Visa,Business,2019-05-06,2026-11-12,Active,0,
CD0002604,C002604,AC0002604,1,Credit,Mastercard,Standard,2022-09-25,2029-07-01,Active,0,
CD0002605,C002605,AC0002605,9,Debit,Visa,Gold,2020-11-23,2030-06-04,Blocked,1,Security Block
CD0002606,C002606,AC0002606,3,Credit,Mastercard,Platinum,2021-03-08,2026-12-24,Expired,0,
CD0002607,C002607,AC0002607,6,Debit,Visa,Business,2024-06-06,2029-12-29,Expired,0,
CD0002608,C002608,AC0002608,5,Credit,Visa,Platinum,2020-03-23,2029-10-28,Active,0,
CD0002609,C002609,AC0002609,2,Debit,Amex,Platinum,2023-11-07,2027-06-18,Active,0,
CD0002610,C002610,AC0002610,5,Debit,Amex,Standard,2018-04-29,2028-07-19,Active,0,
CD0002611,C002611,AC0002611,1,Debit,Mastercard,Platinum,2025-02-06,2028-08-17,Active,0,
CD0002612,C002612,AC0002612,2,Credit,Visa,Standard,2020-02-22,2029-09-27,Active,0,
CD0002613,C002613,AC0002613,2,Credit,Visa,Standard,2021-12-18,2026-01-20,Active,0,
CD0002614,C002614,AC0002614,9,Debit,Mastercard,Business,2021-04-10,2029-07-04,Active,0,
CD0002615,C002615,AC0002615,6,Debit,Mastercard,Business,2022-09-04,2029-01-09,Blocked,1,Lost/Stolen
CD0002616,C002616,AC0002616,10,Credit,Visa,Gold,2021-11-30,2029-10-29,Active,0,
CD0002617,C002617,AC0002617,5,Debit,Mastercard,Standard,2022-12-30,2027-11-16,Active,0,
CD0002618,C002618,AC0002618,3,Debit,Visa,Business,2022-01-14,2030-08-11,Active,0,
CD0002619,C002619,AC0002619,7,Debit,Amex,Standard,2018-07-07,2027-01-26,Active,0,
CD0002620,C002620,AC0002620,10,Debit,Mastercard,Standard,2023-12-25,2029-04-13,Active,0,
CD0002621,C002621,AC0002621,6,Debit,Mastercard,Platinum,2018-12-27,2030-10-09,Active,0,
CD0002622,C002622,AC0002622,1,Debit,Mastercard,Standard,2025-05-07,2030-01-05,Expired,0,
CD0002623,C002623,AC0002623,4,Credit,Amex,Gold,2019-01-09,2027-01-08,Expired,0,
CD0002624,C002624,AC0002624,10,Credit,Mastercard,Business,2022-05-18,2029-09-21,Blocked,1,Excessive Attempts
CD0002625,C002625,AC0002625,6,Debit,Visa,Standard,2024-11-26,2027-08-19,Expired,0,
CD0002626,C002626,AC0002626,10,Debit,Mastercard,Gold,2025-08-26,2030-10-28,Active,0,
CD0002627,C002627,AC0002627,6,Debit,Mastercard,Platinum,2024-08-21,2026-07-23,Active,0,
CD0002628,C002628,AC0002628,1,Debit,Mastercard,Gold,2020-01-03,2029-01-19,Active,0,
CD0002629,C002629,AC0002629,9,Credit,Amex,Platinum,2023-11-03,2026-07-29,Blocked,1,Lost/Stolen
CD0002630,C002630,AC0002630,8,Credit,Visa,Platinum,2025-11-20,2030-05-15,Active,0,
CD0002631,C002631,AC0002631,8,Debit,Visa,Business,2019-11-11,2028-09-02,Blocked,1,Excessive Attempts
CD0002632,C002632,AC0002632,10,Debit,Mastercard,Business,2023-02-22,2027-03-10,Active,0,
CD0002633,C002633,AC0002633,2,Debit,Mastercard,Gold,2018-04-05,2028-11-25,Active,0,
CD0002634,C002634,AC0002634,10,Debit,Mastercard,Business,2022-02-03,2030-12-16,Active,0,
CD0002635,C002635,AC0002635,3,Credit,Visa,Business,2023-04-14,2027-10-10,Active,0,
CD0002636,C002636,AC0002636,10,Credit,Visa,Standard,2020-09-17,2026-05-18,Expired,0,
CD0002637,C002637,AC0002637,2,Debit,Amex,Gold,2018-05-18,2027-06-10,Blocked,1,Security Block
CD0002638,C002638,AC0002638,6,Credit,Mastercard,Gold,2019-09-26,2029-01-16,Active,0,
CD0002639,C002639,AC0002639,8,Debit,Visa,Business,2018-12-08,2026-10-24,Active,0,
CD0002640,C002640,AC0002640,1,Credit,Visa,Gold,2021-06-20,2030-09-15,Active,0,
CD0002641,C002641,AC0002641,1,Debit,Mastercard,Gold,2019-02-27,2026-04-17,Active,0,
CD0002642,C002642,AC0002642,9,Debit,Visa,Platinum,2021-11-28,2030-10-17,Expired,0,
CD0002643,C002643,AC0002643,1,Credit,Amex,Standard,2018-04-05,2026-03-25,Active,0,
CD0002644,C002644,AC0002644,7,Debit,Visa,Standard,2024-10-28,2028-03-19,Active,0,
CD0002645,C002645,AC0002645,10,Credit,Mastercard,Standard,2019-08-30,2028-09-18,Blocked,1,Fraud Suspected
CD0002646,C002646,AC0002646,7,Debit,Visa,Gold,2022-05-18,2027-01-28,Blocked,1,Security Block
CD0002647,C002647,AC0002647,5,Debit,Visa,Platinum,2022-03-12,2026-01-06,Active,0,
CD0002648,C002648,AC0002648,5,Debit,Amex,Standard,2023-04-22,2030-02-19,Active,0,
CD0002649,C002649,AC0002649,7,Credit,Visa,Standard,2018-01-19,2028-05-21,Blocked,1,Security Block
CD0002650,C002650,AC0002650,6,Debit,Visa,Business,2024-11-14,2027-04-16,Blocked,1,Security Block
CD0002651,C002651,AC0002651,6,Debit,Mastercard,Gold,2022-01-01,2027-01-08,Active,0,
CD0002652,C002652,AC0002652,2,Credit,Visa,Platinum,2018-12-22,2029-08-19,Active,0,
CD0002653,C002653,AC0002653,7,Debit,Mastercard,Platinum,2020-09-11,2029-01-13,Active,0,
CD0002654,C002654,AC0002654,8,Debit,Visa,Platinum,2024-09-24,2030-12-22,Active,0,
CD0002655,C002655,AC0002655,8,Debit,Mastercard,Platinum,2022-07-05,2029-10-02,Active,0,
CD0002656,C002656,AC0002656,1,Debit,Amex,Standard,2024-03-10,2028-11-08,Active,0,
CD0002657,C002657,AC0002657,8,Debit,Mastercard,Business,2024-08-02,2029-10-07,Active,0,
CD0002658,C002658,AC0002658,8,Credit,Mastercard,Platinum,2025-08-10,2027-10-26,Active,0,
CD0002659,C002659,AC0002659,2,Debit,Visa,Gold,2022-05-17,2027-04-01,Active,0,
CD0002660,C002660,AC0002660,9,Credit,Visa,Platinum,2019-02-18,2026-01-20,Blocked,1,Security Block
CD0002661,C002661,AC0002661,6,Debit,Visa,Business,2019-09-27,2027-11-06,Active,0,
CD0002662,C002662,AC0002662,5,Debit,Mastercard,Gold,2021-05-04,2026-07-20,Active,0,
CD0002663,C002663,AC0002663,8,Debit,Visa,Gold,2021-04-18,2029-10-06,Blocked,1,Security Block
CD0002664,C002664,AC0002664,6,Debit,Visa,Business,2023-04-18,2028-01-30,Active,0,
CD0002665,C002665,AC0002665,6,Debit,Mastercard,Standard,2024-09-30,2027-10-13,Active,0,
CD0002666,C002666,AC0002666,4,Debit,Mastercard,Platinum,2024-12-19,2030-07-23,Active,0,
CD0002667,C002667,AC0002667,10,Debit,Mastercard,Gold,2024-09-10,2027-01-21,Active,0,
CD0002668,C002668,AC0002668,10,Credit,Visa,Standard,2021-06-24,2027-05-13,Active,0,
CD0002669,C002669,AC0002669,2,Debit,Mastercard,Gold,2022-01-26,2026-08-28,Active,0,
CD0002670,C002670,AC0002670,8,Credit,Visa,Standard,2020-04-05,2027-05-06,Active,0,
CD0002671,C002671,AC0002671,1,Credit,Mastercard,Gold,2018-06-28,2027-06-25,Active,0,
CD0002672,C002672,AC0002672,4,Debit,Visa,Business,2024-12-29,2029-09-10,Active,0,
CD0002673,C002673,AC0002673,10,Credit,Visa,Gold,2025-12-11,2029-11-17,Active,0,
CD0002674,C002674,AC0002674,2,Credit,Mastercard,Gold,2023-04-18,2029-02-03,Active,0,
CD0002675,C002675,AC0002675,4,Credit,Mastercard,Platinum,2018-10-15,2029-05-31,Active,0,
CD0002676,C002676,AC0002676,3,Debit,Visa,Gold,2018-10-18,2030-03-15,Active,0,
CD0002677,C002677,AC0002677,8,Debit,Mastercard,Platinum,2025-09-17,2028-07-25,Active,0,
CD0002678,C002678,AC0002678,5,Debit,Mastercard,Platinum,2023-02-17,2030-06-02,Active,0,
CD0002679,C002679,AC0002679,6,Debit,Mastercard,Platinum,2022-03-08,2030-11-17,Blocked,1,Security Block
CD0002680,C002680,AC0002680,10,Debit,Amex,Business,2024-06-25,2028-12-22,Active,0,
CD0002681,C002681,AC0002681,6,Credit,Visa,Platinum,2025-08-12,2028-05-14,Active,0,
CD0002682,C002682,AC0002682,8,Credit,Visa,Standard,2019-04-20,2028-03-22,Active,0,
CD0002683,C002683,AC0002683,1,Debit,Mastercard,Platinum,2023-08-20,2026-11-18,Active,0,
CD0002684,C002684,AC0002684,3,Credit,Mastercard,Business,2022-07-18,2028-05-31,Active,0,
CD0002685,C002685,AC0002685,10,Debit,Mastercard,Platinum,2021-11-29,2030-01-17,Active,0,
CD0002686,C002686,AC0002686,9,Debit,Visa,Standard,2025-08-10,2027-07-28,Active,0,
CD0002687,C002687,AC0002687,7,Credit,Visa,Business,2019-12-03,2029-10-14,Active,0,
CD0002688,C002688,AC0002688,4,Credit,Visa,Business,2019-05-10,2026-11-13,Active,0,
CD0002689,C002689,AC0002689,2,Debit,Mastercard,Gold,2022-08-24,2028-07-19,Active,0,
CD0002690,C002690,AC0002690,9,Debit,Mastercard,Platinum,2025-05-03,2028-06-12,Active,0,
CD0002691,C002691,AC0002691,8,Credit,Amex,Gold,2024-09-20,2029-06-02,Expired,0,
CD0002692,C002692,AC0002692,3,Debit,Mastercard,Business,2020-12-06,2029-01-02,Active,0,
CD0002693,C002693,AC0002693,6,Debit,Mastercard,Standard,2020-11-18,2028-09-14,Active,0,
CD0002694,C002694,AC0002694,7,Debit,Mastercard,Business,2019-08-21,2027-10-09,Active,0,
CD0002695,C002695,AC0002695,5,Debit,Visa,Business,2025-08-03,2030-06-08,Active,0,
CD0002696,C002696,AC0002696,10,Debit,Mastercard,Standard,2025-05-27,2026-11-27,Active,0,
CD0002697,C002697,AC0002697,2,Credit,Mastercard,Gold,2021-08-10,2030-02-04,Expired,0,
CD0002698,C002698,AC0002698,3,Credit,Visa,Business,2020-01-20,2029-04-27,Expired,0,
CD0002699,C002699,AC0002699,1,Debit,Visa,Platinum,2020-07-26,2027-03-18,Active,0,
CD0002700,C002700,AC0002700,7,Credit,Mastercard,Standard,2022-04-05,2028-10-19,Active,0,
CD0002701,C002701,AC0002701,7,Debit,Visa,Platinum,2018-11-27,2030-10-03,Active,0,
CD0002702,C002702,AC0002702,10,Debit,Amex,Gold,2024-05-16,2028-07-26,Active,0,
CD0002703,C002703,AC0002703,6,Credit,Mastercard,Platinum,2018-04-30,2027-08-03,Blocked,1,Security Block
CD0002704,C002704,AC0002704,2,Credit,Amex,Business,2021-02-03,2027-12-03,Active,0,
CD0002705,C002705,AC0002705,5,Debit,Amex,Gold,2025-06-09,2029-02-12,Active,0,
CD0002706,C002706,AC0002706,1,Debit,Visa,Business,2024-12-13,2030-10-22,Active,0,
CD0002707,C002707,AC0002707,7,Credit,Visa,Platinum,2018-04-12,2026-12-09,Active,0,
CD0002708,C002708,AC0002708,7,Debit,Mastercard,Business,2019-08-16,2030-09-22,Blocked,1,Security Block
CD0002709,C002709,AC0002709,9,Credit,Visa,Standard,2018-05-09,2028-10-14,Active,0,
CD0002710,C002710,AC0002710,4,Credit,Mastercard,Standard,2024-11-12,2026-01-20,Active,0,
CD0002711,C002711,AC0002711,4,Debit,Visa,Gold,2023-12-08,2026-05-20,Blocked,1,Lost/Stolen
CD0002712,C002712,AC0002712,1,Debit,Visa,Business,2025-01-05,2029-01-06,Active,0,
CD0002713,C002713,AC0002713,5,Credit,Mastercard,Business,2023-03-04,2028-09-18,Active,0,
CD0002714,C002714,AC0002714,5,Debit,Visa,Gold,2024-06-30,2030-01-31,Active,0,
CD0002715,C002715,AC0002715,8,Credit,Visa,Gold,2019-03-24,2026-03-11,Blocked,1,Security Block
CD0002716,C002716,AC0002716,8,Debit,Mastercard,Standard,2022-04-03,2028-09-11,Active,0,
CD0002717,C002717,AC0002717,2,Debit,Amex,Standard,2025-04-11,2027-01-17,Blocked,1,Lost/Stolen
CD0002718,C002718,AC0002718,3,Debit,Amex,Gold,2023-12-27,2027-03-15,Active,0,
CD0002719,C002719,AC0002719,6,Debit,Visa,Business,2019-10-23,2029-12-31,Active,0,
CD0002720,C002720,AC0002720,4,Debit,Mastercard,Business,2019-05-20,2028-11-07,Active,0,
CD0002721,C002721,AC0002721,1,Credit,Visa,Gold,2018-05-24,2030-08-22,Blocked,1,Fraud Suspected
CD0002722,C002722,AC0002722,9,Debit,Visa,Gold,2018-12-30,2026-10-21,Active,0,
CD0002723,C002723,AC0002723,8,Debit,Mastercard,Platinum,2020-01-29,2027-07-07,Active,0,
CD0002724,C002724,AC0002724,6,Debit,Visa,Business,2018-12-14,2026-06-27,Active,0,
CD0002725,C002725,AC0002725,4,Debit,Mastercard,Business,2020-07-18,2029-02-10,Blocked,1,Fraud Suspected
CD0002726,C002726,AC0002726,9,Credit,Visa,Standard,2021-02-25,2028-11-14,Expired,0,
CD0002727,C002727,AC0002727,1,Credit,Visa,Platinum,2018-10-14,2029-07-09,Active,0,
CD0002728,C002728,AC0002728,5,Debit,Amex,Gold,2021-11-27,2028-04-02,Active,0,
CD0002729,C002729,AC0002729,9,Credit,Visa,Platinum,2021-08-17,2027-06-26,Active,0,
CD0002730,C002730,AC0002730,10,Debit,Visa,Standard,2022-06-26,2026-06-15,Active,0,
CD0002731,C002731,AC0002731,3,Debit,Mastercard,Platinum,2021-05-30,2030-01-22,Active,0,
CD0002732,C002732,AC0002732,7,Credit,Visa,Standard,2024-03-10,2028-02-12,Active,0,
CD0002733,C002733,AC0002733,2,Debit,Visa,Platinum,2018-07-23,2030-01-31,Active,0,
CD0002734,C002734,AC0002734,2,Credit,Mastercard,Platinum,2020-10-11,2029-07-18,Active,0,
CD0002735,C002735,AC0002735,4,Debit,Visa,Platinum,2019-04-10,2026-11-18,Active,0,
CD0002736,C002736,AC0002736,9,Credit,Visa,Standard,2022-11-07,2030-08-13,Active,0,
CD0002737,C002737,AC0002737,7,Credit,Visa,Platinum,2024-09-12,2029-03-23,Active,0,
CD0002738,C002738,AC0002738,5,Debit,Mastercard,Platinum,2020-04-28,2026-11-03,Active,0,
CD0002739,C002739,AC0002739,3,Debit,Mastercard,Business,2025-12-21,2026-03-09,Active,0,
CD0002740,C002740,AC0002740,2,Debit,Mastercard,Platinum,2022-11-04,2027-08-16,Active,0,
CD0002741,C002741,AC0002741,3,Debit,Mastercard,Standard,2022-10-27,2030-07-13,Active,0,
CD0002742,C002742,AC0002742,2,Debit,Visa,Standard,2025-10-12,2026-08-07,Active,0,
CD0002743,C002743,AC0002743,2,Debit,Visa,Standard,2019-12-06,2028-03-08,Blocked,1,Lost/Stolen
CD0002744,C002744,AC0002744,7,Debit,Visa,Standard,2022-01-13,2030-04-11,Active,0,
CD0002745,C002745,AC0002745,2,Debit,Visa,Business,2023-07-18,2030-11-08,Active,0,
CD0002746,C002746,AC0002746,1,Debit,Visa,Business,2022-07-29,2028-05-15,Active,0,
CD0002747,C002747,AC0002747,6,Credit,Mastercard,Gold,2023-04-27,2026-09-05,Active,0,
CD0002748,C002748,AC0002748,3,Credit,Amex,Standard,2024-02-02,2028-08-03,Blocked,1,Security Block
CD0002749,C002749,AC0002749,5,Debit,Visa,Gold,2020-04-19,2026-10-09,Active,0,
CD0002750,C002750,AC0002750,2,Debit,Mastercard,Standard,2019-06-17,2030-01-31,Active,0,
CD0002751,C002751,AC0002751,3,Credit,Visa,Standard,2021-01-19,2029-12-02,Blocked,1,Security Block
CD0002752,C002752,AC0002752,5,Credit,Visa,Business,2020-05-17,2029-10-08,Active,0,
CD0002753,C002753,AC0002753,7,Debit,Visa,Gold,2022-10-13,2027-01-27,Active,0,
CD0002754,C002754,AC0002754,5,Debit,Mastercard,Platinum,2023-02-08,2028-06-20,Blocked,1,Excessive Attempts
CD0002755,C002755,AC0002755,6,Debit,Visa,Gold,2018-11-17,2030-10-24,Active,0,
CD0002756,C002756,AC0002756,6,Credit,Mastercard,Business,2018-07-06,2028-01-17,Blocked,1,Excessive Attempts
CD0002757,C002757,AC0002757,3,Debit,Visa,Standard,2021-12-02,2029-06-19,Active,0,
CD0002758,C002758,AC0002758,3,Credit,Mastercard,Platinum,2020-05-20,2028-08-27,Active,0,
CD0002759,C002759,AC0002759,5,Debit,Visa,Standard,2022-06-29,2029-07-16,Active,0,
CD0002760,C002760,AC0002760,1,Debit,Visa,Business,2021-07-06,2030-09-10,Expired,0,
CD0002761,C002761,AC0002761,7,Credit,Visa,Standard,2023-07-22,2027-05-23,Active,0,
CD0002762,C002762,AC0002762,7,Debit,Visa,Business,2022-11-07,2030-12-12,Active,0,
CD0002763,C002763,AC0002763,4,Debit,Mastercard,Gold,2018-10-05,2026-09-22,Active,0,
CD0002764,C002764,AC0002764,4,Debit,Mastercard,Platinum,2025-12-11,2027-04-20,Active,0,
CD0002765,C002765,AC0002765,4,Debit,Visa,Platinum,2021-03-09,2028-04-16,Expired,0,
CD0002766,C002766,AC0002766,7,Debit,Mastercard,Standard,2018-10-17,2027-02-20,Blocked,1,Lost/Stolen
CD0002767,C002767,AC0002767,8,Debit,Mastercard,Standard,2024-10-31,2028-02-26,Expired,0,
CD0002768,C002768,AC0002768,2,Credit,Mastercard,Business,2022-11-13,2026-11-27,Active,0,
CD0002769,C002769,AC0002769,5,Debit,Visa,Standard,2019-12-14,2030-10-27,Blocked,1,Security Block
CD0002770,C002770,AC0002770,1,Debit,Mastercard,Gold,2021-08-26,2029-04-11,Active,0,
CD0002771,C002771,AC0002771,5,Debit,Visa,Standard,2020-08-22,2026-07-10,Active,0,
CD0002772,C002772,AC0002772,3,Debit,Amex,Platinum,2025-05-10,2030-04-27,Active,0,
CD0002773,C002773,AC0002773,4,Debit,Visa,Standard,2020-02-03,2026-02-26,Active,0,
CD0002774,C002774,AC0002774,5,Debit,Visa,Platinum,2022-07-21,2030-11-22,Active,0,
CD0002775,C002775,AC0002775,4,Credit,Mastercard,Platinum,2020-04-21,2026-09-29,Active,0,
CD0002776,C002776,AC0002776,4,Debit,Amex,Standard,2020-07-29,2029-11-17,Blocked,1,Excessive Attempts
CD0002777,C002777,AC0002777,8,Credit,Mastercard,Standard,2025-12-18,2029-09-03,Active,0,
CD0002778,C002778,AC0002778,9,Credit,Mastercard,Platinum,2020-02-06,2027-03-04,Active,0,
CD0002779,C002779,AC0002779,1,Debit,Visa,Standard,2024-05-05,2028-02-10,Active,0,
CD0002780,C002780,AC0002780,4,Debit,Mastercard,Business,2018-09-19,2029-06-21,Active,0,
CD0002781,C002781,AC0002781,9,Credit,Mastercard,Business,2025-05-06,2030-01-01,Expired,0,
CD0002782,C002782,AC0002782,6,Credit,Visa,Standard,2020-05-11,2026-03-08,Active,0,
CD0002783,C002783,AC0002783,3,Debit,Mastercard,Platinum,2022-11-08,2028-06-30,Blocked,1,Excessive Attempts
CD0002784,C002784,AC0002784,6,Debit,Mastercard,Standard,2023-05-26,2030-01-30,Expired,0,
CD0002785,C002785,AC0002785,2,Debit,Visa,Business,2021-07-11,2027-03-20,Active,0,
CD0002786,C002786,AC0002786,1,Debit,Mastercard,Platinum,2019-08-07,2027-09-20,Blocked,1,Security Block
CD0002787,C002787,AC0002787,7,Credit,Visa,Standard,2024-11-12,2026-09-18,Active,0,
CD0002788,C002788,AC0002788,6,Credit,Mastercard,Gold,2020-05-07,2030-01-04,Active,0,
CD0002789,C002789,AC0002789,8,Debit,Visa,Standard,2022-01-08,2028-10-30,Active,0,
CD0002790,C002790,AC0002790,4,Debit,Mastercard,Gold,2021-06-30,2028-07-11,Active,0,
CD0002791,C002791,AC0002791,9,Credit,Mastercard,Gold,2019-02-23,2029-06-16,Blocked,1,Security Block
CD0002792,C002792,AC0002792,5,Credit,Amex,Platinum,2021-06-07,2027-09-24,Active,0,
CD0002793,C002793,AC0002793,8,Debit,Amex,Gold,2023-12-29,2030-07-05,Blocked,1,Security Block
CD0002794,C002794,AC0002794,2,Credit,Visa,Gold,2023-01-12,2030-02-06,Active,0,
CD0002795,C002795,AC0002795,1,Debit,Amex,Standard,2018-02-06,2028-02-11,Active,0,
CD0002796,C002796,AC0002796,8,Debit,Mastercard,Standard,2023-07-17,2026-11-17,Active,0,
CD0002797,C002797,AC0002797,9,Debit,Visa,Platinum,2025-02-13,2026-08-13,Active,0,
CD0002798,C002798,AC0002798,10,Credit,Visa,Platinum,2020-11-09,2030-12-12,Active,0,
CD0002799,C002799,AC0002799,4,Debit,Visa,Platinum,2018-08-02,2026-09-16,Active,0,
CD0002800,C002800,AC0002800,1,Debit,Amex,Gold,2023-01-26,2027-08-08,Active,0,
CD0002801,C002801,AC0002801,10,Debit,Visa,Gold,2023-08-20,2030-12-10,Blocked,1,Security Block
CD0002802,C002802,AC0002802,7,Debit,Mastercard,Business,2025-03-01,2026-02-25,Active,0,
CD0002803,C002803,AC0002803,3,Debit,Mastercard,Standard,2023-02-27,2028-01-13,Active,0,
CD0002804,C002804,AC0002804,8,Debit,Visa,Business,2018-10-12,2026-02-10,Active,0,
CD0002805,C002805,AC0002805,10,Debit,Visa,Gold,2019-07-31,2029-08-30,Active,0,
CD0002806,C002806,AC0002806,3,Debit,Mastercard,Gold,2021-08-10,2029-01-13,Active,0,
CD0002807,C002807,AC0002807,8,Debit,Amex,Standard,2025-04-18,2026-12-01,Active,0,
CD0002808,C002808,AC0002808,8,Debit,Mastercard,Standard,2020-08-21,2029-07-15,Active,0,
CD0002809,C002809,AC0002809,6,Credit,Visa,Gold,2022-05-31,2028-11-20,Blocked,1,Security Block
CD0002810,C002810,AC0002810,7,Debit,Mastercard,Standard,2025-06-29,2028-06-25,Active,0,
CD0002811,C002811,AC0002811,3,Debit,Visa,Platinum,2020-02-02,2029-02-10,Active,0,
CD0002812,C002812,AC0002812,10,Debit,Amex,Business,2025-11-13,2029-06-19,Active,0,
CD0002813,C002813,AC0002813,10,Credit,Mastercard,Standard,2020-07-02,2026-02-02,Active,0,
CD0002814,C002814,AC0002814,10,Debit,Visa,Platinum,2023-06-05,2030-03-22,Active,0,
CD0002815,C002815,AC0002815,8,Debit,Visa,Gold,2025-07-30,2026-08-31,Blocked,1,Security Block
CD0002816,C002816,AC0002816,1,Debit,Mastercard,Platinum,2020-01-18,2027-07-25,Active,0,
CD0002817,C002817,AC0002817,4,Credit,Mastercard,Business,2020-10-31,2027-02-21,Active,0,
CD0002818,C002818,AC0002818,5,Credit,Visa,Standard,2020-06-17,2028-02-08,Blocked,1,Security Block
CD0002819,C002819,AC0002819,10,Credit,Visa,Business,2020-06-05,2028-12-20,Active,0,
CD0002820,C002820,AC0002820,6,Debit,Mastercard,Platinum,2023-07-12,2029-05-20,Active,0,
CD0002821,C002821,AC0002821,6,Debit,Mastercard,Business,2022-09-28,2029-03-17,Active,0,
CD0002822,C002822,AC0002822,2,Credit,Mastercard,Gold,2019-01-25,2030-10-14,Active,0,
CD0002823,C002823,AC0002823,8,Debit,Mastercard,Standard,2020-02-15,2030-01-20,Active,0,
CD0002824,C002824,AC0002824,4,Debit,Visa,Platinum,2023-06-26,2028-08-20,Active,0,
CD0002825,C002825,AC0002825,1,Credit,Mastercard,Platinum,2023-08-13,2028-05-08,Active,0,
CD0002826,C002826,AC0002826,10,Debit,Mastercard,Standard,2021-04-28,2029-03-19,Active,0,
CD0002827,C002827,AC0002827,2,Debit,Visa,Gold,2025-06-08,2027-06-01,Active,0,
CD0002828,C002828,AC0002828,1,Credit,Mastercard,Business,2024-04-02,2030-05-15,Blocked,1,Security Block
CD0002829,C002829,AC0002829,1,Credit,Mastercard,Business,2024-04-18,2028-12-18,Active,0,
CD0002830,C002830,AC0002830,5,Debit,Mastercard,Business,2018-11-07,2030-06-07,Active,0,
CD0002831,C002831,AC0002831,2,Credit,Amex,Platinum,2024-10-27,2030-01-16,Active,0,
CD0002832,C002832,AC0002832,9,Debit,Mastercard,Business,2019-08-23,2029-03-30,Active,0,
CD0002833,C002833,AC0002833,6,Debit,Amex,Platinum,2024-01-07,2026-04-01,Blocked,1,Fraud Suspected
CD0002834,C002834,AC0002834,4,Debit,Mastercard,Gold,2024-10-11,2028-04-07,Active,0,
CD0002835,C002835,AC0002835,1,Debit,Visa,Standard,2020-08-26,2027-09-14,Active,0,
CD0002836,C002836,AC0002836,5,Debit,Mastercard,Standard,2023-09-09,2028-02-08,Active,0,
CD0002837,C002837,AC0002837,2,Credit,Mastercard,Standard,2020-12-10,2030-11-10,Active,0,
CD0002838,C002838,AC0002838,10,Debit,Mastercard,Gold,2025-08-20,2028-07-05,Active,0,
CD0002839,C002839,AC0002839,3,Credit,Amex,Gold,2024-12-23,2026-04-27,Active,0,
CD0002840,C002840,AC0002840,5,Credit,Mastercard,Platinum,2019-06-24,2028-06-10,Active,0,
CD0002841,C002841,AC0002841,1,Debit,Visa,Gold,2019-05-24,2029-12-21,Active,0,
CD0002842,C002842,AC0002842,2,Debit,Mastercard,Gold,2022-12-17,2026-10-04,Active,0,
CD0002843,C002843,AC0002843,3,Debit,Amex,Gold,2021-11-22,2030-09-05,Active,0,
CD0002844,C002844,AC0002844,1,Debit,Mastercard,Business,2023-12-03,2029-07-18,Active,0,
CD0002845,C002845,AC0002845,8,Credit,Mastercard,Business,2019-07-06,2029-11-05,Active,0,
CD0002846,C002846,AC0002846,10,Debit,Mastercard,Business,2023-12-12,2028-01-20,Active,0,
CD0002847,C002847,AC0002847,10,Credit,Mastercard,Standard,2024-01-19,2030-12-10,Active,0,
CD0002848,C002848,AC0002848,3,Debit,Visa,Business,2019-07-21,2028-06-28,Blocked,1,Lost/Stolen
CD0002849,C002849,AC0002849,8,Credit,Mastercard,Platinum,2023-02-28,2026-12-25,Active,0,
CD0002850,C002850,AC0002850,6,Credit,Mastercard,Platinum,2019-10-25,2029-11-14,Active,0,
CD0002851,C002851,AC0002851,1,Debit,Visa,Standard,2022-11-13,2029-07-15,Active,0,
CD0002852,C002852,AC0002852,1,Credit,Amex,Standard,2018-10-16,2027-01-11,Active,0,
CD0002853,C002853,AC0002853,6,Credit,Amex,Gold,2021-05-24,2027-09-11,Blocked,1,Security Block
CD0002854,C002854,AC0002854,5,Credit,Visa,Gold,2024-05-22,2030-01-29,Active,0,
CD0002855,C002855,AC0002855,1,Debit,Mastercard,Gold,2020-08-28,2030-10-28,Active,0,
CD0002856,C002856,AC0002856,10,Credit,Mastercard,Standard,2024-07-01,2026-02-06,Active,0,
CD0002857,C002857,AC0002857,8,Credit,Mastercard,Gold,2019-01-13,2027-08-28,Active,0,
CD0002858,C002858,AC0002858,6,Credit,Visa,Business,2023-04-09,2028-04-26,Active,0,
CD0002859,C002859,AC0002859,10,Debit,Mastercard,Platinum,2021-09-15,2027-03-25,Blocked,1,Fraud Suspected
CD0002860,C002860,AC0002860,10,Debit,Visa,Standard,2018-04-18,2029-05-18,Active,0,
CD0002861,C002861,AC0002861,10,Debit,Visa,Standard,2019-12-28,2027-12-03,Active,0,
CD0002862,C002862,AC0002862,3,Debit,Visa,Platinum,2019-02-06,2027-08-23,Active,0,
CD0002863,C002863,AC0002863,9,Debit,Mastercard,Gold,2021-06-17,2027-11-17,Active,0,
CD0002864,C002864,AC0002864,6,Credit,Visa,Platinum,2021-12-27,2028-09-29,Blocked,1,Lost/Stolen
CD0002865,C002865,AC0002865,8,Debit,Mastercard,Gold,2022-06-22,2026-04-28,Active,0,
CD0002866,C002866,AC0002866,9,Debit,Visa,Gold,2025-07-23,2026-05-19,Active,0,
CD0002867,C002867,AC0002867,2,Debit,Amex,Platinum,2024-12-17,2030-08-25,Active,0,
CD0002868,C002868,AC0002868,5,Debit,Mastercard,Standard,2019-11-28,2028-12-12,Active,0,
CD0002869,C002869,AC0002869,2,Debit,Visa,Gold,2018-12-29,2029-11-18,Blocked,1,Security Block
CD0002870,C002870,AC0002870,3,Debit,Visa,Standard,2024-01-17,2027-09-09,Active,0,
CD0002871,C002871,AC0002871,5,Debit,Visa,Standard,2023-05-02,2029-05-01,Active,0,
CD0002872,C002872,AC0002872,9,Debit,Mastercard,Platinum,2023-05-11,2029-03-30,Active,0,
CD0002873,C002873,AC0002873,9,Credit,Mastercard,Platinum,2018-12-03,2030-03-11,Active,0,
CD0002874,C002874,AC0002874,4,Debit,Visa,Business,2019-12-17,2028-04-25,Active,0,
CD0002875,C002875,AC0002875,4,Debit,Mastercard,Gold,2022-06-23,2030-04-07,Active,0,
CD0002876,C002876,AC0002876,6,Debit,Mastercard,Standard,2021-03-16,2026-05-05,Active,0,
CD0002877,C002877,AC0002877,10,Debit,Amex,Gold,2018-04-20,2026-05-29,Active,0,
CD0002878,C002878,AC0002878,10,Debit,Visa,Standard,2021-02-08,2028-08-17,Active,0,
CD0002879,C002879,AC0002879,3,Debit,Visa,Business,2018-08-26,2029-12-10,Active,0,
CD0002880,C002880,AC0002880,2,Credit,Mastercard,Standard,2024-09-08,2030-05-08,Active,0,
CD0002881,C002881,AC0002881,8,Credit,Mastercard,Standard,2021-01-21,2026-04-19,Blocked,1,Security Block
CD0002882,C002882,AC0002882,4,Debit,Amex,Business,2023-04-25,2027-06-02,Active,0,
CD0002883,C002883,AC0002883,2,Debit,Mastercard,Platinum,2023-12-11,2026-09-11,Active,0,
CD0002884,C002884,AC0002884,1,Credit,Visa,Gold,2018-02-02,2029-04-24,Active,0,
CD0002885,C002885,AC0002885,5,Debit,Visa,Platinum,2020-04-26,2030-06-10,Active,0,
CD0002886,C002886,AC0002886,4,Credit,Visa,Standard,2025-03-22,2029-05-01,Active,0,
CD0002887,C002887,AC0002887,6,Debit,Visa,Business,2019-07-20,2026-02-28,Active,0,
CD0002888,C002888,AC0002888,3,Debit,Mastercard,Gold,2019-12-22,2029-01-18,Active,0,
CD0002889,C002889,AC0002889,8,Debit,Mastercard,Platinum,2023-01-19,2029-06-30,Active,0,
CD0002890,C002890,AC0002890,7,Credit,Mastercard,Platinum,2025-01-12,2029-09-02,Blocked,1,Security Block
CD0002891,C002891,AC0002891,5,Debit,Mastercard,Business,2023-03-26,2028-04-24,Blocked,1,Excessive Attempts
CD0002892,C002892,AC0002892,2,Debit,Mastercard,Business,2023-12-14,2030-06-09,Active,0,
CD0002893,C002893,AC0002893,6,Debit,Mastercard,Platinum,2024-08-27,2027-08-26,Active,0,
CD0002894,C002894,AC0002894,7,Credit,Mastercard,Platinum,2025-11-14,2026-07-09,Active,0,
CD0002895,C002895,AC0002895,4,Credit,Visa,Business,2023-09-07,2030-01-02,Active,0,
CD0002896,C002896,AC0002896,3,Debit,Mastercard,Standard,2024-09-07,2030-09-18,Active,0,
CD0002897,C002897,AC0002897,6,Debit,Amex,Standard,2021-04-03,2026-01-31,Active,0,
CD0002898,C002898,AC0002898,4,Credit,Visa,Business,2025-12-07,2029-05-06,Blocked,1,Lost/Stolen
CD0002899,C002899,AC0002899,5,Credit,Mastercard,Gold,2022-08-14,2028-09-25,Active,0,
CD0002900,C002900,AC0002900,4,Debit,Mastercard,Standard,2023-03-25,2026-10-08,Active,0,
CD0002901,C002901,AC0002901,4,Credit,Mastercard,Business,2024-08-24,2028-12-09,Active,0,
CD0002902,C002902,AC0002902,8,Credit,Mastercard,Gold,2025-07-27,2028-12-15,Active,0,
CD0002903,C002903,AC0002903,5,Debit,Visa,Business,2023-08-30,2028-06-02,Active,0,
CD0002904,C002904,AC0002904,5,Debit,Amex,Platinum,2019-07-29,2027-05-19,Active,0,
CD0002905,C002905,AC0002905,7,Credit,Mastercard,Business,2023-10-28,2027-01-03,Active,0,
CD0002906,C002906,AC0002906,4,Debit,Mastercard,Standard,2023-05-27,2026-06-29,Expired,0,
CD0002907,C002907,AC0002907,2,Debit,Mastercard,Gold,2019-01-07,2030-01-22,Expired,0,
CD0002908,C002908,AC0002908,9,Credit,Visa,Platinum,2023-05-23,2028-02-19,Active,0,
CD0002909,C002909,AC0002909,1,Credit,Visa,Business,2020-07-10,2030-10-18,Active,0,
CD0002910,C002910,AC0002910,6,Credit,Amex,Gold,2019-12-18,2028-05-28,Active,0,
CD0002911,C002911,AC0002911,3,Credit,Visa,Standard,2021-12-21,2026-05-21,Expired,0,
CD0002912,C002912,AC0002912,3,Debit,Visa,Platinum,2021-04-29,2030-01-31,Active,0,
CD0002913,C002913,AC0002913,1,Debit,Amex,Business,2025-01-15,2030-04-12,Active,0,
CD0002914,C002914,AC0002914,10,Debit,Visa,Standard,2024-11-16,2028-12-17,Active,0,
CD0002915,C002915,AC0002915,5,Credit,Amex,Business,2022-01-15,2026-06-11,Active,0,
CD0002916,C002916,AC0002916,4,Credit,Amex,Business,2023-04-26,2030-03-28,Active,0,
CD0002917,C002917,AC0002917,8,Credit,Visa,Platinum,2020-04-18,2027-11-17,Active,0,
CD0002918,C002918,AC0002918,1,Debit,Visa,Business,2018-12-12,2026-07-10,Active,0,
CD0002919,C002919,AC0002919,6,Credit,Visa,Business,2025-10-02,2026-10-25,Active,0,
CD0002920,C002920,AC0002920,5,Debit,Visa,Platinum,2025-01-31,2026-12-05,Active,0,
CD0002921,C002921,AC0002921,6,Credit,Mastercard,Business,2018-01-25,2026-07-09,Active,0,
CD0002922,C002922,AC0002922,2,Credit,Amex,Gold,2022-01-19,2026-12-19,Active,0,
CD0002923,C002923,AC0002923,10,Debit,Mastercard,Platinum,2024-11-26,2029-01-24,Active,0,
CD0002924,C002924,AC0002924,3,Debit,Mastercard,Business,2020-11-16,2030-02-22,Active,0,
CD0002925,C002925,AC0002925,7,Debit,Mastercard,Standard,2023-03-11,2030-04-01,Expired,0,
CD0002926,C002926,AC0002926,8,Credit,Amex,Business,2020-05-06,2029-08-12,Active,0,
CD0002927,C002927,AC0002927,4,Credit,Amex,Platinum,2018-12-06,2026-07-08,Active,0,
CD0002928,C002928,AC0002928,2,Debit,Amex,Standard,2020-11-26,2029-11-23,Active,0,
CD0002929,C002929,AC0002929,3,Debit,Visa,Platinum,2019-06-01,2028-04-13,Active,0,
CD0002930,C002930,AC0002930,9,Credit,Visa,Gold,2025-02-01,2027-12-18,Active,0,
CD0002931,C002931,AC0002931,10,Credit,Visa,Gold,2018-03-01,2026-09-10,Active,0,
CD0002932,C002932,AC0002932,10,Debit,Amex,Business,2019-10-29,2029-04-15,Active,0,
CD0002933,C002933,AC0002933,3,Debit,Mastercard,Platinum,2025-09-23,2027-01-15,Active,0,
CD0002934,C002934,AC0002934,7,Debit,Mastercard,Standard,2023-06-10,2026-10-26,Active,0,
CD0002935,C002935,AC0002935,2,Debit,Mastercard,Platinum,2018-05-31,2028-11-22,Active,0,
CD0002936,C002936,AC0002936,8,Debit,Visa,Standard,2022-07-20,2028-11-11,Active,0,
CD0002937,C002937,AC0002937,5,Credit,Mastercard,Standard,2021-03-08,2027-08-26,Active,0,
CD0002938,C002938,AC0002938,8,Debit,Amex,Platinum,2024-02-05,2030-07-22,Active,0,
CD0002939,C002939,AC0002939,7,Debit,Mastercard,Platinum,2018-04-06,2029-08-11,Active,0,
CD0002940,C002940,AC0002940,10,Debit,Amex,Business,2023-02-08,2027-08-20,Active,0,
CD0002941,C002941,AC0002941,5,Debit,Mastercard,Business,2025-11-06,2030-11-28,Active,0,
CD0002942,C002942,AC0002942,4,Debit,Visa,Business,2021-07-03,2028-12-06,Active,0,
CD0002943,C002943,AC0002943,6,Debit,Mastercard,Business,2021-10-05,2028-11-21,Active,0,
CD0002944,C002944,AC0002944,2,Credit,Mastercard,Gold,2019-12-26,2029-11-13,Active,0,
CD0002945,C002945,AC0002945,2,Debit,Mastercard,Business,2018-10-09,2030-05-19,Blocked,1,Lost/Stolen
CD0002946,C002946,AC0002946,6,Debit,Amex,Gold,2025-01-12,2026-06-29,Blocked,1,Security Block
CD0002947,C002947,AC0002947,9,Debit,Amex,Gold,2024-12-07,2030-12-25,Active,0,
CD0002948,C002948,AC0002948,6,Credit,Amex,Gold,2024-05-27,2028-01-11,Active,0,
CD0002949,C002949,AC0002949,8,Debit,Mastercard,Gold,2025-05-06,2026-09-24,Active,0,
CD0002950,C002950,AC0002950,2,Debit,Mastercard,Platinum,2019-11-05,2030-02-24,Active,0,
CD0002951,C002951,AC0002951,5,Debit,Visa,Gold,2020-06-01,2028-02-08,Active,0,
CD0002952,C002952,AC0002952,7,Credit,Visa,Business,2023-12-15,2030-02-25,Blocked,1,Security Block
CD0002953,C002953,AC0002953,4,Debit,Visa,Standard,2025-11-30,2028-01-22,Active,0,
CD0002954,C002954,AC0002954,1,Debit,Mastercard,Business,2020-10-02,2029-05-14,Active,0,
CD0002955,C002955,AC0002955,1,Debit,Mastercard,Standard,2021-06-11,2027-07-07,Expired,0,
CD0002956,C002956,AC0002956,10,Credit,Visa,Platinum,2022-01-18,2028-11-08,Expired,0,
CD0002957,C002957,AC0002957,7,Credit,Visa,Platinum,2021-06-12,2028-04-16,Active,0,
CD0002958,C002958,AC0002958,3,Credit,Visa,Gold,2023-09-29,2028-12-17,Active,0,
CD0002959,C002959,AC0002959,3,Debit,Visa,Standard,2019-04-13,2028-12-29,Blocked,1,Security Block
CD0002960,C002960,AC0002960,1,Debit,Visa,Platinum,2019-12-17,2028-01-24,Active,0,
CD0002961,C002961,AC0002961,10,Debit,Visa,Business,2022-02-13,2030-11-03,Active,0,
CD0002962,C002962,AC0002962,2,Debit,Mastercard,Standard,2025-11-05,2028-04-12,Active,0,
CD0002963,C002963,AC0002963,8,Credit,Visa,Business,2025-10-27,2029-07-13,Expired,0,
CD0002964,C002964,AC0002964,3,Debit,Visa,Standard,2020-03-06,2030-04-28,Active,0,
CD0002965,C002965,AC0002965,4,Credit,Amex,Standard,2019-06-25,2028-01-30,Active,0,
CD0002966,C002966,AC0002966,3,Debit,Visa,Standard,2024-02-27,2028-01-17,Active,0,
CD0002967,C002967,AC0002967,9,Debit,Mastercard,Business,2019-06-26,2028-11-15,Blocked,1,Security Block
CD0002968,C002968,AC0002968,1,Credit,Mastercard,Gold,2025-09-08,2026-08-23,Active,0,
CD0002969,C002969,AC0002969,4,Debit,Visa,Gold,2020-11-10,2030-03-29,Active,0,
CD0002970,C002970,AC0002970,3,Credit,Mastercard,Standard,2020-11-27,2030-06-19,Active,0,
CD0002971,C002971,AC0002971,3,Debit,Mastercard,Gold,2023-12-11,2029-02-11,Active,0,
CD0002972,C002972,AC0002972,2,Credit,Mastercard,Gold,2022-04-01,2030-05-11,Active,0,
CD0002973,C002973,AC0002973,10,Debit,Mastercard,Standard,2024-09-13,2026-09-25,Active,0,
CD0002974,C002974,AC0002974,4,Debit,Visa,Business,2018-02-19,2029-04-03,Active,0,
CD0002975,C002975,AC0002975,5,Debit,Mastercard,Business,2018-10-10,2027-01-02,Active,0,
CD0002976,C002976,AC0002976,4,Debit,Mastercard,Standard,2021-11-21,2027-06-07,Active,0,
CD0002977,C002977,AC0002977,10,Credit,Mastercard,Standard,2022-10-21,2030-12-06,Blocked,1,Lost/Stolen
CD0002978,C002978,AC0002978,4,Debit,Visa,Platinum,2022-01-31,2029-07-28,Active,0,
CD0002979,C002979,AC0002979,4,Debit,Mastercard,Business,2020-10-01,2030-07-12,Active,0,
CD0002980,C002980,AC0002980,4,Debit,Amex,Business,2020-01-14,2029-12-10,Active,0,
CD0002981,C002981,AC0002981,4,Debit,Visa,Business,2020-06-05,2028-06-18,Active,0,
CD0002982,C002982,AC0002982,1,Debit,Mastercard,Gold,2023-11-10,2030-08-16,Active,0,
CD0002983,C002983,AC0002983,7,Debit,Mastercard,Business,2021-05-09,2028-05-02,Active,0,
CD0002984,C002984,AC0002984,1,Debit,Visa,Gold,2023-02-08,2029-07-25,Active,0,
CD0002985,C002985,AC0002985,3,Debit,Visa,Business,2021-08-20,2027-02-08,Active,0,
CD0002986,C002986,AC0002986,3,Credit,Visa,Business,2024-08-31,2029-04-16,Active,0,
CD0002987,C002987,AC0002987,3,Debit,Visa,Standard,2024-06-28,2029-11-09,Active,0,
CD0002988,C002988,AC0002988,8,Debit,Amex,Business,2023-10-02,2028-07-27,Active,0,
CD0002989,C002989,AC0002989,6,Credit,Mastercard,Business,2020-09-04,2026-06-09,Active,0,
CD0002990,C002990,AC0002990,10,Credit,Amex,Gold,2021-01-25,2030-08-06,Active,0,
CD0002991,C002991,AC0002991,4,Debit,Mastercard,Business,2021-10-14,2028-01-12,Active,0,
CD0002992,C002992,AC0002992,10,Debit,Mastercard,Business,2021-10-05,2028-02-23,Expired,0,
CD0002993,C002993,AC0002993,1,Debit,Mastercard,Gold,2019-01-16,2029-10-31,Active,0,
CD0002994,C002994,AC0002994,6,Debit,Mastercard,Standard,2025-05-06,2029-06-21,Active,0,
CD0002995,C002995,AC0002995,8,Debit,Mastercard,Gold,2018-04-06,2026-12-29,Blocked,1,Security Block
CD0002996,C002996,AC0002996,6,Debit,Visa,Standard,2019-05-24,2029-03-23,Active,0,
CD0002997,C002997,AC0002997,10,Credit,Visa,Business,2021-02-25,2029-06-15,Active,0,
CD0002998,C002998,AC0002998,4,Debit,Mastercard,Standard,2019-09-04,2028-09-04,Active,0,
CD0002999,C002999,AC0002999,1,Debit,Visa,Business,2025-11-03,2026-08-15,Expired,0,
CD0003000,C003000,AC0003000,8,Debit,Mastercard,Business,2019-07-22,2027-04-12,Active,0,
CD0003001,C003001,AC0003001,1,Debit,Mastercard,Business,2024-08-03,2029-08-22,Blocked,1,Security Block
CD0003002,C003002,AC0003002,8,Debit,Amex,Gold,2022-07-05,2030-06-17,Active,0,
CD0003003,C003003,AC0003003,8,Credit,Visa,Business,2019-03-18,2028-04-28,Active,0,
CD0003004,C003004,AC0003004,9,Debit,Visa,Gold,2024-12-08,2027-09-12,Active,0,
CD0003005,C003005,AC0003005,5,Credit,Visa,Platinum,2022-10-25,2030-02-08,Blocked,1,Security Block
CD0003006,C003006,AC0003006,9,Credit,Visa,Standard,2024-11-25,2030-12-24,Active,0,
CD0003007,C003007,AC0003007,2,Credit,Visa,Platinum,2024-11-04,2028-11-16,Active,0,
CD0003008,C003008,AC0003008,5,Debit,Mastercard,Platinum,2019-01-10,2029-05-09,Active,0,
CD0003009,C003009,AC0003009,2,Debit,Visa,Gold,2023-11-07,2027-09-04,Active,0,
CD0003010,C003010,AC0003010,8,Debit,Visa,Business,2023-08-21,2027-11-03,Active,0,
CD0003011,C003011,AC0003011,8,Credit,Visa,Standard,2022-09-18,2027-03-09,Active,0,
CD0003012,C003012,AC0003012,9,Debit,Mastercard,Business,2024-10-01,2029-10-22,Active,0,
CD0003013,C003013,AC0003013,8,Debit,Visa,Standard,2022-04-15,2026-09-18,Active,0,
CD0003014,C003014,AC0003014,4,Credit,Mastercard,Business,2019-05-25,2028-09-17,Active,0,
CD0003015,C003015,AC0003015,1,Debit,Mastercard,Standard,2020-10-10,2029-01-01,Blocked,1,Fraud Suspected
CD0003016,C003016,AC0003016,10,Debit,Mastercard,Business,2020-06-29,2028-03-16,Active,0,
CD0003017,C003017,AC0003017,5,Debit,Mastercard,Standard,2025-02-25,2027-02-12,Active,0,
CD0003018,C003018,AC0003018,1,Debit,Visa,Standard,2020-04-17,2026-08-17,Active,0,
CD0003019,C003019,AC0003019,10,Debit,Mastercard,Gold,2024-03-11,2030-03-20,Active,0,
CD0003020,C003020,AC0003020,10,Debit,Mastercard,Business,2021-06-15,2029-08-01,Active,0,
CD0003021,C003021,AC0003021,5,Debit,Mastercard,Standard,2021-06-01,2029-07-15,Active,0,
CD0003022,C003022,AC0003022,8,Debit,Mastercard,Business,2018-11-28,2028-01-10,Active,0,
CD0003023,C003023,AC0003023,1,Debit,Visa,Platinum,2025-07-11,2028-01-30,Blocked,1,Security Block
CD0003024,C003024,AC0003024,1,Debit,Mastercard,Platinum,2020-10-14,2027-09-25,Active,0,
CD0003025,C003025,AC0003025,3,Credit,Visa,Business,2019-12-11,2026-12-22,Blocked,1,Security Block
CD0003026,C003026,AC0003026,7,Debit,Mastercard,Business,2025-06-10,2030-05-06,Active,0,
CD0003027,C003027,AC0003027,2,Debit,Mastercard,Platinum,2023-12-03,2027-10-17,Active,0,
CD0003028,C003028,AC0003028,1,Debit,Visa,Gold,2020-05-22,2029-06-06,Active,0,
CD0003029,C003029,AC0003029,7,Debit,Visa,Business,2019-02-18,2027-05-16,Blocked,1,Lost/Stolen
CD0003030,C003030,AC0003030,8,Debit,Mastercard,Standard,2021-12-20,2028-08-20,Active,0,
CD0003031,C003031,AC0003031,8,Debit,Visa,Platinum,2018-05-19,2026-08-28,Active,0,
CD0003032,C003032,AC0003032,8,Debit,Visa,Gold,2022-05-28,2028-09-28,Active,0,
CD0003033,C003033,AC0003033,9,Debit,Visa,Platinum,2018-09-06,2029-01-17,Active,0,
CD0003034,C003034,AC0003034,7,Credit,Mastercard,Standard,2021-06-14,2026-12-18,Active,0,
CD0003035,C003035,AC0003035,6,Debit,Visa,Standard,2018-07-23,2026-02-21,Active,0,
CD0003036,C003036,AC0003036,9,Debit,Mastercard,Gold,2023-09-18,2026-03-19,Blocked,1,Excessive Attempts
CD0003037,C003037,AC0003037,4,Debit,Amex,Standard,2018-01-06,2030-02-25,Active,0,
CD0003038,C003038,AC0003038,1,Debit,Visa,Standard,2025-11-25,2030-04-28,Blocked,1,Security Block
CD0003039,C003039,AC0003039,8,Debit,Mastercard,Platinum,2018-07-07,2030-07-07,Active,0,
CD0003040,C003040,AC0003040,3,Debit,Amex,Platinum,2025-10-26,2027-10-31,Active,0,
CD0003041,C003041,AC0003041,10,Debit,Mastercard,Gold,2025-09-19,2030-12-01,Active,0,
CD0003042,C003042,AC0003042,5,Credit,Mastercard,Platinum,2021-07-05,2028-06-10,Active,0,
CD0003043,C003043,AC0003043,9,Debit,Visa,Platinum,2025-05-18,2026-06-02,Expired,0,
CD0003044,C003044,AC0003044,1,Debit,Amex,Standard,2018-03-16,2027-09-27,Active,0,
CD0003045,C003045,AC0003045,7,Debit,Mastercard,Gold,2024-09-06,2028-08-19,Active,0,
CD0003046,C003046,AC0003046,5,Debit,Visa,Platinum,2023-05-20,2026-04-01,Expired,0,
CD0003047,C003047,AC0003047,5,Debit,Visa,Business,2024-10-18,2029-10-11,Active,0,
CD0003048,C003048,AC0003048,3,Credit,Mastercard,Platinum,2025-08-16,2029-06-22,Active,0,
CD0003049,C003049,AC0003049,10,Debit,Visa,Gold,2018-06-22,2028-06-20,Blocked,1,Excessive Attempts
CD0003050,C003050,AC0003050,4,Debit,Mastercard,Business,2018-09-29,2030-10-10,Active,0,
CD0003051,C003051,AC0003051,9,Credit,Mastercard,Standard,2025-07-09,2027-03-27,Active,0,
CD0003052,C003052,AC0003052,5,Debit,Mastercard,Business,2019-12-26,2026-03-24,Active,0,
CD0003053,C003053,AC0003053,1,Debit,Visa,Business,2024-08-04,2028-10-06,Active,0,
CD0003054,C003054,AC0003054,9,Debit,Mastercard,Business,2019-12-21,2026-08-27,Active,0,
CD0003055,C003055,AC0003055,2,Debit,Visa,Platinum,2022-11-13,2026-09-10,Active,0,
CD0003056,C003056,AC0003056,3,Credit,Amex,Business,2018-04-17,2030-05-24,Blocked,1,Security Block
CD0003057,C003057,AC0003057,9,Debit,Mastercard,Platinum,2020-12-05,2029-11-08,Active,0,
CD0003058,C003058,AC0003058,9,Debit,Mastercard,Standard,2024-09-17,2029-01-12,Active,0,
CD0003059,C003059,AC0003059,10,Credit,Mastercard,Standard,2025-09-30,2029-09-16,Active,0,
CD0003060,C003060,AC0003060,5,Credit,Visa,Standard,2019-01-21,2029-02-01,Active,0,
CD0003061,C003061,AC0003061,8,Debit,Amex,Platinum,2019-05-25,2029-08-05,Active,0,
CD0003062,C003062,AC0003062,4,Credit,Visa,Business,2020-12-06,2030-09-03,Blocked,1,Security Block
CD0003063,C003063,AC0003063,8,Credit,Visa,Business,2022-10-05,2028-08-08,Active,0,
CD0003064,C003064,AC0003064,6,Debit,Mastercard,Standard,2021-03-06,2027-08-01,Active,0,
CD0003065,C003065,AC0003065,1,Debit,Visa,Standard,2023-02-07,2030-01-03,Active,0,
CD0003066,C003066,AC0003066,5,Debit,Visa,Platinum,2018-02-25,2030-07-22,Active,0,
CD0003067,C003067,AC0003067,5,Debit,Visa,Standard,2019-01-11,2026-07-13,Active,0,
CD0003068,C003068,AC0003068,3,Debit,Visa,Platinum,2019-03-19,2026-11-26,Blocked,1,Security Block
CD0003069,C003069,AC0003069,4,Credit,Amex,Platinum,2022-07-18,2026-09-10,Active,0,
CD0003070,C003070,AC0003070,6,Credit,Visa,Standard,2024-09-25,2030-03-17,Active,0,
CD0003071,C003071,AC0003071,1,Debit,Amex,Business,2025-09-14,2029-01-26,Active,0,
CD0003072,C003072,AC0003072,2,Debit,Visa,Platinum,2025-10-15,2030-10-26,Active,0,
CD0003073,C003073,AC0003073,8,Debit,Mastercard,Gold,2021-03-26,2026-04-26,Active,0,
CD0003074,C003074,AC0003074,4,Credit,Visa,Platinum,2019-01-19,2026-07-17,Blocked,1,Security Block
CD0003075,C003075,AC0003075,7,Credit,Mastercard,Platinum,2025-07-06,2030-07-10,Active,0,
CD0003076,C003076,AC0003076,6,Debit,Mastercard,Standard,2021-10-19,2029-05-19,Active,0,
CD0003077,C003077,AC0003077,6,Credit,Mastercard,Platinum,2025-05-14,2029-04-04,Active,0,
CD0003078,C003078,AC0003078,5,Credit,Mastercard,Platinum,2023-05-26,2030-08-07,Active,0,
CD0003079,C003079,AC0003079,5,Debit,Amex,Gold,2019-06-16,2030-06-27,Active,0,
CD0003080,C003080,AC0003080,9,Credit,Visa,Platinum,2025-03-18,2026-05-26,Active,0,
CD0003081,C003081,AC0003081,10,Debit,Amex,Platinum,2018-11-04,2030-04-22,Active,0,
CD0003082,C003082,AC0003082,3,Debit,Visa,Standard,2024-07-17,2026-08-05,Active,0,
CD0003083,C003083,AC0003083,7,Debit,Amex,Standard,2021-04-23,2028-03-03,Blocked,1,Lost/Stolen
CD0003084,C003084,AC0003084,10,Credit,Mastercard,Business,2019-12-28,2028-11-19,Active,0,
CD0003085,C003085,AC0003085,1,Credit,Amex,Gold,2023-06-17,2029-01-09,Active,0,
CD0003086,C003086,AC0003086,8,Credit,Visa,Gold,2023-05-27,2030-03-04,Active,0,
CD0003087,C003087,AC0003087,5,Credit,Mastercard,Standard,2018-01-25,2028-06-30,Active,0,
CD0003088,C003088,AC0003088,10,Credit,Visa,Platinum,2020-11-15,2029-04-21,Active,0,
CD0003089,C003089,AC0003089,6,Credit,Mastercard,Business,2024-09-10,2029-07-23,Active,0,
CD0003090,C003090,AC0003090,9,Debit,Mastercard,Standard,2022-06-03,2028-10-18,Active,0,
CD0003091,C003091,AC0003091,2,Debit,Visa,Gold,2021-05-12,2030-04-21,Active,0,
CD0003092,C003092,AC0003092,2,Debit,Mastercard,Gold,2022-05-16,2028-06-04,Active,0,
CD0003093,C003093,AC0003093,10,Credit,Visa,Standard,2024-03-27,2026-02-20,Blocked,1,Lost/Stolen
CD0003094,C003094,AC0003094,6,Debit,Mastercard,Gold,2018-10-17,2029-05-17,Active,0,
CD0003095,C003095,AC0003095,6,Credit,Amex,Business,2022-09-13,2029-12-26,Active,0,
CD0003096,C003096,AC0003096,2,Debit,Visa,Business,2023-12-24,2030-04-30,Active,0,
CD0003097,C003097,AC0003097,3,Debit,Amex,Business,2022-04-08,2028-12-23,Active,0,
CD0003098,C003098,AC0003098,9,Credit,Visa,Business,2023-12-05,2027-05-26,Active,0,
CD0003099,C003099,AC0003099,4,Debit,Mastercard,Gold,2020-10-02,2026-01-24,Active,0,
CD0003100,C003100,AC0003100,6,Credit,Mastercard,Gold,2022-03-21,2027-05-27,Active,0,
CD0003101,C003101,AC0003101,4,Credit,Mastercard,Standard,2020-03-19,2027-07-28,Active,0,
CD0003102,C003102,AC0003102,3,Credit,Visa,Platinum,2023-01-10,2029-08-11,Active,0,
CD0003103,C003103,AC0003103,2,Debit,Visa,Gold,2023-01-08,2029-09-21,Active,0,
CD0003104,C003104,AC0003104,10,Debit,Amex,Gold,2020-06-26,2026-10-11,Active,0,
CD0003105,C003105,AC0003105,10,Debit,Mastercard,Platinum,2019-01-13,2028-01-22,Active,0,
CD0003106,C003106,AC0003106,2,Debit,Visa,Business,2020-09-11,2029-10-16,Blocked,1,Lost/Stolen
CD0003107,C003107,AC0003107,4,Debit,Mastercard,Platinum,2023-11-13,2026-01-15,Blocked,1,Security Block
CD0003108,C003108,AC0003108,6,Debit,Mastercard,Standard,2021-01-25,2028-11-27,Blocked,1,Security Block
CD0003109,C003109,AC0003109,4,Debit,Mastercard,Platinum,2023-12-13,2030-08-24,Active,0,
CD0003110,C003110,AC0003110,8,Credit,Visa,Standard,2023-04-19,2027-04-15,Active,0,
CD0003111,C003111,AC0003111,3,Credit,Visa,Business,2019-03-22,2027-11-02,Blocked,1,Lost/Stolen
CD0003112,C003112,AC0003112,1,Debit,Visa,Business,2022-07-12,2028-01-07,Blocked,1,Excessive Attempts
CD0003113,C003113,AC0003113,4,Credit,Visa,Platinum,2021-10-01,2026-12-23,Active,0,
CD0003114,C003114,AC0003114,6,Debit,Mastercard,Standard,2022-05-28,2027-11-08,Active,0,
CD0003115,C003115,AC0003115,2,Debit,Visa,Standard,2018-02-17,2026-08-01,Active,0,
CD0003116,C003116,AC0003116,9,Debit,Visa,Standard,2018-03-08,2026-02-10,Active,0,
CD0003117,C003117,AC0003117,1,Debit,Visa,Standard,2019-10-31,2029-11-29,Active,0,
CD0003118,C003118,AC0003118,1,Debit,Visa,Gold,2024-11-03,2030-02-08,Active,0,
CD0003119,C003119,AC0003119,6,Debit,Mastercard,Business,2023-04-04,2028-07-28,Active,0,
CD0003120,C003120,AC0003120,6,Debit,Mastercard,Business,2020-01-19,2027-06-13,Active,0,
CD0003121,C003121,AC0003121,3,Credit,Visa,Platinum,2025-01-18,2030-10-05,Blocked,1,Security Block
CD0003122,C003122,AC0003122,3,Debit,Visa,Platinum,2024-04-29,2026-09-11,Active,0,
CD0003123,C003123,AC0003123,1,Credit,Visa,Platinum,2020-07-04,2030-07-23,Active,0,
CD0003124,C003124,AC0003124,7,Credit,Mastercard,Platinum,2019-11-01,2026-03-12,Active,0,
CD0003125,C003125,AC0003125,4,Debit,Mastercard,Business,2025-03-16,2028-11-02,Active,0,
CD0003126,C003126,AC0003126,2,Debit,Mastercard,Gold,2019-07-25,2027-08-06,Active,0,
CD0003127,C003127,AC0003127,4,Credit,Visa,Standard,2018-10-29,2027-12-27,Blocked,1,Security Block
CD0003128,C003128,AC0003128,10,Debit,Mastercard,Business,2020-08-31,2026-07-27,Blocked,1,Lost/Stolen
CD0003129,C003129,AC0003129,3,Credit,Mastercard,Platinum,2018-10-23,2027-10-26,Active,0,
CD0003130,C003130,AC0003130,9,Debit,Visa,Business,2024-04-01,2029-03-11,Blocked,1,Security Block
CD0003131,C003131,AC0003131,3,Debit,Visa,Standard,2021-10-31,2026-12-07,Active,0,
CD0003132,C003132,AC0003132,2,Debit,Visa,Standard,2019-01-01,2026-09-07,Active,0,
CD0003133,C003133,AC0003133,3,Debit,Visa,Standard,2020-02-23,2030-12-16,Active,0,
CD0003134,C003134,AC0003134,4,Debit,Mastercard,Standard,2025-12-24,2030-05-11,Active,0,
CD0003135,C003135,AC0003135,2,Debit,Amex,Platinum,2024-09-20,2029-04-14,Active,0,
CD0003136,C003136,AC0003136,6,Debit,Mastercard,Platinum,2024-10-15,2028-03-26,Active,0,
CD0003137,C003137,AC0003137,4,Debit,Mastercard,Business,2022-09-30,2029-10-27,Active,0,
CD0003138,C003138,AC0003138,8,Debit,Visa,Standard,2025-01-01,2030-06-13,Active,0,
CD0003139,C003139,AC0003139,5,Credit,Amex,Standard,2023-05-16,2026-08-11,Blocked,1,Security Block
CD0003140,C003140,AC0003140,5,Credit,Visa,Platinum,2020-10-09,2030-12-10,Expired,0,
CD0003141,C003141,AC0003141,5,Debit,Mastercard,Platinum,2022-12-07,2029-05-17,Active,0,
CD0003142,C003142,AC0003142,2,Credit,Mastercard,Gold,2025-05-28,2026-06-29,Active,0,
CD0003143,C003143,AC0003143,8,Credit,Visa,Standard,2019-10-05,2026-02-22,Active,0,
CD0003144,C003144,AC0003144,2,Credit,Mastercard,Gold,2019-01-13,2030-08-04,Blocked,1,Lost/Stolen
CD0003145,C003145,AC0003145,8,Credit,Visa,Business,2025-09-12,2026-12-20,Active,0,
CD0003146,C003146,AC0003146,10,Debit,Visa,Platinum,2019-05-30,2027-04-10,Active,0,
CD0003147,C003147,AC0003147,8,Debit,Mastercard,Gold,2020-05-13,2028-12-24,Active,0,
CD0003148,C003148,AC0003148,5,Debit,Mastercard,Business,2019-08-28,2026-12-22,Active,0,
CD0003149,C003149,AC0003149,4,Debit,Visa,Standard,2018-06-27,2030-05-03,Active,0,
CD0003150,C003150,AC0003150,9,Debit,Visa,Gold,2021-03-04,2028-03-21,Active,0,
CD0003151,C003151,AC0003151,3,Debit,Amex,Gold,2025-06-20,2028-03-28,Active,0,
CD0003152,C003152,AC0003152,5,Debit,Mastercard,Business,2025-08-12,2030-12-19,Active,0,
CD0003153,C003153,AC0003153,8,Credit,Visa,Platinum,2024-08-24,2029-07-24,Active,0,
CD0003154,C003154,AC0003154,10,Debit,Visa,Business,2020-10-24,2029-08-31,Active,0,
CD0003155,C003155,AC0003155,10,Debit,Visa,Standard,2023-02-26,2028-12-09,Active,0,
CD0003156,C003156,AC0003156,1,Debit,Mastercard,Gold,2019-04-11,2030-04-01,Active,0,
CD0003157,C003157,AC0003157,9,Debit,Mastercard,Gold,2025-09-09,2026-06-18,Active,0,
CD0003158,C003158,AC0003158,2,Credit,Mastercard,Gold,2022-09-12,2026-09-24,Active,0,
CD0003159,C003159,AC0003159,6,Debit,Mastercard,Gold,2023-05-08,2029-03-28,Active,0,
CD0003160,C003160,AC0003160,10,Credit,Mastercard,Business,2023-01-21,2027-06-21,Active,0,
CD0003161,C003161,AC0003161,7,Credit,Mastercard,Platinum,2021-06-01,2028-07-20,Active,0,
CD0003162,C003162,AC0003162,10,Debit,Visa,Gold,2023-01-09,2026-06-24,Active,0,
CD0003163,C003163,AC0003163,4,Debit,Mastercard,Platinum,2024-11-10,2029-02-16,Active,0,
CD0003164,C003164,AC0003164,4,Credit,Visa,Platinum,2023-11-13,2030-10-15,Active,0,
CD0003165,C003165,AC0003165,4,Debit,Mastercard,Gold,2021-08-31,2029-05-28,Blocked,1,Security Block
CD0003166,C003166,AC0003166,4,Debit,Visa,Platinum,2022-07-16,2030-08-31,Blocked,1,Security Block
CD0003167,C003167,AC0003167,7,Credit,Mastercard,Business,2025-02-21,2026-04-07,Active,0,
CD0003168,C003168,AC0003168,5,Debit,Visa,Platinum,2022-10-15,2030-08-18,Expired,0,
CD0003169,C003169,AC0003169,8,Credit,Mastercard,Business,2022-11-21,2026-07-17,Active,0,
CD0003170,C003170,AC0003170,5,Debit,Visa,Gold,2024-10-21,2029-05-22,Blocked,1,Security Block
CD0003171,C003171,AC0003171,4,Debit,Amex,Platinum,2024-10-09,2027-01-29,Active,0,
CD0003172,C003172,AC0003172,2,Debit,Mastercard,Gold,2022-10-29,2027-03-19,Blocked,1,Lost/Stolen
CD0003173,C003173,AC0003173,6,Debit,Visa,Standard,2025-02-14,2027-11-02,Blocked,1,Security Block
CD0003174,C003174,AC0003174,9,Debit,Mastercard,Business,2022-09-19,2029-09-20,Active,0,
CD0003175,C003175,AC0003175,9,Debit,Visa,Business,2020-09-11,2027-12-27,Active,0,
CD0003176,C003176,AC0003176,3,Debit,Visa,Standard,2018-04-12,2028-11-21,Active,0,
CD0003177,C003177,AC0003177,5,Debit,Visa,Business,2025-07-09,2026-05-19,Active,0,
CD0003178,C003178,AC0003178,8,Credit,Mastercard,Business,2021-06-05,2029-02-18,Active,0,
CD0003179,C003179,AC0003179,7,Credit,Mastercard,Platinum,2022-07-12,2026-09-25,Active,0,
CD0003180,C003180,AC0003180,1,Debit,Mastercard,Platinum,2022-07-29,2029-04-21,Active,0,
CD0003181,C003181,AC0003181,6,Credit,Visa,Gold,2021-06-04,2027-09-30,Active,0,
CD0003182,C003182,AC0003182,1,Credit,Visa,Platinum,2025-07-10,2026-07-27,Active,0,
CD0003183,C003183,AC0003183,2,Debit,Visa,Platinum,2020-11-22,2029-09-05,Blocked,1,Security Block
CD0003184,C003184,AC0003184,7,Debit,Visa,Platinum,2020-04-04,2029-02-15,Expired,0,
CD0003185,C003185,AC0003185,2,Debit,Visa,Platinum,2023-11-21,2027-12-24,Blocked,1,Security Block
CD0003186,C003186,AC0003186,4,Debit,Visa,Standard,2024-06-09,2030-02-19,Active,0,
CD0003187,C003187,AC0003187,6,Credit,Mastercard,Standard,2018-08-10,2030-06-22,Active,0,
CD0003188,C003188,AC0003188,7,Credit,Mastercard,Gold,2019-04-13,2030-10-28,Active,0,
CD0003189,C003189,AC0003189,5,Debit,Amex,Business,2021-02-02,2026-04-05,Active,0,
CD0003190,C003190,AC0003190,1,Debit,Visa,Business,2022-01-06,2030-01-01,Active,0,
CD0003191,C003191,AC0003191,8,Debit,Mastercard,Standard,2020-04-16,2030-03-23,Active,0,
CD0003192,C003192,AC0003192,10,Credit,Visa,Platinum,2021-05-12,2026-04-24,Active,0,
CD0003193,C003193,AC0003193,9,Debit,Visa,Platinum,2024-07-22,2029-12-27,Active,0,
CD0003194,C003194,AC0003194,8,Credit,Visa,Gold,2022-07-29,2029-03-20,Active,0,
CD0003195,C003195,AC0003195,5,Debit,Mastercard,Business,2025-05-13,2030-04-27,Active,0,
CD0003196,C003196,AC0003196,9,Debit,Mastercard,Business,2024-05-13,2030-10-22,Active,0,
CD0003197,C003197,AC0003197,5,Debit,Visa,Standard,2021-03-19,2026-04-09,Active,0,
CD0003198,C003198,AC0003198,2,Debit,Mastercard,Business,2022-07-15,2028-08-02,Active,0,
CD0003199,C003199,AC0003199,9,Credit,Visa,Gold,2023-03-17,2029-10-26,Active,0,
CD0003200,C003200,AC0003200,4,Debit,Mastercard,Gold,2021-01-12,2030-07-07,Active,0,
CD0003201,C003201,AC0003201,10,Debit,Visa,Platinum,2020-10-04,2026-10-21,Active,0,
CD0003202,C003202,AC0003202,4,Credit,Visa,Gold,2018-11-09,2028-07-05,Blocked,1,Security Block
CD0003203,C003203,AC0003203,9,Debit,Visa,Standard,2022-04-07,2028-02-05,Active,0,
CD0003204,C003204,AC0003204,6,Debit,Amex,Standard,2023-12-17,2026-08-26,Active,0,
CD0003205,C003205,AC0003205,5,Debit,Mastercard,Gold,2018-10-23,2029-12-12,Active,0,
CD0003206,C003206,AC0003206,3,Debit,Mastercard,Business,2021-11-19,2028-12-11,Active,0,
CD0003207,C003207,AC0003207,9,Debit,Visa,Standard,2019-08-01,2027-08-07,Active,0,
CD0003208,C003208,AC0003208,1,Debit,Visa,Gold,2025-05-29,2026-12-24,Active,0,
CD0003209,C003209,AC0003209,5,Credit,Mastercard,Gold,2023-02-17,2026-02-20,Blocked,1,Fraud Suspected
CD0003210,C003210,AC0003210,4,Debit,Mastercard,Standard,2024-03-04,2027-11-21,Active,0,
CD0003211,C003211,AC0003211,6,Debit,Mastercard,Standard,2024-12-08,2029-12-26,Active,0,
CD0003212,C003212,AC0003212,3,Debit,Visa,Gold,2020-05-28,2027-03-13,Active,0,
CD0003213,C003213,AC0003213,7,Debit,Mastercard,Business,2022-10-31,2029-02-04,Blocked,1,Security Block
CD0003214,C003214,AC0003214,4,Debit,Mastercard,Business,2020-06-10,2027-09-21,Active,0,
CD0003215,C003215,AC0003215,2,Debit,Visa,Standard,2021-06-14,2029-03-13,Active,0,
CD0003216,C003216,AC0003216,2,Debit,Visa,Standard,2024-05-20,2027-01-04,Blocked,1,Excessive Attempts
CD0003217,C003217,AC0003217,7,Debit,Mastercard,Business,2023-04-21,2030-03-01,Active,0,
CD0003218,C003218,AC0003218,3,Debit,Visa,Platinum,2020-11-04,2029-12-07,Active,0,
CD0003219,C003219,AC0003219,4,Debit,Visa,Gold,2024-09-25,2028-02-22,Blocked,1,Lost/Stolen
CD0003220,C003220,AC0003220,7,Credit,Mastercard,Standard,2019-12-26,2026-11-05,Blocked,1,Security Block
CD0003221,C003221,AC0003221,4,Debit,Mastercard,Gold,2025-03-28,2030-01-15,Blocked,1,Excessive Attempts
CD0003222,C003222,AC0003222,4,Debit,Amex,Business,2023-08-20,2028-07-15,Active,0,
CD0003223,C003223,AC0003223,3,Credit,Mastercard,Business,2024-05-25,2027-01-30,Active,0,
CD0003224,C003224,AC0003224,4,Debit,Visa,Platinum,2018-07-09,2026-04-01,Active,0,
CD0003225,C003225,AC0003225,7,Debit,Visa,Standard,2023-12-22,2028-04-28,Active,0,
CD0003226,C003226,AC0003226,6,Credit,Mastercard,Standard,2024-08-25,2029-04-21,Active,0,
CD0003227,C003227,AC0003227,10,Credit,Amex,Gold,2019-01-03,2030-09-12,Active,0,
CD0003228,C003228,AC0003228,8,Debit,Visa,Business,2021-09-10,2029-10-26,Active,0,
CD0003229,C003229,AC0003229,1,Debit,Mastercard,Gold,2024-05-07,2026-02-02,Active,0,
CD0003230,C003230,AC0003230,4,Debit,Mastercard,Gold,2022-06-23,2030-01-20,Active,0,
CD0003231,C003231,AC0003231,3,Debit,Visa,Gold,2020-03-17,2027-08-23,Active,0,
CD0003232,C003232,AC0003232,6,Debit,Visa,Business,2022-07-08,2029-10-27,Active,0,
CD0003233,C003233,AC0003233,3,Credit,Amex,Business,2023-04-16,2030-01-11,Blocked,1,Security Block
CD0003234,C003234,AC0003234,10,Credit,Visa,Platinum,2025-10-23,2030-12-08,Active,0,
CD0003235,C003235,AC0003235,3,Debit,Visa,Gold,2022-10-19,2030-08-07,Blocked,1,Security Block
CD0003236,C003236,AC0003236,6,Debit,Visa,Standard,2020-09-24,2028-06-03,Active,0,
CD0003237,C003237,AC0003237,2,Credit,Visa,Gold,2025-10-27,2028-07-10,Active,0,
CD0003238,C003238,AC0003238,10,Debit,Visa,Standard,2024-06-19,2029-01-06,Active,0,
CD0003239,C003239,AC0003239,10,Credit,Visa,Business,2024-02-20,2029-03-23,Active,0,
CD0003240,C003240,AC0003240,8,Debit,Visa,Standard,2023-10-05,2030-06-26,Blocked,1,Security Block
CD0003241,C003241,AC0003241,4,Debit,Visa,Platinum,2024-02-09,2027-02-13,Active,0,
CD0003242,C003242,AC0003242,1,Debit,Mastercard,Business,2024-10-16,2029-07-02,Active,0,
CD0003243,C003243,AC0003243,8,Credit,Mastercard,Gold,2021-07-09,2028-01-12,Blocked,1,Excessive Attempts
CD0003244,C003244,AC0003244,5,Debit,Visa,Standard,2023-10-13,2026-12-05,Active,0,
CD0003245,C003245,AC0003245,10,Credit,Mastercard,Platinum,2018-05-31,2030-09-24,Active,0,
CD0003246,C003246,AC0003246,7,Credit,Mastercard,Gold,2025-05-06,2030-11-21,Active,0,
CD0003247,C003247,AC0003247,6,Credit,Mastercard,Business,2025-04-21,2029-12-26,Active,0,
CD0003248,C003248,AC0003248,10,Debit,Visa,Standard,2020-11-27,2028-11-18,Blocked,1,Security Block
CD0003249,C003249,AC0003249,9,Debit,Mastercard,Standard,2020-02-12,2027-11-29,Active,0,
CD0003250,C003250,AC0003250,5,Debit,Visa,Platinum,2025-05-23,2030-12-12,Active,0,
CD0003251,C003251,AC0003251,1,Debit,Visa,Business,2025-10-02,2029-07-29,Active,0,
CD0003252,C003252,AC0003252,1,Credit,Mastercard,Business,2018-08-27,2030-02-24,Active,0,
CD0003253,C003253,AC0003253,5,Debit,Visa,Standard,2018-04-14,2028-07-28,Active,0,
CD0003254,C003254,AC0003254,6,Debit,Visa,Business,2019-07-01,2026-02-12,Active,0,
CD0003255,C003255,AC0003255,1,Credit,Visa,Platinum,2020-09-28,2029-01-15,Blocked,1,Excessive Attempts
CD0003256,C003256,AC0003256,2,Debit,Visa,Business,2019-07-22,2026-09-30,Active,0,
CD0003257,C003257,AC0003257,8,Credit,Visa,Business,2025-04-23,2027-05-26,Active,0,
CD0003258,C003258,AC0003258,8,Debit,Visa,Standard,2018-11-29,2026-01-21,Active,0,
CD0003259,C003259,AC0003259,1,Debit,Amex,Business,2020-07-08,2026-06-10,Active,0,
CD0003260,C003260,AC0003260,6,Credit,Amex,Platinum,2022-09-24,2030-03-09,Active,0,
CD0003261,C003261,AC0003261,1,Credit,Visa,Gold,2023-08-22,2029-11-25,Active,0,
CD0003262,C003262,AC0003262,8,Debit,Visa,Gold,2024-04-27,2029-12-09,Active,0,
CD0003263,C003263,AC0003263,9,Debit,Mastercard,Business,2018-08-28,2026-07-22,Active,0,
CD0003264,C003264,AC0003264,9,Debit,Amex,Business,2023-06-14,2030-01-11,Active,0,
CD0003265,C003265,AC0003265,6,Debit,Mastercard,Business,2022-07-01,2030-03-20,Active,0,
CD0003266,C003266,AC0003266,7,Credit,Visa,Business,2021-04-30,2029-05-28,Active,0,
CD0003267,C003267,AC0003267,10,Debit,Mastercard,Platinum,2021-01-10,2026-02-06,Active,0,
CD0003268,C003268,AC0003268,7,Debit,Mastercard,Business,2024-11-05,2028-09-29,Active,0,
CD0003269,C003269,AC0003269,5,Credit,Amex,Platinum,2025-10-06,2027-04-18,Active,0,
CD0003270,C003270,AC0003270,8,Credit,Mastercard,Business,2022-08-17,2027-10-30,Active,0,
CD0003271,C003271,AC0003271,6,Debit,Visa,Gold,2023-09-17,2030-04-19,Active,0,
CD0003272,C003272,AC0003272,9,Credit,Visa,Standard,2020-06-30,2029-11-06,Active,0,
CD0003273,C003273,AC0003273,6,Debit,Visa,Business,2018-04-13,2027-06-03,Active,0,
CD0003274,C003274,AC0003274,9,Debit,Visa,Platinum,2025-03-04,2028-02-28,Active,0,
CD0003275,C003275,AC0003275,1,Debit,Mastercard,Gold,2023-05-24,2030-01-03,Active,0,
CD0003276,C003276,AC0003276,1,Debit,Mastercard,Standard,2024-04-11,2030-01-23,Active,0,
CD0003277,C003277,AC0003277,1,Debit,Mastercard,Platinum,2021-10-26,2027-02-10,Active,0,
CD0003278,C003278,AC0003278,6,Debit,Visa,Standard,2024-03-14,2027-11-16,Active,0,
CD0003279,C003279,AC0003279,8,Debit,Mastercard,Standard,2018-09-01,2027-07-09,Active,0,
CD0003280,C003280,AC0003280,3,Credit,Visa,Gold,2019-01-31,2029-03-22,Active,0,
CD0003281,C003281,AC0003281,2,Debit,Mastercard,Standard,2022-03-02,2027-11-25,Active,0,
CD0003282,C003282,AC0003282,9,Credit,Visa,Gold,2025-11-29,2027-10-18,Active,0,
CD0003283,C003283,AC0003283,8,Debit,Visa,Gold,2024-10-23,2030-03-05,Blocked,1,Security Block
CD0003284,C003284,AC0003284,7,Debit,Visa,Business,2019-10-07,2027-06-08,Active,0,
CD0003285,C003285,AC0003285,5,Credit,Mastercard,Gold,2021-07-15,2028-06-16,Active,0,
CD0003286,C003286,AC0003286,5,Credit,Mastercard,Standard,2018-12-18,2029-09-09,Blocked,1,Lost/Stolen
CD0003287,C003287,AC0003287,1,Credit,Visa,Business,2021-06-01,2028-01-18,Blocked,1,Security Block
CD0003288,C003288,AC0003288,2,Credit,Visa,Platinum,2019-07-30,2028-09-19,Active,0,
CD0003289,C003289,AC0003289,9,Debit,Visa,Business,2019-11-06,2027-10-07,Active,0,
CD0003290,C003290,AC0003290,4,Debit,Visa,Platinum,2019-04-29,2029-06-09,Active,0,
CD0003291,C003291,AC0003291,8,Debit,Visa,Platinum,2022-08-15,2029-04-17,Active,0,
CD0003292,C003292,AC0003292,8,Debit,Visa,Standard,2022-04-29,2030-11-29,Active,0,
CD0003293,C003293,AC0003293,4,Debit,Mastercard,Platinum,2019-06-01,2028-08-31,Active,0,
CD0003294,C003294,AC0003294,3,Credit,Mastercard,Standard,2023-02-18,2026-10-14,Active,0,
CD0003295,C003295,AC0003295,7,Credit,Amex,Platinum,2023-06-28,2026-07-18,Active,0,
CD0003296,C003296,AC0003296,1,Debit,Visa,Gold,2021-05-12,2027-01-31,Blocked,1,Excessive Attempts
CD0003297,C003297,AC0003297,5,Debit,Amex,Business,2023-07-11,2026-01-27,Active,0,
CD0003298,C003298,AC0003298,9,Credit,Mastercard,Gold,2025-05-21,2030-01-29,Blocked,1,Security Block
CD0003299,C003299,AC0003299,8,Debit,Mastercard,Gold,2019-05-10,2026-04-13,Active,0,
CD0003300,C003300,AC0003300,8,Debit,Mastercard,Standard,2019-07-29,2026-02-17,Active,0,
CD0003301,C003301,AC0003301,1,Debit,Visa,Standard,2020-02-08,2027-10-02,Active,0,
CD0003302,C003302,AC0003302,2,Debit,Visa,Gold,2018-03-03,2027-01-05,Active,0,
CD0003303,C003303,AC0003303,3,Debit,Mastercard,Gold,2023-04-11,2030-11-10,Active,0,
CD0003304,C003304,AC0003304,3,Credit,Amex,Gold,2018-04-18,2030-05-26,Active,0,
CD0003305,C003305,AC0003305,2,Debit,Visa,Platinum,2024-08-27,2028-01-06,Active,0,
CD0003306,C003306,AC0003306,10,Credit,Visa,Standard,2022-09-04,2026-06-12,Expired,0,
CD0003307,C003307,AC0003307,2,Debit,Mastercard,Gold,2023-10-06,2030-05-20,Active,0,
CD0003308,C003308,AC0003308,8,Credit,Mastercard,Business,2025-06-11,2029-09-05,Active,0,
CD0003309,C003309,AC0003309,6,Debit,Mastercard,Standard,2019-07-07,2029-11-13,Blocked,1,Lost/Stolen
CD0003310,C003310,AC0003310,7,Credit,Amex,Gold,2022-02-09,2029-08-12,Active,0,
CD0003311,C003311,AC0003311,3,Debit,Visa,Business,2021-02-24,2029-09-23,Active,0,
CD0003312,C003312,AC0003312,4,Debit,Mastercard,Standard,2025-09-13,2027-10-31,Active,0,
CD0003313,C003313,AC0003313,7,Debit,Mastercard,Business,2025-08-03,2028-03-27,Active,0,
CD0003314,C003314,AC0003314,3,Credit,Mastercard,Gold,2018-04-05,2029-09-02,Active,0,
CD0003315,C003315,AC0003315,7,Debit,Visa,Standard,2021-08-06,2027-04-19,Active,0,
CD0003316,C003316,AC0003316,1,Credit,Visa,Platinum,2023-12-25,2030-07-27,Active,0,
CD0003317,C003317,AC0003317,1,Debit,Visa,Standard,2025-01-17,2028-11-12,Active,0,
CD0003318,C003318,AC0003318,8,Debit,Mastercard,Business,2025-04-09,2028-08-30,Active,0,
CD0003319,C003319,AC0003319,7,Debit,Amex,Platinum,2025-06-18,2029-09-14,Active,0,
CD0003320,C003320,AC0003320,1,Credit,Amex,Platinum,2020-07-31,2026-04-11,Active,0,
CD0003321,C003321,AC0003321,9,Credit,Mastercard,Standard,2020-12-09,2029-01-15,Active,0,
CD0003322,C003322,AC0003322,1,Debit,Visa,Gold,2022-04-17,2030-09-12,Active,0,
CD0003323,C003323,AC0003323,10,Credit,Mastercard,Business,2024-12-15,2026-09-14,Blocked,1,Security Block
CD0003324,C003324,AC0003324,8,Debit,Visa,Standard,2025-07-11,2029-09-30,Active,0,
CD0003325,C003325,AC0003325,10,Debit,Visa,Gold,2025-10-21,2027-04-21,Active,0,
CD0003326,C003326,AC0003326,10,Debit,Visa,Standard,2019-12-05,2028-06-04,Active,0,
CD0003327,C003327,AC0003327,4,Credit,Visa,Gold,2025-09-05,2028-01-29,Active,0,
CD0003328,C003328,AC0003328,8,Debit,Visa,Business,2024-03-27,2026-03-26,Active,0,
CD0003329,C003329,AC0003329,3,Debit,Mastercard,Business,2025-03-13,2027-01-09,Active,0,
CD0003330,C003330,AC0003330,5,Debit,Mastercard,Standard,2022-05-28,2030-01-16,Active,0,
CD0003331,C003331,AC0003331,3,Credit,Mastercard,Gold,2020-09-01,2030-06-08,Active,0,
CD0003332,C003332,AC0003332,5,Debit,Visa,Standard,2023-08-05,2027-11-27,Expired,0,
CD0003333,C003333,AC0003333,9,Debit,Visa,Gold,2021-02-24,2029-09-27,Active,0,
CD0003334,C003334,AC0003334,5,Debit,Visa,Business,2025-09-04,2030-12-25,Active,0,
CD0003335,C003335,AC0003335,1,Credit,Visa,Standard,2022-12-30,2029-11-09,Active,0,
CD0003336,C003336,AC0003336,4,Debit,Mastercard,Platinum,2024-10-24,2028-01-31,Expired,0,
CD0003337,C003337,AC0003337,8,Debit,Visa,Gold,2018-12-30,2028-10-13,Blocked,1,Security Block
CD0003338,C003338,AC0003338,6,Debit,Mastercard,Gold,2020-06-30,2028-09-24,Active,0,
CD0003339,C003339,AC0003339,6,Debit,Visa,Standard,2024-03-28,2030-08-04,Active,0,
CD0003340,C003340,AC0003340,5,Debit,Visa,Platinum,2023-03-21,2026-08-02,Active,0,
CD0003341,C003341,AC0003341,3,Debit,Amex,Standard,2023-08-16,2028-05-14,Active,0,
CD0003342,C003342,AC0003342,6,Credit,Mastercard,Platinum,2020-03-22,2030-03-23,Active,0,
CD0003343,C003343,AC0003343,7,Debit,Visa,Standard,2024-08-24,2028-01-01,Blocked,1,Security Block
CD0003344,C003344,AC0003344,9,Debit,Mastercard,Gold,2021-03-11,2026-12-02,Active,0,
CD0003345,C003345,AC0003345,7,Credit,Visa,Platinum,2022-03-02,2029-11-03,Active,0,
CD0003346,C003346,AC0003346,10,Credit,Mastercard,Gold,2018-02-25,2030-05-01,Blocked,1,Lost/Stolen
CD0003347,C003347,AC0003347,9,Debit,Mastercard,Platinum,2022-01-07,2029-05-30,Blocked,1,Lost/Stolen
CD0003348,C003348,AC0003348,1,Debit,Mastercard,Gold,2018-01-20,2026-04-22,Active,0,
CD0003349,C003349,AC0003349,4,Credit,Visa,Standard,2025-06-08,2030-06-09,Expired,0,
CD0003350,C003350,AC0003350,4,Credit,Visa,Business,2022-05-19,2028-03-19,Active,0,
CD0003351,C003351,AC0003351,1,Debit,Mastercard,Gold,2021-09-20,2026-12-21,Blocked,1,Fraud Suspected
CD0003352,C003352,AC0003352,2,Debit,Visa,Gold,2023-11-20,2030-10-25,Blocked,1,Lost/Stolen
CD0003353,C003353,AC0003353,8,Debit,Amex,Gold,2023-01-25,2029-08-26,Active,0,
CD0003354,C003354,AC0003354,4,Debit,Visa,Standard,2023-04-24,2027-11-27,Active,0,
CD0003355,C003355,AC0003355,2,Debit,Visa,Platinum,2024-07-03,2030-03-27,Active,0,
CD0003356,C003356,AC0003356,3,Debit,Visa,Business,2024-03-05,2029-09-21,Active,0,
CD0003357,C003357,AC0003357,3,Credit,Mastercard,Business,2025-12-09,2026-10-19,Active,0,
CD0003358,C003358,AC0003358,2,Debit,Visa,Platinum,2023-08-18,2027-09-08,Active,0,
CD0003359,C003359,AC0003359,2,Debit,Visa,Gold,2018-01-12,2027-06-01,Blocked,1,Security Block
CD0003360,C003360,AC0003360,8,Credit,Mastercard,Gold,2020-10-26,2026-03-22,Active,0,
CD0003361,C003361,AC0003361,9,Credit,Visa,Business,2022-01-28,2026-10-17,Active,0,
CD0003362,C003362,AC0003362,5,Credit,Mastercard,Platinum,2023-04-01,2028-07-10,Active,0,
CD0003363,C003363,AC0003363,7,Credit,Visa,Business,2019-02-09,2027-09-06,Active,0,
CD0003364,C003364,AC0003364,10,Debit,Visa,Gold,2020-10-30,2027-03-14,Blocked,1,Security Block
CD0003365,C003365,AC0003365,9,Credit,Mastercard,Platinum,2024-10-31,2029-04-11,Blocked,1,Fraud Suspected
CD0003366,C003366,AC0003366,1,Debit,Visa,Business,2025-04-08,2028-01-04,Blocked,1,Security Block
CD0003367,C003367,AC0003367,10,Debit,Visa,Platinum,2025-04-07,2030-02-05,Active,0,
CD0003368,C003368,AC0003368,1,Debit,Visa,Platinum,2021-05-31,2028-06-26,Active,0,
CD0003369,C003369,AC0003369,1,Debit,Visa,Platinum,2018-08-31,2030-02-06,Active,0,
CD0003370,C003370,AC0003370,5,Debit,Visa,Business,2020-07-13,2028-08-27,Active,0,
CD0003371,C003371,AC0003371,8,Debit,Visa,Platinum,2020-01-04,2028-04-06,Blocked,1,Fraud Suspected
CD0003372,C003372,AC0003372,1,Debit,Visa,Business,2021-01-18,2030-08-06,Active,0,
CD0003373,C003373,AC0003373,3,Debit,Visa,Platinum,2018-02-15,2026-12-06,Active,0,
CD0003374,C003374,AC0003374,3,Debit,Visa,Business,2023-08-01,2026-10-10,Active,0,
CD0003375,C003375,AC0003375,4,Debit,Mastercard,Business,2019-04-01,2028-08-17,Active,0,
CD0003376,C003376,AC0003376,10,Debit,Visa,Platinum,2020-11-20,2030-09-09,Active,0,
CD0003377,C003377,AC0003377,4,Credit,Visa,Platinum,2020-12-08,2028-04-23,Active,0,
CD0003378,C003378,AC0003378,3,Credit,Mastercard,Platinum,2025-01-07,2026-07-16,Active,0,
CD0003379,C003379,AC0003379,2,Debit,Visa,Platinum,2019-07-29,2027-10-20,Active,0,
CD0003380,C003380,AC0003380,2,Debit,Visa,Standard,2023-02-22,2029-01-29,Active,0,
CD0003381,C003381,AC0003381,2,Debit,Visa,Standard,2025-09-26,2026-09-20,Active,0,
CD0003382,C003382,AC0003382,6,Debit,Visa,Business,2018-03-05,2026-08-11,Blocked,1,Fraud Suspected
CD0003383,C003383,AC0003383,5,Debit,Mastercard,Standard,2020-06-06,2029-08-14,Active,0,
CD0003384,C003384,AC0003384,5,Debit,Mastercard,Platinum,2018-12-12,2029-07-23,Blocked,1,Security Block
CD0003385,C003385,AC0003385,9,Debit,Visa,Platinum,2022-12-31,2029-06-16,Active,0,
CD0003386,C003386,AC0003386,6,Debit,Visa,Business,2023-09-14,2027-08-14,Blocked,1,Fraud Suspected
CD0003387,C003387,AC0003387,2,Debit,Mastercard,Platinum,2024-04-15,2027-08-18,Active,0,
CD0003388,C003388,AC0003388,4,Credit,Mastercard,Standard,2025-06-26,2027-05-30,Active,0,
CD0003389,C003389,AC0003389,4,Credit,Amex,Platinum,2024-05-29,2027-01-14,Active,0,
CD0003390,C003390,AC0003390,9,Debit,Mastercard,Standard,2022-08-20,2027-06-27,Active,0,
CD0003391,C003391,AC0003391,4,Credit,Visa,Standard,2022-05-17,2027-11-01,Active,0,
CD0003392,C003392,AC0003392,2,Debit,Mastercard,Standard,2020-05-03,2027-04-16,Active,0,
CD0003393,C003393,AC0003393,8,Credit,Visa,Business,2020-06-13,2028-01-11,Active,0,
CD0003394,C003394,AC0003394,5,Debit,Visa,Business,2023-04-12,2028-09-11,Active,0,
CD0003395,C003395,AC0003395,1,Debit,Visa,Business,2020-10-30,2028-02-02,Active,0,
CD0003396,C003396,AC0003396,7,Debit,Visa,Gold,2019-04-11,2027-08-03,Active,0,
CD0003397,C003397,AC0003397,3,Debit,Visa,Business,2021-06-10,2029-08-13,Active,0,
CD0003398,C003398,AC0003398,9,Debit,Mastercard,Standard,2021-09-18,2030-11-30,Active,0,
CD0003399,C003399,AC0003399,9,Credit,Visa,Business,2025-10-18,2026-08-08,Active,0,
CD0003400,C003400,AC0003400,4,Debit,Mastercard,Standard,2023-12-30,2030-05-25,Active,0,
CD0003401,C003401,AC0003401,6,Debit,Visa,Standard,2025-04-27,2027-01-25,Active,0,
CD0003402,C003402,AC0003402,6,Debit,Visa,Business,2019-02-01,2026-10-15,Active,0,
CD0003403,C003403,AC0003403,7,Debit,Visa,Gold,2023-11-06,2026-03-09,Blocked,1,Security Block
CD0003404,C003404,AC0003404,1,Debit,Visa,Gold,2019-12-05,2029-03-10,Active,0,
CD0003405,C003405,AC0003405,4,Debit,Amex,Standard,2019-10-24,2030-05-04,Active,0,
CD0003406,C003406,AC0003406,2,Credit,Amex,Gold,2018-09-22,2030-01-10,Active,0,
CD0003407,C003407,AC0003407,7,Debit,Visa,Gold,2024-11-28,2028-11-11,Active,0,
CD0003408,C003408,AC0003408,1,Debit,Mastercard,Business,2020-08-02,2026-03-29,Blocked,1,Lost/Stolen
CD0003409,C003409,AC0003409,6,Debit,Visa,Standard,2025-03-09,2029-12-09,Active,0,
CD0003410,C003410,AC0003410,8,Debit,Mastercard,Standard,2023-06-28,2029-06-21,Active,0,
CD0003411,C003411,AC0003411,10,Debit,Mastercard,Standard,2020-04-27,2030-05-15,Active,0,
CD0003412,C003412,AC0003412,3,Debit,Amex,Standard,2023-12-16,2030-09-25,Active,0,
CD0003413,C003413,AC0003413,1,Debit,Mastercard,Business,2025-07-19,2029-02-05,Blocked,1,Excessive Attempts
CD0003414,C003414,AC0003414,8,Debit,Mastercard,Platinum,2025-04-28,2030-11-27,Active,0,
CD0003415,C003415,AC0003415,1,Credit,Amex,Business,2018-01-02,2029-11-13,Active,0,
CD0003416,C003416,AC0003416,1,Credit,Visa,Gold,2021-02-20,2029-12-08,Active,0,
CD0003417,C003417,AC0003417,10,Debit,Mastercard,Standard,2022-06-10,2028-03-11,Active,0,
CD0003418,C003418,AC0003418,9,Debit,Visa,Gold,2025-01-10,2027-05-04,Active,0,
CD0003419,C003419,AC0003419,8,Debit,Mastercard,Platinum,2018-08-04,2026-09-10,Active,0,
CD0003420,C003420,AC0003420,9,Debit,Visa,Standard,2024-09-21,2030-02-22,Active,0,
CD0003421,C003421,AC0003421,1,Credit,Visa,Gold,2018-12-31,2026-08-21,Expired,0,
CD0003422,C003422,AC0003422,1,Credit,Mastercard,Platinum,2021-12-17,2028-02-22,Active,0,
CD0003423,C003423,AC0003423,4,Credit,Visa,Standard,2020-04-21,2028-02-05,Blocked,1,Security Block
CD0003424,C003424,AC0003424,1,Debit,Mastercard,Platinum,2019-10-12,2029-05-10,Active,0,
CD0003425,C003425,AC0003425,9,Debit,Visa,Standard,2021-02-23,2028-12-15,Active,0,
CD0003426,C003426,AC0003426,1,Credit,Mastercard,Standard,2025-07-28,2029-01-06,Active,0,
CD0003427,C003427,AC0003427,6,Debit,Mastercard,Gold,2023-09-21,2027-12-02,Blocked,1,Security Block
CD0003428,C003428,AC0003428,9,Credit,Mastercard,Business,2020-07-14,2027-05-18,Active,0,
CD0003429,C003429,AC0003429,8,Credit,Visa,Business,2020-03-20,2026-09-08,Active,0,
CD0003430,C003430,AC0003430,3,Debit,Mastercard,Gold,2019-04-08,2030-09-22,Expired,0,
CD0003431,C003431,AC0003431,5,Debit,Amex,Gold,2022-05-14,2028-12-08,Expired,0,
CD0003432,C003432,AC0003432,6,Debit,Visa,Business,2023-03-12,2029-05-02,Active,0,
CD0003433,C003433,AC0003433,8,Credit,Visa,Standard,2022-01-21,2029-05-10,Active,0,
CD0003434,C003434,AC0003434,5,Credit,Mastercard,Platinum,2024-05-08,2028-08-15,Active,0,
CD0003435,C003435,AC0003435,3,Debit,Mastercard,Platinum,2019-05-18,2030-05-18,Active,0,
CD0003436,C003436,AC0003436,8,Credit,Mastercard,Standard,2022-03-24,2027-03-18,Active,0,
CD0003437,C003437,AC0003437,9,Credit,Visa,Gold,2025-02-08,2030-04-22,Active,0,
CD0003438,C003438,AC0003438,5,Debit,Mastercard,Business,2018-05-21,2028-10-09,Active,0,
CD0003439,C003439,AC0003439,1,Debit,Visa,Gold,2018-02-03,2030-08-19,Active,0,
CD0003440,C003440,AC0003440,6,Credit,Visa,Gold,2020-03-25,2027-05-30,Active,0,
CD0003441,C003441,AC0003441,9,Credit,Mastercard,Platinum,2022-12-27,2027-02-02,Expired,0,
CD0003442,C003442,AC0003442,10,Debit,Visa,Gold,2024-08-02,2027-05-24,Active,0,
CD0003443,C003443,AC0003443,5,Credit,Mastercard,Business,2018-09-11,2026-05-13,Active,0,
CD0003444,C003444,AC0003444,2,Debit,Visa,Platinum,2023-08-26,2027-02-05,Active,0,
CD0003445,C003445,AC0003445,6,Debit,Visa,Platinum,2025-08-24,2029-04-12,Active,0,
CD0003446,C003446,AC0003446,9,Debit,Mastercard,Platinum,2025-09-13,2026-11-11,Active,0,
CD0003447,C003447,AC0003447,10,Credit,Amex,Business,2018-09-10,2030-08-02,Active,0,
CD0003448,C003448,AC0003448,1,Credit,Visa,Business,2025-04-23,2028-02-18,Active,0,
CD0003449,C003449,AC0003449,3,Debit,Mastercard,Standard,2019-02-23,2027-01-21,Blocked,1,Lost/Stolen
CD0003450,C003450,AC0003450,5,Debit,Mastercard,Standard,2022-06-17,2030-03-10,Active,0,
CD0003451,C003451,AC0003451,1,Debit,Mastercard,Gold,2025-05-29,2026-10-30,Active,0,
CD0003452,C003452,AC0003452,9,Debit,Amex,Standard,2018-06-25,2027-04-26,Active,0,
CD0003453,C003453,AC0003453,2,Debit,Mastercard,Platinum,2021-09-24,2026-08-14,Blocked,1,Security Block
CD0003454,C003454,AC0003454,7,Credit,Mastercard,Business,2024-05-17,2028-05-04,Active,0,
CD0003455,C003455,AC0003455,10,Debit,Visa,Platinum,2019-09-29,2029-12-16,Active,0,
CD0003456,C003456,AC0003456,7,Debit,Amex,Business,2018-06-13,2028-04-21,Active,0,
CD0003457,C003457,AC0003457,8,Debit,Mastercard,Business,2020-07-12,2029-07-05,Active,0,
CD0003458,C003458,AC0003458,3,Debit,Visa,Standard,2024-09-28,2027-10-21,Active,0,
CD0003459,C003459,AC0003459,9,Debit,Mastercard,Business,2019-05-25,2030-12-30,Active,0,
CD0003460,C003460,AC0003460,5,Credit,Visa,Gold,2024-08-13,2029-03-30,Active,0,
CD0003461,C003461,AC0003461,1,Debit,Visa,Standard,2020-01-05,2030-12-08,Blocked,1,Excessive Attempts
CD0003462,C003462,AC0003462,4,Credit,Mastercard,Platinum,2018-01-15,2027-12-31,Active,0,
CD0003463,C003463,AC0003463,4,Debit,Visa,Platinum,2022-12-30,2029-12-05,Active,0,
CD0003464,C003464,AC0003464,6,Debit,Mastercard,Business,2024-10-11,2026-07-26,Active,0,
CD0003465,C003465,AC0003465,3,Credit,Amex,Business,2020-09-12,2029-09-11,Active,0,
CD0003466,C003466,AC0003466,5,Credit,Visa,Business,2024-03-08,2027-06-21,Active,0,
CD0003467,C003467,AC0003467,5,Credit,Mastercard,Platinum,2018-11-06,2026-04-12,Blocked,1,Security Block
CD0003468,C003468,AC0003468,4,Debit,Mastercard,Business,2019-01-09,2027-09-11,Active,0,
CD0003469,C003469,AC0003469,7,Credit,Amex,Business,2018-03-22,2026-03-20,Blocked,1,Lost/Stolen
CD0003470,C003470,AC0003470,4,Credit,Mastercard,Platinum,2025-03-27,2029-02-17,Blocked,1,Security Block
CD0003471,C003471,AC0003471,8,Debit,Visa,Gold,2021-08-08,2029-06-17,Active,0,
CD0003472,C003472,AC0003472,3,Credit,Mastercard,Business,2022-11-24,2026-02-27,Active,0,
CD0003473,C003473,AC0003473,9,Credit,Visa,Standard,2018-06-19,2028-04-03,Blocked,1,Security Block
CD0003474,C003474,AC0003474,4,Credit,Visa,Gold,2024-07-21,2027-04-18,Active,0,
CD0003475,C003475,AC0003475,1,Debit,Mastercard,Gold,2019-08-03,2030-05-13,Active,0,
CD0003476,C003476,AC0003476,2,Credit,Amex,Standard,2020-05-24,2029-08-29,Active,0,
CD0003477,C003477,AC0003477,9,Debit,Mastercard,Platinum,2021-08-18,2028-02-24,Active,0,
CD0003478,C003478,AC0003478,9,Credit,Amex,Gold,2019-09-01,2029-11-26,Active,0,
CD0003479,C003479,AC0003479,3,Debit,Visa,Standard,2022-03-08,2026-01-21,Active,0,
CD0003480,C003480,AC0003480,7,Credit,Mastercard,Gold,2020-09-02,2028-05-29,Active,0,
CD0003481,C003481,AC0003481,6,Debit,Visa,Platinum,2018-11-14,2027-10-09,Active,0,
CD0003482,C003482,AC0003482,2,Credit,Visa,Gold,2018-10-15,2027-09-12,Blocked,1,Excessive Attempts
CD0003483,C003483,AC0003483,5,Debit,Visa,Standard,2021-03-27,2027-10-16,Active,0,
CD0003484,C003484,AC0003484,7,Debit,Amex,Platinum,2018-01-25,2030-08-11,Active,0,
CD0003485,C003485,AC0003485,10,Debit,Mastercard,Standard,2022-08-23,2027-02-02,Active,0,
CD0003486,C003486,AC0003486,9,Debit,Mastercard,Gold,2021-07-16,2027-10-02,Active,0,
CD0003487,C003487,AC0003487,1,Debit,Visa,Gold,2025-09-10,2028-10-13,Active,0,
CD0003488,C003488,AC0003488,3,Debit,Visa,Standard,2022-08-08,2027-06-06,Active,0,
CD0003489,C003489,AC0003489,5,Debit,Visa,Standard,2023-08-08,2029-12-23,Active,0,
CD0003490,C003490,AC0003490,2,Credit,Mastercard,Platinum,2022-03-21,2028-07-02,Active,0,
CD0003491,C003491,AC0003491,6,Debit,Visa,Standard,2019-10-14,2027-08-30,Active,0,
CD0003492,C003492,AC0003492,1,Debit,Mastercard,Gold,2018-12-10,2029-10-28,Active,0,
CD0003493,C003493,AC0003493,2,Debit,Mastercard,Gold,2018-01-26,2028-03-20,Active,0,
CD0003494,C003494,AC0003494,1,Debit,Mastercard,Standard,2020-10-20,2027-08-09,Expired,0,
CD0003495,C003495,AC0003495,3,Debit,Amex,Business,2024-11-25,2030-10-04,Active,0,
CD0003496,C003496,AC0003496,8,Debit,Mastercard,Business,2019-10-04,2030-09-21,Active,0,
CD0003497,C003497,AC0003497,2,Debit,Mastercard,Gold,2020-12-10,2026-12-16,Active,0,
CD0003498,C003498,AC0003498,10,Debit,Mastercard,Platinum,2020-12-10,2030-08-02,Active,0,
CD0003499,C003499,AC0003499,3,Credit,Mastercard,Business,2025-10-14,2026-07-02,Active,0,
CD0003500,C003500,AC0003500,1,Debit,Visa,Business,2022-10-24,2026-04-21,Active,0,
CD0003501,C003501,AC0003501,4,Debit,Amex,Gold,2022-10-24,2028-08-31,Active,0,
CD0003502,C003502,AC0003502,8,Debit,Mastercard,Standard,2020-08-04,2030-04-10,Active,0,
CD0003503,C003503,AC0003503,2,Debit,Amex,Gold,2019-08-17,2030-07-20,Expired,0,
CD0003504,C003504,AC0003504,1,Debit,Visa,Platinum,2019-11-30,2027-07-08,Active,0,
CD0003505,C003505,AC0003505,9,Debit,Mastercard,Gold,2019-09-05,2030-07-03,Blocked,1,Lost/Stolen
CD0003506,C003506,AC0003506,6,Debit,Mastercard,Platinum,2025-06-27,2029-06-20,Active,0,
CD0003507,C003507,AC0003507,4,Debit,Mastercard,Business,2021-01-10,2026-10-26,Active,0,
CD0003508,C003508,AC0003508,8,Debit,Mastercard,Gold,2022-07-28,2030-06-04,Active,0,
CD0003509,C003509,AC0003509,9,Credit,Visa,Business,2023-02-08,2028-10-08,Active,0,
CD0003510,C003510,AC0003510,4,Debit,Amex,Platinum,2018-11-09,2028-01-11,Active,0,
CD0003511,C003511,AC0003511,6,Credit,Visa,Business,2025-03-04,2026-06-13,Blocked,1,Security Block
CD0003512,C003512,AC0003512,1,Debit,Visa,Platinum,2023-10-30,2029-01-05,Active,0,
CD0003513,C003513,AC0003513,4,Debit,Visa,Business,2023-08-25,2029-07-27,Blocked,1,Lost/Stolen
CD0003514,C003514,AC0003514,6,Debit,Mastercard,Business,2025-10-15,2028-06-12,Blocked,1,Security Block
CD0003515,C003515,AC0003515,2,Debit,Mastercard,Standard,2018-09-12,2029-04-08,Active,0,
CD0003516,C003516,AC0003516,10,Debit,Mastercard,Business,2023-01-30,2027-04-05,Active,0,
CD0003517,C003517,AC0003517,10,Debit,Visa,Standard,2025-04-04,2028-01-06,Active,0,
CD0003518,C003518,AC0003518,3,Debit,Visa,Standard,2021-06-29,2030-07-09,Active,0,
CD0003519,C003519,AC0003519,4,Credit,Mastercard,Standard,2022-11-20,2029-11-16,Active,0,
CD0003520,C003520,AC0003520,2,Credit,Mastercard,Gold,2019-08-25,2026-04-22,Active,0,
CD0003521,C003521,AC0003521,6,Credit,Mastercard,Gold,2020-09-05,2026-08-06,Blocked,1,Security Block
CD0003522,C003522,AC0003522,2,Credit,Mastercard,Standard,2020-12-11,2027-02-17,Active,0,
CD0003523,C003523,AC0003523,4,Credit,Mastercard,Gold,2018-10-16,2028-10-12,Active,0,
CD0003524,C003524,AC0003524,6,Debit,Mastercard,Business,2018-12-15,2026-12-10,Active,0,
CD0003525,C003525,AC0003525,7,Credit,Mastercard,Standard,2021-07-04,2030-07-03,Active,0,
CD0003526,C003526,AC0003526,6,Credit,Visa,Business,2023-10-14,2027-06-30,Active,0,
CD0003527,C003527,AC0003527,3,Credit,Visa,Gold,2023-02-27,2026-07-14,Active,0,
CD0003528,C003528,AC0003528,8,Debit,Mastercard,Standard,2019-06-21,2027-06-23,Blocked,1,Security Block
CD0003529,C003529,AC0003529,7,Debit,Mastercard,Gold,2025-03-14,2029-12-10,Active,0,
CD0003530,C003530,AC0003530,8,Debit,Visa,Platinum,2023-08-11,2026-09-29,Active,0,
CD0003531,C003531,AC0003531,5,Debit,Visa,Standard,2025-01-08,2030-12-31,Active,0,
CD0003532,C003532,AC0003532,9,Debit,Visa,Platinum,2020-08-14,2029-11-20,Active,0,
CD0003533,C003533,AC0003533,4,Debit,Visa,Platinum,2019-10-12,2028-01-06,Active,0,
CD0003534,C003534,AC0003534,9,Debit,Mastercard,Standard,2018-04-24,2028-08-20,Active,0,
CD0003535,C003535,AC0003535,3,Debit,Mastercard,Standard,2019-01-28,2026-06-14,Active,0,
CD0003536,C003536,AC0003536,3,Debit,Mastercard,Gold,2019-02-07,2029-06-23,Active,0,
CD0003537,C003537,AC0003537,6,Debit,Visa,Standard,2023-04-22,2029-02-01,Active,0,
CD0003538,C003538,AC0003538,6,Debit,Visa,Standard,2022-01-28,2029-10-03,Active,0,
CD0003539,C003539,AC0003539,8,Credit,Visa,Platinum,2018-12-21,2026-12-28,Active,0,
CD0003540,C003540,AC0003540,3,Credit,Mastercard,Platinum,2023-11-06,2029-02-13,Active,0,
CD0003541,C003541,AC0003541,9,Debit,Mastercard,Standard,2021-02-10,2029-08-16,Blocked,1,Security Block
CD0003542,C003542,AC0003542,4,Credit,Visa,Business,2024-08-22,2030-05-13,Active,0,
CD0003543,C003543,AC0003543,6,Debit,Mastercard,Gold,2021-11-21,2027-08-12,Blocked,1,Security Block
CD0003544,C003544,AC0003544,10,Credit,Mastercard,Gold,2024-06-23,2030-01-16,Active,0,
CD0003545,C003545,AC0003545,6,Debit,Mastercard,Business,2024-09-14,2028-08-24,Active,0,
CD0003546,C003546,AC0003546,7,Credit,Visa,Business,2023-07-04,2030-08-24,Active,0,
CD0003547,C003547,AC0003547,10,Credit,Amex,Gold,2018-05-12,2030-09-26,Active,0,
CD0003548,C003548,AC0003548,10,Debit,Visa,Standard,2022-10-03,2027-05-27,Active,0,
CD0003549,C003549,AC0003549,5,Debit,Visa,Platinum,2022-09-02,2029-12-12,Active,0,
CD0003550,C003550,AC0003550,5,Debit,Mastercard,Platinum,2020-10-18,2027-12-04,Active,0,
CD0003551,C003551,AC0003551,2,Credit,Amex,Standard,2019-04-07,2027-04-14,Blocked,1,Lost/Stolen
CD0003552,C003552,AC0003552,6,Debit,Visa,Standard,2022-02-20,2030-12-30,Active,0,
CD0003553,C003553,AC0003553,10,Credit,Mastercard,Platinum,2019-09-02,2028-12-23,Active,0,
CD0003554,C003554,AC0003554,5,Credit,Visa,Business,2020-02-29,2030-08-27,Blocked,1,Lost/Stolen
CD0003555,C003555,AC0003555,4,Debit,Visa,Gold,2025-10-31,2029-05-24,Active,0,
CD0003556,C003556,AC0003556,2,Debit,Mastercard,Business,2018-07-28,2029-08-16,Blocked,1,Fraud Suspected
CD0003557,C003557,AC0003557,4,Debit,Mastercard,Platinum,2019-03-19,2028-08-21,Active,0,
CD0003558,C003558,AC0003558,3,Credit,Mastercard,Business,2022-05-20,2027-01-25,Active,0,
CD0003559,C003559,AC0003559,10,Debit,Mastercard,Gold,2023-04-13,2027-11-15,Active,0,
CD0003560,C003560,AC0003560,6,Debit,Mastercard,Platinum,2020-09-29,2029-02-01,Active,0,
CD0003561,C003561,AC0003561,2,Debit,Visa,Standard,2021-04-08,2029-12-09,Active,0,
CD0003562,C003562,AC0003562,1,Debit,Amex,Business,2023-05-10,2026-07-04,Expired,0,
CD0003563,C003563,AC0003563,9,Debit,Mastercard,Standard,2024-10-17,2030-07-29,Active,0,
CD0003564,C003564,AC0003564,10,Debit,Visa,Gold,2021-08-06,2028-05-31,Active,0,
CD0003565,C003565,AC0003565,8,Credit,Visa,Gold,2021-07-17,2026-10-16,Active,0,
CD0003566,C003566,AC0003566,2,Credit,Visa,Business,2024-06-16,2030-11-09,Active,0,
CD0003567,C003567,AC0003567,1,Debit,Mastercard,Gold,2023-09-20,2030-05-15,Blocked,1,Lost/Stolen
CD0003568,C003568,AC0003568,2,Debit,Mastercard,Standard,2024-07-11,2030-09-22,Active,0,
CD0003569,C003569,AC0003569,8,Debit,Visa,Standard,2020-11-08,2029-02-01,Active,0,
CD0003570,C003570,AC0003570,8,Debit,Visa,Gold,2021-02-03,2028-07-04,Blocked,1,Security Block
CD0003571,C003571,AC0003571,9,Debit,Mastercard,Platinum,2018-05-16,2026-01-14,Blocked,1,Security Block
CD0003572,C003572,AC0003572,1,Credit,Mastercard,Gold,2022-05-12,2030-08-31,Blocked,1,Security Block
CD0003573,C003573,AC0003573,2,Debit,Mastercard,Gold,2020-09-21,2026-10-30,Active,0,
CD0003574,C003574,AC0003574,10,Credit,Mastercard,Business,2018-09-26,2030-12-22,Active,0,
CD0003575,C003575,AC0003575,10,Debit,Visa,Platinum,2023-09-13,2026-08-21,Active,0,
CD0003576,C003576,AC0003576,8,Credit,Mastercard,Standard,2018-12-07,2027-02-18,Active,0,
CD0003577,C003577,AC0003577,2,Credit,Mastercard,Platinum,2024-08-24,2029-11-29,Active,0,
CD0003578,C003578,AC0003578,1,Debit,Mastercard,Gold,2025-12-24,2027-07-25,Active,0,
CD0003579,C003579,AC0003579,1,Debit,Mastercard,Business,2018-05-25,2027-06-06,Active,0,
CD0003580,C003580,AC0003580,7,Debit,Visa,Standard,2018-05-08,2029-04-08,Active,0,
CD0003581,C003581,AC0003581,9,Debit,Amex,Standard,2020-11-30,2028-09-08,Active,0,
CD0003582,C003582,AC0003582,7,Debit,Mastercard,Gold,2024-03-15,2027-08-22,Active,0,
CD0003583,C003583,AC0003583,3,Debit,Visa,Business,2023-06-14,2030-12-09,Active,0,
CD0003584,C003584,AC0003584,8,Credit,Visa,Business,2019-09-23,2027-07-16,Active,0,
CD0003585,C003585,AC0003585,1,Debit,Visa,Gold,2021-10-21,2026-11-24,Active,0,
CD0003586,C003586,AC0003586,9,Debit,Mastercard,Standard,2019-06-02,2026-04-13,Active,0,
CD0003587,C003587,AC0003587,9,Debit,Mastercard,Gold,2025-02-18,2027-04-05,Blocked,1,Excessive Attempts
CD0003588,C003588,AC0003588,8,Credit,Visa,Business,2024-02-05,2029-04-25,Blocked,1,Lost/Stolen
CD0003589,C003589,AC0003589,9,Debit,Visa,Business,2021-11-28,2027-06-21,Active,0,
CD0003590,C003590,AC0003590,6,Credit,Mastercard,Platinum,2020-07-09,2029-08-14,Active,0,
CD0003591,C003591,AC0003591,5,Credit,Visa,Platinum,2023-04-11,2028-09-21,Active,0,
CD0003592,C003592,AC0003592,4,Credit,Mastercard,Standard,2025-12-13,2030-11-05,Active,0,
CD0003593,C003593,AC0003593,10,Debit,Visa,Platinum,2018-12-06,2030-03-20,Blocked,1,Fraud Suspected
CD0003594,C003594,AC0003594,7,Debit,Visa,Standard,2020-09-05,2026-01-10,Active,0,
CD0003595,C003595,AC0003595,2,Credit,Visa,Business,2023-02-01,2028-07-26,Active,0,
CD0003596,C003596,AC0003596,10,Debit,Visa,Business,2022-06-11,2027-12-26,Blocked,1,Excessive Attempts
CD0003597,C003597,AC0003597,1,Debit,Visa,Gold,2025-04-02,2027-08-03,Active,0,
CD0003598,C003598,AC0003598,6,Debit,Visa,Business,2023-01-02,2029-01-06,Active,0,
CD0003599,C003599,AC0003599,2,Debit,Visa,Platinum,2025-06-17,2030-11-26,Active,0,
CD0003600,C003600,AC0003600,7,Debit,Visa,Standard,2021-11-23,2026-05-04,Active,0,
CD0003601,C003601,AC0003601,5,Debit,Mastercard,Business,2020-12-14,2028-06-09,Active,0,
CD0003602,C003602,AC0003602,5,Credit,Amex,Gold,2023-05-10,2028-12-24,Active,0,
CD0003603,C003603,AC0003603,7,Credit,Visa,Platinum,2021-12-12,2030-06-17,Active,0,
CD0003604,C003604,AC0003604,8,Debit,Mastercard,Business,2019-10-22,2030-04-08,Active,0,
CD0003605,C003605,AC0003605,4,Credit,Visa,Platinum,2023-09-15,2028-02-15,Active,0,
CD0003606,C003606,AC0003606,10,Debit,Mastercard,Platinum,2023-12-05,2029-04-09,Active,0,
CD0003607,C003607,AC0003607,5,Credit,Mastercard,Platinum,2024-12-26,2028-01-17,Active,0,
CD0003608,C003608,AC0003608,2,Debit,Mastercard,Standard,2019-08-03,2026-01-10,Active,0,
CD0003609,C003609,AC0003609,1,Debit,Mastercard,Standard,2018-09-02,2027-10-14,Active,0,
CD0003610,C003610,AC0003610,3,Debit,Mastercard,Platinum,2023-12-14,2029-06-09,Blocked,1,Fraud Suspected
CD0003611,C003611,AC0003611,7,Debit,Mastercard,Business,2022-08-27,2029-02-05,Active,0,
CD0003612,C003612,AC0003612,6,Credit,Mastercard,Business,2023-09-30,2026-10-31,Active,0,
CD0003613,C003613,AC0003613,4,Debit,Mastercard,Standard,2025-10-25,2030-01-14,Active,0,
CD0003614,C003614,AC0003614,5,Credit,Mastercard,Standard,2021-05-09,2026-08-27,Active,0,
CD0003615,C003615,AC0003615,9,Debit,Visa,Standard,2022-09-14,2026-11-22,Active,0,
CD0003616,C003616,AC0003616,6,Debit,Visa,Business,2024-06-12,2029-10-15,Active,0,
CD0003617,C003617,AC0003617,1,Credit,Mastercard,Gold,2018-01-26,2029-10-14,Active,0,
CD0003618,C003618,AC0003618,1,Debit,Visa,Standard,2025-06-28,2027-06-11,Active,0,
CD0003619,C003619,AC0003619,5,Credit,Visa,Gold,2018-02-21,2030-03-25,Active,0,
CD0003620,C003620,AC0003620,5,Debit,Mastercard,Business,2018-06-09,2029-01-12,Active,0,
CD0003621,C003621,AC0003621,9,Debit,Mastercard,Business,2023-10-15,2029-10-12,Active,0,
CD0003622,C003622,AC0003622,6,Credit,Mastercard,Business,2024-08-21,2027-06-10,Active,0,
CD0003623,C003623,AC0003623,8,Debit,Visa,Business,2025-05-04,2026-11-13,Active,0,
CD0003624,C003624,AC0003624,6,Credit,Visa,Business,2024-04-09,2028-05-20,Active,0,
CD0003625,C003625,AC0003625,4,Credit,Mastercard,Standard,2021-10-07,2030-11-10,Active,0,
CD0003626,C003626,AC0003626,7,Credit,Visa,Business,2022-10-15,2030-01-10,Active,0,
CD0003627,C003627,AC0003627,7,Credit,Visa,Standard,2022-04-20,2026-10-28,Blocked,1,Lost/Stolen
CD0003628,C003628,AC0003628,8,Debit,Visa,Platinum,2018-03-10,2026-12-03,Blocked,1,Security Block
CD0003629,C003629,AC0003629,2,Credit,Mastercard,Business,2021-07-19,2027-12-21,Active,0,
CD0003630,C003630,AC0003630,7,Debit,Mastercard,Platinum,2023-02-22,2027-05-25,Active,0,
CD0003631,C003631,AC0003631,3,Debit,Visa,Standard,2022-01-07,2027-02-07,Active,0,
CD0003632,C003632,AC0003632,8,Credit,Mastercard,Business,2018-04-15,2026-08-19,Active,0,
CD0003633,C003633,AC0003633,8,Debit,Visa,Standard,2023-06-26,2029-06-09,Active,0,
CD0003634,C003634,AC0003634,7,Debit,Mastercard,Gold,2025-11-25,2027-06-07,Active,0,
CD0003635,C003635,AC0003635,10,Debit,Mastercard,Gold,2018-01-03,2030-11-23,Active,0,
CD0003636,C003636,AC0003636,6,Debit,Mastercard,Platinum,2018-10-24,2029-06-29,Blocked,1,Security Block
CD0003637,C003637,AC0003637,1,Debit,Mastercard,Standard,2025-03-17,2027-09-16,Active,0,
CD0003638,C003638,AC0003638,7,Debit,Visa,Platinum,2025-12-30,2028-07-29,Active,0,
CD0003639,C003639,AC0003639,8,Debit,Mastercard,Standard,2018-10-15,2029-11-01,Blocked,1,Fraud Suspected
CD0003640,C003640,AC0003640,2,Credit,Visa,Business,2019-11-20,2030-10-12,Blocked,1,Lost/Stolen
CD0003641,C003641,AC0003641,2,Credit,Visa,Business,2019-05-24,2030-07-11,Active,0,
CD0003642,C003642,AC0003642,3,Debit,Visa,Platinum,2020-06-26,2030-12-22,Active,0,
CD0003643,C003643,AC0003643,9,Credit,Amex,Platinum,2021-08-21,2029-02-17,Active,0,
CD0003644,C003644,AC0003644,6,Debit,Visa,Standard,2020-08-24,2030-12-29,Active,0,
CD0003645,C003645,AC0003645,10,Debit,Visa,Business,2024-09-05,2028-03-17,Blocked,1,Excessive Attempts
CD0003646,C003646,AC0003646,9,Credit,Mastercard,Standard,2022-05-14,2028-10-23,Active,0,
CD0003647,C003647,AC0003647,6,Debit,Mastercard,Platinum,2019-08-28,2027-12-16,Active,0,
CD0003648,C003648,AC0003648,7,Credit,Visa,Business,2024-06-01,2030-05-12,Blocked,1,Security Block
CD0003649,C003649,AC0003649,4,Debit,Visa,Gold,2019-06-01,2030-05-16,Active,0,
CD0003650,C003650,AC0003650,1,Debit,Mastercard,Platinum,2024-08-31,2029-09-03,Active,0,
CD0003651,C003651,AC0003651,4,Debit,Mastercard,Standard,2023-09-14,2028-08-04,Active,0,
CD0003652,C003652,AC0003652,6,Debit,Amex,Gold,2024-10-23,2029-05-14,Active,0,
CD0003653,C003653,AC0003653,2,Debit,Visa,Platinum,2021-11-04,2026-06-30,Active,0,
CD0003654,C003654,AC0003654,3,Debit,Mastercard,Platinum,2023-12-28,2029-02-22,Active,0,
CD0003655,C003655,AC0003655,1,Credit,Visa,Business,2018-07-30,2026-11-26,Active,0,
CD0003656,C003656,AC0003656,8,Debit,Visa,Gold,2024-03-21,2028-03-03,Active,0,
CD0003657,C003657,AC0003657,9,Debit,Visa,Business,2018-07-27,2030-04-24,Blocked,1,Security Block
CD0003658,C003658,AC0003658,9,Debit,Mastercard,Gold,2020-03-06,2027-07-15,Active,0,
CD0003659,C003659,AC0003659,4,Debit,Mastercard,Standard,2022-12-07,2027-09-23,Active,0,
CD0003660,C003660,AC0003660,6,Debit,Mastercard,Standard,2018-08-15,2029-01-20,Blocked,1,Fraud Suspected
CD0003661,C003661,AC0003661,10,Debit,Mastercard,Standard,2021-12-27,2030-09-19,Active,0,
CD0003662,C003662,AC0003662,6,Debit,Visa,Gold,2020-04-16,2030-08-24,Active,0,
CD0003663,C003663,AC0003663,3,Credit,Mastercard,Standard,2020-06-04,2028-12-08,Active,0,
CD0003664,C003664,AC0003664,4,Debit,Mastercard,Platinum,2025-07-31,2030-11-08,Active,0,
CD0003665,C003665,AC0003665,8,Debit,Visa,Gold,2022-09-21,2029-11-26,Active,0,
CD0003666,C003666,AC0003666,5,Debit,Mastercard,Standard,2023-04-14,2030-12-26,Blocked,1,Security Block
CD0003667,C003667,AC0003667,9,Debit,Visa,Business,2019-02-19,2026-04-17,Blocked,1,Excessive Attempts
CD0003668,C003668,AC0003668,9,Credit,Mastercard,Standard,2024-05-13,2026-01-08,Active,0,
CD0003669,C003669,AC0003669,1,Debit,Amex,Standard,2022-12-06,2027-07-15,Active,0,
CD0003670,C003670,AC0003670,8,Debit,Mastercard,Platinum,2022-10-24,2027-08-01,Active,0,
CD0003671,C003671,AC0003671,4,Credit,Mastercard,Business,2025-01-07,2029-10-22,Active,0,
CD0003672,C003672,AC0003672,6,Debit,Mastercard,Standard,2019-06-23,2028-04-03,Blocked,1,Excessive Attempts
CD0003673,C003673,AC0003673,3,Credit,Visa,Business,2018-07-15,2027-04-30,Blocked,1,Security Block
CD0003674,C003674,AC0003674,4,Debit,Mastercard,Gold,2021-10-27,2030-09-16,Active,0,
CD0003675,C003675,AC0003675,4,Debit,Amex,Gold,2021-08-18,2030-04-02,Active,0,
CD0003676,C003676,AC0003676,1,Debit,Mastercard,Business,2020-05-27,2028-07-20,Blocked,1,Lost/Stolen
CD0003677,C003677,AC0003677,8,Debit,Visa,Standard,2024-03-30,2030-11-25,Active,0,
CD0003678,C003678,AC0003678,2,Debit,Mastercard,Gold,2023-04-11,2029-08-20,Active,0,
CD0003679,C003679,AC0003679,4,Debit,Mastercard,Gold,2019-03-26,2028-04-29,Active,0,
CD0003680,C003680,AC0003680,2,Debit,Visa,Platinum,2021-05-29,2027-07-07,Active,0,
CD0003681,C003681,AC0003681,2,Credit,Mastercard,Standard,2019-10-16,2026-01-30,Blocked,1,Security Block
CD0003682,C003682,AC0003682,4,Credit,Mastercard,Platinum,2025-01-31,2030-11-19,Active,0,
CD0003683,C003683,AC0003683,10,Debit,Mastercard,Gold,2024-02-19,2027-11-24,Active,0,
CD0003684,C003684,AC0003684,10,Credit,Mastercard,Gold,2024-10-12,2027-07-16,Active,0,
CD0003685,C003685,AC0003685,4,Debit,Mastercard,Standard,2019-09-01,2027-11-11,Active,0,
CD0003686,C003686,AC0003686,6,Debit,Mastercard,Business,2022-08-17,2030-03-12,Blocked,1,Fraud Suspected
CD0003687,C003687,AC0003687,10,Credit,Visa,Platinum,2025-11-05,2030-05-13,Active,0,
CD0003688,C003688,AC0003688,3,Credit,Visa,Platinum,2022-03-18,2029-07-23,Active,0,
CD0003689,C003689,AC0003689,10,Debit,Visa,Standard,2023-02-13,2027-05-07,Active,0,
CD0003690,C003690,AC0003690,2,Debit,Visa,Gold,2018-11-20,2026-03-28,Active,0,
CD0003691,C003691,AC0003691,3,Debit,Mastercard,Gold,2024-07-01,2030-02-15,Active,0,
CD0003692,C003692,AC0003692,4,Debit,Mastercard,Platinum,2024-11-15,2028-01-21,Active,0,
CD0003693,C003693,AC0003693,1,Debit,Mastercard,Gold,2023-10-04,2026-01-15,Active,0,
CD0003694,C003694,AC0003694,9,Debit,Mastercard,Business,2024-11-26,2027-06-27,Active,0,
CD0003695,C003695,AC0003695,9,Debit,Mastercard,Platinum,2023-07-17,2027-09-02,Expired,0,
CD0003696,C003696,AC0003696,4,Debit,Visa,Gold,2022-09-13,2027-12-31,Active,0,
CD0003697,C003697,AC0003697,9,Credit,Mastercard,Business,2025-11-24,2028-11-03,Active,0,
CD0003698,C003698,AC0003698,8,Debit,Amex,Gold,2023-05-27,2027-11-20,Active,0,
CD0003699,C003699,AC0003699,9,Debit,Visa,Business,2023-01-23,2026-03-06,Active,0,
CD0003700,C003700,AC0003700,9,Debit,Visa,Business,2023-10-12,2026-07-22,Active,0,
CD0003701,C003701,AC0003701,6,Debit,Visa,Gold,2019-02-28,2026-03-20,Blocked,1,Fraud Suspected
CD0003702,C003702,AC0003702,2,Credit,Mastercard,Business,2025-04-01,2026-03-10,Blocked,1,Fraud Suspected
CD0003703,C003703,AC0003703,10,Credit,Amex,Platinum,2022-05-12,2029-09-03,Active,0,
CD0003704,C003704,AC0003704,7,Credit,Mastercard,Gold,2020-07-31,2027-01-31,Expired,0,
CD0003705,C003705,AC0003705,10,Debit,Mastercard,Business,2025-09-07,2030-09-11,Active,0,
CD0003706,C003706,AC0003706,10,Debit,Mastercard,Gold,2024-06-10,2027-02-03,Blocked,1,Excessive Attempts
CD0003707,C003707,AC0003707,2,Debit,Mastercard,Gold,2020-03-06,2029-03-07,Active,0,
CD0003708,C003708,AC0003708,5,Debit,Visa,Standard,2025-01-19,2026-12-18,Active,0,
CD0003709,C003709,AC0003709,2,Debit,Mastercard,Business,2018-05-09,2026-05-24,Active,0,
CD0003710,C003710,AC0003710,1,Credit,Visa,Gold,2021-03-08,2026-04-27,Active,0,
CD0003711,C003711,AC0003711,10,Debit,Mastercard,Business,2018-01-19,2030-03-09,Active,0,
CD0003712,C003712,AC0003712,10,Debit,Visa,Platinum,2022-11-13,2026-02-03,Active,0,
CD0003713,C003713,AC0003713,10,Debit,Visa,Gold,2019-11-28,2026-04-17,Active,0,
CD0003714,C003714,AC0003714,9,Debit,Mastercard,Platinum,2023-02-02,2027-04-05,Active,0,
CD0003715,C003715,AC0003715,7,Debit,Mastercard,Platinum,2022-03-11,2030-01-16,Active,0,
CD0003716,C003716,AC0003716,6,Credit,Visa,Business,2024-03-08,2026-08-06,Blocked,1,Security Block
CD0003717,C003717,AC0003717,10,Debit,Mastercard,Business,2020-10-22,2027-12-12,Active,0,
CD0003718,C003718,AC0003718,6,Debit,Visa,Standard,2018-10-11,2026-01-12,Blocked,1,Lost/Stolen
CD0003719,C003719,AC0003719,7,Debit,Amex,Standard,2023-05-31,2026-12-29,Active,0,
CD0003720,C003720,AC0003720,3,Debit,Visa,Business,2021-11-25,2027-10-09,Active,0,
CD0003721,C003721,AC0003721,8,Credit,Mastercard,Business,2018-07-05,2029-08-05,Expired,0,
CD0003722,C003722,AC0003722,9,Credit,Amex,Gold,2024-11-29,2030-04-04,Blocked,1,Security Block
CD0003723,C003723,AC0003723,7,Debit,Mastercard,Standard,2025-04-24,2027-10-04,Active,0,
CD0003724,C003724,AC0003724,5,Credit,Visa,Standard,2024-03-04,2030-04-20,Active,0,
CD0003725,C003725,AC0003725,2,Debit,Visa,Business,2024-07-27,2026-03-28,Active,0,
CD0003726,C003726,AC0003726,1,Credit,Mastercard,Standard,2025-03-11,2029-05-26,Active,0,
CD0003727,C003727,AC0003727,7,Debit,Visa,Gold,2020-12-21,2029-12-20,Active,0,
CD0003728,C003728,AC0003728,7,Debit,Mastercard,Business,2022-02-01,2027-08-07,Blocked,1,Excessive Attempts
CD0003729,C003729,AC0003729,8,Credit,Mastercard,Standard,2020-04-06,2028-07-16,Active,0,
CD0003730,C003730,AC0003730,10,Debit,Mastercard,Standard,2023-05-31,2029-02-05,Active,0,
CD0003731,C003731,AC0003731,5,Credit,Visa,Gold,2021-05-21,2030-03-08,Active,0,
CD0003732,C003732,AC0003732,9,Credit,Mastercard,Business,2019-11-15,2026-01-26,Active,0,
CD0003733,C003733,AC0003733,8,Credit,Visa,Business,2023-03-05,2029-11-02,Active,0,
CD0003734,C003734,AC0003734,3,Credit,Visa,Business,2020-05-15,2028-06-06,Active,0,
CD0003735,C003735,AC0003735,9,Credit,Mastercard,Business,2020-03-23,2028-02-27,Active,0,
CD0003736,C003736,AC0003736,1,Debit,Mastercard,Platinum,2022-08-16,2027-11-16,Expired,0,
CD0003737,C003737,AC0003737,6,Debit,Visa,Gold,2024-02-20,2027-10-08,Active,0,
CD0003738,C003738,AC0003738,10,Debit,Amex,Platinum,2025-12-19,2029-10-15,Active,0,
CD0003739,C003739,AC0003739,7,Debit,Visa,Platinum,2024-07-23,2026-03-18,Active,0,
CD0003740,C003740,AC0003740,10,Debit,Amex,Platinum,2023-10-17,2028-05-16,Active,0,
CD0003741,C003741,AC0003741,1,Debit,Visa,Standard,2018-10-12,2028-04-04,Active,0,
CD0003742,C003742,AC0003742,6,Credit,Visa,Gold,2018-07-14,2029-12-16,Active,0,
CD0003743,C003743,AC0003743,8,Debit,Mastercard,Gold,2022-10-31,2027-12-02,Active,0,
CD0003744,C003744,AC0003744,7,Credit,Mastercard,Gold,2021-02-22,2027-04-27,Active,0,
CD0003745,C003745,AC0003745,9,Debit,Mastercard,Gold,2019-09-21,2027-01-25,Active,0,
CD0003746,C003746,AC0003746,5,Debit,Visa,Platinum,2021-03-08,2030-06-10,Active,0,
CD0003747,C003747,AC0003747,7,Credit,Mastercard,Business,2024-06-13,2027-09-30,Blocked,1,Security Block
CD0003748,C003748,AC0003748,5,Debit,Mastercard,Business,2024-02-10,2030-01-26,Active,0,
CD0003749,C003749,AC0003749,9,Debit,Visa,Gold,2020-05-23,2028-01-24,Active,0,
CD0003750,C003750,AC0003750,2,Debit,Amex,Standard,2021-03-19,2030-03-11,Active,0,
CD0003751,C003751,AC0003751,3,Credit,Mastercard,Business,2021-09-30,2029-10-04,Active,0,
CD0003752,C003752,AC0003752,1,Debit,Mastercard,Standard,2022-02-24,2029-10-04,Blocked,1,Fraud Suspected
CD0003753,C003753,AC0003753,8,Debit,Mastercard,Platinum,2018-03-23,2026-12-11,Active,0,
CD0003754,C003754,AC0003754,3,Debit,Visa,Platinum,2022-04-29,2029-03-23,Active,0,
CD0003755,C003755,AC0003755,4,Debit,Mastercard,Standard,2019-10-23,2029-12-07,Active,0,
CD0003756,C003756,AC0003756,9,Credit,Visa,Standard,2021-05-20,2028-04-22,Active,0,
CD0003757,C003757,AC0003757,4,Debit,Visa,Gold,2018-11-22,2029-01-25,Active,0,
CD0003758,C003758,AC0003758,2,Debit,Mastercard,Standard,2018-12-04,2026-01-31,Blocked,1,Security Block
CD0003759,C003759,AC0003759,1,Credit,Visa,Gold,2025-02-01,2028-03-28,Expired,0,
CD0003760,C003760,AC0003760,3,Debit,Mastercard,Gold,2020-12-30,2027-03-31,Active,0,
CD0003761,C003761,AC0003761,10,Debit,Visa,Gold,2020-03-22,2029-09-26,Active,0,
CD0003762,C003762,AC0003762,6,Debit,Visa,Business,2021-08-07,2030-10-02,Blocked,1,Security Block
CD0003763,C003763,AC0003763,10,Debit,Mastercard,Standard,2021-08-02,2028-12-22,Active,0,
CD0003764,C003764,AC0003764,3,Credit,Visa,Business,2018-03-07,2026-01-28,Blocked,1,Fraud Suspected
CD0003765,C003765,AC0003765,4,Credit,Visa,Standard,2020-05-20,2029-04-10,Active,0,
CD0003766,C003766,AC0003766,2,Debit,Mastercard,Business,2020-01-08,2029-06-15,Active,0,
CD0003767,C003767,AC0003767,4,Debit,Visa,Platinum,2019-03-05,2026-07-13,Active,0,
CD0003768,C003768,AC0003768,6,Credit,Mastercard,Standard,2018-04-27,2029-05-07,Blocked,1,Security Block
CD0003769,C003769,AC0003769,9,Credit,Mastercard,Standard,2021-05-22,2029-05-05,Active,0,
CD0003770,C003770,AC0003770,4,Credit,Visa,Gold,2025-09-07,2026-12-26,Active,0,
CD0003771,C003771,AC0003771,8,Debit,Mastercard,Platinum,2024-01-08,2027-09-30,Active,0,
CD0003772,C003772,AC0003772,7,Credit,Amex,Business,2019-07-26,2029-04-30,Active,0,
CD0003773,C003773,AC0003773,3,Debit,Mastercard,Standard,2018-02-21,2027-01-16,Active,0,
CD0003774,C003774,AC0003774,10,Debit,Visa,Platinum,2019-08-10,2030-07-11,Active,0,
CD0003775,C003775,AC0003775,5,Debit,Visa,Platinum,2023-05-08,2026-03-04,Active,0,
CD0003776,C003776,AC0003776,2,Debit,Mastercard,Business,2018-09-17,2030-06-17,Active,0,
CD0003777,C003777,AC0003777,10,Debit,Mastercard,Standard,2020-01-18,2030-08-08,Active,0,
CD0003778,C003778,AC0003778,10,Debit,Visa,Platinum,2019-11-21,2028-11-16,Active,0,
CD0003779,C003779,AC0003779,1,Debit,Mastercard,Platinum,2020-03-28,2026-03-25,Active,0,
CD0003780,C003780,AC0003780,10,Debit,Visa,Platinum,2023-08-02,2029-03-12,Active,0,
CD0003781,C003781,AC0003781,10,Debit,Visa,Standard,2020-09-11,2027-10-10,Active,0,
CD0003782,C003782,AC0003782,9,Debit,Mastercard,Business,2020-04-25,2030-04-26,Active,0,
CD0003783,C003783,AC0003783,3,Debit,Amex,Gold,2021-08-16,2027-03-12,Blocked,1,Security Block
CD0003784,C003784,AC0003784,7,Credit,Amex,Business,2024-07-02,2026-05-10,Active,0,
CD0003785,C003785,AC0003785,6,Debit,Mastercard,Business,2025-04-17,2028-02-26,Active,0,
CD0003786,C003786,AC0003786,7,Debit,Visa,Gold,2021-08-02,2029-12-02,Active,0,
CD0003787,C003787,AC0003787,7,Debit,Mastercard,Platinum,2018-04-17,2028-03-21,Active,0,
CD0003788,C003788,AC0003788,7,Debit,Amex,Gold,2025-03-04,2028-05-04,Active,0,
CD0003789,C003789,AC0003789,6,Debit,Mastercard,Standard,2021-12-01,2028-12-07,Active,0,
CD0003790,C003790,AC0003790,7,Credit,Visa,Standard,2025-10-19,2026-06-10,Active,0,
CD0003791,C003791,AC0003791,6,Credit,Visa,Business,2025-08-29,2027-07-29,Active,0,
CD0003792,C003792,AC0003792,1,Credit,Visa,Standard,2022-12-09,2027-03-26,Blocked,1,Excessive Attempts
CD0003793,C003793,AC0003793,1,Credit,Mastercard,Standard,2018-01-27,2027-01-13,Active,0,
CD0003794,C003794,AC0003794,10,Credit,Visa,Standard,2024-03-15,2026-04-26,Active,0,
CD0003795,C003795,AC0003795,10,Debit,Visa,Standard,2023-03-13,2027-03-18,Active,0,
CD0003796,C003796,AC0003796,6,Debit,Mastercard,Standard,2019-08-09,2030-07-23,Active,0,
CD0003797,C003797,AC0003797,2,Credit,Mastercard,Business,2021-12-24,2027-10-01,Expired,0,
CD0003798,C003798,AC0003798,8,Debit,Mastercard,Platinum,2025-10-19,2028-12-23,Active,0,
CD0003799,C003799,AC0003799,2,Debit,Visa,Business,2020-08-05,2028-07-15,Active,0,
CD0003800,C003800,AC0003800,4,Credit,Amex,Gold,2023-04-16,2029-02-28,Active,0,
CD0003801,C003801,AC0003801,4,Credit,Mastercard,Business,2025-02-03,2030-08-28,Blocked,1,Security Block
CD0003802,C003802,AC0003802,1,Debit,Visa,Standard,2021-12-23,2028-09-30,Active,0,
CD0003803,C003803,AC0003803,9,Credit,Mastercard,Gold,2023-05-17,2026-02-02,Expired,0,
CD0003804,C003804,AC0003804,6,Debit,Amex,Gold,2020-11-08,2030-10-04,Active,0,
CD0003805,C003805,AC0003805,4,Debit,Amex,Standard,2024-12-14,2028-05-26,Active,0,
CD0003806,C003806,AC0003806,6,Debit,Visa,Standard,2024-01-10,2029-06-23,Active,0,
CD0003807,C003807,AC0003807,1,Credit,Visa,Standard,2018-05-19,2028-07-11,Active,0,
CD0003808,C003808,AC0003808,5,Credit,Amex,Standard,2020-02-08,2028-02-10,Active,0,
CD0003809,C003809,AC0003809,6,Debit,Amex,Business,2020-04-04,2028-08-10,Active,0,
CD0003810,C003810,AC0003810,4,Credit,Mastercard,Gold,2021-10-22,2028-12-21,Blocked,1,Security Block
CD0003811,C003811,AC0003811,9,Debit,Visa,Business,2023-10-01,2026-02-06,Active,0,
CD0003812,C003812,AC0003812,3,Credit,Mastercard,Platinum,2020-11-14,2030-09-26,Active,0,
CD0003813,C003813,AC0003813,2,Debit,Amex,Gold,2023-08-09,2029-03-20,Blocked,1,Lost/Stolen
CD0003814,C003814,AC0003814,6,Credit,Mastercard,Business,2022-06-29,2027-09-14,Active,0,
CD0003815,C003815,AC0003815,9,Debit,Mastercard,Gold,2023-10-25,2030-11-19,Active,0,
CD0003816,C003816,AC0003816,4,Debit,Visa,Platinum,2019-11-01,2028-10-28,Active,0,
CD0003817,C003817,AC0003817,1,Credit,Amex,Standard,2020-10-05,2029-04-13,Blocked,1,Security Block
CD0003818,C003818,AC0003818,10,Debit,Visa,Business,2020-07-24,2028-07-01,Active,0,
CD0003819,C003819,AC0003819,5,Debit,Mastercard,Business,2021-08-15,2029-06-12,Active,0,
CD0003820,C003820,AC0003820,2,Debit,Mastercard,Platinum,2025-02-07,2030-11-06,Active,0,
CD0003821,C003821,AC0003821,7,Debit,Mastercard,Gold,2024-09-24,2027-09-29,Blocked,1,Security Block
CD0003822,C003822,AC0003822,4,Debit,Amex,Standard,2021-10-15,2029-06-17,Active,0,
CD0003823,C003823,AC0003823,10,Debit,Visa,Gold,2019-07-22,2026-05-01,Active,0,
CD0003824,C003824,AC0003824,3,Debit,Visa,Standard,2022-03-25,2028-11-22,Active,0,
CD0003825,C003825,AC0003825,6,Debit,Visa,Business,2022-11-22,2027-01-25,Blocked,1,Lost/Stolen
CD0003826,C003826,AC0003826,6,Debit,Mastercard,Platinum,2024-12-10,2026-06-25,Active,0,
CD0003827,C003827,AC0003827,3,Debit,Visa,Gold,2021-06-29,2026-04-26,Active,0,
CD0003828,C003828,AC0003828,5,Debit,Visa,Gold,2021-11-12,2027-09-11,Blocked,1,Lost/Stolen
CD0003829,C003829,AC0003829,2,Debit,Mastercard,Gold,2019-08-23,2027-01-22,Active,0,
CD0003830,C003830,AC0003830,7,Credit,Visa,Platinum,2018-01-25,2029-11-02,Active,0,
CD0003831,C003831,AC0003831,8,Debit,Visa,Gold,2024-02-05,2029-11-05,Active,0,
CD0003832,C003832,AC0003832,10,Debit,Visa,Business,2021-09-04,2028-12-03,Active,0,
CD0003833,C003833,AC0003833,4,Credit,Visa,Business,2019-05-20,2029-10-08,Active,0,
CD0003834,C003834,AC0003834,3,Credit,Mastercard,Business,2023-01-21,2026-06-12,Active,0,
CD0003835,C003835,AC0003835,6,Debit,Mastercard,Platinum,2025-11-25,2029-11-13,Active,0,
CD0003836,C003836,AC0003836,7,Credit,Visa,Gold,2022-08-11,2030-12-15,Active,0,
CD0003837,C003837,AC0003837,10,Debit,Mastercard,Gold,2020-05-10,2027-08-02,Active,0,
CD0003838,C003838,AC0003838,1,Credit,Mastercard,Platinum,2025-03-19,2027-10-24,Blocked,1,Security Block
CD0003839,C003839,AC0003839,3,Credit,Mastercard,Standard,2018-05-02,2027-06-14,Blocked,1,Security Block
CD0003840,C003840,AC0003840,3,Debit,Visa,Business,2023-10-25,2026-07-11,Active,0,
CD0003841,C003841,AC0003841,3,Credit,Mastercard,Business,2019-03-24,2027-02-25,Active,0,
CD0003842,C003842,AC0003842,5,Debit,Visa,Standard,2022-01-28,2029-01-12,Blocked,1,Security Block
CD0003843,C003843,AC0003843,9,Credit,Mastercard,Gold,2024-02-26,2028-05-01,Blocked,1,Security Block
CD0003844,C003844,AC0003844,1,Credit,Mastercard,Business,2021-06-19,2028-04-26,Active,0,
CD0003845,C003845,AC0003845,9,Debit,Visa,Business,2021-05-04,2029-07-03,Active,0,
CD0003846,C003846,AC0003846,7,Credit,Visa,Platinum,2024-10-17,2030-12-14,Blocked,1,Fraud Suspected
CD0003847,C003847,AC0003847,7,Debit,Mastercard,Platinum,2019-07-05,2030-01-25,Active,0,
CD0003848,C003848,AC0003848,7,Credit,Mastercard,Standard,2018-01-07,2030-01-05,Blocked,1,Security Block
CD0003849,C003849,AC0003849,2,Credit,Mastercard,Standard,2022-04-24,2027-09-12,Active,0,
CD0003850,C003850,AC0003850,8,Debit,Mastercard,Business,2020-07-13,2026-08-24,Blocked,1,Fraud Suspected
CD0003851,C003851,AC0003851,3,Credit,Mastercard,Business,2025-11-21,2028-07-02,Active,0,
CD0003852,C003852,AC0003852,6,Credit,Visa,Platinum,2021-02-16,2029-07-27,Active,0,
CD0003853,C003853,AC0003853,7,Credit,Mastercard,Platinum,2020-12-07,2028-01-16,Active,0,
CD0003854,C003854,AC0003854,7,Credit,Visa,Platinum,2025-02-10,2026-02-17,Blocked,1,Excessive Attempts
CD0003855,C003855,AC0003855,4,Debit,Visa,Standard,2020-07-10,2027-03-01,Active,0,
CD0003856,C003856,AC0003856,4,Credit,Visa,Business,2023-11-30,2026-12-28,Blocked,1,Security Block
CD0003857,C003857,AC0003857,5,Debit,Mastercard,Platinum,2018-06-26,2028-01-14,Active,0,
CD0003858,C003858,AC0003858,1,Debit,Mastercard,Gold,2018-07-12,2026-11-19,Active,0,
CD0003859,C003859,AC0003859,8,Debit,Visa,Standard,2024-03-19,2028-10-13,Active,0,
CD0003860,C003860,AC0003860,1,Debit,Mastercard,Platinum,2021-08-18,2027-05-14,Active,0,
CD0003861,C003861,AC0003861,5,Debit,Visa,Platinum,2025-10-02,2026-05-05,Active,0,
CD0003862,C003862,AC0003862,7,Debit,Mastercard,Business,2019-04-17,2026-03-14,Active,0,
CD0003863,C003863,AC0003863,1,Debit,Mastercard,Platinum,2024-10-09,2029-09-04,Active,0,
CD0003864,C003864,AC0003864,10,Credit,Visa,Platinum,2020-03-12,2028-02-17,Active,0,
CD0003865,C003865,AC0003865,4,Debit,Mastercard,Business,2024-12-27,2026-07-08,Active,0,
CD0003866,C003866,AC0003866,1,Debit,Mastercard,Gold,2024-11-24,2027-01-13,Active,0,
CD0003867,C003867,AC0003867,7,Credit,Visa,Platinum,2022-01-20,2029-04-12,Active,0,
CD0003868,C003868,AC0003868,6,Debit,Mastercard,Gold,2021-01-26,2028-05-16,Active,0,
CD0003869,C003869,AC0003869,7,Credit,Mastercard,Business,2025-03-23,2028-03-27,Active,0,
CD0003870,C003870,AC0003870,8,Debit,Mastercard,Platinum,2023-08-18,2027-04-20,Active,0,
CD0003871,C003871,AC0003871,5,Debit,Mastercard,Business,2024-05-17,2027-01-25,Active,0,
CD0003872,C003872,AC0003872,9,Debit,Mastercard,Standard,2018-01-12,2026-06-03,Blocked,1,Security Block
CD0003873,C003873,AC0003873,4,Debit,Visa,Gold,2021-03-14,2028-02-08,Blocked,1,Fraud Suspected
CD0003874,C003874,AC0003874,6,Credit,Mastercard,Gold,2025-07-12,2030-05-01,Active,0,
CD0003875,C003875,AC0003875,2,Credit,Amex,Business,2020-10-22,2026-04-21,Expired,0,
CD0003876,C003876,AC0003876,7,Debit,Visa,Gold,2022-12-29,2027-03-04,Active,0,
CD0003877,C003877,AC0003877,3,Debit,Amex,Standard,2021-09-10,2030-02-02,Blocked,1,Excessive Attempts
CD0003878,C003878,AC0003878,7,Debit,Visa,Platinum,2018-10-07,2027-04-14,Active,0,
CD0003879,C003879,AC0003879,9,Debit,Amex,Standard,2019-07-31,2030-04-02,Active,0,
CD0003880,C003880,AC0003880,9,Debit,Mastercard,Gold,2021-10-12,2027-01-11,Active,0,
CD0003881,C003881,AC0003881,10,Credit,Mastercard,Standard,2025-11-08,2026-07-24,Active,0,
CD0003882,C003882,AC0003882,2,Debit,Amex,Business,2022-07-29,2027-11-02,Active,0,
CD0003883,C003883,AC0003883,2,Debit,Mastercard,Business,2020-08-16,2026-12-02,Active,0,
CD0003884,C003884,AC0003884,10,Debit,Visa,Standard,2023-12-20,2029-06-12,Active,0,
CD0003885,C003885,AC0003885,4,Debit,Mastercard,Gold,2022-08-01,2029-06-07,Active,0,
CD0003886,C003886,AC0003886,1,Credit,Mastercard,Platinum,2018-11-09,2027-11-08,Expired,0,
CD0003887,C003887,AC0003887,3,Credit,Visa,Standard,2020-08-16,2027-11-14,Expired,0,
CD0003888,C003888,AC0003888,9,Credit,Mastercard,Platinum,2018-02-15,2026-01-12,Active,0,
CD0003889,C003889,AC0003889,4,Debit,Amex,Platinum,2018-01-14,2028-07-03,Active,0,
CD0003890,C003890,AC0003890,1,Debit,Mastercard,Business,2023-03-03,2026-08-02,Active,0,
CD0003891,C003891,AC0003891,8,Debit,Visa,Gold,2021-08-09,2030-02-23,Active,0,
CD0003892,C003892,AC0003892,2,Debit,Visa,Platinum,2025-08-16,2030-06-10,Active,0,
CD0003893,C003893,AC0003893,4,Credit,Visa,Standard,2020-10-31,2029-02-23,Active,0,
CD0003894,C003894,AC0003894,1,Debit,Visa,Gold,2025-03-11,2027-07-26,Active,0,
CD0003895,C003895,AC0003895,7,Credit,Visa,Standard,2020-02-29,2026-05-05,Active,0,
CD0003896,C003896,AC0003896,5,Credit,Mastercard,Business,2020-02-01,2030-08-31,Blocked,1,Security Block
CD0003897,C003897,AC0003897,9,Credit,Visa,Gold,2021-12-23,2029-11-23,Active,0,
CD0003898,C003898,AC0003898,4,Debit,Mastercard,Business,2024-04-08,2029-01-24,Active,0,
CD0003899,C003899,AC0003899,3,Credit,Mastercard,Standard,2022-10-16,2026-09-30,Active,0,
CD0003900,C003900,AC0003900,2,Credit,Mastercard,Gold,2022-11-16,2030-07-02,Active,0,
CD0003901,C003901,AC0003901,3,Debit,Mastercard,Gold,2022-10-22,2028-07-29,Active,0,
CD0003902,C003902,AC0003902,5,Credit,Visa,Business,2023-01-14,2030-08-24,Active,0,
CD0003903,C003903,AC0003903,1,Debit,Visa,Standard,2024-11-28,2027-05-24,Active,0,
CD0003904,C003904,AC0003904,5,Debit,Mastercard,Gold,2025-05-06,2027-02-25,Active,0,
CD0003905,C003905,AC0003905,9,Credit,Mastercard,Business,2025-04-09,2026-08-03,Blocked,1,Security Block
CD0003906,C003906,AC0003906,8,Credit,Visa,Gold,2019-06-28,2027-01-21,Active,0,
CD0003907,C003907,AC0003907,7,Debit,Visa,Business,2023-04-28,2027-04-12,Blocked,1,Security Block
CD0003908,C003908,AC0003908,9,Credit,Mastercard,Business,2023-04-09,2027-11-11,Active,0,
CD0003909,C003909,AC0003909,8,Debit,Mastercard,Standard,2020-12-13,2029-07-04,Active,0,
CD0003910,C003910,AC0003910,7,Debit,Mastercard,Platinum,2025-06-26,2027-06-16,Active,0,
CD0003911,C003911,AC0003911,9,Debit,Mastercard,Gold,2025-11-11,2027-12-30,Active,0,
CD0003912,C003912,AC0003912,2,Debit,Mastercard,Gold,2020-11-17,2026-08-28,Blocked,1,Lost/Stolen
CD0003913,C003913,AC0003913,9,Credit,Mastercard,Gold,2018-09-22,2030-02-25,Active,0,
CD0003914,C003914,AC0003914,3,Debit,Amex,Business,2024-01-06,2028-08-07,Active,0,
CD0003915,C003915,AC0003915,8,Debit,Amex,Gold,2020-08-27,2029-05-05,Active,0,
CD0003916,C003916,AC0003916,10,Credit,Visa,Business,2020-02-12,2029-05-28,Active,0,
CD0003917,C003917,AC0003917,5,Debit,Mastercard,Standard,2021-10-28,2027-10-22,Blocked,1,Security Block
CD0003918,C003918,AC0003918,1,Debit,Visa,Gold,2018-07-29,2030-07-28,Active,0,
CD0003919,C003919,AC0003919,4,Credit,Mastercard,Standard,2019-07-05,2027-11-04,Active,0,
CD0003920,C003920,AC0003920,5,Debit,Visa,Business,2022-02-02,2028-04-05,Active,0,
CD0003921,C003921,AC0003921,10,Debit,Visa,Standard,2025-01-18,2026-01-24,Active,0,
CD0003922,C003922,AC0003922,10,Debit,Visa,Gold,2020-05-19,2027-05-25,Active,0,
CD0003923,C003923,AC0003923,6,Debit,Mastercard,Platinum,2020-10-27,2027-08-31,Active,0,
CD0003924,C003924,AC0003924,10,Credit,Amex,Platinum,2019-01-31,2030-05-20,Active,0,
CD0003925,C003925,AC0003925,5,Credit,Mastercard,Gold,2024-11-07,2030-01-30,Blocked,1,Lost/Stolen
CD0003926,C003926,AC0003926,5,Debit,Mastercard,Business,2018-04-07,2028-05-17,Blocked,1,Security Block
CD0003927,C003927,AC0003927,9,Debit,Amex,Standard,2025-12-03,2026-05-15,Blocked,1,Fraud Suspected
CD0003928,C003928,AC0003928,7,Credit,Mastercard,Business,2025-04-19,2027-01-06,Active,0,
CD0003929,C003929,AC0003929,6,Debit,Mastercard,Standard,2020-01-21,2029-01-22,Blocked,1,Fraud Suspected
CD0003930,C003930,AC0003930,5,Debit,Mastercard,Platinum,2021-03-06,2029-07-22,Active,0,
CD0003931,C003931,AC0003931,8,Debit,Amex,Business,2022-02-19,2027-12-18,Active,0,
CD0003932,C003932,AC0003932,8,Credit,Visa,Gold,2024-07-06,2030-02-03,Active,0,
CD0003933,C003933,AC0003933,5,Credit,Amex,Platinum,2024-12-13,2027-09-23,Blocked,1,Security Block
CD0003934,C003934,AC0003934,1,Debit,Visa,Platinum,2019-07-08,2026-04-30,Blocked,1,Excessive Attempts
CD0003935,C003935,AC0003935,2,Debit,Visa,Standard,2022-05-04,2029-06-24,Active,0,
CD0003936,C003936,AC0003936,2,Credit,Visa,Standard,2025-06-19,2027-01-28,Active,0,
CD0003937,C003937,AC0003937,5,Credit,Visa,Standard,2018-03-21,2028-04-20,Active,0,
CD0003938,C003938,AC0003938,7,Debit,Visa,Platinum,2018-10-03,2026-08-12,Active,0,
CD0003939,C003939,AC0003939,9,Debit,Amex,Business,2018-01-03,2029-03-24,Active,0,
CD0003940,C003940,AC0003940,3,Credit,Visa,Standard,2018-03-02,2030-08-19,Active,0,
CD0003941,C003941,AC0003941,8,Debit,Mastercard,Business,2019-09-20,2030-10-23,Active,0,
CD0003942,C003942,AC0003942,7,Debit,Mastercard,Gold,2023-09-30,2027-12-25,Active,0,
CD0003943,C003943,AC0003943,1,Debit,Visa,Platinum,2019-08-05,2026-11-29,Active,0,
CD0003944,C003944,AC0003944,4,Debit,Visa,Platinum,2019-11-25,2026-06-19,Active,0,
CD0003945,C003945,AC0003945,4,Credit,Mastercard,Platinum,2018-04-07,2030-03-27,Active,0,
CD0003946,C003946,AC0003946,9,Debit,Visa,Standard,2021-12-28,2026-05-25,Active,0,
CD0003947,C003947,AC0003947,10,Debit,Visa,Business,2021-10-05,2028-07-19,Active,0,
CD0003948,C003948,AC0003948,9,Credit,Visa,Platinum,2022-06-07,2029-06-08,Active,0,
CD0003949,C003949,AC0003949,6,Debit,Mastercard,Gold,2022-03-17,2026-03-20,Blocked,1,Excessive Attempts
CD0003950,C003950,AC0003950,5,Debit,Mastercard,Gold,2025-01-03,2028-10-19,Blocked,1,Security Block
CD0003951,C003951,AC0003951,4,Credit,Mastercard,Standard,2024-03-02,2029-02-12,Active,0,
CD0003952,C003952,AC0003952,8,Debit,Visa,Business,2022-04-21,2028-10-12,Active,0,
CD0003953,C003953,AC0003953,1,Debit,Mastercard,Standard,2021-01-24,2030-12-14,Active,0,
CD0003954,C003954,AC0003954,3,Credit,Mastercard,Gold,2020-03-19,2028-03-29,Active,0,
CD0003955,C003955,AC0003955,2,Credit,Visa,Platinum,2023-02-20,2030-10-25,Active,0,
CD0003956,C003956,AC0003956,5,Debit,Visa,Gold,2018-03-06,2027-02-11,Active,0,
CD0003957,C003957,AC0003957,3,Debit,Mastercard,Gold,2022-11-10,2028-07-23,Active,0,
CD0003958,C003958,AC0003958,2,Credit,Visa,Platinum,2020-12-21,2028-02-16,Active,0,
CD0003959,C003959,AC0003959,4,Debit,Visa,Standard,2018-07-15,2029-09-23,Active,0,
CD0003960,C003960,AC0003960,9,Credit,Mastercard,Standard,2021-03-10,2030-01-09,Active,0,
CD0003961,C003961,AC0003961,6,Debit,Visa,Standard,2020-05-05,2028-06-26,Blocked,1,Lost/Stolen
CD0003962,C003962,AC0003962,9,Credit,Mastercard,Standard,2024-08-04,2029-10-28,Active,0,
CD0003963,C003963,AC0003963,10,Credit,Visa,Gold,2024-12-04,2026-04-21,Active,0,
CD0003964,C003964,AC0003964,10,Credit,Mastercard,Standard,2023-01-13,2026-07-23,Active,0,
CD0003965,C003965,AC0003965,4,Debit,Mastercard,Platinum,2022-01-11,2028-11-10,Active,0,
CD0003966,C003966,AC0003966,9,Credit,Mastercard,Business,2020-11-02,2027-01-14,Active,0,
CD0003967,C003967,AC0003967,10,Debit,Visa,Business,2021-08-14,2028-06-03,Active,0,
CD0003968,C003968,AC0003968,10,Debit,Mastercard,Business,2023-08-05,2028-11-26,Active,0,
CD0003969,C003969,AC0003969,4,Debit,Mastercard,Standard,2021-04-22,2030-09-26,Active,0,
CD0003970,C003970,AC0003970,3,Debit,Mastercard,Business,2018-08-17,2027-07-19,Active,0,
CD0003971,C003971,AC0003971,6,Credit,Visa,Platinum,2020-08-09,2028-04-09,Active,0,
CD0003972,C003972,AC0003972,10,Credit,Visa,Standard,2024-11-02,2029-11-14,Active,0,
CD0003973,C003973,AC0003973,10,Credit,Mastercard,Gold,2021-12-30,2029-05-29,Active,0,
CD0003974,C003974,AC0003974,6,Credit,Visa,Business,2021-08-18,2027-10-10,Blocked,1,Excessive Attempts
CD0003975,C003975,AC0003975,2,Credit,Visa,Business,2021-09-28,2030-04-10,Active,0,
CD0003976,C003976,AC0003976,5,Debit,Mastercard,Standard,2021-09-16,2027-03-12,Active,0,
CD0003977,C003977,AC0003977,8,Debit,Mastercard,Standard,2019-06-12,2028-09-13,Active,0,
CD0003978,C003978,AC0003978,6,Debit,Visa,Business,2025-11-23,2030-12-21,Active,0,
CD0003979,C003979,AC0003979,4,Debit,Mastercard,Business,2021-09-30,2027-06-03,Active,0,
CD0003980,C003980,AC0003980,4,Debit,Mastercard,Gold,2024-10-06,2027-04-19,Active,0,
CD0003981,C003981,AC0003981,1,Debit,Mastercard,Platinum,2023-11-02,2026-10-04,Active,0,
CD0003982,C003982,AC0003982,3,Credit,Mastercard,Gold,2024-11-09,2030-12-26,Active,0,
CD0003983,C003983,AC0003983,7,Debit,Mastercard,Standard,2019-06-20,2030-08-26,Active,0,
CD0003984,C003984,AC0003984,3,Credit,Mastercard,Business,2025-11-15,2026-04-05,Active,0,
CD0003985,C003985,AC0003985,10,Debit,Mastercard,Standard,2022-01-23,2029-08-25,Active,0,
CD0003986,C003986,AC0003986,1,Debit,Visa,Standard,2024-03-18,2028-11-30,Active,0,
CD0003987,C003987,AC0003987,6,Credit,Mastercard,Business,2021-10-11,2029-12-02,Active,0,
CD0003988,C003988,AC0003988,5,Credit,Visa,Platinum,2019-02-06,2029-10-16,Active,0,
CD0003989,C003989,AC0003989,9,Debit,Visa,Standard,2025-04-08,2030-07-22,Active,0,
CD0003990,C003990,AC0003990,9,Credit,Visa,Standard,2023-07-03,2026-02-17,Active,0,
CD0003991,C003991,AC0003991,6,Credit,Visa,Standard,2025-09-04,2030-01-21,Active,0,
CD0003992,C003992,AC0003992,7,Debit,Mastercard,Gold,2018-02-26,2029-07-08,Blocked,1,Security Block
CD0003993,C003993,AC0003993,7,Credit,Mastercard,Standard,2022-06-02,2027-05-05,Active,0,
CD0003994,C003994,AC0003994,6,Debit,Mastercard,Business,2021-03-03,2030-12-17,Active,0,
CD0003995,C003995,AC0003995,2,Debit,Visa,Standard,2025-02-17,2027-01-11,Blocked,1,Fraud Suspected
CD0003996,C003996,AC0003996,5,Debit,Visa,Business,2020-07-29,2029-03-13,Active,0,
CD0003997,C003997,AC0003997,3,Credit,Mastercard,Business,2019-01-10,2026-07-02,Active,0,
CD0003998,C003998,AC0003998,5,Debit,Visa,Standard,2023-06-29,2029-08-12,Active,0,
CD0003999,C003999,AC0003999,7,Debit,Visa,Gold,2025-11-03,2030-11-29,Active,0,
CD0004000,C004000,AC0004000,3,Debit,Visa,Gold,2024-03-06,2026-10-30,Active,0,
CD0004001,C004001,AC0004001,3,Debit,Visa,Business,2024-07-19,2030-09-24,Active,0,
CD0004002,C004002,AC0004002,9,Credit,Mastercard,Business,2021-08-16,2026-12-06,Blocked,1,Fraud Suspected
CD0004003,C004003,AC0004003,4,Debit,Amex,Business,2023-10-27,2026-01-25,Active,0,
CD0004004,C004004,AC0004004,2,Credit,Mastercard,Business,2025-08-11,2029-07-29,Active,0,
CD0004005,C004005,AC0004005,8,Debit,Mastercard,Gold,2020-11-11,2030-04-30,Active,0,
CD0004006,C004006,AC0004006,8,Debit,Amex,Gold,2018-07-21,2029-11-17,Active,0,
CD0004007,C004007,AC0004007,9,Debit,Visa,Gold,2025-03-09,2029-12-24,Blocked,1,Excessive Attempts
CD0004008,C004008,AC0004008,8,Credit,Visa,Business,2024-05-07,2026-11-08,Active,0,
CD0004009,C004009,AC0004009,10,Credit,Mastercard,Business,2022-03-10,2030-01-10,Expired,0,
CD0004010,C004010,AC0004010,6,Debit,Mastercard,Business,2025-06-30,2028-05-26,Blocked,1,Security Block
CD0004011,C004011,AC0004011,3,Debit,Mastercard,Standard,2025-01-19,2026-05-04,Active,0,
CD0004012,C004012,AC0004012,9,Debit,Mastercard,Gold,2025-07-06,2028-06-10,Active,0,
CD0004013,C004013,AC0004013,3,Credit,Mastercard,Business,2024-12-27,2027-12-24,Active,0,
CD0004014,C004014,AC0004014,3,Debit,Visa,Business,2025-10-26,2029-01-06,Blocked,1,Lost/Stolen
CD0004015,C004015,AC0004015,9,Debit,Visa,Gold,2024-10-17,2030-01-15,Active,0,
CD0004016,C004016,AC0004016,9,Debit,Amex,Standard,2018-10-17,2027-12-12,Active,0,
CD0004017,C004017,AC0004017,4,Debit,Visa,Platinum,2018-11-21,2028-12-12,Expired,0,
CD0004018,C004018,AC0004018,8,Credit,Mastercard,Platinum,2022-07-06,2027-07-08,Active,0,
CD0004019,C004019,AC0004019,10,Debit,Mastercard,Business,2021-10-30,2028-11-05,Active,0,
CD0004020,C004020,AC0004020,8,Debit,Mastercard,Business,2025-12-29,2030-03-17,Active,0,
CD0004021,C004021,AC0004021,1,Credit,Amex,Gold,2021-02-19,2027-01-11,Active,0,
CD0004022,C004022,AC0004022,7,Credit,Visa,Gold,2025-08-04,2030-09-09,Active,0,
CD0004023,C004023,AC0004023,2,Debit,Visa,Platinum,2023-08-20,2029-06-23,Active,0,
CD0004024,C004024,AC0004024,9,Credit,Mastercard,Business,2022-01-24,2028-03-21,Active,0,
CD0004025,C004025,AC0004025,1,Debit,Amex,Standard,2021-05-16,2028-04-06,Blocked,1,Security Block
CD0004026,C004026,AC0004026,10,Debit,Visa,Business,2019-11-24,2028-09-13,Active,0,
CD0004027,C004027,AC0004027,2,Debit,Visa,Platinum,2024-03-03,2029-10-28,Active,0,
CD0004028,C004028,AC0004028,5,Credit,Visa,Standard,2020-01-28,2027-12-12,Active,0,
CD0004029,C004029,AC0004029,3,Debit,Visa,Platinum,2023-03-22,2028-06-25,Blocked,1,Security Block
CD0004030,C004030,AC0004030,9,Debit,Visa,Platinum,2018-12-07,2026-06-15,Blocked,1,Security Block
CD0004031,C004031,AC0004031,4,Credit,Visa,Business,2022-03-13,2028-12-01,Active,0,
CD0004032,C004032,AC0004032,8,Debit,Mastercard,Gold,2023-11-19,2028-11-27,Active,0,
CD0004033,C004033,AC0004033,1,Debit,Visa,Business,2025-06-05,2030-02-09,Active,0,
CD0004034,C004034,AC0004034,5,Credit,Mastercard,Gold,2021-07-03,2026-04-23,Active,0,
CD0004035,C004035,AC0004035,10,Debit,Mastercard,Business,2022-04-04,2028-06-25,Active,0,
CD0004036,C004036,AC0004036,10,Debit,Visa,Gold,2022-12-14,2029-06-11,Active,0,
CD0004037,C004037,AC0004037,3,Debit,Visa,Platinum,2018-09-07,2030-11-08,Active,0,
CD0004038,C004038,AC0004038,4,Debit,Visa,Business,2022-10-09,2029-12-31,Active,0,
CD0004039,C004039,AC0004039,5,Debit,Mastercard,Business,2020-07-30,2028-02-13,Active,0,
CD0004040,C004040,AC0004040,6,Credit,Mastercard,Platinum,2019-05-27,2028-09-03,Active,0,
CD0004041,C004041,AC0004041,6,Credit,Amex,Business,2019-01-06,2028-11-06,Active,0,
CD0004042,C004042,AC0004042,2,Debit,Visa,Platinum,2024-10-21,2028-11-03,Active,0,
CD0004043,C004043,AC0004043,8,Debit,Visa,Business,2024-12-19,2030-09-30,Active,0,
CD0004044,C004044,AC0004044,3,Credit,Mastercard,Gold,2022-06-20,2030-04-21,Active,0,
CD0004045,C004045,AC0004045,4,Debit,Amex,Business,2020-04-14,2026-05-01,Active,0,
CD0004046,C004046,AC0004046,9,Debit,Mastercard,Platinum,2022-07-27,2027-03-11,Active,0,
CD0004047,C004047,AC0004047,7,Debit,Visa,Platinum,2021-04-10,2030-06-01,Active,0,
CD0004048,C004048,AC0004048,4,Debit,Mastercard,Business,2022-07-24,2026-04-12,Active,0,
CD0004049,C004049,AC0004049,10,Credit,Mastercard,Gold,2024-05-11,2026-08-24,Active,0,
CD0004050,C004050,AC0004050,4,Credit,Visa,Gold,2023-10-15,2029-05-03,Blocked,1,Security Block
CD0004051,C004051,AC0004051,6,Credit,Mastercard,Platinum,2018-01-25,2027-07-14,Active,0,
CD0004052,C004052,AC0004052,3,Debit,Visa,Business,2025-04-15,2030-06-17,Active,0,
CD0004053,C004053,AC0004053,2,Credit,Mastercard,Gold,2022-11-07,2027-11-18,Active,0,
CD0004054,C004054,AC0004054,5,Debit,Visa,Standard,2025-12-14,2030-10-09,Active,0,
CD0004055,C004055,AC0004055,6,Debit,Visa,Standard,2025-03-16,2026-05-18,Active,0,
CD0004056,C004056,AC0004056,9,Debit,Visa,Platinum,2021-07-21,2026-06-18,Active,0,
CD0004057,C004057,AC0004057,4,Debit,Mastercard,Standard,2025-04-30,2027-06-23,Active,0,
CD0004058,C004058,AC0004058,9,Debit,Mastercard,Platinum,2022-08-30,2028-08-17,Active,0,
CD0004059,C004059,AC0004059,7,Debit,Amex,Standard,2018-09-28,2030-02-19,Active,0,
CD0004060,C004060,AC0004060,1,Debit,Mastercard,Business,2025-02-16,2029-09-09,Active,0,
CD0004061,C004061,AC0004061,8,Debit,Mastercard,Standard,2018-12-16,2026-05-17,Active,0,
CD0004062,C004062,AC0004062,6,Credit,Amex,Platinum,2023-07-09,2030-06-02,Blocked,1,Security Block
CD0004063,C004063,AC0004063,4,Debit,Visa,Standard,2019-12-19,2029-07-12,Active,0,
CD0004064,C004064,AC0004064,5,Debit,Visa,Standard,2022-10-01,2028-01-30,Active,0,
CD0004065,C004065,AC0004065,4,Credit,Visa,Standard,2024-01-01,2026-03-13,Active,0,
CD0004066,C004066,AC0004066,7,Credit,Amex,Business,2024-07-15,2027-05-22,Active,0,
CD0004067,C004067,AC0004067,6,Debit,Amex,Standard,2018-11-23,2026-01-16,Blocked,1,Security Block
CD0004068,C004068,AC0004068,5,Credit,Visa,Platinum,2025-09-30,2027-08-04,Active,0,
CD0004069,C004069,AC0004069,3,Credit,Mastercard,Standard,2020-07-13,2026-11-09,Active,0,
CD0004070,C004070,AC0004070,4,Debit,Mastercard,Gold,2024-07-16,2028-07-28,Active,0,
CD0004071,C004071,AC0004071,5,Debit,Visa,Standard,2019-12-29,2027-06-18,Active,0,
CD0004072,C004072,AC0004072,5,Credit,Visa,Standard,2021-09-18,2026-11-17,Active,0,
CD0004073,C004073,AC0004073,4,Debit,Mastercard,Platinum,2021-02-11,2026-05-17,Active,0,
CD0004074,C004074,AC0004074,6,Credit,Mastercard,Standard,2020-03-06,2029-08-20,Active,0,
CD0004075,C004075,AC0004075,3,Credit,Amex,Standard,2020-03-03,2029-05-19,Active,0,
CD0004076,C004076,AC0004076,6,Debit,Visa,Gold,2018-06-22,2028-05-08,Active,0,
CD0004077,C004077,AC0004077,2,Credit,Amex,Gold,2020-01-14,2027-04-24,Active,0,
CD0004078,C004078,AC0004078,5,Debit,Mastercard,Gold,2020-07-20,2030-01-21,Blocked,1,Security Block
CD0004079,C004079,AC0004079,8,Debit,Mastercard,Platinum,2025-04-19,2026-03-20,Active,0,
CD0004080,C004080,AC0004080,9,Debit,Mastercard,Business,2019-12-01,2027-12-28,Active,0,
CD0004081,C004081,AC0004081,7,Debit,Mastercard,Business,2022-01-23,2029-12-17,Active,0,
CD0004082,C004082,AC0004082,8,Debit,Visa,Standard,2023-09-30,2030-08-18,Active,0,
CD0004083,C004083,AC0004083,1,Credit,Visa,Standard,2020-07-17,2027-06-15,Active,0,
CD0004084,C004084,AC0004084,4,Debit,Mastercard,Business,2019-03-08,2029-12-29,Active,0,
CD0004085,C004085,AC0004085,7,Debit,Mastercard,Standard,2025-08-10,2028-11-04,Active,0,
CD0004086,C004086,AC0004086,9,Debit,Mastercard,Standard,2019-09-16,2027-12-02,Active,0,
CD0004087,C004087,AC0004087,6,Credit,Mastercard,Business,2020-11-01,2026-11-24,Active,0,
CD0004088,C004088,AC0004088,9,Debit,Mastercard,Standard,2020-03-18,2027-06-27,Active,0,
CD0004089,C004089,AC0004089,3,Debit,Mastercard,Platinum,2018-03-09,2027-07-04,Active,0,
CD0004090,C004090,AC0004090,2,Credit,Visa,Platinum,2019-08-16,2027-11-12,Active,0,
CD0004091,C004091,AC0004091,1,Debit,Amex,Gold,2025-05-07,2029-05-03,Active,0,
CD0004092,C004092,AC0004092,6,Debit,Visa,Standard,2021-12-05,2028-12-25,Active,0,
CD0004093,C004093,AC0004093,7,Credit,Visa,Platinum,2018-03-13,2030-04-22,Active,0,
CD0004094,C004094,AC0004094,3,Credit,Mastercard,Platinum,2022-12-21,2026-07-27,Active,0,
CD0004095,C004095,AC0004095,8,Debit,Amex,Standard,2018-09-11,2026-01-26,Active,0,
CD0004096,C004096,AC0004096,8,Debit,Mastercard,Gold,2018-04-02,2027-04-05,Active,0,
CD0004097,C004097,AC0004097,4,Debit,Amex,Business,2022-05-18,2029-03-22,Active,0,
CD0004098,C004098,AC0004098,3,Credit,Mastercard,Business,2018-11-24,2029-02-07,Active,0,
CD0004099,C004099,AC0004099,8,Debit,Mastercard,Platinum,2023-04-30,2028-03-09,Active,0,
CD0004100,C004100,AC0004100,7,Credit,Mastercard,Business,2021-03-17,2027-07-22,Expired,0,
CD0004101,C004101,AC0004101,2,Credit,Amex,Platinum,2024-02-15,2029-07-25,Active,0,
CD0004102,C004102,AC0004102,3,Credit,Visa,Platinum,2021-08-22,2030-08-21,Active,0,
CD0004103,C004103,AC0004103,5,Debit,Visa,Gold,2020-07-05,2028-06-03,Active,0,
CD0004104,C004104,AC0004104,6,Debit,Visa,Platinum,2023-12-20,2029-05-15,Active,0,
CD0004105,C004105,AC0004105,2,Debit,Mastercard,Business,2020-04-20,2030-12-27,Active,0,
CD0004106,C004106,AC0004106,10,Credit,Visa,Platinum,2023-12-25,2026-06-19,Active,0,
CD0004107,C004107,AC0004107,4,Debit,Mastercard,Platinum,2024-02-29,2030-06-03,Active,0,
CD0004108,C004108,AC0004108,4,Credit,Mastercard,Gold,2020-12-08,2030-07-09,Active,0,
CD0004109,C004109,AC0004109,1,Debit,Mastercard,Gold,2021-03-25,2028-03-07,Active,0,
CD0004110,C004110,AC0004110,9,Debit,Visa,Business,2019-03-07,2028-05-05,Active,0,
CD0004111,C004111,AC0004111,3,Credit,Mastercard,Gold,2021-10-27,2027-05-18,Blocked,1,Fraud Suspected
CD0004112,C004112,AC0004112,10,Debit,Visa,Platinum,2022-12-31,2027-07-03,Active,0,
CD0004113,C004113,AC0004113,5,Debit,Visa,Platinum,2024-05-08,2029-08-01,Active,0,
CD0004114,C004114,AC0004114,9,Credit,Mastercard,Standard,2019-10-16,2030-04-19,Active,0,
CD0004115,C004115,AC0004115,2,Debit,Visa,Platinum,2024-11-20,2029-09-04,Expired,0,
CD0004116,C004116,AC0004116,2,Debit,Mastercard,Business,2018-02-04,2028-05-01,Active,0,
CD0004117,C004117,AC0004117,9,Debit,Amex,Gold,2020-04-04,2030-03-04,Active,0,
CD0004118,C004118,AC0004118,9,Debit,Mastercard,Gold,2019-09-30,2029-08-09,Active,0,
CD0004119,C004119,AC0004119,6,Credit,Visa,Business,2024-03-19,2030-03-15,Active,0,
CD0004120,C004120,AC0004120,1,Debit,Mastercard,Business,2023-07-26,2028-08-14,Expired,0,
CD0004121,C004121,AC0004121,10,Debit,Visa,Business,2024-08-29,2029-07-19,Active,0,
CD0004122,C004122,AC0004122,4,Debit,Mastercard,Standard,2020-03-23,2030-01-30,Blocked,1,Security Block
CD0004123,C004123,AC0004123,10,Debit,Mastercard,Standard,2022-01-25,2030-12-17,Active,0,
CD0004124,C004124,AC0004124,9,Debit,Visa,Standard,2023-01-15,2029-12-29,Expired,0,
CD0004125,C004125,AC0004125,9,Credit,Mastercard,Platinum,2022-03-05,2027-04-28,Active,0,
CD0004126,C004126,AC0004126,7,Debit,Mastercard,Business,2023-01-26,2030-10-16,Blocked,1,Security Block
CD0004127,C004127,AC0004127,7,Credit,Amex,Business,2022-06-10,2027-10-16,Blocked,1,Security Block
CD0004128,C004128,AC0004128,6,Debit,Visa,Standard,2020-12-28,2028-11-16,Active,0,
CD0004129,C004129,AC0004129,1,Debit,Visa,Standard,2024-05-03,2026-12-28,Active,0,
CD0004130,C004130,AC0004130,4,Debit,Visa,Standard,2019-07-08,2030-12-04,Active,0,
CD0004131,C004131,AC0004131,8,Credit,Mastercard,Standard,2024-09-30,2028-09-16,Active,0,
CD0004132,C004132,AC0004132,9,Debit,Visa,Gold,2021-06-02,2026-10-23,Active,0,
CD0004133,C004133,AC0004133,6,Debit,Mastercard,Standard,2024-02-12,2029-07-25,Blocked,1,Security Block
CD0004134,C004134,AC0004134,8,Debit,Visa,Platinum,2019-07-23,2027-05-07,Active,0,
CD0004135,C004135,AC0004135,1,Debit,Visa,Platinum,2020-03-26,2028-12-21,Blocked,1,Lost/Stolen
CD0004136,C004136,AC0004136,5,Credit,Amex,Business,2025-09-21,2028-11-02,Active,0,
CD0004137,C004137,AC0004137,6,Debit,Amex,Standard,2022-04-06,2027-03-12,Active,0,
CD0004138,C004138,AC0004138,9,Debit,Mastercard,Platinum,2022-05-09,2026-02-20,Active,0,
CD0004139,C004139,AC0004139,4,Credit,Mastercard,Standard,2023-03-21,2030-09-19,Active,0,
CD0004140,C004140,AC0004140,3,Credit,Visa,Business,2024-08-28,2028-09-18,Active,0,
CD0004141,C004141,AC0004141,4,Debit,Mastercard,Standard,2018-02-11,2026-11-24,Active,0,
CD0004142,C004142,AC0004142,2,Debit,Visa,Business,2020-07-09,2029-11-26,Active,0,
CD0004143,C004143,AC0004143,6,Credit,Visa,Gold,2024-11-13,2028-11-26,Active,0,
CD0004144,C004144,AC0004144,7,Debit,Visa,Standard,2022-09-28,2027-12-02,Active,0,
CD0004145,C004145,AC0004145,9,Credit,Visa,Platinum,2021-03-03,2030-07-11,Active,0,
CD0004146,C004146,AC0004146,10,Debit,Mastercard,Standard,2021-02-11,2030-09-02,Active,0,
CD0004147,C004147,AC0004147,1,Debit,Amex,Standard,2024-08-21,2029-09-17,Active,0,
CD0004148,C004148,AC0004148,3,Credit,Visa,Platinum,2023-01-30,2027-05-29,Active,0,
CD0004149,C004149,AC0004149,4,Debit,Mastercard,Business,2020-12-05,2028-11-26,Active,0,
CD0004150,C004150,AC0004150,3,Credit,Visa,Standard,2024-03-28,2029-07-19,Active,0,
CD0004151,C004151,AC0004151,9,Debit,Mastercard,Gold,2021-10-20,2027-10-22,Expired,0,
CD0004152,C004152,AC0004152,2,Debit,Visa,Standard,2024-01-19,2026-01-29,Active,0,
CD0004153,C004153,AC0004153,1,Credit,Visa,Standard,2022-08-13,2026-02-01,Blocked,1,Security Block
CD0004154,C004154,AC0004154,9,Debit,Visa,Standard,2019-03-23,2026-08-03,Active,0,
CD0004155,C004155,AC0004155,10,Credit,Mastercard,Platinum,2021-08-30,2030-04-19,Active,0,
CD0004156,C004156,AC0004156,3,Credit,Amex,Business,2019-08-14,2027-02-22,Active,0,
CD0004157,C004157,AC0004157,4,Debit,Mastercard,Standard,2025-09-25,2028-11-26,Active,0,
CD0004158,C004158,AC0004158,6,Debit,Visa,Business,2018-04-04,2030-08-04,Expired,0,
CD0004159,C004159,AC0004159,6,Debit,Mastercard,Standard,2019-02-16,2029-02-02,Active,0,
CD0004160,C004160,AC0004160,10,Credit,Mastercard,Platinum,2025-11-06,2030-10-01,Active,0,
CD0004161,C004161,AC0004161,5,Credit,Mastercard,Standard,2022-01-20,2027-07-20,Active,0,
CD0004162,C004162,AC0004162,1,Credit,Visa,Standard,2020-11-30,2027-03-06,Active,0,
CD0004163,C004163,AC0004163,5,Debit,Mastercard,Standard,2020-05-26,2027-02-02,Expired,0,
CD0004164,C004164,AC0004164,6,Debit,Visa,Business,2020-06-29,2027-09-13,Active,0,
CD0004165,C004165,AC0004165,6,Credit,Mastercard,Standard,2022-08-02,2028-01-14,Active,0,
CD0004166,C004166,AC0004166,6,Debit,Visa,Business,2019-03-24,2030-04-17,Active,0,
CD0004167,C004167,AC0004167,10,Debit,Mastercard,Business,2022-09-15,2027-11-20,Active,0,
CD0004168,C004168,AC0004168,9,Debit,Mastercard,Platinum,2018-12-15,2028-03-25,Active,0,
CD0004169,C004169,AC0004169,3,Credit,Mastercard,Standard,2021-05-24,2030-11-12,Active,0,
CD0004170,C004170,AC0004170,4,Debit,Mastercard,Gold,2023-08-08,2029-08-25,Active,0,
CD0004171,C004171,AC0004171,7,Credit,Amex,Standard,2021-05-13,2029-01-31,Active,0,
CD0004172,C004172,AC0004172,5,Debit,Visa,Standard,2021-11-13,2030-05-05,Active,0,
CD0004173,C004173,AC0004173,5,Debit,Mastercard,Standard,2018-03-08,2030-09-27,Active,0,
CD0004174,C004174,AC0004174,2,Credit,Visa,Gold,2025-07-10,2026-09-04,Blocked,1,Excessive Attempts
CD0004175,C004175,AC0004175,3,Credit,Mastercard,Business,2019-06-16,2027-02-26,Active,0,
CD0004176,C004176,AC0004176,8,Credit,Visa,Platinum,2020-07-03,2029-07-03,Active,0,
CD0004177,C004177,AC0004177,9,Credit,Visa,Platinum,2020-10-12,2026-10-13,Active,0,
CD0004178,C004178,AC0004178,8,Debit,Mastercard,Standard,2020-01-29,2027-12-15,Active,0,
CD0004179,C004179,AC0004179,4,Debit,Mastercard,Platinum,2018-06-27,2026-03-14,Active,0,
CD0004180,C004180,AC0004180,2,Debit,Amex,Standard,2025-06-10,2030-03-13,Active,0,
CD0004181,C004181,AC0004181,2,Debit,Visa,Platinum,2024-12-15,2026-11-13,Blocked,1,Lost/Stolen
CD0004182,C004182,AC0004182,4,Credit,Mastercard,Gold,2022-09-14,2027-06-24,Active,0,
CD0004183,C004183,AC0004183,6,Debit,Visa,Gold,2019-10-04,2028-11-19,Active,0,
CD0004184,C004184,AC0004184,9,Credit,Mastercard,Gold,2023-09-24,2026-08-31,Active,0,
CD0004185,C004185,AC0004185,9,Credit,Visa,Gold,2025-05-27,2030-01-12,Active,0,
CD0004186,C004186,AC0004186,1,Debit,Visa,Gold,2025-06-05,2029-04-17,Active,0,
CD0004187,C004187,AC0004187,8,Credit,Visa,Standard,2024-01-17,2026-01-25,Expired,0,
CD0004188,C004188,AC0004188,3,Credit,Mastercard,Business,2022-08-24,2026-02-03,Active,0,
CD0004189,C004189,AC0004189,2,Credit,Visa,Standard,2019-09-27,2026-04-06,Active,0,
CD0004190,C004190,AC0004190,6,Debit,Mastercard,Gold,2023-07-28,2030-07-06,Active,0,
CD0004191,C004191,AC0004191,1,Debit,Visa,Business,2018-01-08,2027-11-22,Active,0,
CD0004192,C004192,AC0004192,4,Credit,Visa,Standard,2023-06-26,2027-07-10,Active,0,
CD0004193,C004193,AC0004193,6,Credit,Mastercard,Business,2021-12-09,2027-02-22,Active,0,
CD0004194,C004194,AC0004194,3,Debit,Mastercard,Gold,2023-02-19,2026-05-17,Active,0,
CD0004195,C004195,AC0004195,6,Debit,Amex,Business,2021-05-15,2028-10-11,Active,0,
CD0004196,C004196,AC0004196,5,Debit,Visa,Standard,2024-10-16,2027-09-21,Active,0,
CD0004197,C004197,AC0004197,8,Credit,Visa,Standard,2024-09-26,2026-12-10,Blocked,1,Excessive Attempts
CD0004198,C004198,AC0004198,2,Debit,Mastercard,Platinum,2021-04-09,2026-02-10,Active,0,
CD0004199,C004199,AC0004199,1,Credit,Mastercard,Gold,2025-08-25,2027-07-26,Active,0,
CD0004200,C004200,AC0004200,6,Debit,Visa,Business,2020-03-03,2028-11-13,Active,0,
CD0004201,C004201,AC0004201,3,Debit,Mastercard,Business,2021-08-30,2029-04-01,Blocked,1,Security Block
CD0004202,C004202,AC0004202,8,Debit,Mastercard,Business,2018-12-19,2028-10-16,Active,0,
CD0004203,C004203,AC0004203,1,Credit,Mastercard,Business,2023-03-23,2026-02-23,Active,0,
CD0004204,C004204,AC0004204,6,Debit,Visa,Business,2023-10-14,2029-07-10,Blocked,1,Security Block
CD0004205,C004205,AC0004205,10,Credit,Amex,Gold,2018-06-06,2026-06-30,Active,0,
CD0004206,C004206,AC0004206,1,Credit,Visa,Business,2020-07-23,2027-11-25,Active,0,
CD0004207,C004207,AC0004207,4,Credit,Visa,Business,2025-12-31,2030-08-21,Active,0,
CD0004208,C004208,AC0004208,9,Credit,Visa,Platinum,2021-10-20,2026-07-01,Active,0,
CD0004209,C004209,AC0004209,6,Debit,Visa,Standard,2019-06-07,2028-07-16,Active,0,
CD0004210,C004210,AC0004210,2,Debit,Mastercard,Standard,2019-11-23,2026-03-07,Active,0,
CD0004211,C004211,AC0004211,3,Debit,Visa,Business,2020-04-09,2027-12-05,Active,0,
CD0004212,C004212,AC0004212,8,Credit,Visa,Business,2024-02-03,2029-05-03,Active,0,
CD0004213,C004213,AC0004213,9,Credit,Mastercard,Platinum,2020-04-09,2030-06-27,Active,0,
CD0004214,C004214,AC0004214,4,Debit,Amex,Platinum,2020-06-16,2026-08-24,Active,0,
CD0004215,C004215,AC0004215,5,Debit,Visa,Standard,2020-07-07,2028-05-15,Active,0,
CD0004216,C004216,AC0004216,8,Debit,Visa,Standard,2023-06-04,2027-03-01,Active,0,
CD0004217,C004217,AC0004217,2,Credit,Mastercard,Gold,2024-08-10,2027-09-30,Active,0,
CD0004218,C004218,AC0004218,3,Debit,Visa,Standard,2019-09-19,2030-01-19,Active,0,
CD0004219,C004219,AC0004219,8,Debit,Visa,Business,2025-01-02,2027-11-30,Blocked,1,Security Block
CD0004220,C004220,AC0004220,2,Debit,Mastercard,Gold,2020-06-06,2028-08-27,Expired,0,
CD0004221,C004221,AC0004221,8,Debit,Mastercard,Standard,2020-02-05,2029-05-05,Blocked,1,Security Block
CD0004222,C004222,AC0004222,5,Debit,Mastercard,Business,2022-06-21,2028-09-22,Active,0,
CD0004223,C004223,AC0004223,10,Credit,Mastercard,Gold,2024-08-23,2029-07-12,Active,0,
CD0004224,C004224,AC0004224,1,Credit,Visa,Standard,2019-01-27,2029-10-22,Active,0,
CD0004225,C004225,AC0004225,10,Debit,Mastercard,Platinum,2023-10-08,2030-05-16,Active,0,
CD0004226,C004226,AC0004226,3,Credit,Visa,Standard,2021-10-06,2030-07-07,Blocked,1,Security Block
CD0004227,C004227,AC0004227,1,Debit,Mastercard,Platinum,2022-11-03,2029-04-27,Active,0,
CD0004228,C004228,AC0004228,8,Debit,Visa,Platinum,2024-03-29,2029-10-27,Active,0,
CD0004229,C004229,AC0004229,6,Credit,Mastercard,Business,2025-10-23,2027-05-16,Blocked,1,Fraud Suspected
CD0004230,C004230,AC0004230,9,Credit,Mastercard,Gold,2020-11-20,2029-04-03,Active,0,
CD0004231,C004231,AC0004231,2,Credit,Visa,Standard,2018-10-20,2030-01-03,Active,0,
CD0004232,C004232,AC0004232,1,Credit,Amex,Gold,2019-08-10,2029-11-17,Active,0,
CD0004233,C004233,AC0004233,6,Debit,Visa,Business,2019-11-22,2027-02-15,Active,0,
CD0004234,C004234,AC0004234,9,Credit,Visa,Platinum,2025-04-30,2027-12-09,Active,0,
CD0004235,C004235,AC0004235,5,Debit,Mastercard,Business,2019-06-09,2028-05-22,Active,0,
CD0004236,C004236,AC0004236,8,Debit,Visa,Business,2021-11-04,2028-07-18,Active,0,
CD0004237,C004237,AC0004237,10,Credit,Visa,Business,2024-04-29,2030-07-05,Active,0,
CD0004238,C004238,AC0004238,9,Debit,Mastercard,Gold,2023-12-31,2028-06-16,Active,0,
CD0004239,C004239,AC0004239,6,Debit,Mastercard,Standard,2025-12-30,2026-01-10,Active,0,
CD0004240,C004240,AC0004240,7,Credit,Amex,Platinum,2023-01-07,2027-08-01,Blocked,1,Excessive Attempts
CD0004241,C004241,AC0004241,6,Credit,Mastercard,Gold,2018-12-03,2029-11-11,Active,0,
CD0004242,C004242,AC0004242,7,Debit,Mastercard,Platinum,2021-10-16,2027-04-19,Blocked,1,Security Block
CD0004243,C004243,AC0004243,6,Debit,Visa,Business,2023-04-02,2027-09-13,Active,0,
CD0004244,C004244,AC0004244,6,Debit,Mastercard,Business,2022-12-20,2026-07-24,Blocked,1,Excessive Attempts
CD0004245,C004245,AC0004245,5,Debit,Mastercard,Business,2021-06-19,2030-08-24,Blocked,1,Security Block
CD0004246,C004246,AC0004246,7,Debit,Mastercard,Gold,2025-04-10,2030-03-31,Active,0,
CD0004247,C004247,AC0004247,8,Credit,Amex,Business,2018-03-24,2029-08-10,Active,0,
CD0004248,C004248,AC0004248,10,Debit,Visa,Business,2019-08-04,2029-07-18,Active,0,
CD0004249,C004249,AC0004249,7,Debit,Mastercard,Standard,2023-03-18,2026-11-15,Active,0,
CD0004250,C004250,AC0004250,2,Credit,Mastercard,Business,2019-05-14,2028-10-18,Active,0,
CD0004251,C004251,AC0004251,6,Debit,Mastercard,Standard,2018-08-22,2026-06-11,Active,0,
CD0004252,C004252,AC0004252,4,Debit,Mastercard,Gold,2021-07-21,2026-12-13,Active,0,
CD0004253,C004253,AC0004253,1,Debit,Mastercard,Platinum,2022-06-08,2030-06-14,Active,0,
CD0004254,C004254,AC0004254,1,Credit,Amex,Platinum,2020-08-02,2030-03-12,Active,0,
CD0004255,C004255,AC0004255,6,Debit,Mastercard,Platinum,2018-08-01,2027-10-23,Blocked,1,Security Block
CD0004256,C004256,AC0004256,10,Debit,Mastercard,Gold,2023-11-24,2028-02-25,Blocked,1,Security Block
CD0004257,C004257,AC0004257,6,Credit,Amex,Platinum,2018-10-06,2028-07-12,Active,0,
CD0004258,C004258,AC0004258,5,Debit,Mastercard,Platinum,2023-12-12,2030-02-21,Active,0,
CD0004259,C004259,AC0004259,1,Credit,Visa,Business,2020-03-02,2027-09-14,Blocked,1,Lost/Stolen
CD0004260,C004260,AC0004260,7,Debit,Visa,Standard,2021-09-11,2030-05-19,Active,0,
CD0004261,C004261,AC0004261,1,Credit,Mastercard,Platinum,2022-08-22,2029-04-12,Active,0,
CD0004262,C004262,AC0004262,9,Credit,Amex,Standard,2022-01-27,2029-10-17,Active,0,
CD0004263,C004263,AC0004263,9,Credit,Mastercard,Platinum,2022-08-22,2027-11-05,Active,0,
CD0004264,C004264,AC0004264,10,Debit,Visa,Platinum,2024-05-16,2030-09-22,Active,0,
CD0004265,C004265,AC0004265,3,Debit,Mastercard,Business,2023-11-26,2029-12-19,Active,0,
CD0004266,C004266,AC0004266,2,Debit,Mastercard,Business,2022-04-21,2030-06-04,Active,0,
CD0004267,C004267,AC0004267,3,Debit,Visa,Gold,2021-07-21,2028-10-08,Active,0,
CD0004268,C004268,AC0004268,8,Credit,Mastercard,Gold,2025-08-03,2030-08-08,Active,0,
CD0004269,C004269,AC0004269,3,Credit,Mastercard,Standard,2019-12-30,2030-04-25,Active,0,
CD0004270,C004270,AC0004270,9,Credit,Visa,Platinum,2025-08-16,2029-09-22,Blocked,1,Excessive Attempts
CD0004271,C004271,AC0004271,2,Debit,Mastercard,Gold,2019-03-18,2030-02-25,Active,0,
CD0004272,C004272,AC0004272,1,Debit,Visa,Gold,2023-10-12,2030-12-11,Active,0,
CD0004273,C004273,AC0004273,3,Debit,Visa,Gold,2019-03-02,2029-08-28,Blocked,1,Security Block
CD0004274,C004274,AC0004274,8,Debit,Visa,Business,2023-02-12,2029-10-06,Active,0,
CD0004275,C004275,AC0004275,7,Debit,Amex,Gold,2024-01-08,2028-04-02,Active,0,
CD0004276,C004276,AC0004276,4,Credit,Mastercard,Platinum,2024-08-22,2029-10-27,Active,0,
CD0004277,C004277,AC0004277,7,Debit,Mastercard,Standard,2021-04-01,2028-06-22,Active,0,
CD0004278,C004278,AC0004278,7,Debit,Mastercard,Platinum,2025-09-09,2029-01-30,Active,0,
CD0004279,C004279,AC0004279,6,Debit,Mastercard,Platinum,2023-01-17,2028-12-19,Expired,0,
CD0004280,C004280,AC0004280,6,Credit,Visa,Platinum,2020-03-04,2028-01-06,Active,0,
CD0004281,C004281,AC0004281,2,Debit,Visa,Business,2022-08-11,2028-11-21,Blocked,1,Lost/Stolen
CD0004282,C004282,AC0004282,3,Credit,Visa,Platinum,2021-01-11,2026-11-10,Blocked,1,Security Block
CD0004283,C004283,AC0004283,6,Debit,Visa,Gold,2018-08-31,2026-06-13,Active,0,
CD0004284,C004284,AC0004284,2,Debit,Amex,Platinum,2018-05-05,2027-11-09,Active,0,
CD0004285,C004285,AC0004285,5,Credit,Mastercard,Gold,2025-12-30,2027-11-18,Active,0,
CD0004286,C004286,AC0004286,2,Debit,Visa,Platinum,2019-06-22,2029-01-13,Active,0,
CD0004287,C004287,AC0004287,8,Debit,Mastercard,Gold,2024-04-10,2027-10-03,Active,0,
CD0004288,C004288,AC0004288,2,Debit,Mastercard,Platinum,2018-09-17,2028-10-19,Active,0,
CD0004289,C004289,AC0004289,1,Credit,Visa,Platinum,2020-08-05,2029-01-08,Active,0,
CD0004290,C004290,AC0004290,7,Debit,Mastercard,Gold,2018-08-07,2030-06-01,Blocked,1,Security Block
CD0004291,C004291,AC0004291,3,Credit,Mastercard,Platinum,2022-06-01,2027-05-02,Active,0,
CD0004292,C004292,AC0004292,4,Debit,Mastercard,Standard,2020-08-18,2028-11-14,Active,0,
CD0004293,C004293,AC0004293,4,Debit,Mastercard,Standard,2019-10-28,2030-12-29,Active,0,
CD0004294,C004294,AC0004294,3,Credit,Mastercard,Gold,2024-08-12,2026-07-27,Active,0,
CD0004295,C004295,AC0004295,8,Debit,Mastercard,Standard,2025-08-11,2026-07-13,Active,0,
CD0004296,C004296,AC0004296,7,Credit,Visa,Platinum,2019-11-07,2028-07-22,Active,0,
CD0004297,C004297,AC0004297,3,Debit,Mastercard,Gold,2024-04-30,2027-12-13,Active,0,
CD0004298,C004298,AC0004298,7,Debit,Amex,Standard,2020-03-16,2027-06-18,Blocked,1,Fraud Suspected
CD0004299,C004299,AC0004299,8,Debit,Mastercard,Standard,2023-03-23,2027-02-10,Active,0,
CD0004300,C004300,AC0004300,6,Credit,Mastercard,Gold,2022-07-06,2030-09-04,Active,0,
CD0004301,C004301,AC0004301,6,Debit,Amex,Business,2023-03-30,2027-10-07,Active,0,
CD0004302,C004302,AC0004302,10,Credit,Visa,Platinum,2025-08-16,2029-11-23,Active,0,
CD0004303,C004303,AC0004303,5,Debit,Mastercard,Business,2022-12-06,2030-04-26,Active,0,
CD0004304,C004304,AC0004304,4,Debit,Mastercard,Gold,2018-12-20,2030-07-08,Blocked,1,Excessive Attempts
CD0004305,C004305,AC0004305,6,Debit,Mastercard,Platinum,2021-06-10,2029-04-23,Active,0,
CD0004306,C004306,AC0004306,9,Debit,Visa,Gold,2025-06-08,2029-02-26,Active,0,
CD0004307,C004307,AC0004307,8,Debit,Amex,Standard,2023-11-07,2029-05-13,Active,0,
CD0004308,C004308,AC0004308,1,Credit,Mastercard,Business,2018-11-18,2027-11-19,Blocked,1,Security Block
CD0004309,C004309,AC0004309,5,Debit,Visa,Business,2018-10-06,2026-08-12,Blocked,1,Security Block
CD0004310,C004310,AC0004310,8,Debit,Visa,Gold,2020-11-10,2030-12-08,Active,0,
CD0004311,C004311,AC0004311,3,Debit,Visa,Gold,2018-09-13,2026-10-12,Active,0,
CD0004312,C004312,AC0004312,10,Credit,Mastercard,Business,2022-10-07,2029-09-01,Blocked,1,Lost/Stolen
CD0004313,C004313,AC0004313,9,Debit,Amex,Business,2020-12-25,2028-02-04,Active,0,
CD0004314,C004314,AC0004314,9,Credit,Amex,Gold,2024-01-05,2026-10-01,Active,0,
CD0004315,C004315,AC0004315,1,Credit,Visa,Platinum,2025-08-18,2028-10-25,Active,0,
CD0004316,C004316,AC0004316,6,Credit,Mastercard,Gold,2023-06-13,2026-05-11,Active,0,
CD0004317,C004317,AC0004317,6,Debit,Visa,Standard,2023-01-16,2029-06-29,Active,0,
CD0004318,C004318,AC0004318,7,Debit,Mastercard,Gold,2023-05-10,2030-11-12,Active,0,
CD0004319,C004319,AC0004319,9,Credit,Amex,Platinum,2021-02-24,2030-01-07,Active,0,
CD0004320,C004320,AC0004320,4,Credit,Amex,Business,2022-03-15,2026-06-18,Blocked,1,Fraud Suspected
CD0004321,C004321,AC0004321,6,Debit,Mastercard,Business,2024-07-03,2028-03-30,Active,0,
CD0004322,C004322,AC0004322,7,Debit,Mastercard,Business,2025-03-19,2027-12-23,Active,0,
CD0004323,C004323,AC0004323,8,Debit,Visa,Standard,2025-12-09,2027-08-02,Active,0,
CD0004324,C004324,AC0004324,8,Credit,Mastercard,Standard,2020-02-24,2027-10-19,Active,0,
CD0004325,C004325,AC0004325,4,Debit,Visa,Platinum,2024-12-14,2028-09-17,Blocked,1,Excessive Attempts
CD0004326,C004326,AC0004326,10,Debit,Mastercard,Standard,2020-03-31,2030-11-21,Active,0,
CD0004327,C004327,AC0004327,1,Credit,Amex,Platinum,2022-01-20,2030-11-24,Active,0,
CD0004328,C004328,AC0004328,5,Debit,Visa,Standard,2020-06-04,2030-11-01,Active,0,
CD0004329,C004329,AC0004329,7,Credit,Mastercard,Business,2021-03-10,2030-06-01,Active,0,
CD0004330,C004330,AC0004330,1,Debit,Visa,Platinum,2024-07-15,2030-01-08,Active,0,
CD0004331,C004331,AC0004331,5,Debit,Visa,Business,2021-07-09,2027-02-20,Active,0,
CD0004332,C004332,AC0004332,6,Debit,Mastercard,Gold,2024-07-26,2029-02-09,Active,0,
CD0004333,C004333,AC0004333,7,Debit,Visa,Business,2023-01-25,2030-02-11,Active,0,
CD0004334,C004334,AC0004334,2,Credit,Mastercard,Gold,2024-10-10,2027-01-20,Expired,0,
CD0004335,C004335,AC0004335,3,Debit,Mastercard,Gold,2019-06-20,2029-03-04,Blocked,1,Excessive Attempts
CD0004336,C004336,AC0004336,3,Debit,Mastercard,Standard,2018-01-21,2030-03-01,Active,0,
CD0004337,C004337,AC0004337,7,Credit,Mastercard,Gold,2020-04-10,2030-05-30,Active,0,
CD0004338,C004338,AC0004338,4,Debit,Amex,Gold,2024-05-31,2026-10-28,Active,0,
CD0004339,C004339,AC0004339,6,Credit,Visa,Gold,2018-08-04,2026-11-07,Active,0,
CD0004340,C004340,AC0004340,8,Debit,Mastercard,Business,2023-09-27,2027-12-21,Active,0,
CD0004341,C004341,AC0004341,8,Debit,Visa,Business,2022-07-01,2027-01-25,Active,0,
CD0004342,C004342,AC0004342,2,Credit,Mastercard,Standard,2024-09-13,2029-01-13,Active,0,
CD0004343,C004343,AC0004343,10,Debit,Visa,Standard,2025-08-14,2030-09-28,Active,0,
CD0004344,C004344,AC0004344,2,Credit,Mastercard,Standard,2024-05-03,2030-09-26,Active,0,
CD0004345,C004345,AC0004345,1,Credit,Mastercard,Gold,2021-07-10,2029-04-30,Blocked,1,Lost/Stolen
CD0004346,C004346,AC0004346,1,Debit,Amex,Platinum,2024-09-03,2028-10-10,Expired,0,
CD0004347,C004347,AC0004347,3,Credit,Visa,Standard,2025-02-11,2029-03-17,Blocked,1,Excessive Attempts
CD0004348,C004348,AC0004348,9,Credit,Mastercard,Gold,2025-08-27,2030-01-07,Active,0,
CD0004349,C004349,AC0004349,3,Debit,Visa,Platinum,2025-03-20,2028-04-05,Active,0,
CD0004350,C004350,AC0004350,7,Debit,Visa,Standard,2022-02-10,2027-06-16,Active,0,
CD0004351,C004351,AC0004351,5,Debit,Visa,Gold,2018-11-26,2027-01-04,Blocked,1,Security Block
CD0004352,C004352,AC0004352,1,Debit,Visa,Platinum,2025-11-30,2028-12-29,Blocked,1,Security Block
CD0004353,C004353,AC0004353,5,Credit,Visa,Business,2024-01-22,2026-05-25,Active,0,
CD0004354,C004354,AC0004354,1,Credit,Mastercard,Business,2024-02-10,2029-06-24,Active,0,
CD0004355,C004355,AC0004355,5,Credit,Mastercard,Platinum,2021-04-05,2028-04-20,Active,0,
CD0004356,C004356,AC0004356,6,Debit,Mastercard,Gold,2022-07-24,2027-07-19,Active,0,
CD0004357,C004357,AC0004357,6,Credit,Amex,Standard,2018-09-14,2030-11-22,Active,0,
CD0004358,C004358,AC0004358,3,Credit,Visa,Business,2024-03-23,2029-11-15,Active,0,
CD0004359,C004359,AC0004359,8,Debit,Mastercard,Gold,2022-01-06,2030-10-03,Active,0,
CD0004360,C004360,AC0004360,6,Credit,Amex,Gold,2022-04-05,2027-02-10,Active,0,
CD0004361,C004361,AC0004361,3,Debit,Mastercard,Standard,2022-06-19,2027-04-10,Active,0,
CD0004362,C004362,AC0004362,5,Debit,Mastercard,Platinum,2019-01-26,2026-08-30,Blocked,1,Fraud Suspected
CD0004363,C004363,AC0004363,2,Debit,Visa,Business,2021-01-25,2026-12-19,Active,0,
CD0004364,C004364,AC0004364,10,Debit,Mastercard,Business,2020-11-11,2028-01-14,Active,0,
CD0004365,C004365,AC0004365,8,Credit,Mastercard,Gold,2022-08-15,2030-09-17,Blocked,1,Fraud Suspected
CD0004366,C004366,AC0004366,3,Debit,Visa,Platinum,2021-11-06,2026-09-30,Active,0,
CD0004367,C004367,AC0004367,7,Debit,Amex,Platinum,2022-07-02,2030-01-17,Blocked,1,Security Block
CD0004368,C004368,AC0004368,7,Debit,Amex,Business,2022-01-27,2029-07-23,Active,0,
CD0004369,C004369,AC0004369,7,Debit,Mastercard,Platinum,2024-03-12,2026-04-04,Active,0,
CD0004370,C004370,AC0004370,1,Debit,Visa,Standard,2019-08-01,2029-02-20,Active,0,
CD0004371,C004371,AC0004371,9,Debit,Visa,Platinum,2020-09-15,2029-03-15,Blocked,1,Lost/Stolen
CD0004372,C004372,AC0004372,10,Credit,Mastercard,Platinum,2024-02-26,2028-09-16,Active,0,
CD0004373,C004373,AC0004373,10,Credit,Mastercard,Standard,2024-02-13,2030-08-27,Expired,0,
CD0004374,C004374,AC0004374,10,Debit,Mastercard,Business,2020-04-09,2028-12-19,Active,0,
CD0004375,C004375,AC0004375,10,Credit,Mastercard,Gold,2021-07-21,2026-02-28,Active,0,
CD0004376,C004376,AC0004376,8,Debit,Visa,Gold,2021-07-16,2029-10-26,Active,0,
CD0004377,C004377,AC0004377,1,Debit,Amex,Platinum,2018-07-06,2029-08-29,Blocked,1,Fraud Suspected
CD0004378,C004378,AC0004378,5,Debit,Mastercard,Platinum,2022-02-23,2028-03-01,Active,0,
CD0004379,C004379,AC0004379,3,Credit,Mastercard,Gold,2025-06-12,2028-08-09,Active,0,
CD0004380,C004380,AC0004380,3,Debit,Mastercard,Gold,2019-05-21,2029-08-24,Blocked,1,Security Block
CD0004381,C004381,AC0004381,9,Credit,Amex,Standard,2021-12-07,2030-03-13,Active,0,
CD0004382,C004382,AC0004382,9,Debit,Visa,Platinum,2024-09-19,2026-11-01,Blocked,1,Excessive Attempts
CD0004383,C004383,AC0004383,6,Credit,Amex,Business,2023-07-12,2027-03-07,Blocked,1,Lost/Stolen
CD0004384,C004384,AC0004384,8,Debit,Mastercard,Business,2025-05-24,2030-05-19,Active,0,
CD0004385,C004385,AC0004385,2,Debit,Visa,Business,2022-04-05,2028-04-16,Active,0,
CD0004386,C004386,AC0004386,3,Credit,Visa,Platinum,2023-03-22,2030-06-27,Blocked,1,Lost/Stolen
CD0004387,C004387,AC0004387,9,Debit,Visa,Standard,2020-09-15,2029-10-15,Active,0,
CD0004388,C004388,AC0004388,5,Credit,Visa,Standard,2022-12-06,2030-12-04,Active,0,
CD0004389,C004389,AC0004389,6,Debit,Visa,Platinum,2020-01-23,2030-10-07,Active,0,
CD0004390,C004390,AC0004390,5,Credit,Amex,Standard,2024-06-22,2026-11-03,Active,0,
CD0004391,C004391,AC0004391,3,Debit,Visa,Gold,2018-10-30,2027-10-14,Blocked,1,Security Block
CD0004392,C004392,AC0004392,9,Debit,Mastercard,Business,2018-12-05,2029-08-31,Active,0,
CD0004393,C004393,AC0004393,8,Debit,Visa,Platinum,2024-08-21,2028-04-28,Active,0,
CD0004394,C004394,AC0004394,7,Credit,Visa,Standard,2020-04-03,2028-10-31,Blocked,1,Excessive Attempts
CD0004395,C004395,AC0004395,4,Credit,Mastercard,Gold,2022-10-13,2028-08-10,Expired,0,
CD0004396,C004396,AC0004396,7,Credit,Mastercard,Platinum,2019-12-02,2028-07-15,Active,0,
CD0004397,C004397,AC0004397,10,Debit,Mastercard,Platinum,2021-08-23,2026-05-28,Active,0,
CD0004398,C004398,AC0004398,7,Debit,Visa,Business,2025-02-06,2027-12-05,Expired,0,
CD0004399,C004399,AC0004399,5,Credit,Mastercard,Standard,2019-06-17,2027-07-06,Active,0,
CD0004400,C004400,AC0004400,3,Debit,Mastercard,Platinum,2020-05-04,2030-07-15,Active,0,
CD0004401,C004401,AC0004401,6,Debit,Mastercard,Business,2020-11-22,2028-08-16,Active,0,
CD0004402,C004402,AC0004402,4,Debit,Visa,Gold,2023-08-05,2030-12-29,Active,0,
CD0004403,C004403,AC0004403,7,Credit,Visa,Business,2023-06-25,2030-08-30,Active,0,
CD0004404,C004404,AC0004404,1,Debit,Amex,Business,2023-07-16,2030-04-04,Active,0,
CD0004405,C004405,AC0004405,2,Credit,Mastercard,Business,2024-03-18,2030-06-27,Blocked,1,Excessive Attempts
CD0004406,C004406,AC0004406,8,Credit,Mastercard,Platinum,2019-02-04,2028-07-01,Active,0,
CD0004407,C004407,AC0004407,4,Debit,Visa,Standard,2019-02-16,2026-10-20,Expired,0,
CD0004408,C004408,AC0004408,5,Debit,Mastercard,Standard,2023-10-26,2029-02-27,Active,0,
CD0004409,C004409,AC0004409,6,Debit,Amex,Business,2023-09-07,2029-11-01,Active,0,
CD0004410,C004410,AC0004410,5,Debit,Mastercard,Gold,2018-12-10,2026-10-14,Active,0,
CD0004411,C004411,AC0004411,8,Debit,Mastercard,Standard,2018-02-16,2026-06-03,Active,0,
CD0004412,C004412,AC0004412,3,Debit,Amex,Gold,2023-12-21,2030-09-09,Blocked,1,Security Block
CD0004413,C004413,AC0004413,8,Debit,Visa,Platinum,2018-11-20,2028-09-11,Active,0,
CD0004414,C004414,AC0004414,3,Credit,Visa,Gold,2021-02-26,2027-02-17,Blocked,1,Security Block
CD0004415,C004415,AC0004415,4,Debit,Visa,Platinum,2018-02-14,2027-03-14,Active,0,
CD0004416,C004416,AC0004416,6,Credit,Visa,Standard,2019-06-05,2026-03-02,Active,0,
CD0004417,C004417,AC0004417,9,Debit,Amex,Gold,2022-08-31,2027-03-30,Active,0,
CD0004418,C004418,AC0004418,3,Debit,Mastercard,Platinum,2022-11-28,2030-09-28,Active,0,
CD0004419,C004419,AC0004419,6,Debit,Visa,Gold,2018-02-27,2030-08-13,Active,0,
CD0004420,C004420,AC0004420,1,Debit,Visa,Standard,2024-03-31,2026-03-13,Active,0,
CD0004421,C004421,AC0004421,1,Credit,Amex,Standard,2018-06-12,2030-05-14,Active,0,
CD0004422,C004422,AC0004422,8,Debit,Mastercard,Gold,2023-11-27,2029-11-25,Active,0,
CD0004423,C004423,AC0004423,8,Credit,Visa,Standard,2018-12-08,2030-11-24,Active,0,
CD0004424,C004424,AC0004424,4,Debit,Mastercard,Standard,2018-12-19,2026-07-29,Active,0,
CD0004425,C004425,AC0004425,7,Credit,Amex,Gold,2021-10-25,2027-05-23,Active,0,
CD0004426,C004426,AC0004426,4,Debit,Mastercard,Gold,2020-06-26,2027-11-19,Active,0,
CD0004427,C004427,AC0004427,3,Debit,Visa,Gold,2018-08-21,2027-02-28,Active,0,
CD0004428,C004428,AC0004428,5,Debit,Mastercard,Gold,2021-10-19,2030-12-29,Expired,0,
CD0004429,C004429,AC0004429,4,Debit,Amex,Platinum,2024-05-09,2026-03-25,Active,0,
CD0004430,C004430,AC0004430,9,Debit,Mastercard,Standard,2023-11-09,2030-12-24,Active,0,
CD0004431,C004431,AC0004431,5,Credit,Mastercard,Platinum,2025-04-04,2028-08-22,Active,0,
CD0004432,C004432,AC0004432,4,Credit,Mastercard,Platinum,2024-09-11,2029-06-26,Active,0,
CD0004433,C004433,AC0004433,6,Debit,Mastercard,Platinum,2018-02-16,2028-08-22,Active,0,
CD0004434,C004434,AC0004434,8,Credit,Mastercard,Standard,2025-07-09,2027-08-14,Active,0,
CD0004435,C004435,AC0004435,3,Debit,Mastercard,Business,2019-04-10,2029-06-02,Active,0,
CD0004436,C004436,AC0004436,10,Debit,Visa,Platinum,2023-09-17,2030-07-11,Active,0,
CD0004437,C004437,AC0004437,5,Debit,Visa,Platinum,2020-08-15,2027-11-21,Active,0,
CD0004438,C004438,AC0004438,7,Debit,Visa,Platinum,2022-09-25,2026-04-03,Expired,0,
CD0004439,C004439,AC0004439,10,Credit,Amex,Gold,2023-11-02,2027-05-07,Active,0,
CD0004440,C004440,AC0004440,5,Credit,Visa,Platinum,2018-04-03,2029-12-17,Active,0,
CD0004441,C004441,AC0004441,2,Credit,Mastercard,Gold,2020-06-14,2029-12-07,Active,0,
CD0004442,C004442,AC0004442,8,Debit,Mastercard,Platinum,2021-04-16,2026-07-04,Active,0,
CD0004443,C004443,AC0004443,1,Debit,Visa,Business,2024-08-25,2030-01-31,Active,0,
CD0004444,C004444,AC0004444,5,Credit,Mastercard,Gold,2024-05-02,2029-02-27,Active,0,
CD0004445,C004445,AC0004445,10,Debit,Mastercard,Business,2025-06-09,2026-07-20,Active,0,
CD0004446,C004446,AC0004446,5,Debit,Mastercard,Gold,2022-01-27,2026-03-19,Active,0,
CD0004447,C004447,AC0004447,7,Credit,Visa,Gold,2019-01-11,2026-01-18,Active,0,
CD0004448,C004448,AC0004448,6,Debit,Visa,Gold,2025-11-17,2030-06-11,Active,0,
CD0004449,C004449,AC0004449,3,Credit,Visa,Platinum,2020-06-02,2028-10-16,Active,0,
CD0004450,C004450,AC0004450,4,Debit,Visa,Platinum,2018-11-03,2027-07-30,Active,0,
CD0004451,C004451,AC0004451,6,Credit,Mastercard,Gold,2020-12-25,2027-09-25,Active,0,
CD0004452,C004452,AC0004452,2,Debit,Mastercard,Business,2024-03-15,2030-08-01,Active,0,
CD0004453,C004453,AC0004453,5,Debit,Mastercard,Gold,2021-06-16,2030-09-05,Blocked,1,Security Block
CD0004454,C004454,AC0004454,5,Credit,Visa,Gold,2024-10-02,2028-04-08,Active,0,
CD0004455,C004455,AC0004455,9,Debit,Mastercard,Standard,2018-07-18,2027-07-18,Active,0,
CD0004456,C004456,AC0004456,2,Debit,Visa,Platinum,2025-04-08,2028-06-22,Active,0,
CD0004457,C004457,AC0004457,9,Debit,Mastercard,Gold,2021-01-22,2030-03-07,Active,0,
CD0004458,C004458,AC0004458,5,Credit,Visa,Platinum,2020-09-21,2027-12-23,Active,0,
CD0004459,C004459,AC0004459,7,Debit,Visa,Business,2021-10-03,2027-08-31,Active,0,
CD0004460,C004460,AC0004460,6,Debit,Mastercard,Business,2021-10-13,2027-11-20,Blocked,1,Security Block
CD0004461,C004461,AC0004461,3,Debit,Mastercard,Platinum,2020-04-29,2029-01-26,Blocked,1,Lost/Stolen
CD0004462,C004462,AC0004462,10,Credit,Mastercard,Standard,2021-09-19,2029-04-25,Active,0,
CD0004463,C004463,AC0004463,3,Credit,Mastercard,Business,2020-04-05,2026-03-08,Expired,0,
CD0004464,C004464,AC0004464,1,Debit,Amex,Gold,2023-12-06,2027-06-23,Active,0,
CD0004465,C004465,AC0004465,8,Debit,Visa,Gold,2021-01-05,2030-08-24,Active,0,
CD0004466,C004466,AC0004466,7,Credit,Visa,Standard,2024-08-27,2030-07-28,Active,0,
CD0004467,C004467,AC0004467,9,Credit,Mastercard,Gold,2021-07-14,2026-04-29,Active,0,
CD0004468,C004468,AC0004468,5,Debit,Mastercard,Gold,2019-07-26,2027-06-23,Active,0,
CD0004469,C004469,AC0004469,1,Credit,Mastercard,Gold,2022-07-22,2028-09-21,Active,0,
CD0004470,C004470,AC0004470,1,Debit,Mastercard,Standard,2018-03-04,2026-12-02,Active,0,
CD0004471,C004471,AC0004471,5,Credit,Mastercard,Business,2023-11-10,2029-07-09,Active,0,
CD0004472,C004472,AC0004472,3,Credit,Mastercard,Platinum,2025-09-18,2026-10-31,Active,0,
CD0004473,C004473,AC0004473,10,Credit,Visa,Platinum,2019-01-30,2026-06-20,Active,0,
CD0004474,C004474,AC0004474,2,Debit,Amex,Gold,2024-08-24,2026-05-28,Active,0,
CD0004475,C004475,AC0004475,9,Debit,Visa,Business,2018-03-17,2027-06-02,Active,0,
CD0004476,C004476,AC0004476,3,Credit,Visa,Platinum,2023-11-04,2028-06-02,Active,0,
CD0004477,C004477,AC0004477,2,Debit,Amex,Business,2019-06-09,2026-01-14,Blocked,1,Lost/Stolen
CD0004478,C004478,AC0004478,3,Debit,Visa,Business,2019-01-01,2027-08-26,Active,0,
CD0004479,C004479,AC0004479,2,Debit,Mastercard,Platinum,2025-08-25,2026-06-07,Active,0,
CD0004480,C004480,AC0004480,5,Debit,Mastercard,Standard,2025-08-03,2028-06-28,Expired,0,
CD0004481,C004481,AC0004481,4,Debit,Visa,Gold,2019-08-12,2027-03-29,Blocked,1,Security Block
CD0004482,C004482,AC0004482,6,Credit,Visa,Gold,2020-03-11,2030-05-04,Blocked,1,Security Block
CD0004483,C004483,AC0004483,6,Credit,Visa,Standard,2022-09-23,2026-12-12,Active,0,
CD0004484,C004484,AC0004484,1,Debit,Amex,Standard,2018-12-27,2030-12-10,Active,0,
CD0004485,C004485,AC0004485,2,Debit,Visa,Platinum,2019-05-30,2029-03-06,Blocked,1,Security Block
CD0004486,C004486,AC0004486,2,Debit,Visa,Standard,2018-02-28,2029-06-26,Blocked,1,Excessive Attempts
CD0004487,C004487,AC0004487,2,Credit,Visa,Business,2025-05-29,2028-09-10,Active,0,
CD0004488,C004488,AC0004488,1,Credit,Visa,Standard,2023-10-18,2030-06-18,Active,0,
CD0004489,C004489,AC0004489,4,Debit,Visa,Standard,2024-06-16,2030-01-02,Expired,0,
CD0004490,C004490,AC0004490,6,Debit,Mastercard,Gold,2021-05-05,2030-12-10,Active,0,
CD0004491,C004491,AC0004491,4,Credit,Visa,Business,2022-04-07,2028-09-06,Active,0,
CD0004492,C004492,AC0004492,4,Debit,Mastercard,Platinum,2024-01-01,2026-08-31,Active,0,
CD0004493,C004493,AC0004493,5,Debit,Visa,Platinum,2022-06-10,2026-02-19,Active,0,
CD0004494,C004494,AC0004494,6,Debit,Mastercard,Gold,2022-03-21,2030-09-09,Active,0,
CD0004495,C004495,AC0004495,4,Debit,Mastercard,Standard,2022-05-15,2029-10-12,Active,0,
CD0004496,C004496,AC0004496,3,Debit,Mastercard,Business,2020-12-07,2030-04-15,Active,0,
CD0004497,C004497,AC0004497,5,Debit,Mastercard,Gold,2023-03-19,2030-06-24,Active,0,
CD0004498,C004498,AC0004498,1,Debit,Visa,Business,2023-01-29,2028-06-05,Blocked,1,Excessive Attempts
CD0004499,C004499,AC0004499,5,Credit,Mastercard,Business,2024-04-12,2029-07-13,Active,0,
CD0004500,C004500,AC0004500,10,Debit,Visa,Platinum,2022-06-10,2027-11-23,Active,0,
CD0004501,C004501,AC0004501,4,Debit,Amex,Platinum,2018-03-22,2028-02-03,Active,0,
CD0004502,C004502,AC0004502,2,Debit,Mastercard,Platinum,2019-05-25,2028-03-01,Active,0,
CD0004503,C004503,AC0004503,8,Debit,Visa,Business,2021-01-12,2026-06-05,Blocked,1,Excessive Attempts
CD0004504,C004504,AC0004504,2,Debit,Visa,Gold,2021-10-21,2030-07-11,Active,0,
CD0004505,C004505,AC0004505,2,Credit,Mastercard,Standard,2023-09-08,2030-07-02,Active,0,
CD0004506,C004506,AC0004506,2,Debit,Mastercard,Gold,2025-10-31,2029-10-26,Active,0,
CD0004507,C004507,AC0004507,9,Debit,Mastercard,Standard,2021-01-22,2030-02-09,Active,0,
CD0004508,C004508,AC0004508,10,Debit,Mastercard,Gold,2019-06-12,2026-02-23,Blocked,1,Lost/Stolen
CD0004509,C004509,AC0004509,6,Credit,Visa,Standard,2023-07-27,2026-12-04,Active,0,
CD0004510,C004510,AC0004510,7,Credit,Mastercard,Gold,2018-12-15,2030-09-22,Active,0,
CD0004511,C004511,AC0004511,7,Debit,Mastercard,Platinum,2021-06-15,2028-10-19,Active,0,
CD0004512,C004512,AC0004512,7,Credit,Visa,Standard,2019-01-29,2026-07-31,Active,0,
CD0004513,C004513,AC0004513,6,Debit,Visa,Platinum,2022-02-07,2030-08-04,Active,0,
CD0004514,C004514,AC0004514,10,Debit,Visa,Platinum,2018-10-19,2026-04-07,Active,0,
CD0004515,C004515,AC0004515,8,Debit,Visa,Gold,2018-02-20,2028-05-02,Blocked,1,Security Block
CD0004516,C004516,AC0004516,1,Credit,Amex,Gold,2023-09-07,2028-01-18,Active,0,
CD0004517,C004517,AC0004517,4,Debit,Mastercard,Platinum,2018-11-25,2026-03-20,Active,0,
CD0004518,C004518,AC0004518,10,Debit,Visa,Gold,2021-03-04,2027-10-12,Active,0,
CD0004519,C004519,AC0004519,5,Credit,Visa,Gold,2020-03-16,2027-01-31,Active,0,
CD0004520,C004520,AC0004520,3,Debit,Amex,Platinum,2022-09-29,2029-02-11,Active,0,
CD0004521,C004521,AC0004521,9,Debit,Mastercard,Business,2018-07-13,2029-11-30,Active,0,
CD0004522,C004522,AC0004522,7,Debit,Mastercard,Platinum,2022-06-17,2026-01-31,Active,0,
CD0004523,C004523,AC0004523,6,Debit,Mastercard,Platinum,2019-09-09,2028-03-01,Active,0,
CD0004524,C004524,AC0004524,5,Credit,Mastercard,Gold,2023-08-09,2029-05-08,Active,0,
CD0004525,C004525,AC0004525,2,Credit,Visa,Business,2018-04-11,2026-05-26,Active,0,
CD0004526,C004526,AC0004526,4,Debit,Mastercard,Standard,2019-08-19,2026-03-11,Active,0,
CD0004527,C004527,AC0004527,5,Debit,Mastercard,Standard,2018-12-10,2030-10-03,Active,0,
CD0004528,C004528,AC0004528,10,Debit,Mastercard,Platinum,2023-06-25,2028-05-12,Active,0,
CD0004529,C004529,AC0004529,4,Credit,Visa,Gold,2019-05-08,2027-04-06,Active,0,
CD0004530,C004530,AC0004530,2,Credit,Amex,Platinum,2021-11-10,2029-10-30,Active,0,
CD0004531,C004531,AC0004531,5,Debit,Visa,Business,2022-02-18,2028-02-17,Active,0,
CD0004532,C004532,AC0004532,10,Debit,Amex,Business,2022-12-06,2029-05-17,Active,0,
CD0004533,C004533,AC0004533,5,Debit,Visa,Gold,2020-07-01,2027-07-15,Blocked,1,Security Block
CD0004534,C004534,AC0004534,4,Debit,Visa,Platinum,2025-11-24,2028-01-24,Active,0,
CD0004535,C004535,AC0004535,7,Debit,Visa,Platinum,2025-04-24,2026-10-17,Active,0,
CD0004536,C004536,AC0004536,7,Credit,Visa,Gold,2025-12-18,2027-05-18,Active,0,
CD0004537,C004537,AC0004537,3,Debit,Mastercard,Standard,2024-02-16,2026-05-19,Active,0,
CD0004538,C004538,AC0004538,10,Debit,Mastercard,Platinum,2019-08-05,2027-10-05,Active,0,
CD0004539,C004539,AC0004539,6,Debit,Mastercard,Business,2018-08-21,2028-12-22,Expired,0,
CD0004540,C004540,AC0004540,1,Debit,Mastercard,Standard,2023-05-19,2026-01-29,Blocked,1,Fraud Suspected
CD0004541,C004541,AC0004541,5,Credit,Mastercard,Platinum,2021-04-12,2027-06-19,Active,0,
CD0004542,C004542,AC0004542,10,Debit,Visa,Standard,2019-04-23,2029-12-03,Active,0,
CD0004543,C004543,AC0004543,4,Credit,Mastercard,Platinum,2018-05-02,2029-08-14,Active,0,
CD0004544,C004544,AC0004544,6,Credit,Visa,Standard,2021-04-15,2027-04-04,Active,0,
CD0004545,C004545,AC0004545,7,Credit,Mastercard,Gold,2025-04-23,2027-09-18,Active,0,
CD0004546,C004546,AC0004546,8,Debit,Visa,Business,2021-11-14,2027-09-12,Active,0,
CD0004547,C004547,AC0004547,9,Debit,Visa,Business,2018-05-16,2026-06-28,Active,0,
CD0004548,C004548,AC0004548,2,Debit,Amex,Standard,2022-07-24,2027-11-08,Active,0,
CD0004549,C004549,AC0004549,6,Debit,Mastercard,Standard,2023-03-06,2027-05-12,Active,0,
CD0004550,C004550,AC0004550,6,Credit,Visa,Platinum,2021-02-11,2028-05-18,Active,0,
CD0004551,C004551,AC0004551,2,Debit,Mastercard,Standard,2022-06-23,2026-02-28,Blocked,1,Fraud Suspected
CD0004552,C004552,AC0004552,7,Debit,Mastercard,Business,2021-06-09,2026-05-13,Active,0,
CD0004553,C004553,AC0004553,2,Debit,Visa,Business,2024-01-23,2029-10-21,Active,0,
CD0004554,C004554,AC0004554,5,Debit,Mastercard,Platinum,2025-10-06,2027-02-26,Active,0,
CD0004555,C004555,AC0004555,4,Debit,Mastercard,Standard,2018-02-17,2026-11-15,Active,0,
CD0004556,C004556,AC0004556,2,Debit,Mastercard,Business,2021-02-12,2030-05-12,Active,0,
CD0004557,C004557,AC0004557,9,Debit,Mastercard,Platinum,2023-10-08,2027-08-26,Active,0,
CD0004558,C004558,AC0004558,3,Debit,Visa,Platinum,2020-12-04,2029-02-13,Active,0,
CD0004559,C004559,AC0004559,3,Debit,Visa,Standard,2022-07-10,2028-01-01,Active,0,
CD0004560,C004560,AC0004560,9,Debit,Visa,Gold,2020-06-03,2029-06-02,Active,0,
CD0004561,C004561,AC0004561,9,Credit,Mastercard,Gold,2022-09-24,2026-08-05,Active,0,
CD0004562,C004562,AC0004562,1,Credit,Visa,Platinum,2020-08-08,2030-10-22,Active,0,
CD0004563,C004563,AC0004563,3,Debit,Visa,Platinum,2022-08-19,2027-03-04,Active,0,
CD0004564,C004564,AC0004564,8,Credit,Visa,Platinum,2024-12-26,2030-10-02,Active,0,
CD0004565,C004565,AC0004565,8,Debit,Visa,Platinum,2025-09-29,2028-06-21,Active,0,
CD0004566,C004566,AC0004566,10,Debit,Mastercard,Gold,2022-06-30,2029-09-22,Active,0,
CD0004567,C004567,AC0004567,6,Credit,Visa,Standard,2024-09-30,2029-12-20,Active,0,
CD0004568,C004568,AC0004568,1,Credit,Visa,Business,2018-06-04,2026-11-11,Active,0,
CD0004569,C004569,AC0004569,9,Credit,Mastercard,Platinum,2023-05-23,2028-10-29,Blocked,1,Security Block
CD0004570,C004570,AC0004570,2,Debit,Mastercard,Business,2023-09-17,2030-08-12,Active,0,
CD0004571,C004571,AC0004571,2,Credit,Visa,Standard,2023-09-09,2030-04-29,Active,0,
CD0004572,C004572,AC0004572,7,Debit,Mastercard,Platinum,2023-06-05,2030-01-05,Active,0,
CD0004573,C004573,AC0004573,7,Credit,Mastercard,Standard,2018-09-17,2029-11-01,Active,0,
CD0004574,C004574,AC0004574,1,Debit,Mastercard,Gold,2021-12-27,2030-05-13,Active,0,
CD0004575,C004575,AC0004575,2,Credit,Visa,Standard,2025-01-01,2028-12-18,Active,0,
CD0004576,C004576,AC0004576,6,Debit,Visa,Platinum,2025-06-04,2028-05-09,Active,0,
CD0004577,C004577,AC0004577,3,Debit,Visa,Gold,2025-06-22,2028-02-17,Active,0,
CD0004578,C004578,AC0004578,7,Debit,Visa,Standard,2025-07-10,2027-05-27,Active,0,
CD0004579,C004579,AC0004579,5,Debit,Amex,Business,2018-02-05,2029-04-11,Active,0,
CD0004580,C004580,AC0004580,6,Debit,Amex,Business,2024-04-18,2026-07-01,Active,0,
CD0004581,C004581,AC0004581,5,Debit,Visa,Business,2022-09-08,2028-04-19,Blocked,1,Lost/Stolen
CD0004582,C004582,AC0004582,4,Credit,Visa,Platinum,2021-11-11,2030-05-09,Blocked,1,Excessive Attempts
CD0004583,C004583,AC0004583,4,Credit,Amex,Platinum,2022-04-08,2028-01-21,Active,0,
CD0004584,C004584,AC0004584,7,Debit,Mastercard,Platinum,2024-07-23,2029-04-24,Active,0,
CD0004585,C004585,AC0004585,6,Debit,Visa,Business,2025-09-14,2030-08-21,Blocked,1,Excessive Attempts
CD0004586,C004586,AC0004586,6,Credit,Visa,Business,2020-06-30,2029-07-07,Active,0,
CD0004587,C004587,AC0004587,6,Credit,Visa,Standard,2018-06-08,2027-10-10,Active,0,
CD0004588,C004588,AC0004588,3,Debit,Visa,Standard,2025-06-26,2029-09-09,Blocked,1,Lost/Stolen
CD0004589,C004589,AC0004589,10,Debit,Visa,Gold,2022-04-03,2028-06-29,Active,0,
CD0004590,C004590,AC0004590,6,Debit,Visa,Standard,2024-06-10,2027-06-20,Active,0,
CD0004591,C004591,AC0004591,8,Credit,Mastercard,Platinum,2018-03-13,2029-01-10,Active,0,
CD0004592,C004592,AC0004592,9,Debit,Visa,Gold,2023-03-22,2026-04-03,Active,0,
CD0004593,C004593,AC0004593,10,Debit,Mastercard,Standard,2019-07-04,2030-08-27,Active,0,
CD0004594,C004594,AC0004594,7,Credit,Visa,Gold,2019-01-07,2028-07-11,Blocked,1,Excessive Attempts
CD0004595,C004595,AC0004595,8,Debit,Visa,Standard,2020-04-06,2030-04-15,Active,0,
CD0004596,C004596,AC0004596,5,Debit,Mastercard,Business,2024-01-15,2029-10-15,Active,0,
CD0004597,C004597,AC0004597,8,Credit,Visa,Platinum,2024-03-14,2028-12-15,Active,0,
CD0004598,C004598,AC0004598,4,Debit,Mastercard,Gold,2020-07-12,2028-07-05,Active,0,
CD0004599,C004599,AC0004599,8,Debit,Visa,Business,2020-07-09,2030-01-02,Active,0,
CD0004600,C004600,AC0004600,1,Debit,Mastercard,Gold,2022-06-04,2027-03-23,Active,0,
CD0004601,C004601,AC0004601,10,Debit,Mastercard,Gold,2020-03-12,2027-10-27,Active,0,
CD0004602,C004602,AC0004602,3,Debit,Mastercard,Platinum,2023-11-21,2026-08-16,Active,0,
CD0004603,C004603,AC0004603,7,Credit,Mastercard,Business,2022-06-14,2027-12-08,Expired,0,
CD0004604,C004604,AC0004604,1,Debit,Amex,Gold,2024-11-24,2026-08-04,Active,0,
CD0004605,C004605,AC0004605,2,Debit,Visa,Business,2022-11-16,2029-07-08,Active,0,
CD0004606,C004606,AC0004606,10,Debit,Visa,Gold,2018-02-05,2028-03-19,Blocked,1,Security Block
CD0004607,C004607,AC0004607,9,Credit,Mastercard,Gold,2022-05-06,2030-01-07,Blocked,1,Security Block
CD0004608,C004608,AC0004608,3,Debit,Visa,Standard,2023-09-06,2029-02-19,Active,0,
CD0004609,C004609,AC0004609,2,Debit,Mastercard,Gold,2023-10-23,2030-01-26,Blocked,1,Security Block
CD0004610,C004610,AC0004610,9,Credit,Mastercard,Standard,2021-04-12,2026-11-04,Blocked,1,Security Block
CD0004611,C004611,AC0004611,10,Debit,Mastercard,Business,2022-06-13,2026-09-24,Active,0,
CD0004612,C004612,AC0004612,2,Credit,Visa,Standard,2020-12-11,2027-05-15,Blocked,1,Security Block
CD0004613,C004613,AC0004613,7,Debit,Visa,Platinum,2018-01-15,2027-11-15,Active,0,
CD0004614,C004614,AC0004614,3,Credit,Mastercard,Business,2020-05-15,2026-08-02,Active,0,
CD0004615,C004615,AC0004615,8,Debit,Mastercard,Business,2019-09-11,2027-11-09,Active,0,
CD0004616,C004616,AC0004616,5,Debit,Amex,Platinum,2025-11-09,2029-01-23,Active,0,
CD0004617,C004617,AC0004617,2,Credit,Mastercard,Gold,2021-05-30,2030-01-19,Active,0,
CD0004618,C004618,AC0004618,4,Credit,Mastercard,Platinum,2024-08-27,2029-09-15,Active,0,
CD0004619,C004619,AC0004619,6,Debit,Mastercard,Standard,2021-11-27,2027-01-01,Active,0,
CD0004620,C004620,AC0004620,8,Debit,Visa,Gold,2022-02-19,2026-09-23,Expired,0,
CD0004621,C004621,AC0004621,1,Debit,Mastercard,Gold,2018-07-29,2029-03-27,Active,0,
CD0004622,C004622,AC0004622,10,Debit,Mastercard,Gold,2019-12-01,2026-01-26,Active,0,
CD0004623,C004623,AC0004623,7,Credit,Mastercard,Gold,2018-07-15,2030-09-05,Active,0,
CD0004624,C004624,AC0004624,9,Credit,Mastercard,Platinum,2023-07-30,2030-06-24,Active,0,
CD0004625,C004625,AC0004625,10,Credit,Visa,Gold,2020-12-15,2026-03-29,Expired,0,
CD0004626,C004626,AC0004626,2,Debit,Mastercard,Standard,2020-08-04,2028-05-01,Active,0,
CD0004627,C004627,AC0004627,1,Credit,Visa,Business,2018-02-11,2027-04-02,Active,0,
CD0004628,C004628,AC0004628,8,Debit,Amex,Gold,2021-05-02,2029-03-06,Active,0,
CD0004629,C004629,AC0004629,2,Credit,Mastercard,Gold,2020-07-14,2027-06-04,Active,0,
CD0004630,C004630,AC0004630,2,Credit,Visa,Business,2023-07-14,2030-05-12,Active,0,
CD0004631,C004631,AC0004631,5,Debit,Visa,Platinum,2021-10-08,2026-04-16,Active,0,
CD0004632,C004632,AC0004632,10,Debit,Mastercard,Gold,2021-09-10,2028-06-20,Blocked,1,Excessive Attempts
CD0004633,C004633,AC0004633,8,Credit,Mastercard,Standard,2025-06-19,2027-05-30,Active,0,
CD0004634,C004634,AC0004634,6,Debit,Mastercard,Platinum,2019-07-06,2026-01-06,Active,0,
CD0004635,C004635,AC0004635,2,Credit,Amex,Platinum,2022-07-24,2030-05-12,Active,0,
CD0004636,C004636,AC0004636,4,Credit,Amex,Platinum,2025-11-21,2027-06-02,Active,0,
CD0004637,C004637,AC0004637,7,Debit,Visa,Business,2022-04-22,2030-12-02,Blocked,1,Fraud Suspected
CD0004638,C004638,AC0004638,2,Credit,Mastercard,Business,2024-07-06,2027-12-20,Blocked,1,Security Block
CD0004639,C004639,AC0004639,6,Debit,Mastercard,Platinum,2019-08-01,2027-08-06,Active,0,
CD0004640,C004640,AC0004640,1,Debit,Visa,Standard,2022-11-26,2028-12-30,Active,0,
CD0004641,C004641,AC0004641,4,Debit,Visa,Platinum,2022-12-31,2027-05-18,Active,0,
CD0004642,C004642,AC0004642,3,Debit,Visa,Standard,2024-05-21,2029-06-17,Active,0,
CD0004643,C004643,AC0004643,7,Credit,Amex,Business,2018-10-03,2028-04-30,Active,0,
CD0004644,C004644,AC0004644,10,Credit,Mastercard,Platinum,2019-03-07,2027-09-06,Blocked,1,Fraud Suspected
CD0004645,C004645,AC0004645,2,Credit,Mastercard,Business,2020-02-23,2029-03-26,Active,0,
CD0004646,C004646,AC0004646,8,Credit,Visa,Gold,2021-03-03,2030-12-18,Active,0,
CD0004647,C004647,AC0004647,7,Debit,Mastercard,Gold,2021-04-28,2027-06-27,Active,0,
CD0004648,C004648,AC0004648,10,Credit,Visa,Gold,2021-08-04,2030-03-21,Active,0,
CD0004649,C004649,AC0004649,10,Debit,Visa,Standard,2022-09-26,2026-02-16,Active,0,
CD0004650,C004650,AC0004650,2,Debit,Visa,Gold,2019-04-17,2027-06-05,Blocked,1,Lost/Stolen
CD0004651,C004651,AC0004651,8,Debit,Mastercard,Standard,2021-11-24,2029-01-17,Active,0,
CD0004652,C004652,AC0004652,6,Debit,Amex,Standard,2021-10-26,2027-03-09,Active,0,
CD0004653,C004653,AC0004653,2,Debit,Mastercard,Standard,2020-01-11,2030-01-02,Active,0,
CD0004654,C004654,AC0004654,3,Debit,Visa,Standard,2021-06-19,2026-12-14,Active,0,
CD0004655,C004655,AC0004655,10,Debit,Visa,Platinum,2019-03-17,2028-06-19,Active,0,
CD0004656,C004656,AC0004656,6,Credit,Mastercard,Gold,2018-02-08,2030-08-13,Active,0,
CD0004657,C004657,AC0004657,4,Debit,Amex,Business,2022-02-23,2027-05-12,Active,0,
CD0004658,C004658,AC0004658,4,Credit,Visa,Standard,2021-08-27,2028-12-13,Active,0,
CD0004659,C004659,AC0004659,9,Credit,Visa,Gold,2022-05-16,2030-04-07,Active,0,
CD0004660,C004660,AC0004660,3,Debit,Mastercard,Business,2023-12-08,2028-07-11,Active,0,
CD0004661,C004661,AC0004661,2,Debit,Mastercard,Platinum,2019-01-07,2028-03-10,Active,0,
CD0004662,C004662,AC0004662,6,Debit,Visa,Platinum,2019-07-23,2027-06-27,Active,0,
CD0004663,C004663,AC0004663,10,Debit,Mastercard,Standard,2023-09-02,2026-02-22,Blocked,1,Fraud Suspected
CD0004664,C004664,AC0004664,2,Credit,Visa,Business,2020-04-24,2028-02-13,Active,0,
CD0004665,C004665,AC0004665,3,Credit,Amex,Standard,2022-09-02,2028-12-17,Blocked,1,Excessive Attempts
CD0004666,C004666,AC0004666,5,Credit,Visa,Standard,2025-04-21,2026-11-23,Active,0,
CD0004667,C004667,AC0004667,2,Credit,Mastercard,Gold,2022-04-21,2027-06-29,Blocked,1,Fraud Suspected
CD0004668,C004668,AC0004668,7,Debit,Mastercard,Standard,2022-04-26,2026-08-22,Blocked,1,Security Block
CD0004669,C004669,AC0004669,3,Credit,Mastercard,Platinum,2021-09-27,2029-01-11,Active,0,
CD0004670,C004670,AC0004670,2,Debit,Visa,Platinum,2020-03-09,2030-08-16,Blocked,1,Excessive Attempts
CD0004671,C004671,AC0004671,3,Debit,Mastercard,Gold,2018-06-23,2030-09-15,Active,0,
CD0004672,C004672,AC0004672,10,Credit,Visa,Standard,2022-06-08,2028-01-27,Active,0,
CD0004673,C004673,AC0004673,10,Debit,Amex,Platinum,2022-10-26,2026-01-07,Active,0,
CD0004674,C004674,AC0004674,6,Debit,Visa,Gold,2018-01-15,2029-12-16,Expired,0,
CD0004675,C004675,AC0004675,5,Debit,Visa,Business,2022-06-15,2029-09-05,Blocked,1,Security Block
CD0004676,C004676,AC0004676,9,Debit,Mastercard,Gold,2023-09-10,2027-10-25,Blocked,1,Security Block
CD0004677,C004677,AC0004677,2,Debit,Mastercard,Gold,2020-11-18,2027-11-09,Blocked,1,Excessive Attempts
CD0004678,C004678,AC0004678,7,Credit,Mastercard,Business,2022-11-27,2027-09-11,Active,0,
CD0004679,C004679,AC0004679,7,Debit,Mastercard,Platinum,2022-08-29,2029-01-27,Active,0,
CD0004680,C004680,AC0004680,8,Debit,Visa,Standard,2020-09-07,2026-12-08,Active,0,
CD0004681,C004681,AC0004681,3,Credit,Amex,Business,2020-12-26,2026-10-20,Active,0,
CD0004682,C004682,AC0004682,8,Debit,Mastercard,Platinum,2020-02-17,2030-03-11,Active,0,
CD0004683,C004683,AC0004683,7,Debit,Mastercard,Gold,2025-10-19,2029-10-22,Active,0,
CD0004684,C004684,AC0004684,9,Debit,Visa,Gold,2018-05-01,2027-01-04,Blocked,1,Security Block
CD0004685,C004685,AC0004685,2,Debit,Visa,Platinum,2024-01-18,2030-02-06,Active,0,
CD0004686,C004686,AC0004686,7,Debit,Mastercard,Gold,2025-10-14,2027-06-17,Active,0,
CD0004687,C004687,AC0004687,9,Debit,Visa,Platinum,2018-06-02,2030-05-18,Active,0,
CD0004688,C004688,AC0004688,3,Debit,Mastercard,Gold,2022-09-16,2030-11-06,Active,0,
CD0004689,C004689,AC0004689,8,Debit,Mastercard,Business,2022-09-26,2029-11-10,Blocked,1,Security Block
CD0004690,C004690,AC0004690,1,Debit,Visa,Platinum,2025-05-16,2026-09-03,Active,0,
CD0004691,C004691,AC0004691,8,Credit,Mastercard,Platinum,2020-06-27,2030-11-13,Active,0,
CD0004692,C004692,AC0004692,7,Credit,Visa,Platinum,2022-05-26,2029-09-24,Active,0,
CD0004693,C004693,AC0004693,2,Debit,Mastercard,Platinum,2019-05-25,2030-03-02,Blocked,1,Security Block
CD0004694,C004694,AC0004694,1,Credit,Visa,Gold,2025-10-19,2026-12-12,Active,0,
CD0004695,C004695,AC0004695,8,Debit,Visa,Business,2022-05-27,2026-09-16,Active,0,
CD0004696,C004696,AC0004696,3,Debit,Visa,Business,2024-05-29,2029-10-22,Blocked,1,Excessive Attempts
CD0004697,C004697,AC0004697,5,Debit,Mastercard,Standard,2018-11-28,2030-06-23,Active,0,
CD0004698,C004698,AC0004698,1,Credit,Visa,Platinum,2018-04-29,2029-09-14,Blocked,1,Lost/Stolen
CD0004699,C004699,AC0004699,10,Debit,Amex,Platinum,2024-04-01,2027-07-19,Active,0,
CD0004700,C004700,AC0004700,6,Credit,Mastercard,Standard,2021-03-31,2027-04-10,Blocked,1,Lost/Stolen
CD0004701,C004701,AC0004701,10,Debit,Visa,Platinum,2019-08-27,2027-03-20,Active,0,
CD0004702,C004702,AC0004702,2,Debit,Visa,Gold,2018-05-27,2030-10-22,Active,0,
CD0004703,C004703,AC0004703,3,Debit,Amex,Platinum,2024-07-06,2030-11-23,Blocked,1,Security Block
CD0004704,C004704,AC0004704,7,Debit,Visa,Standard,2019-07-23,2030-05-29,Active,0,
CD0004705,C004705,AC0004705,7,Debit,Mastercard,Standard,2019-04-01,2029-11-11,Active,0,
CD0004706,C004706,AC0004706,8,Credit,Mastercard,Business,2024-08-13,2027-10-10,Expired,0,
CD0004707,C004707,AC0004707,10,Debit,Mastercard,Business,2025-08-13,2029-08-29,Active,0,
CD0004708,C004708,AC0004708,9,Credit,Mastercard,Standard,2022-08-12,2028-11-29,Active,0,
CD0004709,C004709,AC0004709,2,Debit,Amex,Standard,2022-10-25,2028-10-12,Active,0,
CD0004710,C004710,AC0004710,4,Debit,Amex,Platinum,2021-04-28,2027-12-18,Active,0,
CD0004711,C004711,AC0004711,10,Credit,Mastercard,Business,2022-03-04,2030-04-20,Blocked,1,Security Block
CD0004712,C004712,AC0004712,6,Credit,Visa,Gold,2023-04-05,2030-07-29,Active,0,
CD0004713,C004713,AC0004713,9,Credit,Visa,Platinum,2021-10-10,2027-03-20,Active,0,
CD0004714,C004714,AC0004714,6,Debit,Mastercard,Standard,2021-04-27,2027-08-24,Active,0,
CD0004715,C004715,AC0004715,1,Debit,Visa,Standard,2019-06-30,2029-02-04,Active,0,
CD0004716,C004716,AC0004716,5,Credit,Mastercard,Gold,2019-03-25,2029-04-22,Active,0,
CD0004717,C004717,AC0004717,9,Credit,Mastercard,Standard,2025-10-09,2029-03-13,Active,0,
CD0004718,C004718,AC0004718,7,Debit,Mastercard,Platinum,2024-08-30,2026-11-19,Active,0,
CD0004719,C004719,AC0004719,2,Debit,Visa,Platinum,2019-06-07,2027-12-27,Expired,0,
CD0004720,C004720,AC0004720,3,Debit,Visa,Business,2023-08-12,2028-12-21,Active,0,
CD0004721,C004721,AC0004721,9,Debit,Visa,Business,2020-03-22,2029-03-05,Active,0,
CD0004722,C004722,AC0004722,10,Credit,Visa,Gold,2022-05-14,2027-05-02,Active,0,
CD0004723,C004723,AC0004723,8,Debit,Visa,Business,2022-03-22,2030-04-08,Active,0,
CD0004724,C004724,AC0004724,1,Debit,Amex,Gold,2025-10-23,2029-03-12,Active,0,
CD0004725,C004725,AC0004725,7,Debit,Mastercard,Platinum,2018-03-17,2026-10-10,Active,0,
CD0004726,C004726,AC0004726,9,Debit,Mastercard,Gold,2024-12-20,2028-09-21,Active,0,
CD0004727,C004727,AC0004727,7,Credit,Visa,Standard,2018-05-13,2027-07-07,Active,0,
CD0004728,C004728,AC0004728,6,Debit,Visa,Gold,2021-07-19,2027-09-21,Expired,0,
CD0004729,C004729,AC0004729,5,Credit,Visa,Standard,2021-01-13,2026-08-22,Active,0,
CD0004730,C004730,AC0004730,3,Debit,Visa,Standard,2023-08-19,2027-10-05,Blocked,1,Excessive Attempts
CD0004731,C004731,AC0004731,3,Debit,Mastercard,Platinum,2021-04-07,2029-12-18,Active,0,
CD0004732,C004732,AC0004732,8,Debit,Visa,Standard,2023-10-23,2028-08-14,Active,0,
CD0004733,C004733,AC0004733,1,Credit,Visa,Platinum,2020-12-07,2030-11-17,Active,0,
CD0004734,C004734,AC0004734,1,Debit,Amex,Standard,2023-03-17,2027-06-01,Active,0,
CD0004735,C004735,AC0004735,4,Credit,Visa,Business,2018-07-08,2029-06-07,Active,0,
CD0004736,C004736,AC0004736,8,Debit,Mastercard,Platinum,2019-03-05,2028-03-24,Active,0,
CD0004737,C004737,AC0004737,7,Debit,Mastercard,Platinum,2022-12-18,2030-03-08,Blocked,1,Security Block
CD0004738,C004738,AC0004738,6,Credit,Amex,Gold,2022-12-16,2028-10-11,Active,0,
CD0004739,C004739,AC0004739,6,Credit,Mastercard,Business,2019-09-04,2027-05-01,Active,0,
CD0004740,C004740,AC0004740,2,Debit,Mastercard,Platinum,2019-02-18,2026-11-14,Active,0,
CD0004741,C004741,AC0004741,4,Debit,Visa,Standard,2020-01-25,2028-08-29,Blocked,1,Excessive Attempts
CD0004742,C004742,AC0004742,1,Debit,Mastercard,Business,2024-01-19,2026-11-22,Blocked,1,Security Block
CD0004743,C004743,AC0004743,8,Debit,Visa,Business,2024-12-10,2028-11-01,Active,0,
CD0004744,C004744,AC0004744,8,Debit,Visa,Platinum,2019-12-22,2029-11-15,Active,0,
CD0004745,C004745,AC0004745,3,Debit,Mastercard,Standard,2025-04-08,2026-11-11,Blocked,1,Security Block
CD0004746,C004746,AC0004746,3,Credit,Mastercard,Platinum,2018-04-08,2028-02-19,Blocked,1,Fraud Suspected
CD0004747,C004747,AC0004747,4,Debit,Mastercard,Platinum,2021-05-27,2029-10-22,Active,0,
CD0004748,C004748,AC0004748,9,Credit,Mastercard,Business,2025-02-02,2028-07-20,Active,0,
CD0004749,C004749,AC0004749,5,Debit,Mastercard,Gold,2025-10-17,2029-04-14,Blocked,1,Lost/Stolen
CD0004750,C004750,AC0004750,8,Credit,Visa,Standard,2021-10-22,2026-02-28,Active,0,
CD0004751,C004751,AC0004751,5,Debit,Amex,Standard,2020-04-14,2029-10-29,Active,0,
CD0004752,C004752,AC0004752,7,Debit,Visa,Platinum,2024-12-18,2027-02-09,Blocked,1,Security Block
CD0004753,C004753,AC0004753,6,Debit,Mastercard,Platinum,2024-10-07,2030-10-31,Active,0,
CD0004754,C004754,AC0004754,3,Debit,Mastercard,Gold,2022-05-28,2027-05-28,Active,0,
CD0004755,C004755,AC0004755,9,Debit,Mastercard,Platinum,2021-11-27,2028-06-29,Active,0,
CD0004756,C004756,AC0004756,8,Debit,Visa,Platinum,2018-10-17,2028-03-10,Active,0,
CD0004757,C004757,AC0004757,8,Credit,Mastercard,Gold,2021-11-19,2026-04-15,Active,0,
CD0004758,C004758,AC0004758,10,Debit,Amex,Standard,2024-12-09,2027-06-12,Active,0,
CD0004759,C004759,AC0004759,3,Debit,Mastercard,Gold,2023-10-06,2028-01-19,Active,0,
CD0004760,C004760,AC0004760,1,Credit,Mastercard,Business,2022-08-17,2026-06-30,Active,0,
CD0004761,C004761,AC0004761,6,Debit,Visa,Platinum,2024-01-07,2028-08-23,Active,0,
CD0004762,C004762,AC0004762,4,Debit,Mastercard,Standard,2024-04-09,2028-10-06,Active,0,
CD0004763,C004763,AC0004763,5,Debit,Amex,Gold,2019-09-18,2026-11-25,Active,0,
CD0004764,C004764,AC0004764,3,Credit,Mastercard,Platinum,2022-04-01,2028-06-24,Active,0,
CD0004765,C004765,AC0004765,4,Debit,Mastercard,Business,2018-09-27,2030-12-20,Active,0,
CD0004766,C004766,AC0004766,4,Credit,Mastercard,Platinum,2022-04-03,2028-07-12,Active,0,
CD0004767,C004767,AC0004767,4,Debit,Visa,Business,2024-04-17,2028-03-19,Blocked,1,Security Block
CD0004768,C004768,AC0004768,8,Credit,Mastercard,Platinum,2018-07-04,2026-09-15,Active,0,
CD0004769,C004769,AC0004769,6,Debit,Mastercard,Gold,2020-10-24,2030-08-19,Active,0,
CD0004770,C004770,AC0004770,5,Debit,Mastercard,Business,2024-04-14,2026-06-17,Blocked,1,Lost/Stolen
CD0004771,C004771,AC0004771,2,Credit,Visa,Gold,2020-03-27,2028-10-05,Active,0,
CD0004772,C004772,AC0004772,6,Debit,Mastercard,Gold,2018-04-21,2029-03-10,Blocked,1,Security Block
CD0004773,C004773,AC0004773,2,Credit,Mastercard,Business,2020-09-10,2029-02-27,Active,0,
CD0004774,C004774,AC0004774,4,Debit,Visa,Platinum,2019-05-03,2028-08-20,Active,0,
CD0004775,C004775,AC0004775,5,Debit,Visa,Platinum,2025-10-03,2028-04-28,Active,0,
CD0004776,C004776,AC0004776,2,Credit,Visa,Standard,2021-03-09,2028-03-11,Active,0,
CD0004777,C004777,AC0004777,4,Debit,Mastercard,Standard,2020-02-11,2028-11-13,Active,0,
CD0004778,C004778,AC0004778,3,Credit,Visa,Standard,2021-04-28,2027-12-24,Active,0,
CD0004779,C004779,AC0004779,9,Debit,Mastercard,Platinum,2023-08-22,2030-12-11,Active,0,
CD0004780,C004780,AC0004780,9,Debit,Visa,Standard,2020-10-20,2030-06-12,Blocked,1,Security Block
CD0004781,C004781,AC0004781,1,Credit,Visa,Business,2019-12-29,2026-10-13,Active,0,
CD0004782,C004782,AC0004782,7,Credit,Mastercard,Standard,2021-09-24,2027-04-19,Blocked,1,Security Block
CD0004783,C004783,AC0004783,7,Credit,Visa,Platinum,2020-09-18,2030-01-23,Blocked,1,Security Block
CD0004784,C004784,AC0004784,4,Credit,Visa,Standard,2022-09-17,2030-12-31,Blocked,1,Fraud Suspected
CD0004785,C004785,AC0004785,5,Debit,Mastercard,Business,2019-07-11,2030-12-12,Active,0,
CD0004786,C004786,AC0004786,8,Credit,Visa,Standard,2021-03-22,2028-01-19,Active,0,
CD0004787,C004787,AC0004787,4,Debit,Mastercard,Business,2023-10-25,2026-06-07,Active,0,
CD0004788,C004788,AC0004788,1,Credit,Visa,Business,2021-03-15,2030-11-01,Active,0,
CD0004789,C004789,AC0004789,4,Credit,Mastercard,Gold,2022-11-08,2027-04-26,Active,0,
CD0004790,C004790,AC0004790,3,Credit,Mastercard,Gold,2020-09-24,2027-01-12,Active,0,
CD0004791,C004791,AC0004791,4,Debit,Visa,Gold,2024-03-01,2029-03-29,Active,0,
CD0004792,C004792,AC0004792,3,Debit,Visa,Gold,2023-08-22,2027-05-28,Active,0,
CD0004793,C004793,AC0004793,2,Debit,Mastercard,Business,2024-07-21,2028-10-24,Active,0,
CD0004794,C004794,AC0004794,10,Credit,Amex,Business,2021-02-18,2027-10-18,Active,0,
CD0004795,C004795,AC0004795,2,Debit,Mastercard,Platinum,2021-03-06,2026-07-17,Active,0,
CD0004796,C004796,AC0004796,8,Debit,Mastercard,Platinum,2021-08-19,2027-08-10,Active,0,
CD0004797,C004797,AC0004797,8,Debit,Visa,Business,2018-11-23,2026-03-01,Active,0,
CD0004798,C004798,AC0004798,7,Debit,Mastercard,Business,2023-09-05,2030-08-16,Expired,0,
CD0004799,C004799,AC0004799,10,Debit,Mastercard,Gold,2022-03-17,2027-01-15,Active,0,
CD0004800,C004800,AC0004800,1,Debit,Mastercard,Standard,2020-03-14,2026-10-27,Active,0,
CD0004801,C004801,AC0004801,4,Debit,Visa,Gold,2019-10-25,2027-03-10,Active,0,
CD0004802,C004802,AC0004802,2,Credit,Visa,Platinum,2018-10-28,2029-12-24,Active,0,
CD0004803,C004803,AC0004803,6,Debit,Mastercard,Business,2019-02-13,2029-12-16,Active,0,
CD0004804,C004804,AC0004804,7,Debit,Visa,Standard,2024-07-14,2028-07-22,Active,0,
CD0004805,C004805,AC0004805,9,Credit,Visa,Platinum,2024-08-11,2029-09-06,Active,0,
CD0004806,C004806,AC0004806,4,Debit,Visa,Gold,2025-10-09,2030-06-28,Blocked,1,Security Block
CD0004807,C004807,AC0004807,3,Credit,Visa,Standard,2023-09-12,2029-03-30,Active,0,
CD0004808,C004808,AC0004808,10,Debit,Amex,Standard,2022-12-26,2028-08-12,Active,0,
CD0004809,C004809,AC0004809,7,Credit,Visa,Platinum,2024-12-31,2030-10-14,Active,0,
CD0004810,C004810,AC0004810,8,Credit,Visa,Business,2022-05-14,2030-04-10,Active,0,
CD0004811,C004811,AC0004811,5,Credit,Visa,Standard,2025-03-02,2028-10-01,Active,0,
CD0004812,C004812,AC0004812,5,Debit,Mastercard,Business,2023-02-19,2030-04-28,Expired,0,
CD0004813,C004813,AC0004813,4,Debit,Amex,Standard,2021-09-18,2029-09-24,Blocked,1,Excessive Attempts
CD0004814,C004814,AC0004814,8,Debit,Mastercard,Gold,2019-08-14,2028-09-23,Active,0,
CD0004815,C004815,AC0004815,3,Credit,Mastercard,Platinum,2023-08-24,2026-04-18,Active,0,
CD0004816,C004816,AC0004816,10,Debit,Mastercard,Platinum,2018-11-26,2026-11-26,Active,0,
CD0004817,C004817,AC0004817,2,Debit,Visa,Gold,2018-05-03,2026-01-26,Active,0,
CD0004818,C004818,AC0004818,5,Debit,Visa,Business,2023-05-20,2029-12-17,Active,0,
CD0004819,C004819,AC0004819,4,Debit,Mastercard,Gold,2024-07-19,2027-05-31,Active,0,
CD0004820,C004820,AC0004820,7,Debit,Amex,Gold,2020-02-09,2027-10-06,Blocked,1,Fraud Suspected
CD0004821,C004821,AC0004821,7,Debit,Visa,Business,2024-06-21,2027-12-05,Active,0,
CD0004822,C004822,AC0004822,10,Debit,Visa,Standard,2020-02-28,2027-02-03,Active,0,
CD0004823,C004823,AC0004823,8,Debit,Visa,Standard,2022-10-17,2028-11-21,Active,0,
CD0004824,C004824,AC0004824,3,Debit,Mastercard,Business,2022-04-11,2029-03-23,Blocked,1,Security Block
CD0004825,C004825,AC0004825,3,Debit,Amex,Standard,2020-08-25,2028-03-01,Active,0,
CD0004826,C004826,AC0004826,9,Credit,Mastercard,Gold,2023-08-31,2030-07-14,Active,0,
CD0004827,C004827,AC0004827,5,Debit,Visa,Standard,2019-10-19,2027-10-25,Active,0,
CD0004828,C004828,AC0004828,1,Debit,Visa,Standard,2018-08-14,2029-03-16,Active,0,
CD0004829,C004829,AC0004829,9,Credit,Mastercard,Platinum,2022-03-30,2026-12-17,Active,0,
CD0004830,C004830,AC0004830,7,Debit,Mastercard,Gold,2025-02-28,2027-09-16,Active,0,
CD0004831,C004831,AC0004831,1,Credit,Mastercard,Platinum,2021-02-11,2030-07-24,Blocked,1,Lost/Stolen
CD0004832,C004832,AC0004832,8,Debit,Mastercard,Standard,2018-02-18,2028-09-17,Active,0,
CD0004833,C004833,AC0004833,7,Debit,Mastercard,Platinum,2022-01-28,2028-09-01,Active,0,
CD0004834,C004834,AC0004834,7,Debit,Mastercard,Platinum,2018-01-09,2028-05-11,Active,0,
CD0004835,C004835,AC0004835,9,Debit,Visa,Gold,2019-10-18,2029-06-13,Active,0,
CD0004836,C004836,AC0004836,5,Debit,Visa,Standard,2018-03-11,2027-07-16,Active,0,
CD0004837,C004837,AC0004837,5,Debit,Mastercard,Gold,2025-07-20,2029-11-06,Active,0,
CD0004838,C004838,AC0004838,7,Debit,Visa,Business,2022-08-10,2026-05-04,Active,0,
CD0004839,C004839,AC0004839,2,Credit,Mastercard,Standard,2024-12-29,2029-09-02,Active,0,
CD0004840,C004840,AC0004840,2,Debit,Visa,Standard,2019-03-16,2029-01-03,Active,0,
CD0004841,C004841,AC0004841,9,Debit,Visa,Gold,2020-09-13,2030-01-08,Blocked,1,Security Block
CD0004842,C004842,AC0004842,3,Credit,Visa,Platinum,2020-04-17,2030-08-26,Active,0,
CD0004843,C004843,AC0004843,6,Debit,Mastercard,Gold,2021-05-18,2026-02-07,Active,0,
CD0004844,C004844,AC0004844,3,Debit,Mastercard,Platinum,2020-12-03,2026-02-20,Active,0,
CD0004845,C004845,AC0004845,3,Debit,Visa,Platinum,2023-10-31,2027-10-28,Blocked,1,Security Block
CD0004846,C004846,AC0004846,6,Debit,Mastercard,Standard,2020-06-22,2029-05-02,Expired,0,
CD0004847,C004847,AC0004847,9,Credit,Amex,Standard,2022-01-25,2029-06-22,Active,0,
CD0004848,C004848,AC0004848,5,Credit,Visa,Standard,2019-03-21,2030-10-10,Active,0,
CD0004849,C004849,AC0004849,2,Credit,Mastercard,Gold,2021-01-11,2027-01-13,Blocked,1,Security Block
CD0004850,C004850,AC0004850,3,Debit,Visa,Gold,2023-09-10,2027-01-04,Active,0,
CD0004851,C004851,AC0004851,2,Debit,Mastercard,Standard,2018-09-06,2027-05-31,Blocked,1,Excessive Attempts
CD0004852,C004852,AC0004852,9,Credit,Visa,Business,2019-11-26,2026-05-04,Blocked,1,Lost/Stolen
CD0004853,C004853,AC0004853,4,Debit,Visa,Gold,2019-05-23,2027-02-07,Active,0,
CD0004854,C004854,AC0004854,4,Credit,Mastercard,Standard,2018-08-12,2026-10-02,Active,0,
CD0004855,C004855,AC0004855,1,Debit,Visa,Platinum,2023-09-09,2029-01-10,Active,0,
CD0004856,C004856,AC0004856,5,Debit,Mastercard,Business,2020-03-05,2029-03-20,Active,0,
CD0004857,C004857,AC0004857,10,Debit,Mastercard,Business,2018-01-31,2029-12-22,Active,0,
CD0004858,C004858,AC0004858,5,Credit,Mastercard,Standard,2021-11-10,2029-11-09,Active,0,
CD0004859,C004859,AC0004859,7,Debit,Visa,Business,2022-09-21,2028-10-05,Expired,0,
CD0004860,C004860,AC0004860,2,Credit,Visa,Business,2024-04-29,2028-02-27,Active,0,
CD0004861,C004861,AC0004861,2,Debit,Mastercard,Gold,2024-09-16,2026-11-25,Active,0,
CD0004862,C004862,AC0004862,8,Debit,Visa,Platinum,2024-10-23,2028-06-28,Active,0,
CD0004863,C004863,AC0004863,1,Debit,Visa,Gold,2022-06-04,2030-03-07,Active,0,
CD0004864,C004864,AC0004864,5,Debit,Visa,Platinum,2020-04-14,2027-12-01,Active,0,
CD0004865,C004865,AC0004865,4,Credit,Mastercard,Business,2018-05-30,2026-12-23,Active,0,
CD0004866,C004866,AC0004866,1,Credit,Amex,Platinum,2021-01-04,2028-05-02,Blocked,1,Excessive Attempts
CD0004867,C004867,AC0004867,6,Debit,Visa,Gold,2021-03-22,2026-11-17,Active,0,
CD0004868,C004868,AC0004868,10,Debit,Amex,Gold,2023-06-14,2026-08-18,Expired,0,
CD0004869,C004869,AC0004869,1,Credit,Visa,Platinum,2020-06-18,2030-06-06,Active,0,
CD0004870,C004870,AC0004870,9,Debit,Mastercard,Platinum,2021-12-04,2027-11-14,Active,0,
CD0004871,C004871,AC0004871,6,Debit,Visa,Business,2023-02-11,2029-04-23,Active,0,
CD0004872,C004872,AC0004872,8,Debit,Amex,Business,2023-07-16,2027-12-10,Blocked,1,Security Block
CD0004873,C004873,AC0004873,1,Credit,Visa,Platinum,2022-07-26,2028-09-05,Active,0,
CD0004874,C004874,AC0004874,9,Debit,Visa,Business,2024-12-30,2029-04-01,Active,0,
CD0004875,C004875,AC0004875,1,Debit,Amex,Platinum,2018-06-05,2027-09-28,Active,0,
CD0004876,C004876,AC0004876,10,Debit,Visa,Gold,2018-01-04,2030-08-17,Active,0,
CD0004877,C004877,AC0004877,7,Credit,Visa,Standard,2023-03-30,2027-02-24,Active,0,
CD0004878,C004878,AC0004878,4,Credit,Mastercard,Platinum,2018-04-16,2029-05-29,Active,0,
CD0004879,C004879,AC0004879,1,Debit,Mastercard,Gold,2025-03-12,2029-07-31,Active,0,
CD0004880,C004880,AC0004880,7,Debit,Mastercard,Standard,2025-12-18,2028-08-26,Active,0,
CD0004881,C004881,AC0004881,1,Credit,Visa,Standard,2023-08-07,2029-11-06,Active,0,
CD0004882,C004882,AC0004882,7,Debit,Mastercard,Gold,2022-04-02,2028-07-29,Blocked,1,Excessive Attempts
CD0004883,C004883,AC0004883,8,Debit,Visa,Business,2018-08-23,2030-09-26,Active,0,
CD0004884,C004884,AC0004884,3,Debit,Mastercard,Business,2021-04-08,2027-09-26,Active,0,
CD0004885,C004885,AC0004885,3,Credit,Mastercard,Business,2021-09-25,2026-06-30,Active,0,
CD0004886,C004886,AC0004886,3,Debit,Visa,Platinum,2019-10-19,2029-07-16,Active,0,
CD0004887,C004887,AC0004887,3,Credit,Visa,Standard,2025-04-09,2027-11-12,Active,0,
CD0004888,C004888,AC0004888,2,Debit,Visa,Business,2018-02-11,2027-08-23,Blocked,1,Security Block
CD0004889,C004889,AC0004889,3,Debit,Visa,Business,2018-03-05,2028-04-04,Active,0,
CD0004890,C004890,AC0004890,7,Debit,Amex,Gold,2019-01-16,2029-09-27,Active,0,
CD0004891,C004891,AC0004891,4,Debit,Visa,Standard,2018-08-21,2027-01-08,Active,0,
CD0004892,C004892,AC0004892,8,Credit,Mastercard,Standard,2019-11-09,2026-05-27,Active,0,
CD0004893,C004893,AC0004893,9,Credit,Mastercard,Platinum,2025-11-23,2028-07-28,Active,0,
CD0004894,C004894,AC0004894,8,Credit,Mastercard,Standard,2025-01-07,2029-07-02,Blocked,1,Security Block
CD0004895,C004895,AC0004895,6,Credit,Amex,Gold,2023-11-07,2026-10-13,Active,0,
CD0004896,C004896,AC0004896,4,Debit,Visa,Business,2019-10-28,2030-12-18,Active,0,
CD0004897,C004897,AC0004897,10,Debit,Visa,Gold,2019-05-01,2026-04-20,Active,0,
CD0004898,C004898,AC0004898,3,Credit,Mastercard,Platinum,2021-03-28,2030-06-22,Active,0,
CD0004899,C004899,AC0004899,5,Credit,Mastercard,Gold,2020-10-03,2029-05-10,Active,0,
CD0004900,C004900,AC0004900,5,Debit,Amex,Gold,2022-10-04,2026-07-17,Active,0,
CD0004901,C004901,AC0004901,8,Debit,Mastercard,Platinum,2025-09-12,2026-09-15,Active,0,
CD0004902,C004902,AC0004902,6,Credit,Mastercard,Platinum,2024-03-30,2028-05-25,Active,0,
CD0004903,C004903,AC0004903,8,Debit,Mastercard,Business,2021-05-08,2026-03-21,Active,0,
CD0004904,C004904,AC0004904,10,Debit,Visa,Gold,2018-12-07,2027-04-15,Active,0,
CD0004905,C004905,AC0004905,4,Debit,Mastercard,Business,2021-09-07,2026-09-18,Active,0,
CD0004906,C004906,AC0004906,9,Debit,Visa,Business,2018-06-18,2030-12-29,Active,0,
CD0004907,C004907,AC0004907,2,Debit,Visa,Gold,2019-03-11,2027-07-16,Active,0,
CD0004908,C004908,AC0004908,10,Debit,Visa,Business,2025-09-25,2026-11-17,Blocked,1,Security Block
CD0004909,C004909,AC0004909,2,Debit,Mastercard,Gold,2022-06-01,2027-06-11,Active,0,
CD0004910,C004910,AC0004910,9,Debit,Mastercard,Gold,2020-07-05,2027-05-21,Blocked,1,Fraud Suspected
CD0004911,C004911,AC0004911,4,Debit,Visa,Platinum,2023-03-16,2030-07-06,Blocked,1,Excessive Attempts
CD0004912,C004912,AC0004912,10,Debit,Mastercard,Business,2022-07-31,2026-04-05,Active,0,
CD0004913,C004913,AC0004913,2,Credit,Mastercard,Platinum,2019-10-31,2030-10-19,Active,0,
CD0004914,C004914,AC0004914,5,Debit,Mastercard,Business,2020-01-27,2026-12-20,Active,0,
CD0004915,C004915,AC0004915,10,Debit,Visa,Gold,2019-06-09,2030-05-12,Blocked,1,Security Block
CD0004916,C004916,AC0004916,1,Debit,Mastercard,Gold,2018-12-12,2029-08-31,Blocked,1,Security Block
CD0004917,C004917,AC0004917,3,Debit,Visa,Business,2018-06-22,2029-09-15,Active,0,
CD0004918,C004918,AC0004918,1,Debit,Mastercard,Platinum,2025-01-26,2030-12-18,Active,0,
CD0004919,C004919,AC0004919,4,Debit,Mastercard,Platinum,2020-07-15,2030-07-04,Active,0,
CD0004920,C004920,AC0004920,4,Debit,Mastercard,Platinum,2019-12-14,2028-07-07,Active,0,
CD0004921,C004921,AC0004921,7,Debit,Mastercard,Platinum,2019-05-25,2030-07-13,Active,0,
CD0004922,C004922,AC0004922,3,Debit,Visa,Platinum,2025-12-12,2030-01-17,Active,0,
CD0004923,C004923,AC0004923,2,Debit,Mastercard,Gold,2020-10-17,2029-11-14,Active,0,
CD0004924,C004924,AC0004924,2,Credit,Mastercard,Business,2024-12-06,2029-12-22,Active,0,
CD0004925,C004925,AC0004925,10,Credit,Mastercard,Standard,2018-07-10,2028-09-28,Active,0,
CD0004926,C004926,AC0004926,10,Debit,Mastercard,Platinum,2019-10-27,2027-08-31,Active,0,
CD0004927,C004927,AC0004927,3,Debit,Visa,Business,2023-03-13,2026-12-04,Active,0,
CD0004928,C004928,AC0004928,2,Debit,Mastercard,Standard,2025-03-20,2029-10-30,Active,0,
CD0004929,C004929,AC0004929,1,Credit,Mastercard,Standard,2024-12-09,2028-06-13,Active,0,
CD0004930,C004930,AC0004930,10,Debit,Amex,Business,2019-06-15,2029-05-31,Blocked,1,Fraud Suspected
CD0004931,C004931,AC0004931,8,Credit,Visa,Business,2018-01-28,2026-09-08,Active,0,
CD0004932,C004932,AC0004932,8,Debit,Mastercard,Business,2023-01-28,2026-05-05,Active,0,
CD0004933,C004933,AC0004933,3,Debit,Visa,Gold,2020-11-10,2026-02-27,Active,0,
CD0004934,C004934,AC0004934,7,Debit,Visa,Business,2023-01-14,2028-01-23,Active,0,
CD0004935,C004935,AC0004935,1,Debit,Amex,Gold,2020-04-03,2026-09-04,Blocked,1,Lost/Stolen
CD0004936,C004936,AC0004936,7,Debit,Visa,Standard,2025-04-27,2027-09-07,Active,0,
CD0004937,C004937,AC0004937,6,Debit,Visa,Platinum,2019-01-01,2028-04-17,Blocked,1,Lost/Stolen
CD0004938,C004938,AC0004938,4,Debit,Mastercard,Standard,2021-04-10,2028-04-29,Active,0,
CD0004939,C004939,AC0004939,8,Debit,Mastercard,Gold,2020-06-04,2029-06-27,Active,0,
CD0004940,C004940,AC0004940,7,Debit,Visa,Standard,2021-06-16,2029-04-23,Active,0,
CD0004941,C004941,AC0004941,5,Credit,Visa,Gold,2018-12-06,2029-02-06,Active,0,
CD0004942,C004942,AC0004942,2,Credit,Visa,Platinum,2021-07-10,2027-11-28,Active,0,
CD0004943,C004943,AC0004943,1,Debit,Mastercard,Standard,2022-06-08,2027-12-22,Active,0,
CD0004944,C004944,AC0004944,10,Debit,Mastercard,Standard,2019-02-25,2027-02-09,Active,0,
CD0004945,C004945,AC0004945,3,Debit,Visa,Business,2024-02-09,2028-11-06,Active,0,
CD0004946,C004946,AC0004946,4,Debit,Visa,Gold,2024-10-27,2027-12-16,Active,0,
CD0004947,C004947,AC0004947,7,Debit,Visa,Business,2018-01-23,2028-11-08,Active,0,
CD0004948,C004948,AC0004948,3,Credit,Mastercard,Standard,2021-01-13,2030-06-19,Active,0,
CD0004949,C004949,AC0004949,4,Debit,Mastercard,Gold,2021-06-11,2027-04-09,Active,0,
CD0004950,C004950,AC0004950,8,Debit,Visa,Standard,2019-06-12,2026-04-29,Active,0,
CD0004951,C004951,AC0004951,6,Debit,Amex,Business,2025-12-07,2026-04-18,Active,0,
CD0004952,C004952,AC0004952,7,Credit,Visa,Business,2019-09-29,2028-07-26,Active,0,
CD0004953,C004953,AC0004953,1,Debit,Visa,Standard,2021-07-06,2029-02-19,Active,0,
CD0004954,C004954,AC0004954,5,Debit,Visa,Standard,2019-08-03,2030-08-09,Active,0,
CD0004955,C004955,AC0004955,5,Debit,Mastercard,Platinum,2021-12-09,2028-11-09,Active,0,
CD0004956,C004956,AC0004956,7,Debit,Visa,Gold,2023-04-18,2027-12-12,Active,0,
CD0004957,C004957,AC0004957,2,Debit,Mastercard,Platinum,2022-10-19,2030-12-14,Blocked,1,Security Block
CD0004958,C004958,AC0004958,2,Credit,Mastercard,Business,2020-02-01,2029-09-17,Active,0,
CD0004959,C004959,AC0004959,8,Debit,Visa,Standard,2022-05-16,2030-03-16,Active,0,
CD0004960,C004960,AC0004960,7,Debit,Visa,Gold,2022-06-19,2027-12-09,Active,0,
CD0004961,C004961,AC0004961,9,Credit,Amex,Business,2024-02-25,2030-08-08,Active,0,
CD0004962,C004962,AC0004962,3,Debit,Visa,Standard,2022-12-08,2027-02-14,Active,0,
CD0004963,C004963,AC0004963,10,Credit,Visa,Business,2022-06-24,2030-05-24,Active,0,
CD0004964,C004964,AC0004964,3,Debit,Mastercard,Business,2018-08-26,2030-01-04,Active,0,
CD0004965,C004965,AC0004965,7,Debit,Visa,Business,2021-10-09,2026-08-06,Active,0,
CD0004966,C004966,AC0004966,2,Credit,Visa,Gold,2022-04-06,2029-05-09,Active,0,
CD0004967,C004967,AC0004967,10,Credit,Mastercard,Business,2019-03-09,2026-05-19,Blocked,1,Excessive Attempts
CD0004968,C004968,AC0004968,4,Credit,Mastercard,Platinum,2020-03-01,2029-10-23,Active,0,
CD0004969,C004969,AC0004969,9,Debit,Mastercard,Business,2025-02-24,2029-05-15,Active,0,
CD0004970,C004970,AC0004970,4,Credit,Mastercard,Platinum,2019-09-21,2029-02-25,Active,0,
CD0004971,C004971,AC0004971,8,Debit,Amex,Platinum,2020-11-04,2027-03-21,Blocked,1,Fraud Suspected
CD0004972,C004972,AC0004972,5,Debit,Visa,Business,2020-07-26,2027-08-18,Active,0,
CD0004973,C004973,AC0004973,1,Credit,Visa,Gold,2024-01-20,2029-01-13,Active,0,
CD0004974,C004974,AC0004974,2,Debit,Mastercard,Standard,2023-04-05,2028-01-02,Active,0,
CD0004975,C004975,AC0004975,7,Credit,Visa,Gold,2023-06-13,2029-12-07,Active,0,
CD0004976,C004976,AC0004976,2,Debit,Visa,Gold,2020-04-28,2029-12-09,Active,0,
CD0004977,C004977,AC0004977,3,Credit,Mastercard,Business,2019-04-20,2030-02-08,Active,0,
CD0004978,C004978,AC0004978,6,Debit,Mastercard,Platinum,2024-11-17,2027-03-29,Blocked,1,Lost/Stolen
CD0004979,C004979,AC0004979,3,Debit,Amex,Business,2019-02-28,2028-01-15,Active,0,
CD0004980,C004980,AC0004980,2,Debit,Visa,Gold,2021-02-04,2030-05-03,Active,0,
CD0004981,C004981,AC0004981,7,Credit,Mastercard,Gold,2021-05-07,2029-05-02,Active,0,
CD0004982,C004982,AC0004982,7,Credit,Amex,Standard,2025-01-05,2026-04-06,Active,0,
CD0004983,C004983,AC0004983,8,Credit,Mastercard,Standard,2024-04-22,2028-11-05,Expired,0,
CD0004984,C004984,AC0004984,10,Debit,Mastercard,Gold,2020-08-08,2026-03-21,Active,0,
CD0004985,C004985,AC0004985,2,Credit,Mastercard,Platinum,2019-11-21,2030-05-29,Active,0,
CD0004986,C004986,AC0004986,5,Debit,Amex,Business,2020-06-25,2026-10-05,Active,0,
CD0004987,C004987,AC0004987,3,Debit,Visa,Standard,2023-04-15,2026-01-25,Active,0,
CD0004988,C004988,AC0004988,10,Credit,Visa,Business,2018-11-25,2027-02-12,Active,0,
CD0004989,C004989,AC0004989,6,Debit,Visa,Standard,2021-05-22,2030-06-15,Active,0,
CD0004990,C004990,AC0004990,1,Credit,Mastercard,Platinum,2025-06-17,2029-04-24,Active,0,
CD0004991,C004991,AC0004991,7,Credit,Visa,Gold,2025-09-03,2030-05-30,Active,0,
CD0004992,C004992,AC0004992,1,Credit,Mastercard,Standard,2019-12-01,2030-08-13,Active,0,
CD0004993,C004993,AC0004993,3,Credit,Visa,Platinum,2018-03-03,2027-03-10,Active,0,
CD0004994,C004994,AC0004994,8,Debit,Amex,Gold,2019-02-20,2026-06-07,Active,0,
CD0004995,C004995,AC0004995,6,Debit,Mastercard,Gold,2024-12-02,2028-12-15,Blocked,1,Fraud Suspected
CD0004996,C004996,AC0004996,8,Debit,Mastercard,Business,2025-04-17,2030-08-03,Active,0,
CD0004997,C004997,AC0004997,6,Debit,Mastercard,Platinum,2021-08-18,2028-03-19,Active,0,
CD0004998,C004998,AC0004998,9,Credit,Mastercard,Gold,2018-03-17,2026-09-06,Active,0,
CD0004999,C004999,AC0004999,6,Credit,Visa,Business,2020-07-07,2026-07-03,Active,0,
CD0005000,C005000,AC0005000,1,Debit,Mastercard,Standard,2019-12-30,2026-03-05,Active,0,
CD0005001,C000001,AC0000001,7,Debit,Visa,Business,2024-06-01,2029-09-05,Blocked,1,Lost/Stolen
CD0005002,C000002,AC0005002,8,Debit,Mastercard,Standard,2018-10-08,2029-11-01,Blocked,1,Security Block
CD0005003,C000003,AC0000003,1,Debit,Mastercard,Platinum,2018-02-15,2026-03-06,Active,0,
CD0005004,C000004,AC0005004,9,Debit,Mastercard,Gold,2024-06-20,2026-12-09,Active,0,
CD0005005,C000005,AC0000005,8,Debit,Mastercard,Business,2025-11-22,2026-08-21,Blocked,1,Security Block
CD0005006,C000006,AC0005006,8,Credit,Visa,Gold,2023-03-31,2028-01-03,Active,0,
CD0005007,C000007,AC0000007,4,Debit,Mastercard,Standard,2019-07-23,2027-11-14,Active,0,
CD0005008,C000008,AC0005008,9,Credit,Visa,Platinum,2023-10-25,2026-02-13,Active,0,
CD0005009,C000009,AC0000009,4,Debit,Visa,Gold,2025-02-26,2028-10-25,Blocked,1,Security Block
CD0005010,C000010,AC0005010,1,Credit,Visa,Business,2022-03-20,2026-12-02,Active,0,
CD0005011,C000011,AC0000011,10,Credit,Visa,Standard,2020-06-22,2026-11-01,Active,0,
CD0005012,C000012,AC0005012,3,Credit,Mastercard,Gold,2020-01-01,2028-03-12,Active,0,
CD0005013,C000013,AC0000013,2,Credit,Visa,Gold,2025-08-23,2026-04-22,Active,0,
CD0005014,C000014,AC0005014,7,Debit,Amex,Gold,2022-09-02,2028-03-28,Active,0,
CD0005015,C000015,AC0000015,3,Debit,Visa,Platinum,2021-05-22,2028-01-15,Active,0,
CD0005016,C000016,AC0005016,9,Credit,Amex,Business,2021-10-16,2029-08-03,Active,0,
CD0005017,C000017,AC0000017,5,Debit,Mastercard,Standard,2019-08-30,2026-06-07,Blocked,1,Lost/Stolen
CD0005018,C000018,AC0005018,1,Credit,Mastercard,Standard,2022-09-12,2029-11-29,Blocked,1,Fraud Suspected
CD0005019,C000019,AC0000019,10,Debit,Mastercard,Business,2021-03-24,2027-04-17,Active,0,
CD0005020,C000020,AC0005020,6,Credit,Mastercard,Gold,2022-04-30,2028-07-30,Active,0,
CD0005021,C000021,AC0000021,3,Credit,Mastercard,Gold,2020-02-29,2027-06-22,Blocked,1,Security Block
CD0005022,C000022,AC0005022,7,Debit,Visa,Gold,2025-01-16,2026-02-15,Active,0,
CD0005023,C000023,AC0000023,6,Debit,Visa,Gold,2021-10-13,2026-11-13,Active,0,
CD0005024,C000024,AC0005024,1,Debit,Amex,Gold,2025-11-03,2027-12-01,Active,0,
CD0005025,C000025,AC0000025,8,Debit,Visa,Platinum,2019-10-30,2028-06-04,Active,0,
CD0005026,C000026,AC0005026,5,Credit,Mastercard,Standard,2022-10-17,2029-09-05,Active,0,
CD0005027,C000027,AC0000027,7,Debit,Amex,Standard,2023-12-21,2027-05-15,Active,0,
CD0005028,C000028,AC0005028,9,Debit,Visa,Business,2025-04-17,2028-08-18,Active,0,
CD0005029,C000029,AC0000029,7,Debit,Visa,Platinum,2023-02-27,2030-10-20,Blocked,1,Lost/Stolen
CD0005030,C000030,AC0005030,7,Debit,Mastercard,Business,2021-04-21,2026-03-16,Active,0,
CD0005031,C000031,AC0000031,3,Debit,Visa,Standard,2021-12-05,2026-10-19,Active,0,
CD0005032,C000032,AC0005032,3,Debit,Mastercard,Platinum,2019-01-04,2027-06-20,Active,0,
CD0005033,C000033,AC0000033,5,Debit,Visa,Standard,2020-07-30,2029-04-06,Active,0,
CD0005034,C000034,AC0005034,9,Credit,Mastercard,Platinum,2020-02-11,2030-06-02,Active,0,
CD0005035,C000035,AC0000035,6,Credit,Mastercard,Platinum,2020-11-28,2026-03-10,Active,0,
CD0005036,C000036,AC0005036,4,Debit,Amex,Standard,2019-08-04,2027-12-24,Active,0,
CD0005037,C000037,AC0000037,8,Debit,Mastercard,Business,2024-03-12,2029-08-10,Expired,0,
CD0005038,C000038,AC0005038,9,Credit,Visa,Business,2019-10-22,2026-08-26,Active,0,
CD0005039,C000039,AC0000039,10,Credit,Mastercard,Standard,2020-04-14,2026-05-12,Active,0,
CD0005040,C000040,AC0005040,3,Credit,Mastercard,Standard,2023-07-26,2027-06-18,Active,0,
CD0005041,C000041,AC0000041,8,Debit,Mastercard,Business,2025-10-16,2028-06-15,Active,0,
CD0005042,C000042,AC0005042,6,Debit,Visa,Gold,2025-04-27,2030-11-27,Active,0,
CD0005043,C000043,AC0000043,5,Debit,Visa,Gold,2024-06-06,2028-02-27,Active,0,
CD0005044,C000044,AC0005044,4,Debit,Mastercard,Business,2023-12-15,2030-09-04,Blocked,1,Fraud Suspected
CD0005045,C000045,AC0000045,2,Credit,Amex,Standard,2021-09-08,2027-09-09,Active,0,
CD0005046,C000046,AC0005046,3,Debit,Mastercard,Standard,2019-12-03,2027-10-16,Active,0,
CD0005047,C000047,AC0000047,6,Debit,Visa,Business,2019-04-17,2030-10-09,Blocked,1,Excessive Attempts
CD0005048,C000048,AC0005048,9,Credit,Amex,Standard,2025-04-09,2029-09-09,Blocked,1,Fraud Suspected
CD0005049,C000049,AC0000049,9,Debit,Mastercard,Gold,2019-11-03,2029-10-11,Active,0,
CD0005050,C000050,AC0005050,2,Credit,Mastercard,Gold,2020-07-08,2028-11-14,Active,0,
CD0005051,C000051,AC0000051,7,Debit,Visa,Business,2022-05-08,2028-05-08,Active,0,
CD0005052,C000052,AC0005052,1,Debit,Mastercard,Business,2018-06-03,2027-12-20,Active,0,
CD0005053,C000053,AC0000053,7,Debit,Mastercard,Standard,2018-06-06,2028-08-07,Active,0,
CD0005054,C000054,AC0005054,4,Debit,Visa,Business,2024-08-10,2030-11-12,Blocked,1,Fraud Suspected
CD0005055,C000055,AC0000055,5,Debit,Visa,Gold,2020-07-15,2028-02-13,Blocked,1,Excessive Attempts
CD0005056,C000056,AC0005056,8,Debit,Amex,Business,2025-08-23,2029-05-22,Active,0,
CD0005057,C000057,AC0000057,5,Debit,Visa,Business,2021-01-09,2030-11-02,Active,0,
CD0005058,C000058,AC0005058,9,Credit,Visa,Standard,2021-09-07,2027-09-04,Active,0,
CD0005059,C000059,AC0000059,6,Debit,Amex,Platinum,2024-10-30,2028-11-16,Active,0,
CD0005060,C000060,AC0005060,10,Debit,Visa,Gold,2020-02-27,2029-07-22,Blocked,1,Lost/Stolen
CD0005061,C000061,AC0000061,7,Debit,Mastercard,Business,2018-08-08,2030-03-23,Expired,0,
CD0005062,C000062,AC0005062,3,Credit,Visa,Standard,2022-01-24,2029-12-19,Active,0,
CD0005063,C000063,AC0000063,8,Debit,Mastercard,Business,2023-10-01,2026-05-09,Active,0,
CD0005064,C000064,AC0005064,5,Debit,Mastercard,Business,2019-01-06,2026-04-04,Active,0,
CD0005065,C000065,AC0000065,6,Credit,Visa,Gold,2018-08-30,2026-07-01,Blocked,1,Security Block
CD0005066,C000066,AC0005066,2,Debit,Visa,Platinum,2025-06-09,2026-04-30,Active,0,
CD0005067,C000067,AC0000067,2,Debit,Visa,Gold,2025-03-15,2030-05-03,Active,0,
CD0005068,C000068,AC0005068,6,Debit,Mastercard,Standard,2018-03-18,2026-04-04,Active,0,
CD0005069,C000069,AC0000069,2,Debit,Mastercard,Business,2021-07-20,2026-10-14,Active,0,
CD0005070,C000070,AC0005070,10,Debit,Mastercard,Gold,2023-06-03,2027-12-31,Active,0,
CD0005071,C000071,AC0000071,9,Debit,Visa,Business,2018-11-04,2030-10-22,Active,0,
CD0005072,C000072,AC0005072,8,Credit,Visa,Business,2019-12-27,2030-09-04,Active,0,
CD0005073,C000073,AC0000073,8,Debit,Visa,Business,2019-05-19,2026-07-17,Active,0,
CD0005074,C000074,AC0005074,6,Credit,Mastercard,Standard,2023-03-11,2027-07-26,Active,0,
CD0005075,C000075,AC0000075,1,Debit,Visa,Gold,2021-03-26,2029-09-05,Active,0,
CD0005076,C000076,AC0005076,4,Debit,Mastercard,Business,2020-03-29,2026-11-17,Active,0,
CD0005077,C000077,AC0000077,5,Credit,Mastercard,Platinum,2021-10-19,2027-10-24,Active,0,
CD0005078,C000078,AC0005078,10,Debit,Visa,Business,2022-09-19,2026-05-11,Active,0,
CD0005079,C000079,AC0000079,3,Debit,Visa,Business,2019-01-15,2030-07-30,Blocked,1,Fraud Suspected
CD0005080,C000080,AC0005080,5,Credit,Amex,Standard,2023-10-10,2029-02-23,Blocked,1,Security Block
CD0005081,C000081,AC0000081,4,Credit,Visa,Business,2022-01-06,2026-02-07,Active,0,
CD0005082,C000082,AC0005082,2,Debit,Visa,Platinum,2022-06-26,2027-05-04,Active,0,
CD0005083,C000083,AC0000083,2,Debit,Mastercard,Standard,2022-02-05,2028-06-16,Active,0,
CD0005084,C000084,AC0005084,4,Credit,Mastercard,Business,2025-07-28,2026-01-22,Blocked,1,Fraud Suspected
CD0005085,C000085,AC0000085,1,Debit,Mastercard,Business,2020-09-23,2026-07-13,Active,0,
CD0005086,C000086,AC0005086,1,Credit,Visa,Standard,2020-08-15,2029-05-09,Active,0,
CD0005087,C000087,AC0000087,4,Debit,Visa,Standard,2025-10-04,2027-04-12,Active,0,
CD0005088,C000088,AC0005088,3,Debit,Mastercard,Gold,2019-04-01,2026-10-12,Active,0,
CD0005089,C000089,AC0000089,6,Debit,Amex,Business,2024-11-30,2026-05-06,Active,0,
CD0005090,C000090,AC0005090,1,Debit,Visa,Standard,2022-04-16,2028-05-18,Blocked,1,Lost/Stolen
CD0005091,C000091,AC0000091,4,Debit,Mastercard,Platinum,2024-02-23,2029-09-05,Active,0,
CD0005092,C000092,AC0005092,5,Debit,Visa,Platinum,2019-04-05,2028-01-20,Active,0,
CD0005093,C000093,AC0000093,10,Credit,Mastercard,Standard,2020-04-23,2030-01-26,Active,0,
CD0005094,C000094,AC0005094,7,Debit,Mastercard,Standard,2022-02-20,2028-05-09,Active,0,
CD0005095,C000095,AC0000095,9,Debit,Visa,Standard,2021-09-03,2030-06-05,Blocked,1,Lost/Stolen
CD0005096,C000096,AC0005096,4,Debit,Mastercard,Business,2021-11-06,2027-04-13,Active,0,
CD0005097,C000097,AC0000097,5,Debit,Mastercard,Standard,2020-10-29,2027-10-06,Active,0,
CD0005098,C000098,AC0005098,5,Credit,Amex,Gold,2024-04-23,2030-06-02,Active,0,
CD0005099,C000099,AC0000099,9,Credit,Visa,Standard,2020-11-03,2030-05-11,Active,0,
CD0005100,C000100,AC0005100,10,Credit,Mastercard,Business,2022-07-11,2030-02-08,Active,0,
CD0005101,C000101,AC0000101,10,Debit,Visa,Business,2020-10-19,2030-10-21,Active,0,
CD0005102,C000102,AC0005102,8,Credit,Visa,Gold,2018-03-07,2029-07-27,Active,0,
CD0005103,C000103,AC0000103,6,Debit,Amex,Business,2019-07-31,2029-10-11,Expired,0,
CD0005104,C000104,AC0005104,6,Credit,Visa,Platinum,2019-09-06,2029-09-06,Active,0,
CD0005105,C000105,AC0000105,10,Debit,Mastercard,Platinum,2020-06-12,2029-12-16,Active,0,
CD0005106,C000106,AC0005106,3,Debit,Amex,Business,2025-10-19,2028-10-25,Blocked,1,Excessive Attempts
CD0005107,C000107,AC0000107,4,Credit,Amex,Platinum,2025-06-11,2027-10-03,Active,0,
CD0005108,C000108,AC0005108,9,Debit,Mastercard,Platinum,2019-04-26,2026-08-11,Active,0,
CD0005109,C000109,AC0000109,4,Debit,Visa,Business,2019-02-12,2028-03-02,Active,0,
CD0005110,C000110,AC0005110,3,Credit,Visa,Standard,2023-11-11,2026-04-11,Blocked,1,Security Block
CD0005111,C000111,AC0000111,6,Debit,Visa,Gold,2018-12-20,2027-03-19,Active,0,
CD0005112,C000112,AC0005112,4,Debit,Mastercard,Platinum,2024-07-10,2026-05-01,Expired,0,
CD0005113,C000113,AC0000113,9,Debit,Mastercard,Standard,2020-08-23,2029-04-03,Active,0,
CD0005114,C000114,AC0005114,10,Credit,Visa,Platinum,2021-08-22,2026-08-16,Active,0,
CD0005115,C000115,AC0000115,4,Credit,Mastercard,Platinum,2024-04-14,2027-03-14,Active,0,
CD0005116,C000116,AC0005116,6,Debit,Mastercard,Standard,2019-02-03,2029-07-20,Active,0,
CD0005117,C000117,AC0000117,10,Debit,Visa,Business,2018-01-12,2030-07-21,Active,0,
CD0005118,C000118,AC0005118,8,Debit,Amex,Gold,2019-01-12,2028-12-26,Active,0,
CD0005119,C000119,AC0000119,3,Debit,Visa,Standard,2025-05-09,2029-03-18,Active,0,
CD0005120,C000120,AC0005120,6,Debit,Visa,Gold,2021-01-21,2027-03-20,Active,0,
CD0005121,C000121,AC0000121,7,Debit,Mastercard,Gold,2021-05-31,2028-04-18,Active,0,
CD0005122,C000122,AC0005122,7,Credit,Visa,Gold,2019-08-31,2027-06-19,Active,0,
CD0005123,C000123,AC0000123,1,Debit,Visa,Platinum,2018-12-10,2026-12-25,Active,0,
CD0005124,C000124,AC0005124,3,Debit,Visa,Platinum,2019-10-25,2030-12-30,Active,0,
CD0005125,C000125,AC0000125,9,Debit,Visa,Platinum,2022-01-14,2029-11-07,Active,0,
CD0005126,C000126,AC0005126,3,Debit,Mastercard,Business,2019-05-01,2028-02-28,Blocked,1,Security Block
CD0005127,C000127,AC0000127,3,Credit,Mastercard,Gold,2023-02-06,2029-10-17,Active,0,
CD0005128,C000128,AC0005128,4,Debit,Visa,Platinum,2019-12-19,2030-06-03,Active,0,
CD0005129,C000129,AC0000129,2,Debit,Mastercard,Gold,2018-08-20,2026-12-25,Active,0,
CD0005130,C000130,AC0005130,2,Credit,Amex,Platinum,2019-04-30,2026-04-28,Active,0,
CD0005131,C000131,AC0000131,4,Debit,Mastercard,Platinum,2021-01-01,2027-07-29,Active,0,
CD0005132,C000132,AC0005132,9,Debit,Visa,Gold,2021-07-30,2030-05-27,Active,0,
CD0005133,C000133,AC0000133,1,Debit,Visa,Standard,2019-04-01,2026-10-21,Active,0,
CD0005134,C000134,AC0005134,3,Debit,Mastercard,Business,2021-08-14,2027-02-12,Active,0,
CD0005135,C000135,AC0000135,1,Debit,Mastercard,Business,2021-09-07,2026-05-16,Active,0,
CD0005136,C000136,AC0005136,6,Debit,Mastercard,Business,2024-02-11,2030-02-08,Active,0,
CD0005137,C000137,AC0000137,3,Debit,Mastercard,Standard,2023-11-16,2028-12-23,Active,0,
CD0005138,C000138,AC0005138,8,Credit,Visa,Standard,2018-01-20,2029-07-21,Blocked,1,Fraud Suspected
CD0005139,C000139,AC0000139,6,Debit,Mastercard,Standard,2019-02-07,2029-06-24,Active,0,
CD0005140,C000140,AC0005140,8,Debit,Mastercard,Standard,2023-05-28,2027-01-21,Active,0,
CD0005141,C000141,AC0000141,7,Credit,Mastercard,Standard,2022-09-12,2028-01-19,Active,0,
CD0005142,C000142,AC0005142,5,Credit,Mastercard,Standard,2018-05-25,2030-03-09,Active,0,
CD0005143,C000143,AC0000143,9,Credit,Visa,Gold,2020-09-11,2030-08-01,Active,0,
CD0005144,C000144,AC0005144,5,Debit,Mastercard,Platinum,2022-07-08,2029-10-11,Active,0,
CD0005145,C000145,AC0000145,10,Credit,Mastercard,Platinum,2024-11-25,2028-08-12,Active,0,
CD0005146,C000146,AC0005146,10,Debit,Mastercard,Business,2024-05-16,2027-10-13,Active,0,
CD0005147,C000147,AC0000147,6,Debit,Visa,Standard,2019-12-20,2028-04-04,Active,0,
CD0005148,C000148,AC0005148,7,Debit,Mastercard,Gold,2019-06-29,2027-12-12,Active,0,
CD0005149,C000149,AC0000149,3,Debit,Mastercard,Business,2023-06-30,2029-04-28,Active,0,
CD0005150,C000150,AC0005150,9,Debit,Amex,Standard,2018-11-11,2028-03-23,Blocked,1,Security Block
CD0005151,C000151,AC0000151,7,Credit,Amex,Business,2025-10-17,2027-01-21,Active,0,
CD0005152,C000152,AC0005152,10,Debit,Mastercard,Gold,2020-02-24,2026-12-20,Active,0,
CD0005153,C000153,AC0000153,3,Credit,Mastercard,Gold,2018-07-19,2026-10-16,Active,0,
CD0005154,C000154,AC0005154,8,Debit,Mastercard,Platinum,2018-01-25,2026-02-28,Active,0,
CD0005155,C000155,AC0000155,5,Debit,Mastercard,Standard,2020-11-05,2028-01-12,Active,0,
CD0005156,C000156,AC0005156,2,Debit,Mastercard,Platinum,2025-08-30,2027-09-24,Active,0,
CD0005157,C000157,AC0000157,2,Credit,Mastercard,Business,2024-03-07,2030-08-27,Active,0,
CD0005158,C000158,AC0005158,6,Debit,Mastercard,Business,2022-06-01,2027-02-21,Active,0,
CD0005159,C000159,AC0000159,4,Debit,Mastercard,Platinum,2022-12-30,2028-08-04,Active,0,
CD0005160,C000160,AC0005160,2,Credit,Visa,Gold,2019-02-03,2030-03-28,Active,0,
CD0005161,C000161,AC0000161,5,Debit,Mastercard,Standard,2021-01-03,2029-09-14,Active,0,
CD0005162,C000162,AC0005162,7,Debit,Visa,Gold,2021-12-09,2027-08-28,Active,0,
CD0005163,C000163,AC0000163,4,Debit,Mastercard,Standard,2023-06-20,2027-06-16,Active,0,
CD0005164,C000164,AC0005164,10,Debit,Mastercard,Gold,2022-03-09,2026-05-16,Active,0,
CD0005165,C000165,AC0000165,8,Debit,Visa,Platinum,2019-08-11,2026-06-15,Active,0,
CD0005166,C000166,AC0005166,6,Credit,Mastercard,Business,2023-02-04,2026-09-27,Active,0,
CD0005167,C000167,AC0000167,10,Debit,Visa,Platinum,2018-07-21,2026-02-28,Active,0,
CD0005168,C000168,AC0005168,5,Debit,Amex,Platinum,2025-06-16,2030-03-03,Active,0,
CD0005169,C000169,AC0000169,2,Credit,Visa,Platinum,2018-09-22,2028-06-14,Active,0,
CD0005170,C000170,AC0005170,1,Credit,Mastercard,Platinum,2021-01-01,2030-08-01,Active,0,
CD0005171,C000171,AC0000171,10,Debit,Visa,Gold,2019-01-04,2028-09-17,Active,0,
CD0005172,C000172,AC0005172,10,Debit,Amex,Standard,2018-03-02,2028-02-29,Active,0,
CD0005173,C000173,AC0000173,8,Debit,Visa,Standard,2022-12-20,2028-11-25,Active,0,
CD0005174,C000174,AC0005174,2,Credit,Mastercard,Platinum,2025-06-18,2030-09-16,Active,0,
CD0005175,C000175,AC0000175,3,Credit,Visa,Standard,2023-12-11,2026-10-28,Active,0,
CD0005176,C000176,AC0005176,1,Credit,Visa,Business,2020-08-08,2029-12-13,Active,0,
CD0005177,C000177,AC0000177,1,Credit,Visa,Gold,2022-03-20,2028-10-03,Active,0,
CD0005178,C000178,AC0005178,3,Debit,Visa,Business,2021-08-06,2030-12-29,Active,0,
CD0005179,C000179,AC0000179,6,Debit,Visa,Standard,2019-09-25,2026-06-12,Blocked,1,Fraud Suspected
CD0005180,C000180,AC0005180,1,Debit,Visa,Business,2024-12-02,2028-11-05,Active,0,
CD0005181,C000181,AC0000181,10,Debit,Amex,Gold,2021-09-04,2030-05-21,Active,0,
CD0005182,C000182,AC0005182,5,Credit,Mastercard,Gold,2024-11-20,2026-01-28,Active,0,
CD0005183,C000183,AC0000183,3,Credit,Amex,Business,2021-11-21,2027-12-25,Active,0,
CD0005184,C000184,AC0005184,6,Credit,Visa,Standard,2019-09-30,2026-01-17,Active,0,
CD0005185,C000185,AC0000185,8,Debit,Visa,Platinum,2024-02-22,2028-01-26,Active,0,
CD0005186,C000186,AC0005186,4,Credit,Visa,Gold,2020-04-26,2028-12-01,Active,0,
CD0005187,C000187,AC0000187,1,Debit,Mastercard,Business,2019-08-27,2027-11-10,Blocked,1,Fraud Suspected
CD0005188,C000188,AC0005188,1,Credit,Mastercard,Standard,2024-06-21,2027-08-03,Active,0,
CD0005189,C000189,AC0000189,9,Debit,Visa,Gold,2023-08-05,2029-01-18,Active,0,
CD0005190,C000190,AC0005190,2,Credit,Mastercard,Business,2020-03-29,2026-11-06,Active,0,
CD0005191,C000191,AC0000191,7,Debit,Mastercard,Standard,2023-08-11,2030-03-17,Active,0,
CD0005192,C000192,AC0005192,4,Debit,Mastercard,Platinum,2019-05-23,2027-12-05,Active,0,
CD0005193,C000193,AC0000193,8,Debit,Mastercard,Platinum,2019-09-14,2026-05-16,Active,0,
CD0005194,C000194,AC0005194,1,Debit,Mastercard,Platinum,2021-06-02,2028-02-03,Blocked,1,Excessive Attempts
CD0005195,C000195,AC0000195,9,Credit,Mastercard,Standard,2019-11-25,2026-04-19,Active,0,
CD0005196,C000196,AC0005196,7,Credit,Mastercard,Gold,2021-08-13,2027-07-01,Active,0,
CD0005197,C000197,AC0000197,5,Debit,Mastercard,Business,2018-04-18,2027-06-14,Blocked,1,Fraud Suspected
CD0005198,C000198,AC0005198,3,Debit,Visa,Gold,2025-08-17,2030-07-26,Active,0,
CD0005199,C000199,AC0000199,10,Credit,Amex,Platinum,2025-05-30,2028-02-05,Active,0,
CD0005200,C000200,AC0005200,4,Debit,Mastercard,Standard,2021-07-18,2027-06-22,Active,0,
CD0005201,C000201,AC0000201,5,Credit,Mastercard,Gold,2019-03-22,2029-10-06,Active,0,
CD0005202,C000202,AC0005202,4,Debit,Visa,Platinum,2024-09-06,2027-06-25,Active,0,
CD0005203,C000203,AC0000203,3,Credit,Visa,Gold,2023-04-03,2026-10-06,Blocked,1,Lost/Stolen
CD0005204,C000204,AC0005204,5,Credit,Amex,Standard,2018-01-25,2030-04-23,Active,0,
CD0005205,C000205,AC0000205,2,Credit,Mastercard,Business,2022-10-16,2030-09-18,Blocked,1,Fraud Suspected
CD0005206,C000206,AC0005206,1,Credit,Visa,Business,2018-01-12,2028-11-21,Active,0,
CD0005207,C000207,AC0000207,3,Credit,Visa,Business,2019-10-01,2026-05-27,Active,0,
CD0005208,C000208,AC0005208,2,Debit,Mastercard,Platinum,2020-04-25,2029-12-07,Active,0,
CD0005209,C000209,AC0000209,5,Debit,Visa,Standard,2018-08-16,2029-03-08,Active,0,
CD0005210,C000210,AC0005210,9,Credit,Mastercard,Platinum,2020-12-05,2028-02-21,Active,0,
CD0005211,C000211,AC0000211,2,Debit,Mastercard,Gold,2022-10-17,2028-04-06,Active,0,
CD0005212,C000212,AC0005212,1,Debit,Visa,Gold,2022-09-26,2026-06-19,Expired,0,
CD0005213,C000213,AC0000213,2,Credit,Visa,Gold,2025-06-06,2030-02-21,Active,0,
CD0005214,C000214,AC0005214,6,Debit,Visa,Gold,2025-04-16,2028-02-29,Active,0,
CD0005215,C000215,AC0000215,3,Debit,Amex,Gold,2018-09-03,2026-05-16,Active,0,
CD0005216,C000216,AC0005216,5,Debit,Mastercard,Gold,2023-10-20,2026-10-08,Active,0,
CD0005217,C000217,AC0000217,1,Debit,Amex,Business,2021-02-07,2030-08-20,Blocked,1,Security Block
CD0005218,C000218,AC0005218,4,Credit,Mastercard,Business,2024-06-11,2028-02-23,Active,0,
CD0005219,C000219,AC0000219,5,Debit,Mastercard,Business,2025-08-16,2030-01-13,Active,0,
CD0005220,C000220,AC0005220,5,Debit,Mastercard,Standard,2022-05-25,2029-01-22,Active,0,
CD0005221,C000221,AC0000221,6,Credit,Visa,Gold,2023-12-24,2027-11-11,Active,0,
CD0005222,C000222,AC0005222,8,Credit,Visa,Business,2020-01-17,2028-07-28,Blocked,1,Lost/Stolen
CD0005223,C000223,AC0000223,5,Debit,Mastercard,Platinum,2019-04-04,2030-09-24,Active,0,
CD0005224,C000224,AC0005224,9,Debit,Mastercard,Business,2020-03-25,2026-09-13,Active,0,
CD0005225,C000225,AC0000225,6,Credit,Mastercard,Standard,2022-11-20,2027-08-15,Active,0,
CD0005226,C000226,AC0005226,3,Debit,Amex,Gold,2021-02-25,2028-06-26,Blocked,1,Security Block
CD0005227,C000227,AC0000227,3,Credit,Mastercard,Business,2018-06-10,2027-02-21,Blocked,1,Fraud Suspected
CD0005228,C000228,AC0005228,4,Debit,Mastercard,Gold,2018-07-04,2026-10-02,Active,0,
CD0005229,C000229,AC0000229,6,Debit,Amex,Standard,2024-06-01,2026-05-16,Active,0,
CD0005230,C000230,AC0005230,3,Credit,Amex,Gold,2023-01-20,2027-11-30,Active,0,
CD0005231,C000231,AC0000231,10,Debit,Mastercard,Business,2019-09-11,2030-04-02,Active,0,
CD0005232,C000232,AC0005232,5,Credit,Mastercard,Platinum,2025-10-08,2026-03-03,Active,0,
CD0005233,C000233,AC0000233,9,Debit,Visa,Gold,2019-03-10,2029-05-29,Blocked,1,Excessive Attempts
CD0005234,C000234,AC0005234,7,Credit,Visa,Business,2019-08-20,2026-02-28,Active,0,
CD0005235,C000235,AC0000235,4,Credit,Mastercard,Business,2018-09-05,2027-04-28,Active,0,
CD0005236,C000236,AC0005236,3,Credit,Visa,Business,2019-06-22,2027-05-07,Blocked,1,Excessive Attempts
CD0005237,C000237,AC0000237,8,Debit,Mastercard,Gold,2022-03-08,2030-02-17,Active,0,
CD0005238,C000238,AC0005238,4,Credit,Mastercard,Gold,2022-07-11,2027-01-02,Active,0,
CD0005239,C000239,AC0000239,3,Credit,Mastercard,Gold,2025-09-28,2027-05-22,Blocked,1,Security Block
CD0005240,C000240,AC0005240,10,Credit,Mastercard,Gold,2024-12-19,2026-09-04,Active,0,
CD0005241,C000241,AC0000241,5,Debit,Visa,Business,2021-06-24,2029-03-28,Active,0,
CD0005242,C000242,AC0005242,1,Credit,Visa,Platinum,2023-12-07,2029-01-03,Active,0,
CD0005243,C000243,AC0000243,5,Debit,Mastercard,Business,2018-10-26,2028-02-20,Active,0,
CD0005244,C000244,AC0005244,5,Debit,Mastercard,Standard,2022-09-11,2028-04-26,Active,0,
CD0005245,C000245,AC0000245,9,Debit,Mastercard,Platinum,2018-05-19,2028-12-16,Active,0,
CD0005246,C000246,AC0005246,8,Debit,Mastercard,Gold,2020-06-10,2026-05-20,Blocked,1,Security Block
CD0005247,C000247,AC0000247,2,Debit,Mastercard,Standard,2018-05-25,2027-02-21,Active,0,
CD0005248,C000248,AC0005248,2,Debit,Mastercard,Gold,2018-12-11,2026-11-10,Active,0,
CD0005249,C000249,AC0000249,7,Credit,Mastercard,Gold,2023-05-28,2030-09-05,Active,0,
CD0005250,C000250,AC0005250,1,Debit,Visa,Standard,2022-10-06,2029-11-01,Expired,0,
CD0005251,C000251,AC0000251,4,Debit,Mastercard,Gold,2025-11-05,2026-11-27,Active,0,
CD0005252,C000252,AC0005252,2,Credit,Visa,Platinum,2018-06-19,2027-01-05,Active,0,
CD0005253,C000253,AC0000253,1,Debit,Visa,Gold,2019-11-13,2030-04-29,Active,0,
CD0005254,C000254,AC0005254,10,Debit,Visa,Gold,2025-03-29,2028-10-01,Active,0,
CD0005255,C000255,AC0000255,1,Debit,Visa,Business,2019-12-23,2027-10-15,Blocked,1,Security Block
CD0005256,C000256,AC0005256,1,Debit,Mastercard,Platinum,2024-03-31,2030-07-28,Active,0,
CD0005257,C000257,AC0000257,10,Debit,Visa,Platinum,2025-04-29,2026-12-03,Active,0,
CD0005258,C000258,AC0005258,2,Credit,Visa,Gold,2025-01-02,2030-07-14,Active,0,
CD0005259,C000259,AC0000259,9,Debit,Visa,Platinum,2018-03-18,2027-05-28,Active,0,
CD0005260,C000260,AC0005260,1,Credit,Visa,Standard,2018-05-14,2026-12-02,Active,0,
CD0005261,C000261,AC0000261,2,Debit,Visa,Platinum,2021-03-07,2029-09-02,Active,0,
CD0005262,C000262,AC0005262,2,Debit,Mastercard,Gold,2021-03-24,2028-03-11,Active,0,
CD0005263,C000263,AC0000263,8,Credit,Mastercard,Standard,2023-06-17,2027-07-03,Active,0,
CD0005264,C000264,AC0005264,7,Debit,Mastercard,Standard,2025-06-03,2030-01-22,Active,0,
CD0005265,C000265,AC0000265,5,Debit,Visa,Standard,2025-08-16,2030-10-12,Active,0,
CD0005266,C000266,AC0005266,3,Debit,Visa,Gold,2020-07-28,2030-04-13,Active,0,
CD0005267,C000267,AC0000267,1,Debit,Visa,Standard,2021-05-21,2026-08-19,Active,0,
CD0005268,C000268,AC0005268,6,Credit,Visa,Business,2024-11-29,2028-12-30,Expired,0,
CD0005269,C000269,AC0000269,3,Debit,Visa,Platinum,2022-10-03,2030-02-14,Active,0,
CD0005270,C000270,AC0005270,6,Debit,Visa,Standard,2020-11-23,2028-12-06,Blocked,1,Security Block
CD0005271,C000271,AC0000271,7,Debit,Mastercard,Business,2018-06-04,2027-10-22,Active,0,
CD0005272,C000272,AC0005272,9,Credit,Amex,Gold,2023-03-06,2028-06-01,Blocked,1,Security Block
CD0005273,C000273,AC0000273,5,Debit,Visa,Gold,2023-04-01,2027-10-20,Active,0,
CD0005274,C000274,AC0005274,1,Debit,Visa,Standard,2023-07-08,2026-09-14,Active,0,
CD0005275,C000275,AC0000275,3,Debit,Amex,Platinum,2025-02-10,2030-02-20,Active,0,
CD0005276,C000276,AC0005276,9,Debit,Visa,Gold,2021-03-28,2030-09-20,Active,0,
CD0005277,C000277,AC0000277,6,Debit,Mastercard,Business,2019-05-21,2028-08-13,Active,0,
CD0005278,C000278,AC0005278,7,Debit,Amex,Platinum,2019-12-07,2030-10-07,Active,0,
CD0005279,C000279,AC0000279,5,Debit,Mastercard,Gold,2020-05-06,2026-05-06,Blocked,1,Security Block
CD0005280,C000280,AC0005280,2,Credit,Mastercard,Platinum,2025-01-04,2027-05-09,Active,0,
CD0005281,C000281,AC0000281,9,Debit,Mastercard,Platinum,2024-04-10,2030-12-21,Active,0,
CD0005282,C000282,AC0005282,8,Debit,Visa,Gold,2023-05-28,2028-10-04,Blocked,1,Security Block
CD0005283,C000283,AC0000283,10,Debit,Mastercard,Standard,2020-01-07,2030-10-20,Active,0,
CD0005284,C000284,AC0005284,9,Credit,Mastercard,Standard,2019-10-14,2026-03-19,Active,0,
CD0005285,C000285,AC0000285,3,Debit,Mastercard,Standard,2025-08-12,2029-08-08,Active,0,
CD0005286,C000286,AC0005286,3,Credit,Visa,Gold,2018-07-29,2030-11-04,Active,0,
CD0005287,C000287,AC0000287,3,Debit,Mastercard,Platinum,2018-03-03,2027-03-22,Active,0,
CD0005288,C000288,AC0005288,10,Debit,Amex,Business,2019-01-14,2030-07-31,Blocked,1,Security Block
CD0005289,C000289,AC0000289,6,Debit,Mastercard,Platinum,2019-11-23,2028-12-20,Active,0,
CD0005290,C000290,AC0005290,5,Debit,Visa,Gold,2018-05-18,2028-05-01,Active,0,
CD0005291,C000291,AC0000291,10,Credit,Amex,Gold,2022-11-26,2026-06-02,Active,0,
CD0005292,C000292,AC0005292,7,Debit,Amex,Gold,2019-10-13,2029-07-26,Active,0,
CD0005293,C000293,AC0000293,10,Debit,Mastercard,Gold,2021-03-12,2030-07-26,Active,0,
CD0005294,C000294,AC0005294,10,Credit,Mastercard,Standard,2023-11-25,2026-12-01,Active,0,
CD0005295,C000295,AC0000295,1,Debit,Visa,Standard,2018-06-24,2028-05-13,Active,0,
CD0005296,C000296,AC0005296,4,Credit,Amex,Business,2021-03-18,2029-04-22,Active,0,
CD0005297,C000297,AC0000297,8,Debit,Visa,Standard,2024-11-30,2026-04-20,Active,0,
CD0005298,C000298,AC0005298,9,Debit,Visa,Platinum,2018-08-17,2030-02-18,Active,0,
CD0005299,C000299,AC0000299,2,Debit,Mastercard,Gold,2020-12-31,2026-02-08,Active,0,
CD0005300,C000300,AC0005300,4,Debit,Visa,Standard,2025-05-16,2027-02-10,Active,0,
CD0005301,C000301,AC0000301,6,Debit,Visa,Standard,2022-11-18,2030-11-11,Active,0,
CD0005302,C000302,AC0005302,8,Credit,Mastercard,Business,2018-11-09,2029-10-24,Active,0,
CD0005303,C000303,AC0000303,2,Credit,Mastercard,Standard,2019-01-08,2026-11-11,Blocked,1,Security Block
CD0005304,C000304,AC0005304,7,Debit,Visa,Standard,2024-12-03,2027-06-02,Active,0,
CD0005305,C000305,AC0000305,3,Debit,Visa,Business,2018-09-27,2028-09-27,Expired,0,
CD0005306,C000306,AC0005306,3,Credit,Visa,Gold,2020-12-07,2026-05-21,Active,0,
CD0005307,C000307,AC0000307,6,Credit,Mastercard,Standard,2021-03-01,2029-02-27,Active,0,
CD0005308,C000308,AC0005308,5,Debit,Visa,Platinum,2024-06-22,2026-09-12,Active,0,
CD0005309,C000309,AC0000309,7,Debit,Visa,Gold,2023-07-28,2027-12-26,Active,0,
CD0005310,C000310,AC0005310,4,Debit,Mastercard,Standard,2019-02-07,2027-11-28,Active,0,
CD0005311,C000311,AC0000311,9,Credit,Mastercard,Gold,2022-08-12,2030-07-07,Active,0,
CD0005312,C000312,AC0005312,1,Debit,Mastercard,Gold,2025-04-09,2030-08-27,Active,0,
CD0005313,C000313,AC0000313,9,Credit,Visa,Gold,2021-08-09,2026-03-24,Active,0,
CD0005314,C000314,AC0005314,1,Debit,Mastercard,Gold,2020-06-16,2028-06-18,Active,0,
CD0005315,C000315,AC0000315,8,Debit,Visa,Standard,2019-11-21,2029-09-06,Blocked,1,Fraud Suspected
CD0005316,C000316,AC0005316,4,Credit,Visa,Standard,2018-03-31,2030-09-10,Active,0,
CD0005317,C000317,AC0000317,4,Debit,Visa,Business,2021-02-04,2029-12-18,Active,0,
CD0005318,C000318,AC0005318,1,Debit,Mastercard,Gold,2020-06-13,2028-10-31,Active,0,
CD0005319,C000319,AC0000319,8,Debit,Visa,Gold,2019-11-21,2030-07-30,Active,0,
CD0005320,C000320,AC0005320,2,Debit,Mastercard,Platinum,2023-10-28,2026-03-30,Blocked,1,Security Block
CD0005321,C000321,AC0000321,7,Debit,Visa,Standard,2025-08-22,2028-02-18,Active,0,
CD0005322,C000322,AC0005322,8,Credit,Visa,Platinum,2023-09-03,2029-09-20,Active,0,
CD0005323,C000323,AC0000323,9,Credit,Mastercard,Gold,2019-02-07,2026-01-16,Active,0,
CD0005324,C000324,AC0005324,8,Debit,Visa,Standard,2021-08-19,2028-04-30,Active,0,
CD0005325,C000325,AC0000325,4,Debit,Mastercard,Standard,2022-06-13,2029-10-30,Active,0,
CD0005326,C000326,AC0005326,8,Debit,Visa,Platinum,2024-09-30,2030-09-21,Active,0,
CD0005327,C000327,AC0000327,9,Debit,Mastercard,Platinum,2024-10-10,2027-07-14,Active,0,
CD0005328,C000328,AC0005328,4,Debit,Mastercard,Platinum,2020-09-29,2027-07-19,Active,0,
CD0005329,C000329,AC0000329,2,Credit,Visa,Business,2018-07-06,2027-10-31,Active,0,
CD0005330,C000330,AC0005330,9,Credit,Visa,Platinum,2022-02-17,2030-05-27,Active,0,
CD0005331,C000331,AC0000331,2,Debit,Visa,Gold,2022-03-18,2027-07-28,Active,0,
CD0005332,C000332,AC0005332,6,Credit,Mastercard,Standard,2018-07-31,2027-03-15,Active,0,
CD0005333,C000333,AC0000333,3,Debit,Visa,Business,2019-01-06,2030-09-13,Active,0,
CD0005334,C000334,AC0005334,2,Debit,Mastercard,Gold,2018-03-30,2026-03-14,Active,0,
CD0005335,C000335,AC0000335,8,Credit,Amex,Platinum,2018-04-03,2026-08-30,Blocked,1,Security Block
CD0005336,C000336,AC0005336,2,Debit,Visa,Platinum,2025-04-19,2030-03-31,Expired,0,
CD0005337,C000337,AC0000337,7,Credit,Mastercard,Standard,2019-10-19,2029-12-03,Active,0,
CD0005338,C000338,AC0005338,7,Debit,Visa,Business,2025-12-11,2030-02-26,Active,0,
CD0005339,C000339,AC0000339,1,Debit,Mastercard,Business,2021-12-26,2027-12-28,Active,0,
CD0005340,C000340,AC0005340,2,Credit,Mastercard,Standard,2024-07-09,2030-02-11,Active,0,
CD0005341,C000341,AC0000341,8,Debit,Visa,Business,2022-05-10,2027-07-16,Active,0,
CD0005342,C000342,AC0005342,6,Credit,Mastercard,Business,2024-05-17,2028-01-26,Active,0,
CD0005343,C000343,AC0000343,2,Debit,Mastercard,Standard,2025-11-09,2028-03-02,Blocked,1,Security Block
CD0005344,C000344,AC0005344,10,Credit,Visa,Business,2020-02-18,2028-02-24,Active,0,
CD0005345,C000345,AC0000345,3,Debit,Mastercard,Gold,2018-05-10,2026-08-03,Blocked,1,Excessive Attempts
CD0005346,C000346,AC0005346,1,Debit,Mastercard,Standard,2023-07-22,2028-10-15,Blocked,1,Excessive Attempts
CD0005347,C000347,AC0000347,10,Credit,Visa,Gold,2020-01-08,2028-03-26,Active,0,
CD0005348,C000348,AC0005348,1,Debit,Mastercard,Business,2018-11-14,2027-03-15,Blocked,1,Excessive Attempts
CD0005349,C000349,AC0000349,6,Debit,Mastercard,Platinum,2018-10-11,2027-10-11,Active,0,
CD0005350,C000350,AC0005350,10,Credit,Mastercard,Business,2020-08-31,2027-03-03,Expired,0,
CD0005351,C000351,AC0000351,6,Credit,Mastercard,Standard,2021-06-11,2029-02-16,Active,0,
CD0005352,C000352,AC0005352,6,Debit,Visa,Gold,2018-06-29,2030-02-23,Active,0,
CD0005353,C000353,AC0000353,4,Credit,Mastercard,Platinum,2022-10-06,2026-07-06,Active,0,
CD0005354,C000354,AC0005354,2,Debit,Visa,Business,2021-10-25,2028-10-15,Expired,0,
CD0005355,C000355,AC0000355,6,Credit,Mastercard,Business,2019-04-10,2027-05-09,Active,0,
CD0005356,C000356,AC0005356,9,Credit,Mastercard,Gold,2022-09-10,2027-10-29,Active,0,
CD0005357,C000357,AC0000357,1,Credit,Visa,Platinum,2025-02-05,2029-05-10,Expired,0,
CD0005358,C000358,AC0005358,9,Debit,Mastercard,Standard,2024-01-05,2027-12-26,Blocked,1,Security Block
CD0005359,C000359,AC0000359,5,Debit,Mastercard,Business,2025-10-09,2028-03-01,Active,0,
CD0005360,C000360,AC0005360,6,Credit,Mastercard,Platinum,2023-05-29,2026-09-02,Active,0,
CD0005361,C000361,AC0000361,2,Debit,Mastercard,Standard,2018-07-24,2028-05-18,Blocked,1,Security Block
CD0005362,C000362,AC0005362,7,Debit,Mastercard,Business,2020-07-13,2030-02-05,Active,0,
CD0005363,C000363,AC0000363,2,Credit,Visa,Platinum,2022-02-11,2029-08-10,Active,0,
CD0005364,C000364,AC0005364,3,Debit,Visa,Business,2022-08-23,2029-03-02,Active,0,
CD0005365,C000365,AC0000365,8,Debit,Visa,Platinum,2021-12-30,2028-10-10,Blocked,1,Security Block
CD0005366,C000366,AC0005366,1,Debit,Visa,Platinum,2023-07-12,2026-10-19,Active,0,
CD0005367,C000367,AC0000367,5,Debit,Mastercard,Standard,2020-06-20,2026-04-13,Active,0,
CD0005368,C000368,AC0005368,6,Credit,Mastercard,Platinum,2023-09-21,2029-02-25,Expired,0,
CD0005369,C000369,AC0000369,2,Credit,Amex,Standard,2022-03-23,2028-07-30,Active,0,
CD0005370,C000370,AC0005370,3,Debit,Mastercard,Business,2022-03-03,2026-10-08,Active,0,
CD0005371,C000371,AC0000371,4,Debit,Mastercard,Business,2018-06-07,2026-10-26,Blocked,1,Fraud Suspected
CD0005372,C000372,AC0005372,7,Credit,Mastercard,Gold,2019-10-09,2027-09-13,Active,0,
CD0005373,C000373,AC0000373,10,Debit,Visa,Business,2022-10-04,2027-10-03,Active,0,
CD0005374,C000374,AC0005374,9,Credit,Mastercard,Gold,2020-05-18,2029-06-08,Active,0,
CD0005375,C000375,AC0000375,2,Debit,Mastercard,Gold,2020-09-22,2026-09-26,Active,0,
CD0005376,C000376,AC0005376,1,Credit,Mastercard,Business,2025-02-07,2026-05-26,Blocked,1,Security Block
CD0005377,C000377,AC0000377,1,Credit,Mastercard,Platinum,2025-12-31,2029-09-24,Active,0,
CD0005378,C000378,AC0005378,6,Debit,Mastercard,Platinum,2018-05-27,2028-11-20,Active,0,
CD0005379,C000379,AC0000379,2,Credit,Mastercard,Business,2018-05-21,2026-05-28,Active,0,
CD0005380,C000380,AC0005380,3,Debit,Mastercard,Platinum,2022-04-18,2026-10-01,Active,0,
CD0005381,C000381,AC0000381,9,Debit,Visa,Gold,2024-03-14,2029-12-04,Active,0,
CD0005382,C000382,AC0005382,9,Credit,Visa,Business,2019-10-02,2028-09-04,Expired,0,
CD0005383,C000383,AC0000383,9,Debit,Visa,Standard,2022-02-01,2026-09-12,Active,0,
CD0005384,C000384,AC0005384,3,Debit,Visa,Standard,2020-05-06,2030-03-14,Blocked,1,Security Block
CD0005385,C000385,AC0000385,7,Debit,Mastercard,Standard,2023-10-13,2028-05-02,Active,0,
CD0005386,C000386,AC0005386,7,Debit,Amex,Standard,2021-03-10,2026-11-21,Active,0,
CD0005387,C000387,AC0000387,2,Credit,Mastercard,Platinum,2022-02-16,2028-06-16,Active,0,
CD0005388,C000388,AC0005388,6,Debit,Visa,Business,2023-03-25,2030-03-07,Active,0,
CD0005389,C000389,AC0000389,6,Debit,Visa,Gold,2023-07-05,2026-08-31,Active,0,
CD0005390,C000390,AC0005390,4,Credit,Visa,Platinum,2020-11-16,2027-10-09,Active,0,
CD0005391,C000391,AC0000391,8,Debit,Visa,Standard,2025-10-01,2028-02-24,Active,0,
CD0005392,C000392,AC0005392,7,Credit,Visa,Business,2021-09-02,2030-04-18,Active,0,
CD0005393,C000393,AC0000393,6,Debit,Visa,Platinum,2022-11-02,2027-05-20,Active,0,
CD0005394,C000394,AC0005394,8,Debit,Mastercard,Business,2024-07-15,2029-05-05,Active,0,
CD0005395,C000395,AC0000395,8,Debit,Mastercard,Gold,2022-10-16,2026-04-07,Blocked,1,Security Block
CD0005396,C000396,AC0005396,6,Debit,Mastercard,Standard,2022-07-30,2026-04-13,Active,0,
CD0005397,C000397,AC0000397,3,Debit,Mastercard,Business,2024-12-15,2030-05-01,Active,0,
CD0005398,C000398,AC0005398,8,Debit,Visa,Standard,2018-03-02,2030-11-13,Blocked,1,Security Block
CD0005399,C000399,AC0000399,8,Credit,Mastercard,Business,2021-08-13,2029-12-30,Active,0,
CD0005400,C000400,AC0005400,10,Debit,Mastercard,Standard,2023-07-06,2028-11-01,Active,0,
CD0005401,C000401,AC0000401,2,Debit,Visa,Platinum,2022-08-12,2026-03-08,Active,0,
CD0005402,C000402,AC0005402,5,Debit,Mastercard,Business,2024-07-24,2027-09-16,Active,0,
CD0005403,C000403,AC0000403,10,Debit,Visa,Standard,2019-05-22,2027-01-14,Blocked,1,Security Block
CD0005404,C000404,AC0005404,6,Credit,Mastercard,Gold,2018-07-17,2028-05-08,Expired,0,
CD0005405,C000405,AC0000405,10,Debit,Mastercard,Gold,2022-09-17,2029-06-13,Active,0,
CD0005406,C000406,AC0005406,1,Debit,Amex,Platinum,2021-04-25,2029-04-17,Active,0,
CD0005407,C000407,AC0000407,1,Debit,Mastercard,Standard,2020-12-26,2029-04-20,Active,0,
CD0005408,C000408,AC0005408,8,Credit,Visa,Standard,2025-06-19,2030-05-04,Active,0,
CD0005409,C000409,AC0000409,4,Credit,Mastercard,Platinum,2025-09-12,2027-12-14,Active,0,
CD0005410,C000410,AC0005410,6,Debit,Mastercard,Business,2018-08-13,2026-08-29,Active,0,
CD0005411,C000411,AC0000411,5,Debit,Mastercard,Platinum,2025-05-16,2026-07-14,Blocked,1,Excessive Attempts
CD0005412,C000412,AC0005412,5,Credit,Visa,Platinum,2023-01-21,2030-11-03,Active,0,
CD0005413,C000413,AC0000413,10,Credit,Mastercard,Gold,2023-07-20,2027-01-01,Blocked,1,Security Block
CD0005414,C000414,AC0005414,1,Debit,Mastercard,Business,2024-04-02,2026-07-06,Active,0,
CD0005415,C000415,AC0000415,8,Debit,Visa,Business,2018-05-04,2029-10-26,Active,0,
CD0005416,C000416,AC0005416,9,Debit,Mastercard,Business,2024-06-21,2028-01-22,Active,0,
CD0005417,C000417,AC0000417,7,Credit,Mastercard,Platinum,2023-10-02,2028-02-24,Active,0,
CD0005418,C000418,AC0005418,4,Debit,Mastercard,Gold,2022-06-07,2028-05-25,Active,0,
CD0005419,C000419,AC0000419,2,Debit,Visa,Gold,2021-08-15,2026-01-15,Active,0,
CD0005420,C000420,AC0005420,7,Debit,Visa,Gold,2025-07-08,2028-03-14,Expired,0,
CD0005421,C000421,AC0000421,5,Credit,Mastercard,Business,2020-08-10,2026-11-18,Active,0,
CD0005422,C000422,AC0005422,2,Debit,Visa,Gold,2021-12-05,2026-10-30,Active,0,
CD0005423,C000423,AC0000423,4,Debit,Visa,Platinum,2021-04-28,2026-04-27,Active,0,
CD0005424,C000424,AC0005424,10,Debit,Mastercard,Platinum,2018-10-13,2030-10-10,Active,0,
CD0005425,C000425,AC0000425,3,Debit,Visa,Platinum,2022-12-20,2030-10-30,Active,0,
CD0005426,C000426,AC0005426,2,Debit,Mastercard,Business,2018-07-25,2030-09-30,Active,0,
CD0005427,C000427,AC0000427,7,Debit,Mastercard,Platinum,2018-01-17,2026-12-01,Active,0,
CD0005428,C000428,AC0005428,2,Credit,Amex,Standard,2018-09-14,2028-09-29,Active,0,
CD0005429,C000429,AC0000429,10,Debit,Visa,Business,2024-02-14,2030-10-18,Active,0,
CD0005430,C000430,AC0005430,9,Debit,Mastercard,Standard,2022-03-17,2030-02-15,Blocked,1,Lost/Stolen
CD0005431,C000431,AC0000431,10,Debit,Mastercard,Business,2020-11-16,2028-10-20,Blocked,1,Lost/Stolen
CD0005432,C000432,AC0005432,10,Debit,Mastercard,Platinum,2021-03-20,2029-10-16,Active,0,
CD0005433,C000433,AC0000433,3,Credit,Mastercard,Business,2019-08-25,2026-01-29,Active,0,
CD0005434,C000434,AC0005434,3,Debit,Visa,Gold,2022-04-12,2030-04-22,Active,0,
CD0005435,C000435,AC0000435,4,Debit,Mastercard,Platinum,2025-08-04,2030-03-14,Blocked,1,Security Block
CD0005436,C000436,AC0005436,5,Credit,Mastercard,Business,2023-09-15,2028-01-31,Active,0,
CD0005437,C000437,AC0000437,9,Debit,Mastercard,Standard,2020-02-17,2028-06-11,Active,0,
CD0005438,C000438,AC0005438,8,Credit,Visa,Business,2023-08-20,2027-02-28,Blocked,1,Security Block
CD0005439,C000439,AC0000439,7,Debit,Visa,Platinum,2025-11-28,2028-04-14,Active,0,
CD0005440,C000440,AC0005440,9,Debit,Mastercard,Platinum,2023-05-31,2026-09-30,Active,0,
CD0005441,C000441,AC0000441,7,Debit,Visa,Business,2018-04-18,2028-10-22,Active,0,
CD0005442,C000442,AC0005442,4,Debit,Visa,Gold,2024-05-14,2029-08-16,Expired,0,
CD0005443,C000443,AC0000443,5,Debit,Mastercard,Business,2023-07-31,2028-04-12,Active,0,
CD0005444,C000444,AC0005444,6,Debit,Mastercard,Business,2025-02-11,2027-06-14,Active,0,
CD0005445,C000445,AC0000445,1,Debit,Visa,Business,2022-01-05,2030-07-21,Active,0,
CD0005446,C000446,AC0005446,8,Credit,Amex,Business,2024-05-13,2030-07-10,Active,0,
CD0005447,C000447,AC0000447,7,Credit,Visa,Standard,2021-02-03,2027-04-03,Blocked,1,Security Block
CD0005448,C000448,AC0005448,8,Debit,Mastercard,Gold,2025-10-15,2029-05-23,Blocked,1,Lost/Stolen
CD0005449,C000449,AC0000449,6,Credit,Mastercard,Platinum,2024-04-21,2027-07-05,Active,0,
CD0005450,C000450,AC0005450,8,Debit,Mastercard,Gold,2022-10-18,2029-05-06,Active,0,
CD0005451,C000451,AC0000451,10,Debit,Mastercard,Business,2025-10-26,2030-02-13,Active,0,
CD0005452,C000452,AC0005452,6,Debit,Visa,Gold,2018-02-07,2026-09-05,Active,0,
CD0005453,C000453,AC0000453,5,Debit,Amex,Standard,2021-11-21,2030-09-18,Blocked,1,Security Block
CD0005454,C000454,AC0005454,2,Credit,Mastercard,Gold,2018-07-23,2028-12-16,Active,0,
CD0005455,C000455,AC0000455,8,Credit,Mastercard,Platinum,2025-07-08,2028-06-27,Active,0,
CD0005456,C000456,AC0005456,10,Credit,Visa,Gold,2021-11-24,2029-02-26,Active,0,
CD0005457,C000457,AC0000457,7,Debit,Mastercard,Standard,2024-12-21,2028-07-03,Active,0,
CD0005458,C000458,AC0005458,9,Debit,Amex,Standard,2019-04-16,2029-04-29,Active,0,
CD0005459,C000459,AC0000459,9,Credit,Visa,Standard,2021-04-17,2028-07-18,Blocked,1,Excessive Attempts
CD0005460,C000460,AC0005460,8,Credit,Visa,Business,2018-06-22,2030-08-01,Active,0,
CD0005461,C000461,AC0000461,6,Debit,Visa,Business,2018-04-12,2026-09-18,Active,0,
CD0005462,C000462,AC0005462,1,Credit,Visa,Business,2020-02-01,2026-10-09,Blocked,1,Security Block
CD0005463,C000463,AC0000463,1,Debit,Mastercard,Standard,2020-12-16,2026-02-10,Active,0,
CD0005464,C000464,AC0005464,3,Debit,Mastercard,Standard,2024-03-01,2026-08-16,Active,0,
CD0005465,C000465,AC0000465,5,Debit,Mastercard,Platinum,2023-12-04,2026-04-26,Active,0,
CD0005466,C000466,AC0005466,8,Debit,Mastercard,Platinum,2020-12-17,2029-04-26,Blocked,1,Fraud Suspected
CD0005467,C000467,AC0000467,5,Debit,Mastercard,Gold,2024-02-01,2028-01-29,Active,0,
CD0005468,C000468,AC0005468,1,Credit,Mastercard,Standard,2020-07-28,2027-11-11,Active,0,
CD0005469,C000469,AC0000469,3,Credit,Mastercard,Business,2020-08-26,2030-05-23,Active,0,
CD0005470,C000470,AC0005470,10,Debit,Visa,Gold,2018-08-12,2026-01-13,Blocked,1,Security Block
CD0005471,C000471,AC0000471,10,Debit,Visa,Business,2025-11-15,2029-08-25,Blocked,1,Fraud Suspected
CD0005472,C000472,AC0005472,4,Credit,Visa,Business,2024-09-15,2027-11-05,Active,0,
CD0005473,C000473,AC0000473,9,Debit,Mastercard,Platinum,2022-08-19,2029-01-30,Active,0,
CD0005474,C000474,AC0005474,8,Debit,Visa,Gold,2022-10-25,2027-10-20,Active,0,
CD0005475,C000475,AC0000475,10,Debit,Mastercard,Business,2021-12-14,2027-09-25,Active,0,
CD0005476,C000476,AC0005476,9,Debit,Visa,Standard,2021-05-17,2028-01-29,Active,0,
CD0005477,C000477,AC0000477,7,Debit,Visa,Business,2018-09-08,2028-03-17,Active,0,
CD0005478,C000478,AC0005478,4,Credit,Mastercard,Standard,2018-03-14,2030-05-11,Active,0,
CD0005479,C000479,AC0000479,7,Debit,Mastercard,Standard,2020-07-26,2030-07-03,Blocked,1,Security Block
CD0005480,C000480,AC0005480,4,Debit,Visa,Gold,2020-10-23,2029-08-05,Active,0,
CD0005481,C000481,AC0000481,4,Debit,Mastercard,Standard,2023-11-05,2030-11-25,Active,0,
CD0005482,C000482,AC0005482,7,Credit,Visa,Business,2020-10-08,2027-10-17,Active,0,
CD0005483,C000483,AC0000483,6,Debit,Mastercard,Gold,2022-04-08,2026-11-26,Active,0,
CD0005484,C000484,AC0005484,6,Debit,Mastercard,Business,2024-09-28,2027-03-16,Active,0,
CD0005485,C000485,AC0000485,4,Debit,Mastercard,Business,2024-07-01,2026-06-22,Active,0,
CD0005486,C000486,AC0005486,5,Debit,Visa,Gold,2019-02-25,2030-11-23,Active,0,
CD0005487,C000487,AC0000487,1,Debit,Mastercard,Business,2021-08-15,2029-05-12,Active,0,
CD0005488,C000488,AC0005488,7,Debit,Visa,Business,2020-04-29,2030-07-27,Active,0,
CD0005489,C000489,AC0000489,6,Credit,Visa,Platinum,2019-03-13,2030-04-03,Active,0,
CD0005490,C000490,AC0005490,10,Debit,Visa,Business,2020-11-23,2029-09-13,Active,0,
CD0005491,C000491,AC0000491,6,Credit,Mastercard,Business,2019-10-05,2026-03-21,Active,0,
CD0005492,C000492,AC0005492,5,Debit,Mastercard,Gold,2025-11-11,2030-08-21,Blocked,1,Lost/Stolen
CD0005493,C000493,AC0000493,1,Credit,Visa,Business,2023-03-08,2029-03-28,Expired,0,
CD0005494,C000494,AC0005494,2,Credit,Visa,Standard,2023-08-21,2029-04-07,Active,0,
CD0005495,C000495,AC0000495,4,Debit,Visa,Standard,2021-12-12,2028-07-01,Active,0,
CD0005496,C000496,AC0005496,4,Debit,Mastercard,Standard,2023-10-28,2029-05-13,Blocked,1,Security Block
CD0005497,C000497,AC0000497,4,Credit,Visa,Standard,2024-12-06,2028-10-02,Blocked,1,Lost/Stolen
CD0005498,C000498,AC0005498,4,Credit,Amex,Standard,2019-11-10,2030-04-20,Active,0,
CD0005499,C000499,AC0000499,8,Debit,Visa,Platinum,2025-09-25,2028-10-27,Active,0,
CD0005500,C000500,AC0005500,2,Debit,Mastercard,Business,2024-05-26,2027-04-08,Active,0,
CD0005501,C000501,AC0000501,4,Credit,Visa,Business,2025-07-26,2029-11-02,Active,0,
CD0005502,C000502,AC0005502,2,Debit,Amex,Platinum,2023-01-22,2029-12-22,Active,0,
CD0005503,C000503,AC0000503,4,Credit,Visa,Standard,2021-05-20,2026-06-25,Active,0,
CD0005504,C000504,AC0005504,7,Credit,Mastercard,Standard,2023-02-28,2030-07-14,Active,0,
CD0005505,C000505,AC0000505,1,Credit,Amex,Standard,2020-12-18,2028-05-16,Blocked,1,Security Block
CD0005506,C000506,AC0005506,4,Credit,Mastercard,Platinum,2021-08-26,2028-07-09,Active,0,
CD0005507,C000507,AC0000507,1,Debit,Amex,Business,2024-12-13,2030-06-16,Active,0,
CD0005508,C000508,AC0005508,10,Debit,Mastercard,Platinum,2019-11-10,2027-03-06,Blocked,1,Security Block
CD0005509,C000509,AC0000509,8,Credit,Mastercard,Standard,2024-12-10,2029-02-16,Active,0,
CD0005510,C000510,AC0005510,3,Debit,Amex,Platinum,2022-05-29,2030-01-17,Active,0,
CD0005511,C000511,AC0000511,2,Credit,Mastercard,Gold,2020-11-09,2026-08-28,Active,0,
CD0005512,C000512,AC0005512,1,Debit,Amex,Business,2019-09-05,2027-09-11,Active,0,
CD0005513,C000513,AC0000513,5,Credit,Mastercard,Standard,2021-05-17,2028-01-12,Active,0,
CD0005514,C000514,AC0005514,8,Credit,Mastercard,Standard,2018-04-12,2028-11-29,Blocked,1,Excessive Attempts
CD0005515,C000515,AC0000515,6,Debit,Mastercard,Standard,2018-05-09,2028-01-30,Active,0,
CD0005516,C000516,AC0005516,9,Credit,Mastercard,Platinum,2023-02-13,2028-02-13,Active,0,
CD0005517,C000517,AC0000517,4,Debit,Visa,Standard,2023-01-21,2030-02-20,Active,0,
CD0005518,C000518,AC0005518,3,Debit,Mastercard,Gold,2021-09-26,2028-09-24,Active,0,
CD0005519,C000519,AC0000519,5,Credit,Mastercard,Business,2022-07-14,2027-04-07,Active,0,
CD0005520,C000520,AC0005520,3,Debit,Visa,Business,2022-07-25,2029-07-14,Active,0,
CD0005521,C000521,AC0000521,10,Credit,Mastercard,Business,2024-11-21,2028-10-19,Active,0,
CD0005522,C000522,AC0005522,2,Debit,Visa,Platinum,2019-01-11,2026-01-23,Active,0,
CD0005523,C000523,AC0000523,5,Debit,Mastercard,Business,2022-04-24,2029-08-16,Blocked,1,Security Block
CD0005524,C000524,AC0005524,6,Debit,Visa,Standard,2022-03-14,2029-12-25,Active,0,
CD0005525,C000525,AC0000525,1,Debit,Mastercard,Standard,2022-05-11,2026-04-10,Active,0,
CD0005526,C000526,AC0005526,5,Debit,Amex,Standard,2022-12-16,2027-05-25,Active,0,
CD0005527,C000527,AC0000527,5,Debit,Visa,Platinum,2025-03-01,2027-06-30,Active,0,
CD0005528,C000528,AC0005528,3,Debit,Mastercard,Platinum,2022-05-24,2027-08-03,Expired,0,
CD0005529,C000529,AC0000529,2,Debit,Mastercard,Platinum,2019-11-26,2029-08-18,Active,0,
CD0005530,C000530,AC0005530,1,Credit,Visa,Platinum,2024-09-16,2027-06-28,Active,0,
CD0005531,C000531,AC0000531,1,Debit,Mastercard,Gold,2020-08-17,2028-05-22,Active,0,
CD0005532,C000532,AC0005532,5,Credit,Mastercard,Platinum,2021-10-25,2029-09-27,Blocked,1,Excessive Attempts
CD0005533,C000533,AC0000533,1,Debit,Visa,Gold,2022-08-06,2026-05-20,Active,0,
CD0005534,C000534,AC0005534,10,Debit,Visa,Platinum,2019-04-28,2029-08-25,Blocked,1,Fraud Suspected
CD0005535,C000535,AC0000535,3,Debit,Mastercard,Platinum,2020-11-27,2029-04-01,Active,0,
CD0005536,C000536,AC0005536,7,Credit,Amex,Gold,2023-04-25,2029-04-27,Active,0,
CD0005537,C000537,AC0000537,7,Credit,Mastercard,Standard,2025-09-20,2029-12-31,Active,0,
CD0005538,C000538,AC0005538,5,Debit,Visa,Gold,2022-07-25,2027-09-23,Active,0,
CD0005539,C000539,AC0000539,9,Credit,Mastercard,Standard,2021-07-30,2027-07-09,Active,0,
CD0005540,C000540,AC0005540,2,Debit,Visa,Platinum,2023-03-20,2027-06-08,Active,0,
CD0005541,C000541,AC0000541,3,Debit,Mastercard,Standard,2022-07-10,2027-01-15,Active,0,
CD0005542,C000542,AC0005542,3,Credit,Visa,Platinum,2019-04-26,2026-11-12,Active,0,
CD0005543,C000543,AC0000543,2,Debit,Amex,Gold,2024-01-14,2027-12-31,Active,0,
CD0005544,C000544,AC0005544,3,Credit,Mastercard,Business,2020-07-15,2029-12-24,Active,0,
CD0005545,C000545,AC0000545,4,Debit,Visa,Gold,2024-11-12,2029-05-12,Active,0,
CD0005546,C000546,AC0005546,8,Debit,Visa,Standard,2020-05-24,2030-07-26,Active,0,
CD0005547,C000547,AC0000547,4,Debit,Mastercard,Standard,2025-09-10,2026-01-03,Blocked,1,Security Block
CD0005548,C000548,AC0005548,9,Credit,Visa,Platinum,2022-02-07,2027-05-30,Active,0,
CD0005549,C000549,AC0000549,8,Debit,Mastercard,Gold,2021-10-14,2029-12-09,Active,0,
CD0005550,C000550,AC0005550,10,Debit,Mastercard,Platinum,2024-01-26,2027-08-17,Active,0,
CD0005551,C000551,AC0000551,2,Debit,Mastercard,Business,2020-05-15,2030-09-10,Active,0,
CD0005552,C000552,AC0005552,10,Debit,Mastercard,Gold,2021-06-29,2027-09-15,Blocked,1,Security Block
CD0005553,C000553,AC0000553,7,Debit,Mastercard,Platinum,2019-06-23,2027-05-05,Active,0,
CD0005554,C000554,AC0005554,10,Credit,Mastercard,Standard,2023-09-12,2029-06-04,Active,0,
CD0005555,C000555,AC0000555,4,Debit,Mastercard,Standard,2022-12-12,2028-09-11,Active,0,
CD0005556,C000556,AC0005556,10,Debit,Visa,Gold,2025-07-19,2029-03-26,Active,0,
CD0005557,C000557,AC0000557,6,Credit,Mastercard,Standard,2023-02-23,2029-01-11,Active,0,
CD0005558,C000558,AC0005558,1,Debit,Mastercard,Gold,2025-03-17,2030-08-23,Active,0,
CD0005559,C000559,AC0000559,5,Debit,Mastercard,Platinum,2021-10-31,2030-09-25,Blocked,1,Security Block
CD0005560,C000560,AC0005560,2,Debit,Visa,Gold,2020-08-01,2026-09-13,Active,0,
CD0005561,C000561,AC0000561,10,Debit,Mastercard,Business,2023-09-21,2026-07-03,Active,0,
CD0005562,C000562,AC0005562,4,Debit,Mastercard,Gold,2019-05-05,2027-06-06,Active,0,
CD0005563,C000563,AC0000563,3,Debit,Visa,Platinum,2023-03-15,2027-07-28,Active,0,
CD0005564,C000564,AC0005564,6,Debit,Visa,Standard,2018-07-03,2026-02-15,Blocked,1,Lost/Stolen
CD0005565,C000565,AC0000565,5,Debit,Mastercard,Gold,2020-08-13,2028-02-22,Active,0,
CD0005566,C000566,AC0005566,1,Credit,Mastercard,Business,2018-10-21,2030-03-25,Active,0,
CD0005567,C000567,AC0000567,9,Debit,Amex,Platinum,2023-09-27,2026-03-05,Blocked,1,Security Block
CD0005568,C000568,AC0005568,9,Debit,Mastercard,Platinum,2025-08-18,2030-07-21,Active,0,
CD0005569,C000569,AC0000569,8,Credit,Visa,Gold,2024-05-08,2026-09-03,Active,0,
CD0005570,C000570,AC0005570,7,Debit,Visa,Gold,2019-02-11,2030-02-13,Expired,0,
CD0005571,C000571,AC0000571,5,Debit,Mastercard,Gold,2024-12-23,2030-06-01,Active,0,
CD0005572,C000572,AC0005572,6,Credit,Mastercard,Platinum,2022-01-13,2028-04-09,Active,0,
CD0005573,C000573,AC0000573,6,Credit,Amex,Platinum,2022-10-14,2027-04-03,Active,0,
CD0005574,C000574,AC0005574,2,Credit,Visa,Platinum,2023-07-10,2030-06-04,Active,0,
CD0005575,C000575,AC0000575,1,Debit,Mastercard,Business,2019-01-27,2028-09-05,Active,0,
CD0005576,C000576,AC0005576,3,Debit,Visa,Gold,2025-07-16,2030-01-02,Active,0,
CD0005577,C000577,AC0000577,5,Debit,Mastercard,Standard,2022-01-29,2029-09-03,Blocked,1,Lost/Stolen
CD0005578,C000578,AC0005578,2,Credit,Visa,Gold,2022-06-10,2027-10-22,Active,0,
CD0005579,C000579,AC0000579,2,Debit,Visa,Standard,2020-09-18,2026-05-26,Blocked,1,Excessive Attempts
CD0005580,C000580,AC0005580,9,Debit,Mastercard,Gold,2019-07-23,2030-10-24,Active,0,
CD0005581,C000581,AC0000581,4,Debit,Mastercard,Platinum,2019-09-28,2027-06-21,Active,0,
CD0005582,C000582,AC0005582,6,Debit,Visa,Business,2025-02-16,2028-10-18,Active,0,
CD0005583,C000583,AC0000583,6,Debit,Mastercard,Business,2024-05-18,2026-10-01,Active,0,
CD0005584,C000584,AC0005584,8,Debit,Visa,Gold,2023-02-14,2026-09-13,Active,0,
CD0005585,C000585,AC0000585,8,Debit,Visa,Platinum,2025-04-30,2028-03-04,Active,0,
CD0005586,C000586,AC0005586,3,Debit,Visa,Standard,2018-09-02,2029-10-28,Blocked,1,Security Block
CD0005587,C000587,AC0000587,9,Debit,Amex,Platinum,2018-01-13,2029-08-11,Blocked,1,Fraud Suspected
CD0005588,C000588,AC0005588,4,Debit,Mastercard,Gold,2025-06-14,2027-03-08,Active,0,
CD0005589,C000589,AC0000589,9,Debit,Mastercard,Gold,2025-10-07,2026-02-19,Active,0,
CD0005590,C000590,AC0005590,5,Credit,Visa,Standard,2020-02-09,2029-03-20,Blocked,1,Security Block
CD0005591,C000591,AC0000591,2,Debit,Visa,Standard,2019-08-16,2026-01-22,Active,0,
CD0005592,C000592,AC0005592,8,Debit,Mastercard,Business,2019-05-30,2026-07-05,Active,0,
CD0005593,C000593,AC0000593,1,Debit,Amex,Business,2018-03-08,2028-09-05,Blocked,1,Security Block
CD0005594,C000594,AC0005594,8,Credit,Mastercard,Standard,2019-06-27,2026-05-22,Active,0,
CD0005595,C000595,AC0000595,1,Debit,Visa,Gold,2021-09-10,2028-07-18,Active,0,
CD0005596,C000596,AC0005596,3,Credit,Visa,Gold,2021-08-02,2029-02-05,Active,0,
CD0005597,C000597,AC0000597,7,Debit,Mastercard,Platinum,2019-05-16,2028-03-10,Active,0,
CD0005598,C000598,AC0005598,10,Credit,Amex,Business,2023-09-20,2029-11-05,Active,0,
CD0005599,C000599,AC0000599,5,Debit,Mastercard,Standard,2019-06-25,2028-07-22,Active,0,
CD0005600,C000600,AC0005600,2,Debit,Visa,Standard,2025-03-19,2026-02-16,Active,0,
CD0005601,C000601,AC0000601,3,Debit,Visa,Gold,2021-08-19,2030-05-13,Blocked,1,Security Block
CD0005602,C000602,AC0005602,9,Debit,Amex,Gold,2021-02-24,2027-10-19,Active,0,
CD0005603,C000603,AC0000603,8,Debit,Mastercard,Business,2023-02-08,2029-11-04,Active,0,
CD0005604,C000604,AC0005604,2,Debit,Visa,Standard,2021-02-17,2028-03-15,Active,0,
CD0005605,C000605,AC0000605,4,Credit,Visa,Gold,2019-08-24,2030-03-16,Active,0,
CD0005606,C000606,AC0005606,3,Debit,Mastercard,Gold,2019-03-08,2029-03-14,Active,0,
CD0005607,C000607,AC0000607,2,Debit,Mastercard,Gold,2025-12-17,2028-08-04,Active,0,
CD0005608,C000608,AC0005608,9,Credit,Mastercard,Standard,2020-10-20,2026-09-24,Active,0,
CD0005609,C000609,AC0000609,7,Debit,Visa,Platinum,2024-04-23,2028-11-29,Active,0,
CD0005610,C000610,AC0005610,2,Debit,Visa,Gold,2023-06-06,2028-06-22,Active,0,
CD0005611,C000611,AC0000611,7,Debit,Mastercard,Gold,2023-08-06,2030-04-02,Active,0,
CD0005612,C000612,AC0005612,5,Credit,Amex,Standard,2020-11-20,2029-11-26,Active,0,
CD0005613,C000613,AC0000613,1,Credit,Visa,Gold,2021-04-01,2030-05-23,Blocked,1,Security Block
CD0005614,C000614,AC0005614,5,Debit,Mastercard,Platinum,2025-11-18,2026-08-24,Active,0,
CD0005615,C000615,AC0000615,2,Credit,Visa,Standard,2024-07-21,2029-06-30,Blocked,1,Lost/Stolen
CD0005616,C000616,AC0005616,3,Debit,Visa,Standard,2025-05-25,2026-01-20,Active,0,
CD0005617,C000617,AC0000617,9,Credit,Visa,Platinum,2022-05-17,2030-11-09,Active,0,
CD0005618,C000618,AC0005618,8,Debit,Mastercard,Business,2020-01-12,2029-10-26,Active,0,
CD0005619,C000619,AC0000619,2,Debit,Mastercard,Platinum,2022-11-28,2028-03-10,Active,0,
CD0005620,C000620,AC0005620,9,Debit,Amex,Business,2020-09-14,2028-06-13,Active,0,
CD0005621,C000621,AC0000621,6,Credit,Mastercard,Business,2018-03-31,2030-01-17,Active,0,
CD0005622,C000622,AC0005622,9,Debit,Mastercard,Standard,2025-07-06,2026-02-14,Blocked,1,Security Block
CD0005623,C000623,AC0000623,8,Debit,Visa,Gold,2020-11-07,2029-07-09,Active,0,
CD0005624,C000624,AC0005624,4,Debit,Mastercard,Gold,2022-01-25,2029-01-02,Active,0,
CD0005625,C000625,AC0000625,6,Debit,Mastercard,Business,2024-09-04,2027-11-21,Active,0,
CD0005626,C000626,AC0005626,6,Debit,Visa,Standard,2018-09-21,2027-12-20,Active,0,
CD0005627,C000627,AC0000627,8,Debit,Visa,Gold,2019-10-08,2026-05-31,Blocked,1,Fraud Suspected
CD0005628,C000628,AC0005628,3,Debit,Mastercard,Gold,2018-05-21,2027-05-31,Active,0,
CD0005629,C000629,AC0000629,4,Credit,Amex,Gold,2018-07-01,2027-02-23,Active,0,
CD0005630,C000630,AC0005630,3,Debit,Visa,Gold,2020-07-24,2028-10-12,Active,0,
CD0005631,C000631,AC0000631,3,Debit,Visa,Standard,2020-10-07,2028-12-22,Active,0,
CD0005632,C000632,AC0005632,2,Debit,Visa,Gold,2020-10-04,2028-10-21,Active,0,
CD0005633,C000633,AC0000633,1,Debit,Visa,Platinum,2020-10-29,2028-02-06,Blocked,1,Security Block
CD0005634,C000634,AC0005634,10,Credit,Amex,Standard,2020-02-15,2028-07-03,Active,0,
CD0005635,C000635,AC0000635,1,Debit,Visa,Gold,2021-12-06,2029-03-18,Active,0,
CD0005636,C000636,AC0005636,9,Credit,Mastercard,Business,2019-07-24,2029-07-18,Active,0,
CD0005637,C000637,AC0000637,1,Credit,Mastercard,Standard,2019-08-15,2028-07-27,Active,0,
CD0005638,C000638,AC0005638,8,Credit,Mastercard,Gold,2020-05-04,2030-10-10,Active,0,
CD0005639,C000639,AC0000639,4,Debit,Visa,Gold,2020-02-06,2028-01-21,Active,0,
CD0005640,C000640,AC0005640,6,Debit,Mastercard,Platinum,2023-03-14,2029-09-08,Blocked,1,Lost/Stolen
CD0005641,C000641,AC0000641,3,Debit,Visa,Platinum,2018-09-25,2029-03-09,Active,0,
CD0005642,C000642,AC0005642,5,Credit,Visa,Gold,2019-08-13,2026-09-09,Blocked,1,Fraud Suspected
CD0005643,C000643,AC0000643,5,Debit,Mastercard,Gold,2023-09-12,2029-12-15,Active,0,
CD0005644,C000644,AC0005644,6,Debit,Visa,Business,2018-01-21,2028-07-23,Active,0,
CD0005645,C000645,AC0000645,4,Credit,Amex,Gold,2020-12-28,2026-07-28,Active,0,
CD0005646,C000646,AC0005646,6,Credit,Visa,Platinum,2019-05-04,2027-10-08,Blocked,1,Lost/Stolen
CD0005647,C000647,AC0000647,9,Credit,Visa,Business,2024-05-07,2029-11-12,Active,0,
CD0005648,C000648,AC0005648,5,Credit,Amex,Business,2021-10-01,2027-11-13,Active,0,
CD0005649,C000649,AC0000649,4,Debit,Mastercard,Business,2021-07-23,2028-05-31,Active,0,
CD0005650,C000650,AC0005650,2,Credit,Mastercard,Business,2022-06-09,2029-12-30,Active,0,
CD0005651,C000651,AC0000651,4,Debit,Mastercard,Platinum,2025-06-06,2030-07-10,Active,0,
CD0005652,C000652,AC0005652,2,Credit,Visa,Platinum,2019-03-13,2028-02-20,Expired,0,
CD0005653,C000653,AC0000653,2,Credit,Mastercard,Platinum,2021-12-15,2026-06-07,Active,0,
CD0005654,C000654,AC0005654,10,Credit,Visa,Business,2018-07-07,2027-01-16,Active,0,
CD0005655,C000655,AC0000655,1,Debit,Mastercard,Platinum,2022-12-03,2026-03-07,Blocked,1,Fraud Suspected
CD0005656,C000656,AC0005656,5,Credit,Mastercard,Platinum,2025-01-02,2028-12-05,Active,0,
CD0005657,C000657,AC0000657,9,Credit,Mastercard,Standard,2024-05-09,2026-07-01,Active,0,
CD0005658,C000658,AC0005658,10,Credit,Mastercard,Business,2025-10-29,2028-07-24,Active,0,
CD0005659,C000659,AC0000659,2,Debit,Visa,Business,2022-07-29,2027-02-16,Active,0,
CD0005660,C000660,AC0005660,2,Debit,Visa,Standard,2018-03-01,2027-10-09,Blocked,1,Security Block
CD0005661,C000661,AC0000661,4,Debit,Visa,Standard,2024-10-24,2029-12-20,Active,0,
CD0005662,C000662,AC0005662,6,Credit,Mastercard,Business,2020-01-02,2028-09-08,Active,0,
CD0005663,C000663,AC0000663,10,Credit,Visa,Business,2024-06-23,2028-01-10,Active,0,
CD0005664,C000664,AC0005664,3,Debit,Mastercard,Platinum,2022-01-25,2026-01-19,Active,0,
CD0005665,C000665,AC0000665,2,Debit,Mastercard,Standard,2025-08-05,2028-09-14,Active,0,
CD0005666,C000666,AC0005666,3,Debit,Mastercard,Platinum,2022-08-22,2028-12-27,Active,0,
CD0005667,C000667,AC0000667,9,Debit,Visa,Business,2018-03-31,2029-11-26,Active,0,
CD0005668,C000668,AC0005668,1,Credit,Mastercard,Business,2018-11-02,2026-09-23,Blocked,1,Security Block
CD0005669,C000669,AC0000669,4,Debit,Mastercard,Gold,2025-11-21,2028-04-13,Active,0,
CD0005670,C000670,AC0005670,2,Credit,Mastercard,Gold,2018-01-23,2026-09-07,Active,0,
CD0005671,C000671,AC0000671,2,Credit,Visa,Standard,2022-02-06,2029-11-19,Active,0,
CD0005672,C000672,AC0005672,10,Credit,Mastercard,Business,2018-04-28,2030-05-22,Blocked,1,Security Block
CD0005673,C000673,AC0000673,1,Debit,Mastercard,Standard,2020-10-28,2030-11-14,Active,0,
CD0005674,C000674,AC0005674,4,Debit,Mastercard,Business,2023-01-18,2030-09-02,Blocked,1,Security Block
CD0005675,C000675,AC0000675,10,Debit,Visa,Platinum,2022-12-03,2030-04-30,Active,0,
CD0005676,C000676,AC0005676,7,Debit,Amex,Gold,2022-07-07,2026-07-01,Active,0,
CD0005677,C000677,AC0000677,1,Debit,Visa,Standard,2025-03-26,2028-06-08,Blocked,1,Security Block
CD0005678,C000678,AC0005678,5,Credit,Visa,Platinum,2020-03-21,2029-05-31,Active,0,
CD0005679,C000679,AC0000679,10,Credit,Mastercard,Business,2021-12-17,2028-04-01,Blocked,1,Security Block
CD0005680,C000680,AC0005680,5,Credit,Visa,Gold,2019-02-17,2027-11-29,Active,0,
CD0005681,C000681,AC0000681,6,Debit,Visa,Gold,2019-12-16,2030-09-08,Active,0,
CD0005682,C000682,AC0005682,6,Debit,Mastercard,Platinum,2023-02-27,2028-07-01,Active,0,
CD0005683,C000683,AC0000683,7,Credit,Mastercard,Standard,2024-06-03,2030-05-05,Active,0,
CD0005684,C000684,AC0005684,2,Debit,Visa,Standard,2023-05-29,2027-09-19,Active,0,
CD0005685,C000685,AC0000685,9,Debit,Visa,Standard,2024-02-16,2026-07-19,Active,0,
CD0005686,C000686,AC0005686,10,Credit,Visa,Standard,2018-08-30,2029-06-12,Active,0,
CD0005687,C000687,AC0000687,2,Credit,Amex,Gold,2025-04-27,2030-09-16,Active,0,
CD0005688,C000688,AC0005688,9,Debit,Visa,Gold,2021-12-26,2027-10-30,Blocked,1,Security Block
CD0005689,C000689,AC0000689,9,Debit,Mastercard,Platinum,2022-06-16,2028-05-24,Active,0,
CD0005690,C000690,AC0005690,8,Credit,Visa,Gold,2021-05-06,2028-10-21,Expired,0,
CD0005691,C000691,AC0000691,4,Debit,Visa,Standard,2019-02-16,2029-05-29,Active,0,
CD0005692,C000692,AC0005692,5,Debit,Mastercard,Platinum,2023-10-30,2029-09-21,Active,0,
CD0005693,C000693,AC0000693,9,Credit,Visa,Gold,2022-09-25,2026-10-09,Active,0,
CD0005694,C000694,AC0005694,2,Debit,Visa,Platinum,2020-11-21,2029-09-04,Active,0,
CD0005695,C000695,AC0000695,9,Debit,Visa,Standard,2022-07-23,2029-12-11,Active,0,
CD0005696,C000696,AC0005696,10,Credit,Visa,Gold,2021-03-23,2029-10-20,Active,0,
CD0005697,C000697,AC0000697,7,Credit,Visa,Business,2020-05-09,2029-03-16,Active,0,
CD0005698,C000698,AC0005698,4,Debit,Mastercard,Standard,2019-06-06,2029-05-19,Active,0,
CD0005699,C000699,AC0000699,6,Debit,Mastercard,Business,2020-11-19,2026-07-28,Blocked,1,Security Block
CD0005700,C000700,AC0005700,1,Credit,Visa,Standard,2020-08-26,2029-04-29,Active,0,
CD0005701,C000701,AC0000701,10,Debit,Mastercard,Gold,2021-03-23,2027-10-12,Active,0,
CD0005702,C000702,AC0005702,4,Credit,Mastercard,Gold,2021-07-12,2029-09-07,Active,0,
CD0005703,C000703,AC0000703,1,Credit,Amex,Platinum,2018-11-05,2026-09-22,Active,0,
CD0005704,C000704,AC0005704,8,Debit,Mastercard,Business,2023-04-15,2029-09-20,Active,0,
CD0005705,C000705,AC0000705,7,Debit,Mastercard,Platinum,2018-07-06,2026-07-28,Blocked,1,Excessive Attempts
CD0005706,C000706,AC0005706,7,Debit,Amex,Standard,2021-05-30,2026-01-06,Active,0,
CD0005707,C000707,AC0000707,1,Debit,Mastercard,Gold,2025-08-15,2027-06-19,Active,0,
CD0005708,C000708,AC0005708,8,Debit,Mastercard,Standard,2021-05-27,2030-06-27,Active,0,
CD0005709,C000709,AC0000709,7,Credit,Mastercard,Standard,2024-03-30,2026-09-23,Active,0,
CD0005710,C000710,AC0005710,8,Debit,Amex,Business,2021-06-04,2027-01-17,Active,0,
CD0005711,C000711,AC0000711,9,Debit,Visa,Gold,2018-07-16,2027-06-22,Active,0,
CD0005712,C000712,AC0005712,3,Debit,Amex,Gold,2022-05-06,2029-07-01,Active,0,
CD0005713,C000713,AC0000713,3,Credit,Amex,Business,2024-08-20,2030-10-14,Active,0,
CD0005714,C000714,AC0005714,10,Credit,Visa,Gold,2022-02-27,2030-06-30,Active,0,
CD0005715,C000715,AC0000715,6,Debit,Mastercard,Standard,2020-05-08,2029-08-27,Blocked,1,Security Block
CD0005716,C000716,AC0005716,5,Debit,Visa,Standard,2020-05-22,2029-06-14,Active,0,
CD0005717,C000717,AC0000717,3,Debit,Visa,Platinum,2023-05-30,2026-07-02,Blocked,1,Excessive Attempts
CD0005718,C000718,AC0005718,7,Credit,Mastercard,Gold,2019-04-28,2029-05-02,Expired,0,
CD0005719,C000719,AC0000719,8,Credit,Mastercard,Gold,2023-07-09,2030-09-19,Active,0,
CD0005720,C000720,AC0005720,1,Debit,Visa,Business,2024-03-01,2027-10-24,Active,0,
CD0005721,C000721,AC0000721,6,Debit,Mastercard,Standard,2025-10-12,2029-09-27,Active,0,
CD0005722,C000722,AC0005722,10,Debit,Visa,Standard,2025-11-11,2030-01-05,Active,0,
CD0005723,C000723,AC0000723,3,Debit,Visa,Platinum,2024-12-20,2028-07-16,Active,0,
CD0005724,C000724,AC0005724,3,Debit,Visa,Platinum,2018-07-18,2028-11-12,Active,0,
CD0005725,C000725,AC0000725,9,Debit,Mastercard,Business,2023-03-05,2027-08-04,Active,0,
CD0005726,C000726,AC0005726,1,Credit,Mastercard,Standard,2019-12-03,2028-08-17,Active,0,
CD0005727,C000727,AC0000727,4,Credit,Mastercard,Standard,2025-04-07,2027-12-15,Active,0,
CD0005728,C000728,AC0005728,5,Debit,Mastercard,Gold,2020-05-07,2027-07-18,Active,0,
CD0005729,C000729,AC0000729,8,Credit,Visa,Business,2021-12-11,2027-09-05,Active,0,
CD0005730,C000730,AC0005730,2,Debit,Visa,Standard,2024-04-19,2029-07-25,Active,0,
CD0005731,C000731,AC0000731,5,Debit,Visa,Standard,2018-06-29,2026-01-03,Active,0,
CD0005732,C000732,AC0005732,2,Debit,Mastercard,Platinum,2021-01-19,2029-03-26,Active,0,
CD0005733,C000733,AC0000733,8,Debit,Visa,Platinum,2021-02-10,2027-02-09,Blocked,1,Lost/Stolen
CD0005734,C000734,AC0005734,7,Debit,Visa,Business,2023-08-10,2028-04-06,Active,0,
CD0005735,C000735,AC0000735,5,Debit,Mastercard,Business,2024-06-02,2029-12-14,Active,0,
CD0005736,C000736,AC0005736,4,Debit,Visa,Gold,2018-12-30,2029-06-22,Active,0,
CD0005737,C000737,AC0000737,2,Debit,Visa,Platinum,2021-07-06,2030-06-16,Expired,0,
CD0005738,C000738,AC0005738,10,Debit,Mastercard,Gold,2019-01-26,2026-10-27,Active,0,
CD0005739,C000739,AC0000739,7,Debit,Visa,Standard,2018-09-23,2030-09-19,Active,0,
CD0005740,C000740,AC0005740,4,Debit,Mastercard,Business,2025-09-28,2028-11-16,Active,0,
CD0005741,C000741,AC0000741,5,Credit,Mastercard,Gold,2020-11-25,2029-10-13,Blocked,1,Fraud Suspected
CD0005742,C000742,AC0005742,8,Credit,Visa,Platinum,2021-04-10,2028-03-12,Active,0,
CD0005743,C000743,AC0000743,8,Credit,Mastercard,Gold,2020-05-02,2030-07-31,Active,0,
CD0005744,C000744,AC0005744,5,Credit,Visa,Platinum,2020-01-28,2029-07-13,Active,0,
CD0005745,C000745,AC0000745,4,Credit,Mastercard,Business,2021-11-30,2029-06-12,Active,0,
CD0005746,C000746,AC0005746,7,Debit,Mastercard,Standard,2019-02-13,2026-05-04,Active,0,
CD0005747,C000747,AC0000747,7,Credit,Visa,Business,2023-01-29,2029-12-21,Active,0,
CD0005748,C000748,AC0005748,6,Credit,Visa,Standard,2019-01-22,2028-05-03,Active,0,
CD0005749,C000749,AC0000749,1,Debit,Mastercard,Business,2018-01-16,2029-09-29,Active,0,
CD0005750,C000750,AC0005750,5,Credit,Mastercard,Gold,2018-07-14,2027-02-25,Blocked,1,Security Block
CD0005751,C000751,AC0000751,7,Debit,Visa,Business,2019-09-27,2027-08-13,Active,0,
CD0005752,C000752,AC0005752,10,Credit,Mastercard,Gold,2024-09-10,2026-07-06,Active,0,
CD0005753,C000753,AC0000753,6,Credit,Visa,Business,2020-08-20,2029-03-07,Active,0,
CD0005754,C000754,AC0005754,4,Debit,Visa,Standard,2024-11-18,2026-02-04,Active,0,
CD0005755,C000755,AC0000755,6,Credit,Mastercard,Business,2019-01-19,2028-05-05,Active,0,
CD0005756,C000756,AC0005756,2,Debit,Visa,Standard,2021-04-05,2027-02-03,Active,0,
CD0005757,C000757,AC0000757,1,Credit,Visa,Standard,2020-05-10,2027-02-01,Expired,0,
CD0005758,C000758,AC0005758,7,Debit,Visa,Business,2021-04-16,2026-08-30,Active,0,
CD0005759,C000759,AC0000759,10,Debit,Mastercard,Standard,2018-09-03,2026-09-12,Blocked,1,Excessive Attempts
CD0005760,C000760,AC0005760,9,Debit,Mastercard,Business,2021-07-31,2030-07-26,Active,0,
CD0005761,C000761,AC0000761,6,Credit,Visa,Standard,2020-10-28,2030-12-31,Blocked,1,Excessive Attempts
CD0005762,C000762,AC0005762,1,Debit,Mastercard,Gold,2018-03-10,2029-03-08,Blocked,1,Fraud Suspected
CD0005763,C000763,AC0000763,10,Debit,Visa,Platinum,2019-05-16,2030-05-06,Active,0,
CD0005764,C000764,AC0005764,5,Debit,Mastercard,Platinum,2023-07-31,2026-08-20,Active,0,
CD0005765,C000765,AC0000765,3,Credit,Visa,Business,2021-02-02,2030-06-17,Active,0,
CD0005766,C000766,AC0005766,9,Debit,Mastercard,Platinum,2022-09-17,2029-03-16,Active,0,
CD0005767,C000767,AC0000767,8,Debit,Visa,Gold,2025-12-13,2026-09-17,Active,0,
CD0005768,C000768,AC0005768,8,Credit,Mastercard,Gold,2024-01-21,2026-08-25,Active,0,
CD0005769,C000769,AC0000769,3,Credit,Mastercard,Standard,2024-08-13,2030-04-23,Active,0,
CD0005770,C000770,AC0005770,10,Credit,Mastercard,Standard,2018-06-05,2026-11-23,Active,0,
CD0005771,C000771,AC0000771,5,Debit,Mastercard,Platinum,2023-06-08,2028-11-30,Blocked,1,Fraud Suspected
CD0005772,C000772,AC0005772,6,Credit,Mastercard,Standard,2022-04-29,2030-02-12,Active,0,
CD0005773,C000773,AC0000773,8,Debit,Amex,Business,2022-05-08,2030-07-13,Active,0,
CD0005774,C000774,AC0005774,7,Debit,Visa,Business,2025-02-19,2030-11-03,Active,0,
CD0005775,C000775,AC0000775,2,Debit,Visa,Standard,2018-05-13,2028-11-08,Active,0,
CD0005776,C000776,AC0005776,4,Debit,Visa,Platinum,2023-10-08,2030-06-06,Active,0,
CD0005777,C000777,AC0000777,4,Credit,Visa,Business,2023-01-03,2026-01-11,Active,0,
CD0005778,C000778,AC0005778,10,Credit,Mastercard,Business,2018-11-09,2028-01-29,Active,0,
CD0005779,C000779,AC0000779,8,Credit,Visa,Standard,2020-01-29,2026-11-26,Expired,0,
CD0005780,C000780,AC0005780,4,Debit,Visa,Platinum,2024-11-02,2030-01-18,Active,0,
CD0005781,C000781,AC0000781,8,Debit,Visa,Gold,2023-03-01,2030-04-08,Active,0,
CD0005782,C000782,AC0005782,8,Debit,Amex,Business,2023-05-18,2026-05-16,Active,0,
CD0005783,C000783,AC0000783,4,Debit,Mastercard,Standard,2018-02-23,2026-05-29,Active,0,
CD0005784,C000784,AC0005784,5,Debit,Visa,Gold,2018-07-07,2026-03-08,Expired,0,
CD0005785,C000785,AC0000785,9,Debit,Visa,Business,2019-09-10,2026-03-14,Active,0,
CD0005786,C000786,AC0005786,6,Debit,Mastercard,Gold,2024-04-29,2028-09-28,Active,0,
CD0005787,C000787,AC0000787,2,Debit,Amex,Business,2020-04-04,2029-11-13,Blocked,1,Excessive Attempts
CD0005788,C000788,AC0005788,8,Debit,Visa,Platinum,2020-12-31,2027-09-13,Active,0,
CD0005789,C000789,AC0000789,6,Debit,Mastercard,Standard,2023-09-02,2026-12-09,Blocked,1,Fraud Suspected
CD0005790,C000790,AC0005790,6,Credit,Visa,Gold,2022-01-26,2026-04-01,Active,0,
CD0005791,C000791,AC0000791,8,Debit,Visa,Business,2021-08-23,2030-03-01,Active,0,
CD0005792,C000792,AC0005792,10,Debit,Mastercard,Standard,2021-04-30,2026-05-13,Active,0,
CD0005793,C000793,AC0000793,4,Debit,Visa,Platinum,2025-05-02,2027-08-28,Active,0,
CD0005794,C000794,AC0005794,5,Credit,Amex,Platinum,2018-11-07,2029-04-21,Active,0,
CD0005795,C000795,AC0000795,2,Credit,Mastercard,Platinum,2022-11-16,2030-08-30,Active,0,
CD0005796,C000796,AC0005796,7,Credit,Visa,Business,2019-07-05,2029-07-24,Active,0,
CD0005797,C000797,AC0000797,5,Credit,Mastercard,Business,2022-03-04,2030-07-09,Active,0,
CD0005798,C000798,AC0005798,4,Credit,Visa,Platinum,2021-12-21,2030-08-15,Active,0,
CD0005799,C000799,AC0000799,7,Debit,Visa,Gold,2023-05-02,2026-11-30,Active,0,
CD0005800,C000800,AC0005800,5,Debit,Visa,Platinum,2022-05-30,2028-12-17,Active,0,
CD0005801,C000801,AC0000801,5,Credit,Visa,Platinum,2021-06-09,2030-08-01,Active,0,
CD0005802,C000802,AC0005802,5,Debit,Visa,Standard,2022-04-28,2029-07-19,Active,0,
CD0005803,C000803,AC0000803,3,Debit,Visa,Gold,2022-12-28,2028-12-22,Active,0,
CD0005804,C000804,AC0005804,2,Debit,Visa,Standard,2018-07-02,2030-01-20,Active,0,
CD0005805,C000805,AC0000805,9,Debit,Mastercard,Gold,2020-02-11,2027-07-05,Active,0,
CD0005806,C000806,AC0005806,1,Debit,Visa,Standard,2024-12-01,2027-08-22,Active,0,
CD0005807,C000807,AC0000807,4,Credit,Visa,Business,2025-01-31,2026-11-12,Active,0,
CD0005808,C000808,AC0005808,7,Credit,Amex,Gold,2020-03-24,2027-10-01,Active,0,
CD0005809,C000809,AC0000809,2,Debit,Visa,Business,2021-07-30,2026-09-01,Active,0,
CD0005810,C000810,AC0005810,7,Debit,Mastercard,Platinum,2024-10-07,2030-11-02,Active,0,
CD0005811,C000811,AC0000811,8,Debit,Mastercard,Gold,2023-03-26,2030-06-10,Active,0,
CD0005812,C000812,AC0005812,7,Debit,Mastercard,Business,2025-11-16,2029-08-19,Active,0,
CD0005813,C000813,AC0000813,4,Debit,Amex,Standard,2023-05-03,2026-12-24,Active,0,
CD0005814,C000814,AC0005814,1,Debit,Mastercard,Platinum,2018-09-21,2026-07-30,Active,0,
CD0005815,C000815,AC0000815,9,Debit,Mastercard,Standard,2024-07-22,2026-07-25,Active,0,
CD0005816,C000816,AC0005816,4,Credit,Visa,Business,2023-09-13,2026-03-28,Active,0,
CD0005817,C000817,AC0000817,9,Debit,Mastercard,Platinum,2023-11-14,2029-11-17,Active,0,
CD0005818,C000818,AC0005818,2,Debit,Amex,Platinum,2023-08-16,2027-10-28,Active,0,
CD0005819,C000819,AC0000819,2,Debit,Mastercard,Standard,2025-09-04,2027-08-19,Active,0,
CD0005820,C000820,AC0005820,8,Debit,Amex,Standard,2021-12-22,2028-08-03,Active,0,
CD0005821,C000821,AC0000821,10,Debit,Mastercard,Gold,2025-10-02,2027-11-07,Active,0,
CD0005822,C000822,AC0005822,9,Debit,Mastercard,Business,2023-02-13,2029-06-16,Active,0,
CD0005823,C000823,AC0000823,8,Debit,Visa,Standard,2024-10-19,2029-01-10,Active,0,
CD0005824,C000824,AC0005824,3,Debit,Amex,Standard,2020-07-20,2027-09-13,Blocked,1,Fraud Suspected
CD0005825,C000825,AC0000825,10,Debit,Visa,Standard,2020-01-20,2029-12-26,Blocked,1,Security Block
CD0005826,C000826,AC0005826,7,Debit,Mastercard,Platinum,2022-08-29,2030-04-18,Active,0,
CD0005827,C000827,AC0000827,2,Debit,Visa,Platinum,2025-05-13,2026-03-16,Active,0,
CD0005828,C000828,AC0005828,2,Debit,Visa,Business,2019-05-31,2030-03-01,Active,0,
CD0005829,C000829,AC0000829,9,Debit,Visa,Standard,2024-05-07,2027-07-23,Active,0,
CD0005830,C000830,AC0005830,3,Debit,Mastercard,Business,2019-08-04,2030-10-03,Expired,0,
CD0005831,C000831,AC0000831,8,Debit,Mastercard,Standard,2020-03-02,2030-02-01,Blocked,1,Lost/Stolen
CD0005832,C000832,AC0005832,2,Debit,Mastercard,Gold,2025-11-15,2027-08-01,Active,0,
CD0005833,C000833,AC0000833,3,Debit,Mastercard,Platinum,2019-05-01,2029-07-27,Active,0,
CD0005834,C000834,AC0005834,3,Credit,Amex,Standard,2024-09-13,2029-11-17,Active,0,
CD0005835,C000835,AC0000835,3,Credit,Visa,Standard,2019-12-29,2029-03-31,Active,0,
CD0005836,C000836,AC0005836,7,Debit,Visa,Platinum,2018-10-23,2027-02-21,Blocked,1,Lost/Stolen
CD0005837,C000837,AC0000837,10,Debit,Mastercard,Gold,2019-10-29,2029-12-31,Active,0,
CD0005838,C000838,AC0005838,10,Debit,Amex,Gold,2022-10-24,2027-04-12,Blocked,1,Security Block
CD0005839,C000839,AC0000839,8,Debit,Mastercard,Standard,2020-05-06,2028-02-07,Active,0,
CD0005840,C000840,AC0005840,3,Credit,Mastercard,Gold,2025-10-25,2030-06-08,Active,0,
CD0005841,C000841,AC0000841,10,Debit,Visa,Business,2022-09-24,2029-06-07,Active,0,
CD0005842,C000842,AC0005842,6,Credit,Mastercard,Gold,2019-05-08,2029-11-16,Active,0,
CD0005843,C000843,AC0000843,6,Debit,Mastercard,Platinum,2018-09-13,2030-06-09,Active,0,
CD0005844,C000844,AC0005844,8,Debit,Mastercard,Platinum,2018-07-02,2028-11-04,Blocked,1,Security Block
CD0005845,C000845,AC0000845,8,Debit,Amex,Business,2019-11-15,2029-07-15,Active,0,
CD0005846,C000846,AC0005846,10,Debit,Visa,Business,2018-02-14,2028-12-21,Active,0,
CD0005847,C000847,AC0000847,6,Debit,Amex,Platinum,2018-07-15,2027-10-16,Active,0,
CD0005848,C000848,AC0005848,7,Debit,Amex,Platinum,2023-07-06,2029-05-20,Active,0,
CD0005849,C000849,AC0000849,8,Debit,Amex,Standard,2022-09-23,2029-04-20,Active,0,
CD0005850,C000850,AC0005850,3,Debit,Mastercard,Gold,2022-08-24,2030-07-16,Active,0,
CD0005851,C000851,AC0000851,4,Debit,Visa,Standard,2020-08-03,2026-12-31,Blocked,1,Lost/Stolen
CD0005852,C000852,AC0005852,7,Debit,Mastercard,Business,2020-06-12,2026-04-29,Expired,0,
CD0005853,C000853,AC0000853,1,Debit,Mastercard,Gold,2022-11-24,2028-12-26,Active,0,
CD0005854,C000854,AC0005854,4,Debit,Visa,Business,2023-04-07,2027-10-23,Blocked,1,Security Block
CD0005855,C000855,AC0000855,8,Debit,Mastercard,Gold,2018-12-17,2028-06-08,Active,0,
CD0005856,C000856,AC0005856,10,Debit,Visa,Standard,2018-01-19,2028-04-28,Active,0,
CD0005857,C000857,AC0000857,6,Debit,Mastercard,Platinum,2020-01-31,2027-12-08,Blocked,1,Security Block
CD0005858,C000858,AC0005858,4,Debit,Visa,Platinum,2018-07-19,2026-08-14,Active,0,
CD0005859,C000859,AC0000859,5,Debit,Mastercard,Gold,2022-10-02,2030-11-04,Active,0,
CD0005860,C000860,AC0005860,7,Debit,Mastercard,Gold,2020-06-14,2026-04-28,Blocked,1,Security Block
CD0005861,C000861,AC0000861,6,Debit,Visa,Gold,2020-06-27,2030-10-07,Blocked,1,Lost/Stolen
CD0005862,C000862,AC0005862,1,Credit,Mastercard,Business,2018-02-18,2026-01-29,Active,0,
CD0005863,C000863,AC0000863,6,Credit,Visa,Business,2019-03-23,2029-08-15,Active,0,
CD0005864,C000864,AC0005864,5,Debit,Mastercard,Business,2024-04-19,2030-05-12,Active,0,
CD0005865,C000865,AC0000865,8,Debit,Visa,Platinum,2022-02-21,2029-08-07,Active,0,
CD0005866,C000866,AC0005866,9,Debit,Mastercard,Business,2024-10-28,2030-06-30,Active,0,
CD0005867,C000867,AC0000867,10,Debit,Mastercard,Platinum,2023-02-22,2030-05-16,Active,0,
CD0005868,C000868,AC0005868,7,Credit,Amex,Platinum,2024-05-06,2027-10-30,Active,0,
CD0005869,C000869,AC0000869,4,Debit,Visa,Business,2023-12-19,2029-01-21,Active,0,
CD0005870,C000870,AC0005870,5,Debit,Visa,Standard,2025-10-01,2028-10-10,Active,0,
CD0005871,C000871,AC0000871,2,Debit,Amex,Business,2020-04-12,2026-11-08,Active,0,
CD0005872,C000872,AC0005872,10,Credit,Visa,Standard,2022-12-13,2028-12-04,Active,0,
CD0005873,C000873,AC0000873,9,Credit,Mastercard,Standard,2024-09-01,2027-06-09,Active,0,
CD0005874,C000874,AC0005874,9,Debit,Mastercard,Business,2022-01-10,2028-01-05,Blocked,1,Security Block
CD0005875,C000875,AC0000875,4,Debit,Visa,Platinum,2021-03-30,2028-08-22,Active,0,
CD0005876,C000876,AC0005876,4,Debit,Mastercard,Platinum,2018-12-24,2029-10-17,Active,0,
CD0005877,C000877,AC0000877,9,Credit,Mastercard,Platinum,2022-12-13,2029-12-08,Active,0,
CD0005878,C000878,AC0005878,6,Debit,Mastercard,Gold,2018-09-06,2028-10-20,Blocked,1,Security Block
CD0005879,C000879,AC0000879,8,Credit,Mastercard,Gold,2020-08-19,2028-09-08,Active,0,
CD0005880,C000880,AC0005880,5,Debit,Visa,Gold,2018-11-04,2030-12-06,Active,0,
CD0005881,C000881,AC0000881,5,Debit,Mastercard,Gold,2018-03-17,2029-10-10,Blocked,1,Lost/Stolen
CD0005882,C000882,AC0005882,7,Credit,Mastercard,Platinum,2019-05-11,2026-07-11,Active,0,
CD0005883,C000883,AC0000883,9,Debit,Amex,Business,2024-02-09,2030-07-19,Active,0,
CD0005884,C000884,AC0005884,4,Credit,Mastercard,Standard,2018-04-07,2026-09-11,Active,0,
CD0005885,C000885,AC0000885,9,Debit,Mastercard,Business,2022-07-16,2028-10-13,Active,0,
CD0005886,C000886,AC0005886,3,Debit,Visa,Platinum,2018-08-15,2027-10-27,Expired,0,
CD0005887,C000887,AC0000887,5,Credit,Visa,Gold,2022-01-27,2030-12-13,Active,0,
CD0005888,C000888,AC0005888,10,Credit,Mastercard,Gold,2023-09-27,2028-05-12,Active,0,
CD0005889,C000889,AC0000889,10,Credit,Mastercard,Platinum,2021-01-30,2026-07-18,Active,0,
CD0005890,C000890,AC0005890,10,Credit,Visa,Standard,2022-05-20,2029-12-23,Active,0,
CD0005891,C000891,AC0000891,4,Credit,Visa,Standard,2019-10-10,2030-05-15,Blocked,1,Fraud Suspected
CD0005892,C000892,AC0005892,9,Credit,Visa,Gold,2021-02-10,2029-10-19,Active,0,
CD0005893,C000893,AC0000893,10,Debit,Visa,Standard,2024-02-09,2029-12-10,Active,0,
CD0005894,C000894,AC0005894,10,Debit,Mastercard,Standard,2019-02-26,2030-04-30,Active,0,
CD0005895,C000895,AC0000895,1,Debit,Mastercard,Platinum,2025-02-28,2026-01-20,Blocked,1,Lost/Stolen
CD0005896,C000896,AC0005896,8,Debit,Visa,Platinum,2024-12-09,2028-01-05,Active,0,
CD0005897,C000897,AC0000897,10,Credit,Mastercard,Gold,2019-07-03,2027-12-21,Active,0,
CD0005898,C000898,AC0005898,8,Credit,Mastercard,Standard,2025-09-05,2029-03-04,Active,0,
CD0005899,C000899,AC0000899,3,Credit,Mastercard,Platinum,2020-06-23,2030-05-26,Expired,0,
CD0005900,C000900,AC0005900,8,Debit,Visa,Business,2022-12-12,2026-02-21,Active,0,
CD0005901,C000901,AC0000901,2,Credit,Mastercard,Platinum,2025-05-20,2028-07-02,Active,0,
CD0005902,C000902,AC0005902,5,Debit,Amex,Standard,2023-04-05,2026-07-11,Active,0,
CD0005903,C000903,AC0000903,7,Debit,Mastercard,Platinum,2021-05-03,2029-10-14,Active,0,
CD0005904,C000904,AC0005904,5,Credit,Visa,Platinum,2023-11-29,2029-05-09,Active,0,
CD0005905,C000905,AC0000905,7,Debit,Visa,Platinum,2021-03-28,2028-10-07,Active,0,
CD0005906,C000906,AC0005906,3,Credit,Amex,Gold,2023-04-23,2029-04-19,Active,0,
CD0005907,C000907,AC0000907,7,Debit,Mastercard,Platinum,2019-03-02,2027-02-27,Active,0,
CD0005908,C000908,AC0005908,7,Debit,Amex,Business,2022-04-07,2027-07-21,Active,0,
CD0005909,C000909,AC0000909,7,Debit,Mastercard,Platinum,2019-07-04,2026-01-06,Active,0,
CD0005910,C000910,AC0005910,3,Credit,Mastercard,Gold,2020-07-27,2026-10-24,Active,0,
CD0005911,C000911,AC0000911,4,Debit,Mastercard,Standard,2024-11-21,2029-10-24,Blocked,1,Fraud Suspected
CD0005912,C000912,AC0005912,3,Debit,Amex,Standard,2022-06-25,2027-09-03,Active,0,
CD0005913,C000913,AC0000913,5,Debit,Mastercard,Standard,2022-03-11,2026-04-17,Active,0,
CD0005914,C000914,AC0005914,6,Debit,Mastercard,Business,2024-12-16,2028-01-21,Active,0,
CD0005915,C000915,AC0000915,4,Debit,Visa,Platinum,2018-08-01,2029-06-02,Active,0,
CD0005916,C000916,AC0005916,5,Debit,Visa,Business,2019-12-21,2026-09-30,Active,0,
CD0005917,C000917,AC0000917,3,Debit,Amex,Platinum,2025-05-17,2027-10-18,Active,0,
CD0005918,C000918,AC0005918,3,Credit,Mastercard,Business,2021-10-02,2030-05-15,Active,0,
CD0005919,C000919,AC0000919,7,Debit,Mastercard,Gold,2025-01-31,2026-02-06,Active,0,
CD0005920,C000920,AC0005920,9,Debit,Amex,Standard,2025-08-08,2028-04-13,Active,0,
CD0005921,C000921,AC0000921,3,Debit,Visa,Standard,2020-02-21,2027-03-24,Active,0,
CD0005922,C000922,AC0005922,9,Credit,Mastercard,Standard,2019-04-15,2028-07-08,Active,0,
CD0005923,C000923,AC0000923,6,Debit,Mastercard,Standard,2018-09-03,2029-07-26,Blocked,1,Fraud Suspected
CD0005924,C000924,AC0005924,2,Debit,Mastercard,Platinum,2022-06-29,2027-02-19,Active,0,
CD0005925,C000925,AC0000925,4,Debit,Mastercard,Standard,2022-10-17,2030-10-03,Active,0,
CD0005926,C000926,AC0005926,1,Credit,Mastercard,Platinum,2019-02-25,2029-08-01,Active,0,
CD0005927,C000927,AC0000927,1,Debit,Mastercard,Standard,2023-09-06,2026-11-05,Active,0,
CD0005928,C000928,AC0005928,4,Debit,Mastercard,Standard,2019-06-16,2026-05-11,Active,0,
CD0005929,C000929,AC0000929,5,Credit,Mastercard,Platinum,2025-10-24,2028-02-26,Active,0,
CD0005930,C000930,AC0005930,8,Debit,Mastercard,Gold,2021-07-01,2030-11-20,Blocked,1,Lost/Stolen
CD0005931,C000931,AC0000931,2,Debit,Visa,Gold,2019-10-13,2030-07-08,Expired,0,
CD0005932,C000932,AC0005932,9,Credit,Visa,Business,2022-10-22,2026-12-27,Active,0,
CD0005933,C000933,AC0000933,3,Debit,Amex,Platinum,2018-07-27,2028-10-21,Active,0,
CD0005934,C000934,AC0005934,2,Debit,Visa,Standard,2018-09-28,2027-08-13,Active,0,
CD0005935,C000935,AC0000935,7,Debit,Mastercard,Standard,2024-01-14,2029-04-28,Active,0,
CD0005936,C000936,AC0005936,8,Credit,Visa,Standard,2018-01-08,2027-11-08,Active,0,
CD0005937,C000937,AC0000937,7,Debit,Mastercard,Standard,2019-04-08,2030-06-13,Active,0,
CD0005938,C000938,AC0005938,2,Debit,Visa,Gold,2019-01-31,2027-09-15,Active,0,
CD0005939,C000939,AC0000939,2,Credit,Mastercard,Standard,2020-05-30,2027-08-31,Blocked,1,Security Block
CD0005940,C000940,AC0005940,4,Debit,Amex,Standard,2025-01-27,2029-12-19,Active,0,
CD0005941,C000941,AC0000941,5,Credit,Visa,Platinum,2023-11-21,2030-05-24,Blocked,1,Lost/Stolen
CD0005942,C000942,AC0005942,10,Debit,Visa,Business,2023-02-20,2029-09-27,Blocked,1,Security Block
CD0005943,C000943,AC0000943,3,Credit,Visa,Standard,2019-03-02,2028-10-04,Active,0,
CD0005944,C000944,AC0005944,2,Debit,Mastercard,Business,2020-07-18,2029-11-18,Active,0,
CD0005945,C000945,AC0000945,10,Debit,Mastercard,Standard,2021-06-17,2029-02-05,Active,0,
CD0005946,C000946,AC0005946,2,Debit,Visa,Platinum,2020-03-27,2028-08-21,Active,0,
CD0005947,C000947,AC0000947,1,Credit,Visa,Platinum,2018-07-17,2026-11-18,Active,0,
CD0005948,C000948,AC0005948,5,Credit,Mastercard,Gold,2018-05-11,2029-09-14,Active,0,
CD0005949,C000949,AC0000949,5,Debit,Amex,Business,2019-05-11,2027-07-18,Active,0,
CD0005950,C000950,AC0005950,7,Debit,Mastercard,Business,2020-04-14,2030-01-20,Active,0,
CD0005951,C000951,AC0000951,9,Debit,Mastercard,Platinum,2022-06-30,2027-05-10,Active,0,
CD0005952,C000952,AC0005952,10,Credit,Mastercard,Standard,2018-04-29,2030-11-29,Blocked,1,Fraud Suspected
CD0005953,C000953,AC0000953,3,Debit,Amex,Gold,2018-03-11,2030-05-09,Active,0,
CD0005954,C000954,AC0005954,10,Debit,Mastercard,Gold,2019-06-14,2026-03-07,Active,0,
CD0005955,C000955,AC0000955,7,Debit,Mastercard,Standard,2023-06-07,2029-12-23,Active,0,
CD0005956,C000956,AC0005956,1,Debit,Amex,Platinum,2021-04-14,2029-09-03,Active,0,
CD0005957,C000957,AC0000957,10,Debit,Mastercard,Gold,2019-05-09,2029-06-09,Active,0,
CD0005958,C000958,AC0005958,2,Credit,Visa,Standard,2020-07-11,2030-05-31,Active,0,
CD0005959,C000959,AC0000959,6,Debit,Mastercard,Platinum,2021-09-02,2027-08-21,Blocked,1,Security Block
CD0005960,C000960,AC0005960,8,Credit,Visa,Gold,2022-02-18,2029-03-13,Active,0,
CD0005961,C000961,AC0000961,3,Debit,Amex,Business,2023-09-14,2028-02-11,Expired,0,
CD0005962,C000962,AC0005962,3,Debit,Mastercard,Platinum,2018-10-20,2030-11-25,Active,0,
CD0005963,C000963,AC0000963,5,Debit,Mastercard,Standard,2024-06-27,2026-02-28,Blocked,1,Lost/Stolen
CD0005964,C000964,AC0005964,9,Debit,Mastercard,Business,2019-10-06,2026-05-16,Active,0,
CD0005965,C000965,AC0000965,3,Debit,Visa,Standard,2021-11-10,2028-07-16,Active,0,
CD0005966,C000966,AC0005966,7,Credit,Mastercard,Standard,2024-04-27,2030-11-02,Blocked,1,Security Block
CD0005967,C000967,AC0000967,5,Debit,Visa,Business,2025-12-09,2028-10-30,Active,0,
CD0005968,C000968,AC0005968,2,Debit,Mastercard,Platinum,2020-11-13,2027-04-30,Active,0,
CD0005969,C000969,AC0000969,8,Debit,Mastercard,Standard,2019-04-30,2026-08-18,Active,0,
CD0005970,C000970,AC0005970,9,Debit,Mastercard,Platinum,2023-07-14,2029-08-09,Active,0,
CD0005971,C000971,AC0000971,6,Credit,Mastercard,Standard,2021-06-14,2027-05-09,Active,0,
CD0005972,C000972,AC0005972,2,Credit,Mastercard,Platinum,2025-12-17,2030-08-26,Active,0,
CD0005973,C000973,AC0000973,2,Credit,Visa,Gold,2025-11-17,2028-06-20,Active,0,
CD0005974,C000974,AC0005974,5,Debit,Amex,Gold,2023-03-10,2030-12-20,Active,0,
CD0005975,C000975,AC0000975,6,Debit,Visa,Business,2021-03-05,2027-07-04,Blocked,1,Security Block
CD0005976,C000976,AC0005976,6,Debit,Visa,Business,2022-12-03,2026-09-11,Expired,0,
CD0005977,C000977,AC0000977,3,Debit,Visa,Business,2021-07-03,2028-09-16,Active,0,
CD0005978,C000978,AC0005978,6,Credit,Mastercard,Standard,2022-05-03,2028-10-07,Blocked,1,Security Block
CD0005979,C000979,AC0000979,3,Debit,Mastercard,Standard,2024-04-11,2026-03-04,Active,0,
CD0005980,C000980,AC0005980,7,Debit,Mastercard,Gold,2022-12-27,2029-04-29,Blocked,1,Security Block
CD0005981,C000981,AC0000981,8,Debit,Visa,Gold,2023-04-01,2029-08-19,Active,0,
CD0005982,C000982,AC0005982,7,Debit,Visa,Gold,2020-11-23,2028-11-28,Active,0,
CD0005983,C000983,AC0000983,1,Debit,Visa,Business,2019-10-06,2027-02-22,Blocked,1,Security Block
CD0005984,C000984,AC0005984,10,Debit,Visa,Platinum,2023-08-31,2028-04-19,Active,0,
CD0005985,C000985,AC0000985,1,Debit,Mastercard,Gold,2021-07-11,2029-07-16,Active,0,
CD0005986,C000986,AC0005986,10,Debit,Mastercard,Gold,2025-04-19,2027-07-25,Active,0,
CD0005987,C000987,AC0000987,1,Credit,Mastercard,Platinum,2021-03-13,2030-10-12,Active,0,
CD0005988,C000988,AC0005988,6,Debit,Visa,Business,2019-05-25,2027-08-06,Expired,0,
CD0005989,C000989,AC0000989,2,Debit,Visa,Business,2023-09-20,2027-05-01,Blocked,1,Fraud Suspected
CD0005990,C000990,AC0005990,1,Debit,Mastercard,Platinum,2019-08-19,2026-05-29,Active,0,
CD0005991,C000991,AC0000991,7,Debit,Visa,Gold,2023-02-22,2030-02-18,Active,0,
CD0005992,C000992,AC0005992,8,Credit,Visa,Gold,2024-07-10,2028-04-06,Active,0,
CD0005993,C000993,AC0000993,2,Credit,Mastercard,Standard,2024-04-12,2030-01-11,Active,0,
CD0005994,C000994,AC0005994,10,Debit,Mastercard,Platinum,2025-01-22,2026-07-07,Active,0,
CD0005995,C000995,AC0000995,4,Debit,Amex,Standard,2020-02-14,2027-02-01,Blocked,1,Lost/Stolen
CD0005996,C000996,AC0005996,4,Credit,Mastercard,Gold,2018-01-20,2026-05-25,Active,0,
CD0005997,C000997,AC0000997,3,Credit,Visa,Standard,2020-05-13,2027-12-13,Blocked,1,Security Block
CD0005998,C000998,AC0005998,5,Credit,Visa,Platinum,2023-08-29,2029-02-18,Blocked,1,Security Block
CD0005999,C000999,AC0000999,2,Debit,Visa,Platinum,2018-05-10,2029-07-14,Active,0,
CD0006000,C001000,AC0006000,5,Credit,Mastercard,Business,2019-03-14,2028-05-24,Active,0,
CD0006001,C001001,AC0001001,3,Debit,Amex,Standard,2024-04-24,2027-02-21,Active,0,
CD0006002,C001002,AC0001002,1,Credit,Mastercard,Platinum,2022-01-05,2029-05-19,Active,0,
CD0006003,C001003,AC0001003,4,Credit,Mastercard,Gold,2025-09-22,2029-11-07,Active,0,
CD0006004,C001004,AC0001004,7,Debit,Visa,Platinum,2025-05-10,2029-05-27,Active,0,
CD0006005,C001005,AC0001005,8,Debit,Visa,Business,2020-04-11,2028-12-03,Active,0,
CD0006006,C001006,AC0001006,4,Debit,Mastercard,Platinum,2021-01-02,2029-03-15,Active,0,
CD0006007,C001007,AC0001007,4,Debit,Visa,Platinum,2020-04-10,2029-01-31,Blocked,1,Security Block
CD0006008,C001008,AC0001008,8,Debit,Mastercard,Standard,2020-05-14,2027-01-05,Active,0,
CD0006009,C001009,AC0001009,7,Debit,Visa,Business,2019-05-03,2027-10-23,Blocked,1,Fraud Suspected
CD0006010,C001010,AC0001010,9,Credit,Visa,Platinum,2024-11-14,2026-06-10,Active,0,
CD0006011,C001011,AC0001011,10,Debit,Visa,Gold,2018-02-01,2028-10-16,Active,0,
CD0006012,C001012,AC0001012,9,Debit,Visa,Standard,2024-11-24,2030-09-18,Active,0,
CD0006013,C001013,AC0001013,10,Debit,Amex,Gold,2020-05-19,2029-04-16,Active,0,
CD0006014,C001014,AC0001014,5,Debit,Mastercard,Business,2022-07-08,2030-04-20,Active,0,
CD0006015,C001015,AC0001015,4,Credit,Mastercard,Platinum,2023-05-10,2028-08-18,Active,0,
CD0006016,C001016,AC0001016,4,Debit,Visa,Gold,2021-01-14,2029-08-04,Active,0,
CD0006017,C001017,AC0001017,3,Credit,Mastercard,Platinum,2022-07-23,2027-09-19,Active,0,
CD0006018,C001018,AC0001018,8,Credit,Visa,Business,2024-10-20,2030-01-04,Active,0,
CD0006019,C001019,AC0001019,8,Debit,Mastercard,Gold,2018-07-29,2030-12-15,Expired,0,
CD0006020,C001020,AC0001020,9,Debit,Mastercard,Platinum,2019-03-20,2029-04-25,Active,0,
CD0006021,C001021,AC0001021,2,Debit,Mastercard,Standard,2019-12-05,2028-04-19,Active,0,
CD0006022,C001022,AC0001022,5,Debit,Mastercard,Business,2021-08-08,2029-08-19,Active,0,
CD0006023,C001023,AC0001023,3,Credit,Visa,Standard,2023-12-28,2028-02-11,Active,0,
CD0006024,C001024,AC0001024,9,Debit,Mastercard,Platinum,2018-09-18,2028-05-01,Active,0,
CD0006025,C001025,AC0001025,3,Debit,Amex,Gold,2021-10-17,2029-09-11,Active,0,
CD0006026,C001026,AC0001026,2,Debit,Visa,Standard,2018-03-10,2027-08-02,Active,0,
CD0006027,C001027,AC0001027,6,Credit,Amex,Gold,2023-08-24,2027-07-23,Active,0,
CD0006028,C001028,AC0001028,9,Debit,Mastercard,Platinum,2025-02-22,2030-06-19,Active,0,
CD0006029,C001029,AC0001029,10,Debit,Amex,Standard,2023-04-29,2026-12-06,Active,0,
CD0006030,C001030,AC0001030,1,Debit,Visa,Business,2019-09-25,2028-02-04,Active,0,
CD0006031,C001031,AC0001031,4,Debit,Visa,Gold,2019-06-29,2029-01-04,Blocked,1,Fraud Suspected
CD0006032,C001032,AC0001032,2,Credit,Mastercard,Gold,2019-05-19,2029-04-25,Active,0,
CD0006033,C001033,AC0001033,4,Debit,Visa,Business,2024-06-19,2030-06-24,Active,0,
CD0006034,C001034,AC0001034,6,Debit,Visa,Business,2023-06-20,2027-10-20,Active,0,
CD0006035,C001035,AC0001035,3,Credit,Amex,Standard,2019-05-14,2027-10-16,Active,0,
CD0006036,C001036,AC0001036,1,Debit,Mastercard,Gold,2018-10-11,2026-09-28,Active,0,
CD0006037,C001037,AC0001037,6,Credit,Visa,Business,2021-08-03,2028-04-02,Active,0,
CD0006038,C001038,AC0001038,1,Credit,Visa,Gold,2023-08-13,2030-03-19,Active,0,
CD0006039,C001039,AC0001039,3,Credit,Visa,Business,2023-01-24,2026-01-07,Active,0,
CD0006040,C001040,AC0001040,1,Debit,Amex,Gold,2020-11-27,2029-12-16,Active,0,
CD0006041,C001041,AC0001041,1,Debit,Visa,Business,2019-09-27,2030-02-04,Active,0,
CD0006042,C001042,AC0001042,5,Debit,Amex,Standard,2023-04-16,2026-05-24,Active,0,
CD0006043,C001043,AC0001043,9,Debit,Visa,Business,2024-09-30,2027-09-13,Active,0,
CD0006044,C001044,AC0001044,8,Credit,Visa,Standard,2025-11-06,2026-07-19,Active,0,
CD0006045,C001045,AC0001045,1,Debit,Mastercard,Gold,2021-10-24,2028-09-02,Blocked,1,Fraud Suspected
CD0006046,C001046,AC0001046,1,Debit,Visa,Gold,2020-03-08,2029-09-18,Active,0,
CD0006047,C001047,AC0001047,4,Debit,Mastercard,Business,2020-09-14,2028-10-16,Active,0,
CD0006048,C001048,AC0001048,7,Debit,Visa,Platinum,2024-04-15,2027-12-20,Active,0,
CD0006049,C001049,AC0001049,8,Debit,Mastercard,Business,2018-05-10,2027-01-06,Active,0,
CD0006050,C001050,AC0001050,9,Debit,Visa,Business,2021-12-26,2028-11-12,Active,0,
CD0006051,C001051,AC0001051,4,Debit,Mastercard,Standard,2024-01-26,2027-08-31,Blocked,1,Fraud Suspected
CD0006052,C001052,AC0001052,2,Debit,Mastercard,Gold,2020-01-23,2028-03-11,Active,0,
CD0006053,C001053,AC0001053,1,Credit,Mastercard,Standard,2021-10-11,2026-12-27,Active,0,
CD0006054,C001054,AC0001054,2,Debit,Mastercard,Platinum,2021-02-10,2028-03-11,Active,0,
CD0006055,C001055,AC0001055,1,Credit,Mastercard,Platinum,2023-12-04,2029-04-01,Active,0,
CD0006056,C001056,AC0001056,9,Debit,Mastercard,Platinum,2019-03-20,2030-12-01,Active,0,
CD0006057,C001057,AC0001057,3,Debit,Amex,Business,2022-10-03,2030-05-30,Active,0,
CD0006058,C001058,AC0001058,9,Credit,Mastercard,Standard,2018-03-02,2030-03-02,Active,0,
CD0006059,C001059,AC0001059,6,Debit,Mastercard,Standard,2025-08-28,2026-02-14,Active,0,
CD0006060,C001060,AC0001060,6,Credit,Visa,Platinum,2025-03-11,2026-12-26,Blocked,1,Fraud Suspected
CD0006061,C001061,AC0001061,5,Debit,Visa,Business,2022-01-03,2028-09-22,Active,0,
CD0006062,C001062,AC0001062,9,Debit,Mastercard,Standard,2024-11-30,2028-01-29,Active,0,
CD0006063,C001063,AC0001063,1,Debit,Mastercard,Platinum,2025-08-18,2027-08-26,Blocked,1,Security Block
CD0006064,C001064,AC0001064,1,Debit,Visa,Platinum,2018-03-17,2028-04-26,Blocked,1,Excessive Attempts
CD0006065,C001065,AC0001065,5,Debit,Mastercard,Gold,2025-05-17,2028-07-29,Active,0,
CD0006066,C001066,AC0001066,4,Debit,Mastercard,Standard,2022-09-29,2029-01-14,Active,0,
CD0006067,C001067,AC0001067,6,Credit,Mastercard,Gold,2023-12-14,2026-05-09,Active,0,
CD0006068,C001068,AC0001068,8,Credit,Visa,Business,2019-11-06,2030-07-31,Expired,0,
CD0006069,C001069,AC0001069,6,Credit,Visa,Gold,2019-08-31,2028-12-29,Active,0,
CD0006070,C001070,AC0001070,3,Debit,Mastercard,Standard,2021-01-14,2026-07-19,Blocked,1,Fraud Suspected
CD0006071,C001071,AC0001071,4,Debit,Mastercard,Platinum,2019-10-27,2026-08-17,Active,0,
CD0006072,C001072,AC0001072,8,Credit,Mastercard,Standard,2020-02-27,2030-01-12,Active,0,
CD0006073,C001073,AC0001073,3,Credit,Mastercard,Standard,2019-06-01,2026-04-12,Active,0,
CD0006074,C001074,AC0001074,6,Credit,Amex,Gold,2019-02-28,2029-09-02,Blocked,1,Lost/Stolen
CD0006075,C001075,AC0001075,6,Debit,Visa,Standard,2020-01-31,2026-08-29,Active,0,
CD0006076,C001076,AC0001076,8,Debit,Visa,Business,2021-12-17,2027-04-17,Active,0,
CD0006077,C001077,AC0001077,8,Debit,Amex,Gold,2024-01-18,2028-03-19,Active,0,
CD0006078,C001078,AC0001078,5,Debit,Mastercard,Gold,2020-09-01,2026-01-14,Active,0,
CD0006079,C001079,AC0001079,4,Credit,Mastercard,Gold,2018-08-17,2030-04-14,Active,0,
CD0006080,C001080,AC0001080,4,Debit,Mastercard,Platinum,2025-10-31,2026-06-03,Active,0,
CD0006081,C001081,AC0001081,5,Credit,Mastercard,Standard,2024-01-10,2028-06-04,Blocked,1,Lost/Stolen
CD0006082,C001082,AC0001082,3,Debit,Mastercard,Platinum,2019-05-04,2030-08-22,Active,0,
CD0006083,C001083,AC0001083,7,Credit,Mastercard,Platinum,2019-07-16,2030-04-24,Active,0,
CD0006084,C001084,AC0001084,3,Debit,Mastercard,Platinum,2024-09-07,2026-04-08,Active,0,
CD0006085,C001085,AC0001085,7,Debit,Visa,Standard,2024-03-15,2027-01-18,Active,0,
CD0006086,C001086,AC0001086,8,Debit,Visa,Gold,2020-04-28,2028-04-19,Expired,0,
CD0006087,C001087,AC0001087,10,Debit,Mastercard,Gold,2022-12-18,2029-07-22,Active,0,
CD0006088,C001088,AC0001088,2,Credit,Visa,Gold,2018-07-30,2029-12-01,Active,0,
CD0006089,C001089,AC0001089,8,Debit,Mastercard,Standard,2022-10-17,2026-11-10,Active,0,
CD0006090,C001090,AC0001090,1,Credit,Mastercard,Platinum,2018-12-05,2029-10-22,Active,0,
CD0006091,C001091,AC0001091,4,Debit,Visa,Business,2025-01-20,2026-07-31,Active,0,
CD0006092,C001092,AC0001092,2,Credit,Visa,Gold,2024-01-13,2027-12-02,Active,0,
CD0006093,C001093,AC0001093,2,Debit,Visa,Platinum,2021-01-05,2026-03-01,Expired,0,
CD0006094,C001094,AC0001094,2,Credit,Visa,Platinum,2019-03-09,2028-04-29,Active,0,
CD0006095,C001095,AC0001095,1,Debit,Amex,Business,2024-07-08,2027-09-28,Active,0,
CD0006096,C001096,AC0001096,9,Debit,Visa,Business,2019-04-21,2028-06-06,Active,0,
CD0006097,C001097,AC0001097,1,Credit,Visa,Platinum,2024-10-15,2027-07-03,Active,0,
CD0006098,C001098,AC0001098,4,Credit,Mastercard,Platinum,2024-08-19,2029-07-13,Active,0,
CD0006099,C001099,AC0001099,7,Debit,Visa,Gold,2025-03-02,2027-03-07,Active,0,
CD0006100,C001100,AC0001100,10,Debit,Visa,Platinum,2022-01-21,2028-01-29,Active,0,
CD0006101,C001101,AC0001101,9,Debit,Visa,Business,2023-12-19,2030-08-27,Active,0,
CD0006102,C001102,AC0001102,2,Debit,Visa,Gold,2021-01-27,2028-04-27,Active,0,
CD0006103,C001103,AC0001103,10,Debit,Mastercard,Business,2022-01-15,2029-02-08,Active,0,
CD0006104,C001104,AC0001104,7,Credit,Mastercard,Platinum,2023-07-15,2030-08-17,Active,0,
CD0006105,C001105,AC0001105,2,Debit,Visa,Gold,2025-10-03,2027-09-16,Active,0,
CD0006106,C001106,AC0001106,5,Debit,Mastercard,Platinum,2021-05-02,2029-03-29,Active,0,
CD0006107,C001107,AC0001107,10,Debit,Visa,Gold,2019-10-14,2026-10-17,Active,0,
CD0006108,C001108,AC0001108,4,Credit,Mastercard,Business,2025-02-20,2029-10-23,Active,0,
CD0006109,C001109,AC0001109,2,Debit,Visa,Platinum,2025-05-07,2030-04-10,Active,0,
CD0006110,C001110,AC0001110,9,Debit,Mastercard,Business,2020-01-15,2028-03-19,Active,0,
CD0006111,C001111,AC0001111,10,Credit,Visa,Platinum,2022-10-23,2030-03-19,Active,0,
CD0006112,C001112,AC0001112,10,Debit,Visa,Standard,2024-12-13,2027-04-20,Active,0,
CD0006113,C001113,AC0001113,10,Debit,Visa,Business,2022-09-19,2027-07-16,Active,0,
CD0006114,C001114,AC0001114,9,Debit,Visa,Standard,2025-04-13,2026-08-10,Active,0,
CD0006115,C001115,AC0001115,5,Credit,Visa,Business,2022-09-12,2029-06-22,Blocked,1,Security Block
CD0006116,C001116,AC0001116,2,Debit,Mastercard,Standard,2022-08-17,2030-08-10,Active,0,
CD0006117,C001117,AC0001117,7,Credit,Amex,Platinum,2025-05-28,2027-09-03,Blocked,1,Security Block
CD0006118,C001118,AC0001118,3,Debit,Amex,Standard,2025-05-26,2030-05-15,Active,0,
CD0006119,C001119,AC0001119,5,Debit,Mastercard,Business,2025-12-25,2027-07-18,Blocked,1,Excessive Attempts
CD0006120,C001120,AC0001120,7,Debit,Mastercard,Business,2024-12-21,2028-04-19,Blocked,1,Security Block
CD0006121,C001121,AC0001121,10,Debit,Visa,Gold,2022-08-24,2026-01-27,Active,0,
CD0006122,C001122,AC0001122,3,Debit,Visa,Platinum,2019-09-07,2029-02-25,Active,0,
CD0006123,C001123,AC0001123,3,Debit,Mastercard,Business,2018-03-09,2030-02-24,Active,0,
CD0006124,C001124,AC0001124,8,Debit,Mastercard,Gold,2024-05-04,2030-07-17,Active,0,
CD0006125,C001125,AC0001125,1,Credit,Visa,Standard,2023-09-15,2026-06-01,Blocked,1,Excessive Attempts
CD0006126,C001126,AC0001126,6,Debit,Amex,Gold,2023-05-21,2029-09-28,Active,0,
CD0006127,C001127,AC0001127,8,Credit,Mastercard,Business,2024-06-23,2030-01-31,Active,0,
CD0006128,C001128,AC0001128,6,Debit,Visa,Gold,2025-12-01,2027-11-26,Active,0,
CD0006129,C001129,AC0001129,4,Debit,Visa,Platinum,2023-07-23,2027-10-20,Active,0,
CD0006130,C001130,AC0001130,9,Debit,Visa,Business,2022-04-29,2028-01-25,Active,0,
CD0006131,C001131,AC0001131,4,Credit,Visa,Platinum,2021-08-14,2026-11-18,Active,0,
CD0006132,C001132,AC0001132,8,Credit,Mastercard,Standard,2022-02-16,2027-01-03,Active,0,
CD0006133,C001133,AC0001133,5,Debit,Visa,Business,2023-10-14,2028-09-08,Blocked,1,Excessive Attempts
CD0006134,C001134,AC0001134,1,Debit,Mastercard,Platinum,2020-09-04,2026-03-01,Active,0,
CD0006135,C001135,AC0001135,6,Debit,Mastercard,Standard,2023-07-24,2026-03-09,Active,0,
CD0006136,C001136,AC0001136,1,Debit,Visa,Business,2018-12-02,2030-01-28,Active,0,
CD0006137,C001137,AC0001137,10,Credit,Mastercard,Gold,2019-04-14,2030-12-03,Blocked,1,Security Block
CD0006138,C001138,AC0001138,7,Credit,Visa,Platinum,2025-10-05,2026-09-11,Active,0,
CD0006139,C001139,AC0001139,4,Credit,Mastercard,Standard,2025-12-19,2029-05-07,Active,0,
CD0006140,C001140,AC0001140,5,Debit,Amex,Gold,2023-04-12,2026-09-07,Active,0,
CD0006141,C001141,AC0001141,7,Debit,Mastercard,Gold,2021-07-17,2029-07-19,Blocked,1,Security Block
CD0006142,C001142,AC0001142,3,Debit,Mastercard,Gold,2020-01-23,2030-10-05,Active,0,
CD0006143,C001143,AC0001143,3,Debit,Visa,Business,2019-08-27,2029-03-13,Blocked,1,Excessive Attempts
CD0006144,C001144,AC0001144,5,Debit,Mastercard,Gold,2022-04-18,2028-10-06,Active,0,
CD0006145,C001145,AC0001145,3,Debit,Mastercard,Platinum,2022-04-07,2028-06-14,Active,0,
CD0006146,C001146,AC0001146,8,Credit,Mastercard,Standard,2022-09-07,2027-03-25,Active,0,
CD0006147,C001147,AC0001147,2,Credit,Visa,Gold,2022-04-13,2027-09-21,Active,0,
CD0006148,C001148,AC0001148,9,Credit,Visa,Standard,2025-08-07,2029-12-26,Active,0,
CD0006149,C001149,AC0001149,4,Credit,Mastercard,Standard,2018-06-24,2028-04-22,Active,0,
CD0006150,C001150,AC0001150,6,Debit,Visa,Platinum,2025-02-19,2030-10-18,Active,0,
CD0006151,C001151,AC0001151,2,Debit,Mastercard,Business,2025-03-24,2029-02-16,Active,0,
CD0006152,C001152,AC0001152,4,Debit,Mastercard,Business,2021-05-05,2028-05-13,Active,0,
CD0006153,C001153,AC0001153,8,Debit,Mastercard,Gold,2023-04-30,2027-09-30,Active,0,
CD0006154,C001154,AC0001154,3,Debit,Amex,Standard,2023-06-16,2026-05-27,Active,0,
CD0006155,C001155,AC0001155,2,Credit,Visa,Gold,2020-08-08,2028-08-18,Active,0,
CD0006156,C001156,AC0001156,6,Debit,Amex,Business,2021-05-04,2027-12-27,Blocked,1,Fraud Suspected
CD0006157,C001157,AC0001157,2,Debit,Mastercard,Standard,2019-06-25,2029-06-11,Active,0,
CD0006158,C001158,AC0001158,4,Credit,Visa,Standard,2021-05-06,2027-12-15,Active,0,
CD0006159,C001159,AC0001159,5,Debit,Visa,Gold,2022-08-04,2030-09-01,Active,0,
CD0006160,C001160,AC0001160,6,Debit,Mastercard,Gold,2020-11-05,2029-08-04,Active,0,
CD0006161,C001161,AC0001161,7,Debit,Mastercard,Standard,2019-11-28,2030-09-03,Active,0,
CD0006162,C001162,AC0001162,7,Credit,Mastercard,Gold,2022-07-08,2026-01-10,Active,0,
CD0006163,C001163,AC0001163,9,Credit,Mastercard,Business,2020-05-18,2030-10-17,Blocked,1,Excessive Attempts
CD0006164,C001164,AC0001164,1,Debit,Visa,Standard,2024-09-16,2029-11-02,Expired,0,
CD0006165,C001165,AC0001165,4,Debit,Mastercard,Platinum,2020-08-20,2030-03-26,Active,0,
CD0006166,C001166,AC0001166,1,Credit,Mastercard,Gold,2018-09-30,2027-04-29,Active,0,
CD0006167,C001167,AC0001167,1,Debit,Visa,Gold,2022-12-14,2027-12-09,Active,0,
CD0006168,C001168,AC0001168,3,Debit,Mastercard,Standard,2022-08-19,2029-11-08,Active,0,
CD0006169,C001169,AC0001169,6,Credit,Mastercard,Platinum,2020-08-20,2026-11-11,Active,0,
CD0006170,C001170,AC0001170,9,Credit,Mastercard,Platinum,2022-10-20,2027-09-12,Active,0,
CD0006171,C001171,AC0001171,8,Debit,Mastercard,Standard,2021-07-03,2026-09-12,Blocked,1,Security Block
CD0006172,C001172,AC0001172,7,Debit,Visa,Business,2018-06-15,2027-06-16,Active,0,
CD0006173,C001173,AC0001173,8,Credit,Visa,Standard,2025-04-01,2029-08-19,Active,0,
CD0006174,C001174,AC0001174,2,Credit,Visa,Gold,2024-12-05,2027-05-04,Active,0,
CD0006175,C001175,AC0001175,9,Debit,Mastercard,Platinum,2018-01-28,2028-01-21,Blocked,1,Security Block
CD0006176,C001176,AC0001176,9,Debit,Visa,Standard,2020-07-24,2028-06-27,Expired,0,
CD0006177,C001177,AC0001177,1,Debit,Mastercard,Standard,2021-09-23,2028-10-19,Active,0,
CD0006178,C001178,AC0001178,5,Credit,Mastercard,Standard,2024-02-03,2029-03-05,Active,0,
CD0006179,C001179,AC0001179,9,Credit,Mastercard,Gold,2023-03-16,2028-03-17,Blocked,1,Security Block
CD0006180,C001180,AC0001180,5,Debit,Mastercard,Standard,2022-04-17,2028-08-12,Active,0,
CD0006181,C001181,AC0001181,9,Credit,Mastercard,Gold,2023-10-18,2028-08-14,Active,0,
CD0006182,C001182,AC0001182,10,Debit,Visa,Business,2022-12-28,2027-12-21,Active,0,
CD0006183,C001183,AC0001183,5,Credit,Mastercard,Gold,2022-06-10,2030-04-13,Active,0,
CD0006184,C001184,AC0001184,1,Credit,Visa,Business,2022-06-22,2028-12-06,Active,0,
CD0006185,C001185,AC0001185,4,Debit,Visa,Standard,2025-12-12,2026-06-05,Active,0,
CD0006186,C001186,AC0001186,3,Credit,Visa,Gold,2025-06-29,2029-11-13,Active,0,
CD0006187,C001187,AC0001187,5,Credit,Visa,Platinum,2025-05-04,2027-04-23,Active,0,
CD0006188,C001188,AC0001188,6,Credit,Mastercard,Platinum,2023-11-03,2030-01-05,Active,0,
CD0006189,C001189,AC0001189,5,Credit,Mastercard,Platinum,2021-06-27,2030-03-10,Active,0,
CD0006190,C001190,AC0001190,2,Debit,Mastercard,Standard,2023-09-02,2029-09-15,Active,0,
CD0006191,C001191,AC0001191,4,Credit,Visa,Standard,2025-03-15,2028-02-09,Active,0,
CD0006192,C001192,AC0001192,7,Debit,Mastercard,Platinum,2023-11-28,2030-08-04,Blocked,1,Security Block
CD0006193,C001193,AC0001193,1,Credit,Mastercard,Standard,2024-03-14,2028-04-26,Active,0,
CD0006194,C001194,AC0001194,3,Debit,Mastercard,Business,2023-07-16,2027-10-01,Expired,0,
CD0006195,C001195,AC0001195,9,Credit,Mastercard,Standard,2023-09-22,2027-10-14,Active,0,
CD0006196,C001196,AC0001196,1,Debit,Visa,Business,2022-05-21,2030-02-12,Active,0,
CD0006197,C001197,AC0001197,5,Debit,Visa,Standard,2019-08-12,2029-06-06,Active,0,
CD0006198,C001198,AC0001198,3,Credit,Visa,Gold,2018-11-21,2027-07-20,Active,0,
CD0006199,C001199,AC0001199,2,Credit,Visa,Business,2022-07-05,2027-09-28,Active,0,
CD0006200,C001200,AC0001200,5,Debit,Visa,Standard,2018-04-08,2028-05-17,Active,0,
CD0006201,C001201,AC0001201,6,Debit,Visa,Standard,2023-02-21,2027-09-27,Active,0,
CD0006202,C001202,AC0001202,2,Credit,Mastercard,Business,2019-05-14,2028-02-09,Active,0,
CD0006203,C001203,AC0001203,1,Debit,Mastercard,Gold,2020-02-29,2027-08-05,Active,0,
CD0006204,C001204,AC0001204,2,Credit,Mastercard,Standard,2025-10-28,2027-08-08,Active,0,
CD0006205,C001205,AC0001205,7,Credit,Mastercard,Standard,2020-11-22,2027-08-07,Active,0,
CD0006206,C001206,AC0001206,9,Debit,Mastercard,Standard,2019-09-07,2027-01-28,Active,0,
CD0006207,C001207,AC0001207,2,Credit,Mastercard,Business,2020-10-07,2029-05-04,Blocked,1,Excessive Attempts
CD0006208,C001208,AC0001208,4,Credit,Visa,Gold,2022-09-04,2030-03-17,Active,0,
CD0006209,C001209,AC0001209,4,Debit,Mastercard,Platinum,2022-09-09,2029-05-05,Active,0,
CD0006210,C001210,AC0001210,4,Credit,Amex,Gold,2024-03-12,2026-10-22,Active,0,
CD0006211,C001211,AC0001211,3,Credit,Visa,Business,2020-07-13,2027-05-27,Active,0,
CD0006212,C001212,AC0001212,1,Debit,Mastercard,Platinum,2025-02-21,2027-01-21,Active,0,
CD0006213,C001213,AC0001213,6,Debit,Mastercard,Business,2020-05-21,2026-12-31,Expired,0,
CD0006214,C001214,AC0001214,4,Credit,Mastercard,Business,2025-04-14,2028-09-03,Expired,0,
CD0006215,C001215,AC0001215,4,Credit,Mastercard,Platinum,2022-01-01,2030-01-17,Active,0,
CD0006216,C001216,AC0001216,3,Debit,Mastercard,Gold,2018-06-20,2029-09-28,Blocked,1,Security Block
CD0006217,C001217,AC0001217,10,Debit,Visa,Platinum,2019-12-03,2027-12-24,Active,0,
CD0006218,C001218,AC0001218,7,Debit,Mastercard,Gold,2021-01-26,2029-05-26,Active,0,
CD0006219,C001219,AC0001219,5,Credit,Visa,Business,2024-02-13,2030-10-10,Blocked,1,Security Block
CD0006220,C001220,AC0001220,3,Debit,Mastercard,Platinum,2019-12-24,2026-11-02,Active,0,
CD0006221,C001221,AC0001221,9,Debit,Visa,Platinum,2024-09-20,2027-05-25,Active,0,
CD0006222,C001222,AC0001222,9,Debit,Mastercard,Standard,2024-09-26,2028-12-03,Active,0,
CD0006223,C001223,AC0001223,1,Debit,Mastercard,Platinum,2018-07-17,2030-05-22,Active,0,
CD0006224,C001224,AC0001224,10,Debit,Mastercard,Gold,2020-04-12,2027-05-02,Expired,0,
CD0006225,C001225,AC0001225,7,Debit,Mastercard,Platinum,2023-09-14,2028-09-22,Active,0,
CD0006226,C001226,AC0001226,1,Debit,Visa,Standard,2018-11-21,2030-07-16,Active,0,
CD0006227,C001227,AC0001227,8,Debit,Mastercard,Platinum,2019-08-12,2028-01-09,Blocked,1,Security Block
CD0006228,C001228,AC0001228,2,Debit,Amex,Gold,2019-12-16,2026-01-06,Blocked,1,Security Block
CD0006229,C001229,AC0001229,1,Debit,Visa,Business,2020-04-30,2027-05-29,Active,0,
CD0006230,C001230,AC0001230,2,Credit,Mastercard,Business,2023-07-27,2027-10-29,Active,0,
CD0006231,C001231,AC0001231,5,Debit,Visa,Platinum,2021-02-28,2030-08-09,Active,0,
CD0006232,C001232,AC0001232,7,Credit,Visa,Gold,2019-12-17,2027-12-11,Active,0,
CD0006233,C001233,AC0001233,5,Credit,Visa,Platinum,2025-09-13,2028-08-18,Active,0,
CD0006234,C001234,AC0001234,2,Debit,Mastercard,Platinum,2021-09-25,2027-10-18,Active,0,
CD0006235,C001235,AC0001235,2,Debit,Visa,Gold,2018-12-19,2026-05-16,Active,0,
CD0006236,C001236,AC0001236,9,Credit,Mastercard,Platinum,2024-03-19,2026-07-12,Active,0,
CD0006237,C001237,AC0001237,10,Debit,Visa,Gold,2023-07-16,2028-04-22,Blocked,1,Security Block
CD0006238,C001238,AC0001238,8,Debit,Amex,Standard,2025-12-18,2030-06-26,Blocked,1,Security Block
CD0006239,C001239,AC0001239,2,Debit,Amex,Gold,2022-08-24,2028-08-18,Active,0,
CD0006240,C001240,AC0001240,9,Credit,Mastercard,Gold,2024-11-30,2028-08-12,Blocked,1,Excessive Attempts
CD0006241,C001241,AC0001241,7,Debit,Visa,Business,2018-06-07,2030-10-18,Active,0,
CD0006242,C001242,AC0001242,6,Debit,Mastercard,Platinum,2019-03-26,2030-01-28,Active,0,
CD0006243,C001243,AC0001243,2,Debit,Mastercard,Gold,2021-01-14,2027-12-19,Active,0,
CD0006244,C001244,AC0001244,10,Debit,Mastercard,Business,2024-03-12,2026-02-08,Active,0,
CD0006245,C001245,AC0001245,5,Debit,Visa,Standard,2018-11-20,2027-03-16,Active,0,
CD0006246,C001246,AC0001246,1,Debit,Mastercard,Platinum,2019-01-09,2027-09-07,Active,0,
CD0006247,C001247,AC0001247,3,Debit,Amex,Gold,2023-01-07,2027-11-26,Blocked,1,Security Block
CD0006248,C001248,AC0001248,5,Debit,Mastercard,Platinum,2022-11-06,2026-05-22,Active,0,
CD0006249,C001249,AC0001249,1,Credit,Amex,Gold,2022-03-22,2029-03-23,Active,0,
CD0006250,C001250,AC0001250,4,Debit,Visa,Gold,2021-07-19,2030-03-22,Blocked,1,Lost/Stolen
CD0006251,C001251,AC0001251,5,Credit,Visa,Business,2022-07-31,2027-03-09,Active,0,
CD0006252,C001252,AC0001252,10,Debit,Visa,Standard,2021-03-29,2029-10-28,Active,0,
CD0006253,C001253,AC0001253,1,Debit,Mastercard,Gold,2023-06-14,2027-03-21,Active,0,
CD0006254,C001254,AC0001254,6,Debit,Visa,Business,2024-01-14,2026-05-16,Active,0,
CD0006255,C001255,AC0001255,10,Debit,Mastercard,Business,2020-01-06,2026-09-15,Active,0,
CD0006256,C001256,AC0001256,9,Debit,Mastercard,Standard,2019-06-23,2027-11-28,Active,0,
CD0006257,C001257,AC0001257,10,Debit,Mastercard,Gold,2020-12-31,2029-01-09,Active,0,
CD0006258,C001258,AC0001258,2,Debit,Mastercard,Gold,2019-03-16,2030-01-14,Blocked,1,Security Block
CD0006259,C001259,AC0001259,9,Credit,Visa,Platinum,2020-09-06,2026-05-15,Active,0,
CD0006260,C001260,AC0001260,10,Debit,Visa,Gold,2025-02-22,2027-12-28,Active,0,
CD0006261,C001261,AC0001261,4,Debit,Mastercard,Business,2021-10-03,2028-02-25,Blocked,1,Lost/Stolen
CD0006262,C001262,AC0001262,5,Credit,Visa,Standard,2023-09-01,2028-07-21,Active,0,
CD0006263,C001263,AC0001263,6,Credit,Mastercard,Standard,2022-06-20,2028-04-17,Blocked,1,Security Block
CD0006264,C001264,AC0001264,5,Debit,Mastercard,Platinum,2022-10-19,2027-08-07,Active,0,
CD0006265,C001265,AC0001265,3,Debit,Visa,Gold,2022-04-20,2026-05-19,Active,0,
CD0006266,C001266,AC0001266,10,Credit,Mastercard,Standard,2020-05-27,2029-01-29,Blocked,1,Excessive Attempts
CD0006267,C001267,AC0001267,10,Debit,Visa,Platinum,2024-06-06,2029-07-09,Active,0,
CD0006268,C001268,AC0001268,4,Debit,Visa,Gold,2021-06-16,2029-05-25,Active,0,
CD0006269,C001269,AC0001269,9,Debit,Mastercard,Gold,2023-04-06,2027-12-25,Blocked,1,Security Block
CD0006270,C001270,AC0001270,4,Credit,Mastercard,Gold,2024-06-01,2030-06-05,Blocked,1,Security Block
CD0006271,C001271,AC0001271,8,Credit,Mastercard,Business,2021-06-20,2026-09-01,Expired,0,
CD0006272,C001272,AC0001272,6,Debit,Mastercard,Platinum,2020-01-18,2027-10-14,Active,0,
CD0006273,C001273,AC0001273,5,Debit,Visa,Gold,2019-10-16,2027-07-10,Expired,0,
CD0006274,C001274,AC0001274,2,Credit,Visa,Platinum,2021-02-23,2028-10-06,Active,0,
CD0006275,C001275,AC0001275,7,Credit,Visa,Business,2025-07-24,2030-12-03,Active,0,
CD0006276,C001276,AC0001276,4,Debit,Visa,Platinum,2018-04-26,2027-03-04,Active,0,
CD0006277,C001277,AC0001277,3,Debit,Visa,Platinum,2020-07-09,2027-03-11,Active,0,
CD0006278,C001278,AC0001278,2,Credit,Mastercard,Business,2022-05-07,2029-08-22,Active,0,
CD0006279,C001279,AC0001279,10,Debit,Visa,Gold,2025-03-02,2029-02-15,Active,0,
CD0006280,C001280,AC0001280,2,Debit,Amex,Gold,2022-08-26,2026-02-09,Active,0,
CD0006281,C001281,AC0001281,8,Credit,Mastercard,Gold,2020-04-13,2027-03-09,Active,0,
CD0006282,C001282,AC0001282,9,Credit,Visa,Platinum,2023-12-12,2029-03-03,Active,0,
CD0006283,C001283,AC0001283,1,Debit,Visa,Platinum,2019-11-06,2027-03-05,Active,0,
CD0006284,C001284,AC0001284,6,Credit,Visa,Gold,2024-07-24,2027-11-16,Active,0,
CD0006285,C001285,AC0001285,6,Debit,Mastercard,Standard,2020-08-10,2027-05-04,Active,0,
CD0006286,C001286,AC0001286,4,Debit,Amex,Platinum,2025-02-03,2029-03-08,Active,0,
CD0006287,C001287,AC0001287,7,Debit,Visa,Standard,2022-07-16,2027-06-06,Active,0,
CD0006288,C001288,AC0001288,5,Credit,Visa,Gold,2023-01-15,2030-02-20,Active,0,
CD0006289,C001289,AC0001289,5,Debit,Mastercard,Standard,2025-07-02,2029-08-21,Active,0,
CD0006290,C001290,AC0001290,5,Debit,Mastercard,Business,2024-07-17,2026-06-23,Active,0,
CD0006291,C001291,AC0001291,9,Debit,Mastercard,Standard,2019-01-08,2030-09-20,Active,0,
CD0006292,C001292,AC0001292,7,Debit,Amex,Business,2022-10-16,2026-09-11,Active,0,
CD0006293,C001293,AC0001293,4,Debit,Mastercard,Standard,2024-08-26,2026-12-12,Active,0,
CD0006294,C001294,AC0001294,10,Credit,Mastercard,Standard,2023-02-11,2030-09-07,Blocked,1,Security Block
CD0006295,C001295,AC0001295,9,Credit,Visa,Business,2019-03-25,2026-01-10,Active,0,
CD0006296,C001296,AC0001296,10,Credit,Mastercard,Platinum,2023-01-02,2030-11-01,Blocked,1,Security Block
CD0006297,C001297,AC0001297,8,Credit,Visa,Standard,2018-09-10,2030-10-27,Active,0,
CD0006298,C001298,AC0001298,4,Debit,Visa,Platinum,2023-02-27,2028-12-24,Active,0,
CD0006299,C001299,AC0001299,8,Debit,Visa,Platinum,2022-07-27,2030-11-12,Active,0,
CD0006300,C001300,AC0001300,4,Credit,Visa,Standard,2023-02-11,2026-06-15,Active,0,
CD0006301,C001301,AC0001301,3,Debit,Mastercard,Business,2025-09-20,2029-05-19,Blocked,1,Excessive Attempts
CD0006302,C001302,AC0001302,5,Credit,Mastercard,Gold,2019-12-15,2029-05-13,Active,0,
CD0006303,C001303,AC0001303,10,Debit,Mastercard,Business,2020-06-03,2028-08-03,Blocked,1,Security Block
CD0006304,C001304,AC0001304,6,Debit,Visa,Business,2021-06-09,2026-06-04,Active,0,
CD0006305,C001305,AC0001305,4,Debit,Mastercard,Platinum,2025-04-23,2029-06-17,Active,0,
CD0006306,C001306,AC0001306,5,Credit,Mastercard,Gold,2024-08-22,2027-12-17,Active,0,
CD0006307,C001307,AC0001307,3,Credit,Visa,Standard,2021-11-11,2027-10-05,Blocked,1,Lost/Stolen
CD0006308,C001308,AC0001308,7,Debit,Mastercard,Gold,2020-05-16,2030-08-07,Active,0,
CD0006309,C001309,AC0001309,4,Debit,Visa,Platinum,2018-02-15,2028-03-08,Active,0,
CD0006310,C001310,AC0001310,6,Debit,Visa,Platinum,2020-03-26,2029-12-25,Expired,0,
CD0006311,C001311,AC0001311,4,Debit,Visa,Platinum,2023-10-18,2028-09-13,Active,0,
CD0006312,C001312,AC0001312,4,Debit,Mastercard,Gold,2025-09-18,2026-01-09,Active,0,
CD0006313,C001313,AC0001313,10,Credit,Visa,Business,2023-10-06,2026-03-22,Active,0,
CD0006314,C001314,AC0001314,4,Debit,Visa,Business,2024-04-26,2029-07-13,Active,0,
CD0006315,C001315,AC0001315,1,Credit,Amex,Gold,2022-02-07,2028-05-07,Blocked,1,Security Block
CD0006316,C001316,AC0001316,4,Debit,Visa,Standard,2025-01-09,2026-03-29,Active,0,
CD0006317,C001317,AC0001317,6,Debit,Visa,Business,2020-01-29,2029-11-04,Active,0,
CD0006318,C001318,AC0001318,1,Debit,Mastercard,Business,2018-11-12,2030-06-13,Active,0,
CD0006319,C001319,AC0001319,4,Debit,Amex,Platinum,2020-10-06,2028-10-14,Active,0,
CD0006320,C001320,AC0001320,2,Debit,Amex,Platinum,2025-04-10,2029-11-10,Active,0,
CD0006321,C001321,AC0001321,6,Debit,Mastercard,Standard,2020-12-05,2029-09-11,Active,0,
CD0006322,C001322,AC0001322,8,Debit,Mastercard,Standard,2022-05-28,2028-01-29,Active,0,
CD0006323,C001323,AC0001323,10,Debit,Visa,Business,2020-01-21,2028-03-13,Active,0,
CD0006324,C001324,AC0001324,4,Credit,Mastercard,Gold,2025-09-23,2026-07-25,Expired,0,
CD0006325,C001325,AC0001325,9,Credit,Visa,Gold,2021-07-27,2028-07-22,Active,0,
CD0006326,C001326,AC0001326,3,Debit,Visa,Business,2023-01-30,2029-11-30,Blocked,1,Security Block
CD0006327,C001327,AC0001327,8,Debit,Visa,Business,2023-09-17,2027-08-02,Active,0,
CD0006328,C001328,AC0001328,6,Credit,Visa,Business,2020-06-26,2027-12-16,Active,0,
CD0006329,C001329,AC0001329,8,Debit,Visa,Gold,2023-03-22,2028-12-13,Active,0,
CD0006330,C001330,AC0001330,8,Debit,Mastercard,Gold,2020-03-02,2026-02-07,Active,0,
CD0006331,C001331,AC0001331,6,Debit,Visa,Platinum,2018-07-16,2026-03-07,Active,0,
CD0006332,C001332,AC0001332,3,Credit,Amex,Business,2021-12-12,2027-04-15,Blocked,1,Fraud Suspected
CD0006333,C001333,AC0001333,6,Credit,Visa,Platinum,2021-07-28,2026-03-08,Active,0,
CD0006334,C001334,AC0001334,9,Debit,Mastercard,Standard,2018-05-05,2029-09-13,Active,0,
CD0006335,C001335,AC0001335,10,Debit,Visa,Gold,2018-03-08,2026-08-05,Active,0,
CD0006336,C001336,AC0001336,10,Credit,Visa,Platinum,2021-10-02,2029-02-19,Active,0,
CD0006337,C001337,AC0001337,2,Debit,Visa,Business,2021-11-19,2026-02-03,Active,0,
CD0006338,C001338,AC0001338,6,Debit,Visa,Platinum,2021-03-30,2030-09-10,Active,0,
CD0006339,C001339,AC0001339,2,Debit,Amex,Standard,2018-02-15,2028-04-30,Active,0,
CD0006340,C001340,AC0001340,7,Debit,Mastercard,Standard,2024-03-31,2030-01-01,Active,0,
CD0006341,C001341,AC0001341,10,Debit,Mastercard,Platinum,2022-08-06,2029-04-26,Active,0,
CD0006342,C001342,AC0001342,1,Debit,Visa,Standard,2023-09-14,2026-01-14,Blocked,1,Fraud Suspected
CD0006343,C001343,AC0001343,7,Credit,Visa,Business,2024-03-20,2029-11-11,Active,0,
CD0006344,C001344,AC0001344,10,Credit,Mastercard,Business,2020-12-26,2026-07-14,Active,0,
CD0006345,C001345,AC0001345,9,Debit,Visa,Standard,2023-02-28,2030-11-07,Active,0,
CD0006346,C001346,AC0001346,4,Debit,Visa,Gold,2018-11-09,2027-12-03,Active,0,
CD0006347,C001347,AC0001347,2,Debit,Visa,Platinum,2025-03-09,2029-02-08,Active,0,
CD0006348,C001348,AC0001348,10,Credit,Visa,Standard,2021-10-02,2029-10-30,Active,0,
CD0006349,C001349,AC0001349,10,Credit,Visa,Business,2021-10-26,2029-03-17,Expired,0,
CD0006350,C001350,AC0001350,6,Debit,Mastercard,Business,2018-04-26,2029-09-04,Active,0,
CD0006351,C001351,AC0001351,10,Debit,Visa,Gold,2025-04-14,2030-06-07,Active,0,
CD0006352,C001352,AC0001352,1,Credit,Visa,Standard,2019-04-27,2027-12-11,Active,0,
CD0006353,C001353,AC0001353,7,Debit,Mastercard,Platinum,2019-10-26,2030-01-18,Active,0,
CD0006354,C001354,AC0001354,1,Debit,Visa,Platinum,2025-03-07,2026-01-19,Active,0,
CD0006355,C001355,AC0001355,10,Debit,Visa,Gold,2019-02-26,2030-07-18,Active,0,
CD0006356,C001356,AC0001356,7,Credit,Visa,Gold,2021-12-23,2028-04-19,Active,0,
CD0006357,C001357,AC0001357,10,Debit,Mastercard,Business,2022-02-17,2030-08-11,Active,0,
CD0006358,C001358,AC0001358,6,Debit,Mastercard,Business,2023-06-06,2026-03-06,Active,0,
CD0006359,C001359,AC0001359,1,Credit,Mastercard,Standard,2022-08-08,2027-04-20,Active,0,
CD0006360,C001360,AC0001360,1,Credit,Mastercard,Business,2019-02-02,2026-11-24,Active,0,
CD0006361,C001361,AC0001361,4,Debit,Visa,Standard,2024-09-29,2026-08-11,Blocked,1,Excessive Attempts
CD0006362,C001362,AC0001362,8,Credit,Mastercard,Platinum,2023-03-09,2026-02-19,Active,0,
CD0006363,C001363,AC0001363,2,Debit,Mastercard,Platinum,2018-02-19,2030-02-19,Active,0,
CD0006364,C001364,AC0001364,9,Credit,Mastercard,Standard,2019-11-26,2028-08-11,Active,0,
CD0006365,C001365,AC0001365,3,Credit,Visa,Gold,2019-08-29,2030-02-22,Blocked,1,Lost/Stolen
CD0006366,C001366,AC0001366,5,Credit,Mastercard,Gold,2025-06-24,2029-12-17,Blocked,1,Excessive Attempts
CD0006367,C001367,AC0001367,3,Credit,Mastercard,Gold,2022-06-22,2028-09-05,Active,0,
CD0006368,C001368,AC0001368,5,Credit,Mastercard,Platinum,2021-08-09,2028-01-25,Active,0,
CD0006369,C001369,AC0001369,5,Credit,Mastercard,Standard,2020-12-23,2026-04-27,Blocked,1,Excessive Attempts
CD0006370,C001370,AC0001370,1,Debit,Mastercard,Standard,2025-09-19,2026-01-05,Active,0,
CD0006371,C001371,AC0001371,6,Debit,Mastercard,Standard,2025-09-21,2027-07-07,Expired,0,
CD0006372,C001372,AC0001372,8,Debit,Mastercard,Standard,2018-05-21,2029-12-10,Blocked,1,Fraud Suspected
CD0006373,C001373,AC0001373,10,Credit,Mastercard,Business,2025-03-07,2026-09-22,Active,0,
CD0006374,C001374,AC0001374,4,Debit,Mastercard,Standard,2019-11-22,2030-09-21,Blocked,1,Security Block
CD0006375,C001375,AC0001375,9,Debit,Visa,Gold,2020-08-14,2027-07-01,Active,0,
CD0006376,C001376,AC0001376,9,Credit,Visa,Business,2024-01-08,2030-11-05,Active,0,
CD0006377,C001377,AC0001377,10,Credit,Visa,Business,2025-02-13,2027-03-01,Blocked,1,Security Block
CD0006378,C001378,AC0001378,4,Credit,Visa,Gold,2021-06-25,2026-04-29,Active,0,
CD0006379,C001379,AC0001379,9,Credit,Visa,Business,2022-10-02,2030-05-24,Active,0,
CD0006380,C001380,AC0001380,6,Debit,Mastercard,Gold,2021-11-18,2030-01-08,Blocked,1,Excessive Attempts
CD0006381,C001381,AC0001381,1,Credit,Mastercard,Gold,2025-03-25,2028-04-25,Active,0,
CD0006382,C001382,AC0001382,3,Credit,Mastercard,Business,2024-10-28,2030-10-22,Active,0,
CD0006383,C001383,AC0001383,7,Debit,Mastercard,Platinum,2025-08-23,2028-10-22,Blocked,1,Lost/Stolen
CD0006384,C001384,AC0001384,2,Credit,Visa,Business,2025-10-25,2030-11-14,Active,0,
CD0006385,C001385,AC0001385,5,Credit,Visa,Business,2019-04-22,2027-11-01,Active,0,
CD0006386,C001386,AC0001386,8,Credit,Mastercard,Business,2022-06-21,2028-04-18,Blocked,1,Excessive Attempts
CD0006387,C001387,AC0001387,2,Credit,Mastercard,Standard,2025-08-08,2028-12-16,Blocked,1,Security Block
CD0006388,C001388,AC0001388,5,Debit,Mastercard,Platinum,2020-10-10,2029-04-21,Active,0,
CD0006389,C001389,AC0001389,3,Debit,Amex,Platinum,2025-12-23,2030-01-23,Active,0,
CD0006390,C001390,AC0001390,6,Debit,Amex,Platinum,2019-07-05,2029-03-05,Active,0,
CD0006391,C001391,AC0001391,3,Debit,Visa,Gold,2021-10-27,2028-06-02,Active,0,
CD0006392,C001392,AC0001392,10,Credit,Visa,Gold,2024-11-19,2029-08-13,Active,0,
CD0006393,C001393,AC0001393,1,Credit,Mastercard,Platinum,2022-09-03,2030-03-01,Active,0,
CD0006394,C001394,AC0001394,10,Debit,Visa,Gold,2021-10-09,2026-07-04,Active,0,
CD0006395,C001395,AC0001395,8,Debit,Mastercard,Gold,2022-08-25,2026-10-31,Active,0,
CD0006396,C001396,AC0001396,9,Credit,Mastercard,Standard,2019-11-17,2029-08-22,Blocked,1,Security Block
CD0006397,C001397,AC0001397,9,Debit,Visa,Gold,2023-10-06,2027-08-04,Active,0,
CD0006398,C001398,AC0001398,2,Debit,Visa,Standard,2019-04-30,2026-04-09,Blocked,1,Security Block
CD0006399,C001399,AC0001399,10,Credit,Mastercard,Platinum,2024-08-21,2028-06-26,Active,0,
CD0006400,C001400,AC0001400,6,Debit,Mastercard,Gold,2019-10-06,2030-06-24,Blocked,1,Security Block
CD0006401,C001401,AC0001401,10,Credit,Mastercard,Platinum,2023-09-13,2030-10-13,Active,0,
CD0006402,C001402,AC0001402,9,Credit,Visa,Standard,2020-04-27,2030-05-05,Active,0,
CD0006403,C001403,AC0001403,6,Debit,Visa,Business,2019-01-19,2029-10-30,Active,0,
CD0006404,C001404,AC0001404,4,Debit,Amex,Business,2019-03-21,2027-10-16,Active,0,
CD0006405,C001405,AC0001405,2,Debit,Visa,Business,2021-07-15,2029-09-26,Active,0,
CD0006406,C001406,AC0001406,2,Debit,Mastercard,Standard,2023-12-03,2029-02-21,Active,0,
CD0006407,C001407,AC0001407,4,Debit,Visa,Platinum,2022-02-09,2029-12-14,Active,0,
CD0006408,C001408,AC0001408,9,Credit,Mastercard,Gold,2024-06-11,2028-11-14,Active,0,
CD0006409,C001409,AC0001409,6,Debit,Mastercard,Business,2022-11-10,2026-04-17,Active,0,
CD0006410,C001410,AC0001410,5,Credit,Mastercard,Business,2025-08-23,2030-06-21,Active,0,
CD0006411,C001411,AC0001411,3,Credit,Mastercard,Gold,2020-02-05,2030-06-30,Active,0,
CD0006412,C001412,AC0001412,6,Debit,Visa,Business,2019-08-11,2026-01-19,Active,0,
CD0006413,C001413,AC0001413,7,Debit,Visa,Business,2024-12-01,2028-12-01,Active,0,
CD0006414,C001414,AC0001414,10,Debit,Amex,Standard,2022-04-14,2026-11-26,Active,0,
CD0006415,C001415,AC0001415,8,Debit,Amex,Platinum,2019-12-09,2026-12-03,Active,0,
CD0006416,C001416,AC0001416,7,Debit,Mastercard,Business,2023-05-31,2030-10-07,Active,0,
CD0006417,C001417,AC0001417,10,Debit,Amex,Business,2022-12-10,2029-01-20,Expired,0,
CD0006418,C001418,AC0001418,5,Debit,Visa,Gold,2025-02-13,2028-09-06,Active,0,
CD0006419,C001419,AC0001419,10,Debit,Mastercard,Platinum,2023-07-11,2028-09-02,Active,0,
CD0006420,C001420,AC0001420,4,Credit,Visa,Business,2023-10-24,2029-03-03,Expired,0,
CD0006421,C001421,AC0001421,2,Debit,Visa,Business,2025-03-21,2030-11-09,Active,0,
CD0006422,C001422,AC0001422,5,Credit,Visa,Business,2022-05-09,2027-01-28,Active,0,
CD0006423,C001423,AC0001423,2,Debit,Visa,Gold,2024-04-03,2028-03-20,Active,0,
CD0006424,C001424,AC0001424,2,Debit,Visa,Platinum,2025-11-23,2030-05-12,Active,0,
CD0006425,C001425,AC0001425,9,Debit,Mastercard,Gold,2019-10-01,2027-01-27,Active,0,
CD0006426,C001426,AC0001426,8,Debit,Mastercard,Standard,2022-11-01,2030-04-08,Active,0,
CD0006427,C001427,AC0001427,3,Debit,Visa,Standard,2023-05-26,2029-11-28,Active,0,
CD0006428,C001428,AC0001428,9,Debit,Mastercard,Business,2022-05-01,2028-03-08,Active,0,
CD0006429,C001429,AC0001429,1,Credit,Visa,Gold,2020-12-07,2026-04-01,Active,0,
CD0006430,C001430,AC0001430,3,Credit,Mastercard,Business,2022-01-07,2027-09-06,Active,0,
CD0006431,C001431,AC0001431,8,Credit,Amex,Business,2021-01-10,2027-04-13,Active,0,
CD0006432,C001432,AC0001432,4,Credit,Visa,Business,2021-11-04,2027-03-20,Active,0,
CD0006433,C001433,AC0001433,8,Debit,Visa,Business,2024-12-18,2026-09-21,Blocked,1,Security Block
CD0006434,C001434,AC0001434,9,Debit,Visa,Business,2018-06-22,2027-11-16,Active,0,
CD0006435,C001435,AC0001435,1,Debit,Visa,Standard,2022-12-06,2030-01-27,Active,0,
CD0006436,C001436,AC0001436,1,Credit,Visa,Business,2019-08-06,2026-08-07,Active,0,
CD0006437,C001437,AC0001437,10,Credit,Mastercard,Business,2024-04-14,2028-04-14,Active,0,
CD0006438,C001438,AC0001438,6,Credit,Mastercard,Gold,2021-06-11,2026-04-11,Active,0,
CD0006439,C001439,AC0001439,6,Debit,Visa,Standard,2021-04-03,2028-03-23,Active,0,
CD0006440,C001440,AC0001440,5,Credit,Visa,Platinum,2018-03-02,2027-05-30,Active,0,
CD0006441,C001441,AC0001441,5,Debit,Visa,Gold,2019-03-12,2027-02-28,Active,0,
CD0006442,C001442,AC0001442,7,Debit,Visa,Gold,2020-08-28,2030-07-21,Active,0,
CD0006443,C001443,AC0001443,6,Credit,Mastercard,Business,2025-08-09,2028-11-13,Active,0,
CD0006444,C001444,AC0001444,2,Credit,Visa,Platinum,2025-12-11,2026-04-28,Active,0,
CD0006445,C001445,AC0001445,7,Debit,Mastercard,Business,2019-10-26,2027-04-22,Active,0,
CD0006446,C001446,AC0001446,7,Credit,Visa,Gold,2023-05-16,2026-04-21,Expired,0,
CD0006447,C001447,AC0001447,2,Debit,Mastercard,Gold,2021-06-23,2028-03-07,Active,0,
CD0006448,C001448,AC0001448,4,Credit,Visa,Business,2019-03-03,2028-10-26,Active,0,
CD0006449,C001449,AC0001449,8,Debit,Mastercard,Business,2022-11-20,2030-01-16,Active,0,
CD0006450,C001450,AC0001450,7,Credit,Mastercard,Standard,2018-04-21,2026-07-25,Blocked,1,Security Block
CD0006451,C001451,AC0001451,2,Debit,Mastercard,Gold,2019-06-09,2030-02-20,Active,0,
CD0006452,C001452,AC0001452,1,Debit,Mastercard,Gold,2024-05-27,2028-08-28,Active,0,
CD0006453,C001453,AC0001453,6,Debit,Mastercard,Business,2025-03-28,2029-02-17,Active,0,
CD0006454,C001454,AC0001454,5,Debit,Mastercard,Standard,2023-10-18,2026-08-19,Blocked,1,Fraud Suspected
CD0006455,C001455,AC0001455,10,Debit,Visa,Gold,2025-03-17,2026-09-12,Blocked,1,Fraud Suspected
CD0006456,C001456,AC0001456,6,Credit,Mastercard,Business,2019-05-09,2029-02-24,Expired,0,
CD0006457,C001457,AC0001457,10,Debit,Amex,Business,2023-05-14,2030-10-10,Active,0,
CD0006458,C001458,AC0001458,3,Debit,Visa,Platinum,2022-08-02,2028-05-30,Blocked,1,Security Block
CD0006459,C001459,AC0001459,5,Debit,Visa,Gold,2020-08-26,2028-01-12,Blocked,1,Excessive Attempts
CD0006460,C001460,AC0001460,2,Credit,Mastercard,Gold,2019-04-17,2026-11-27,Active,0,
CD0006461,C001461,AC0001461,6,Debit,Mastercard,Gold,2018-01-10,2026-01-28,Active,0,
CD0006462,C001462,AC0001462,2,Debit,Mastercard,Platinum,2025-09-19,2027-04-15,Active,0,
CD0006463,C001463,AC0001463,5,Debit,Mastercard,Business,2020-10-24,2030-01-27,Blocked,1,Excessive Attempts
CD0006464,C001464,AC0001464,4,Credit,Mastercard,Business,2025-07-01,2030-07-16,Active,0,
CD0006465,C001465,AC0001465,2,Debit,Visa,Standard,2019-04-15,2029-07-22,Blocked,1,Security Block
CD0006466,C001466,AC0001466,1,Credit,Amex,Gold,2024-09-14,2026-08-17,Active,0,
CD0006467,C001467,AC0001467,6,Credit,Visa,Gold,2022-01-21,2027-07-31,Active,0,
CD0006468,C001468,AC0001468,10,Debit,Mastercard,Gold,2020-01-19,2026-11-30,Active,0,
CD0006469,C001469,AC0001469,2,Debit,Visa,Business,2024-08-27,2029-11-10,Active,0,
CD0006470,C001470,AC0001470,5,Debit,Visa,Business,2020-02-25,2029-07-08,Active,0,
CD0006471,C001471,AC0001471,3,Debit,Mastercard,Business,2018-06-25,2027-06-14,Active,0,
CD0006472,C001472,AC0001472,9,Credit,Mastercard,Gold,2023-12-18,2028-03-18,Active,0,
CD0006473,C001473,AC0001473,5,Debit,Visa,Gold,2024-01-05,2028-11-24,Blocked,1,Fraud Suspected
CD0006474,C001474,AC0001474,10,Debit,Visa,Standard,2023-11-25,2027-04-03,Active,0,
CD0006475,C001475,AC0001475,3,Debit,Visa,Standard,2025-06-15,2030-05-17,Active,0,
CD0006476,C001476,AC0001476,1,Debit,Mastercard,Standard,2020-05-18,2030-01-30,Active,0,
CD0006477,C001477,AC0001477,6,Credit,Mastercard,Gold,2024-07-21,2029-01-22,Active,0,
CD0006478,C001478,AC0001478,7,Debit,Mastercard,Business,2018-06-15,2030-02-05,Active,0,
CD0006479,C001479,AC0001479,10,Credit,Visa,Gold,2022-06-01,2028-08-27,Active,0,
CD0006480,C001480,AC0001480,9,Credit,Mastercard,Platinum,2019-05-08,2029-07-22,Active,0,
CD0006481,C001481,AC0001481,9,Debit,Visa,Platinum,2024-11-02,2028-01-09,Active,0,
CD0006482,C001482,AC0001482,7,Credit,Visa,Gold,2024-07-07,2028-06-17,Active,0,
CD0006483,C001483,AC0001483,4,Debit,Visa,Business,2024-07-08,2028-11-11,Active,0,
CD0006484,C001484,AC0001484,5,Debit,Visa,Gold,2022-03-28,2026-08-01,Blocked,1,Fraud Suspected
CD0006485,C001485,AC0001485,2,Debit,Mastercard,Standard,2021-09-29,2029-10-13,Active,0,
CD0006486,C001486,AC0001486,5,Debit,Visa,Standard,2025-06-03,2028-04-08,Active,0,
CD0006487,C001487,AC0001487,4,Debit,Mastercard,Standard,2025-10-16,2027-04-08,Active,0,
CD0006488,C001488,AC0001488,1,Debit,Mastercard,Gold,2018-01-17,2030-03-05,Active,0,
CD0006489,C001489,AC0001489,3,Debit,Visa,Business,2022-04-22,2027-11-04,Active,0,
CD0006490,C001490,AC0001490,6,Credit,Visa,Business,2021-10-31,2027-03-31,Active,0,
CD0006491,C001491,AC0001491,4,Debit,Mastercard,Platinum,2020-11-13,2029-12-30,Active,0,
CD0006492,C001492,AC0001492,10,Debit,Mastercard,Gold,2025-03-29,2030-06-01,Active,0,
CD0006493,C001493,AC0001493,5,Credit,Visa,Platinum,2018-12-12,2028-08-27,Active,0,
CD0006494,C001494,AC0001494,10,Credit,Mastercard,Standard,2020-01-17,2027-04-30,Active,0,
CD0006495,C001495,AC0001495,7,Credit,Visa,Gold,2019-02-10,2026-06-30,Active,0,
CD0006496,C001496,AC0001496,1,Credit,Amex,Standard,2024-01-18,2028-06-27,Active,0,
CD0006497,C001497,AC0001497,3,Debit,Amex,Platinum,2025-09-10,2030-12-09,Active,0,
CD0006498,C001498,AC0001498,8,Debit,Visa,Platinum,2018-03-26,2026-04-01,Active,0,
CD0006499,C001499,AC0001499,6,Credit,Amex,Gold,2018-08-30,2029-03-31,Active,0,
CD0006500,C001500,AC0001500,4,Debit,Amex,Platinum,2020-04-20,2028-01-06,Active,0,
CD0006501,C001501,AC0001501,6,Debit,Visa,Business,2025-09-04,2030-09-07,Active,0,
CD0006502,C001502,AC0001502,10,Credit,Mastercard,Platinum,2023-11-26,2030-06-18,Active,0,
CD0006503,C001503,AC0001503,4,Credit,Mastercard,Standard,2021-06-14,2028-04-13,Blocked,1,Security Block
CD0006504,C001504,AC0001504,1,Debit,Mastercard,Platinum,2021-10-03,2028-08-28,Blocked,1,Security Block
CD0006505,C001505,AC0001505,4,Credit,Visa,Standard,2025-12-01,2029-06-10,Active,0,
CD0006506,C001506,AC0001506,10,Debit,Mastercard,Business,2022-01-31,2028-04-30,Active,0,
CD0006507,C001507,AC0001507,8,Debit,Mastercard,Gold,2023-05-08,2027-09-16,Active,0,
CD0006508,C001508,AC0001508,9,Debit,Visa,Gold,2021-11-23,2029-02-06,Active,0,
CD0006509,C001509,AC0001509,10,Debit,Visa,Platinum,2025-03-17,2026-08-08,Active,0,
CD0006510,C001510,AC0001510,2,Debit,Amex,Gold,2018-01-28,2028-08-17,Active,0,
CD0006511,C001511,AC0001511,3,Credit,Visa,Standard,2022-07-04,2028-07-04,Blocked,1,Security Block
CD0006512,C001512,AC0001512,1,Debit,Visa,Standard,2018-05-11,2028-06-17,Active,0,
CD0006513,C001513,AC0001513,1,Debit,Mastercard,Gold,2020-01-31,2028-04-10,Active,0,
CD0006514,C001514,AC0001514,9,Debit,Visa,Business,2020-12-03,2028-06-24,Active,0,
CD0006515,C001515,AC0001515,10,Debit,Mastercard,Business,2023-02-15,2029-06-02,Blocked,1,Fraud Suspected
CD0006516,C001516,AC0001516,2,Credit,Amex,Standard,2018-11-23,2030-10-03,Active,0,
CD0006517,C001517,AC0001517,8,Debit,Visa,Business,2023-08-24,2027-06-04,Active,0,
CD0006518,C001518,AC0001518,6,Credit,Visa,Platinum,2021-05-02,2030-04-09,Blocked,1,Lost/Stolen
CD0006519,C001519,AC0001519,1,Debit,Mastercard,Gold,2024-06-07,2027-10-07,Active,0,
CD0006520,C001520,AC0001520,10,Debit,Mastercard,Platinum,2023-07-19,2030-05-03,Active,0,
CD0006521,C001521,AC0001521,9,Debit,Mastercard,Gold,2021-06-11,2028-05-23,Active,0,
CD0006522,C001522,AC0001522,6,Debit,Visa,Platinum,2021-03-15,2030-10-31,Expired,0,
CD0006523,C001523,AC0001523,8,Debit,Mastercard,Standard,2022-06-04,2029-01-05,Active,0,
CD0006524,C001524,AC0001524,4,Credit,Visa,Platinum,2018-10-08,2026-03-31,Blocked,1,Fraud Suspected
CD0006525,C001525,AC0001525,8,Credit,Visa,Platinum,2024-09-20,2029-11-30,Active,0,
CD0006526,C001526,AC0001526,5,Credit,Visa,Platinum,2022-11-05,2028-09-21,Expired,0,
CD0006527,C001527,AC0001527,10,Credit,Mastercard,Standard,2023-06-11,2030-06-18,Active,0,
CD0006528,C001528,AC0001528,1,Debit,Mastercard,Business,2020-10-05,2026-02-15,Blocked,1,Security Block
CD0006529,C001529,AC0001529,2,Credit,Visa,Standard,2019-08-26,2027-08-12,Active,0,
CD0006530,C001530,AC0001530,10,Credit,Mastercard,Standard,2025-02-12,2026-06-05,Active,0,
CD0006531,C001531,AC0001531,3,Debit,Visa,Standard,2025-03-19,2030-11-09,Active,0,
CD0006532,C001532,AC0001532,4,Credit,Mastercard,Standard,2025-09-13,2030-05-19,Active,0,
CD0006533,C001533,AC0001533,8,Debit,Visa,Gold,2023-03-10,2029-04-16,Active,0,
CD0006534,C001534,AC0001534,2,Credit,Mastercard,Gold,2025-01-02,2028-10-02,Active,0,
CD0006535,C001535,AC0001535,6,Credit,Visa,Standard,2019-11-29,2029-01-27,Active,0,
CD0006536,C001536,AC0001536,3,Credit,Visa,Platinum,2022-09-26,2029-09-14,Active,0,
CD0006537,C001537,AC0001537,2,Debit,Visa,Business,2024-03-29,2029-07-20,Active,0,
CD0006538,C001538,AC0001538,10,Debit,Visa,Standard,2018-04-19,2029-11-27,Active,0,
CD0006539,C001539,AC0001539,2,Credit,Mastercard,Business,2019-03-18,2029-09-24,Active,0,
CD0006540,C001540,AC0001540,1,Credit,Visa,Business,2019-04-25,2026-11-27,Active,0,
CD0006541,C001541,AC0001541,7,Debit,Mastercard,Standard,2020-01-16,2029-11-01,Active,0,
CD0006542,C001542,AC0001542,9,Credit,Mastercard,Standard,2021-06-15,2029-11-23,Active,0,
CD0006543,C001543,AC0001543,2,Debit,Mastercard,Platinum,2020-06-26,2027-02-02,Active,0,
CD0006544,C001544,AC0001544,8,Debit,Mastercard,Business,2019-09-19,2030-09-01,Blocked,1,Security Block
CD0006545,C001545,AC0001545,6,Debit,Mastercard,Platinum,2018-12-22,2030-12-11,Active,0,
CD0006546,C001546,AC0001546,9,Debit,Visa,Platinum,2024-01-06,2029-06-10,Active,0,
CD0006547,C001547,AC0001547,2,Debit,Visa,Business,2021-12-11,2027-01-06,Active,0,
CD0006548,C001548,AC0001548,10,Debit,Visa,Platinum,2025-08-19,2026-11-11,Active,0,
CD0006549,C001549,AC0001549,7,Debit,Visa,Standard,2019-09-11,2029-07-23,Active,0,
CD0006550,C001550,AC0001550,9,Debit,Amex,Gold,2022-07-18,2029-02-25,Active,0,
CD0006551,C001551,AC0001551,4,Debit,Mastercard,Platinum,2018-12-31,2030-07-05,Blocked,1,Excessive Attempts
CD0006552,C001552,AC0001552,10,Debit,Mastercard,Platinum,2020-02-23,2026-02-04,Active,0,
CD0006553,C001553,AC0001553,7,Debit,Visa,Gold,2018-02-11,2026-04-07,Active,0,
CD0006554,C001554,AC0001554,2,Debit,Visa,Gold,2020-10-14,2029-06-30,Active,0,
CD0006555,C001555,AC0001555,10,Debit,Mastercard,Gold,2022-11-29,2027-01-04,Active,0,
CD0006556,C001556,AC0001556,8,Credit,Mastercard,Gold,2018-07-29,2027-05-02,Active,0,
CD0006557,C001557,AC0001557,4,Debit,Visa,Platinum,2023-09-01,2026-06-04,Active,0,
CD0006558,C001558,AC0001558,6,Credit,Visa,Gold,2020-03-05,2026-04-21,Active,0,
CD0006559,C001559,AC0001559,4,Debit,Visa,Business,2021-02-17,2026-07-08,Blocked,1,Security Block
CD0006560,C001560,AC0001560,6,Credit,Mastercard,Gold,2021-01-29,2026-10-31,Active,0,
CD0006561,C001561,AC0001561,10,Debit,Mastercard,Platinum,2018-07-12,2027-05-29,Active,0,
CD0006562,C001562,AC0001562,9,Credit,Mastercard,Platinum,2018-01-18,2028-11-25,Active,0,
CD0006563,C001563,AC0001563,3,Credit,Mastercard,Platinum,2025-09-15,2029-12-14,Active,0,
CD0006564,C001564,AC0001564,10,Credit,Visa,Standard,2024-07-25,2028-09-17,Active,0,
CD0006565,C001565,AC0001565,5,Debit,Visa,Platinum,2021-08-06,2026-12-21,Active,0,
CD0006566,C001566,AC0001566,8,Debit,Amex,Standard,2023-08-16,2029-05-30,Active,0,
CD0006567,C001567,AC0001567,8,Debit,Visa,Standard,2020-11-29,2029-03-01,Active,0,
CD0006568,C001568,AC0001568,5,Credit,Visa,Gold,2020-08-18,2028-11-22,Active,0,
CD0006569,C001569,AC0001569,5,Debit,Mastercard,Business,2024-01-04,2027-05-22,Active,0,
CD0006570,C001570,AC0001570,5,Credit,Mastercard,Platinum,2025-08-02,2026-12-18,Active,0,
CD0006571,C001571,AC0001571,9,Credit,Visa,Platinum,2023-09-18,2026-07-07,Active,0,
CD0006572,C001572,AC0001572,4,Credit,Mastercard,Platinum,2022-06-17,2030-10-04,Active,0,
CD0006573,C001573,AC0001573,3,Credit,Visa,Platinum,2019-05-29,2027-02-11,Active,0,
CD0006574,C001574,AC0001574,4,Debit,Amex,Standard,2019-05-24,2030-03-01,Active,0,
CD0006575,C001575,AC0001575,2,Credit,Visa,Platinum,2020-09-21,2026-10-25,Blocked,1,Fraud Suspected
CD0006576,C001576,AC0001576,4,Credit,Visa,Business,2020-10-22,2028-06-30,Active,0,
CD0006577,C001577,AC0001577,2,Credit,Mastercard,Business,2019-12-17,2029-08-19,Active,0,
CD0006578,C001578,AC0001578,1,Debit,Visa,Gold,2019-10-06,2029-04-09,Active,0,
CD0006579,C001579,AC0001579,8,Debit,Mastercard,Platinum,2021-06-25,2029-09-26,Active,0,
CD0006580,C001580,AC0001580,1,Debit,Amex,Standard,2022-05-24,2029-05-19,Active,0,
CD0006581,C001581,AC0001581,6,Debit,Mastercard,Standard,2018-09-19,2029-04-02,Active,0,
CD0006582,C001582,AC0001582,8,Debit,Visa,Standard,2024-06-01,2027-02-10,Active,0,
CD0006583,C001583,AC0001583,8,Credit,Mastercard,Platinum,2018-04-15,2028-09-14,Blocked,1,Fraud Suspected
CD0006584,C001584,AC0001584,5,Debit,Visa,Standard,2019-05-23,2027-01-21,Active,0,
CD0006585,C001585,AC0001585,2,Debit,Mastercard,Business,2024-09-21,2026-10-13,Blocked,1,Fraud Suspected
CD0006586,C001586,AC0001586,10,Debit,Visa,Business,2023-03-10,2027-04-22,Active,0,
CD0006587,C001587,AC0001587,9,Debit,Mastercard,Standard,2022-05-23,2030-01-27,Active,0,
CD0006588,C001588,AC0001588,7,Credit,Visa,Standard,2021-07-29,2029-08-31,Active,0,
CD0006589,C001589,AC0001589,1,Credit,Visa,Standard,2023-12-04,2027-07-14,Active,0,
CD0006590,C001590,AC0001590,1,Credit,Visa,Platinum,2025-07-10,2026-02-16,Active,0,
CD0006591,C001591,AC0001591,4,Credit,Mastercard,Platinum,2025-10-12,2030-03-28,Active,0,
CD0006592,C001592,AC0001592,2,Debit,Mastercard,Standard,2024-10-11,2027-11-20,Active,0,
CD0006593,C001593,AC0001593,9,Credit,Visa,Standard,2022-11-15,2028-08-22,Expired,0,
CD0006594,C001594,AC0001594,3,Debit,Visa,Gold,2024-08-24,2028-03-28,Active,0,
CD0006595,C001595,AC0001595,3,Debit,Visa,Platinum,2019-08-01,2026-02-28,Active,0,
CD0006596,C001596,AC0001596,10,Debit,Mastercard,Standard,2019-10-06,2027-07-21,Active,0,
CD0006597,C001597,AC0001597,9,Credit,Visa,Business,2024-12-22,2029-05-15,Active,0,
CD0006598,C001598,AC0001598,3,Credit,Visa,Business,2024-09-07,2026-07-11,Active,0,
CD0006599,C001599,AC0001599,4,Debit,Visa,Standard,2025-06-21,2027-07-02,Blocked,1,Security Block
CD0006600,C001600,AC0001600,6,Debit,Mastercard,Platinum,2018-01-14,2030-11-16,Active,0,
CD0006601,C001601,AC0001601,7,Debit,Visa,Business,2021-05-26,2027-09-25,Active,0,
CD0006602,C001602,AC0001602,10,Debit,Visa,Standard,2023-06-09,2030-03-26,Active,0,
CD0006603,C001603,AC0001603,9,Debit,Visa,Gold,2024-10-29,2028-10-17,Active,0,
CD0006604,C001604,AC0001604,10,Credit,Mastercard,Business,2020-03-25,2027-08-26,Active,0,
CD0006605,C001605,AC0001605,1,Debit,Visa,Platinum,2022-11-15,2029-02-15,Active,0,
CD0006606,C001606,AC0001606,3,Debit,Mastercard,Standard,2024-08-24,2026-04-19,Active,0,
CD0006607,C001607,AC0001607,6,Credit,Visa,Gold,2024-04-21,2029-02-07,Active,0,
CD0006608,C001608,AC0001608,1,Debit,Visa,Gold,2019-08-30,2030-08-08,Blocked,1,Fraud Suspected
CD0006609,C001609,AC0001609,4,Credit,Visa,Business,2025-03-28,2029-06-24,Active,0,
CD0006610,C001610,AC0001610,2,Debit,Amex,Standard,2025-08-01,2026-09-02,Blocked,1,Security Block
CD0006611,C001611,AC0001611,10,Credit,Mastercard,Standard,2019-03-05,2027-09-09,Active,0,
CD0006612,C001612,AC0001612,1,Debit,Mastercard,Standard,2021-12-25,2026-05-26,Active,0,
CD0006613,C001613,AC0001613,2,Debit,Mastercard,Platinum,2023-05-14,2026-10-08,Active,0,
CD0006614,C001614,AC0001614,2,Debit,Visa,Business,2025-05-06,2029-12-14,Active,0,
CD0006615,C001615,AC0001615,2,Credit,Visa,Business,2024-11-03,2026-07-15,Expired,0,
CD0006616,C001616,AC0001616,6,Debit,Mastercard,Business,2022-04-09,2027-11-04,Active,0,
CD0006617,C001617,AC0001617,4,Debit,Amex,Business,2018-01-11,2026-01-05,Expired,0,
CD0006618,C001618,AC0001618,10,Debit,Mastercard,Business,2020-12-07,2026-09-03,Active,0,
CD0006619,C001619,AC0001619,3,Credit,Mastercard,Gold,2018-11-30,2029-12-10,Active,0,
CD0006620,C001620,AC0001620,6,Debit,Visa,Standard,2021-04-23,2030-12-07,Active,0,
CD0006621,C001621,AC0001621,7,Debit,Visa,Business,2025-05-14,2030-03-24,Active,0,
CD0006622,C001622,AC0001622,7,Debit,Mastercard,Business,2020-07-14,2028-05-14,Active,0,
CD0006623,C001623,AC0001623,8,Credit,Visa,Business,2025-10-15,2030-06-02,Active,0,
CD0006624,C001624,AC0001624,3,Debit,Visa,Business,2022-06-23,2028-08-10,Active,0,
CD0006625,C001625,AC0001625,6,Debit,Visa,Business,2018-04-18,2030-10-30,Active,0,
CD0006626,C001626,AC0001626,9,Credit,Visa,Gold,2018-11-23,2027-01-06,Blocked,1,Excessive Attempts
CD0006627,C001627,AC0001627,9,Debit,Mastercard,Platinum,2021-12-06,2027-11-07,Expired,0,
CD0006628,C001628,AC0001628,7,Credit,Visa,Business,2025-07-12,2030-11-06,Active,0,
CD0006629,C001629,AC0001629,7,Credit,Visa,Gold,2025-09-20,2029-11-26,Blocked,1,Security Block
CD0006630,C001630,AC0001630,9,Debit,Mastercard,Gold,2023-06-20,2030-10-17,Active,0,
CD0006631,C001631,AC0001631,7,Debit,Visa,Gold,2018-12-30,2030-12-14,Blocked,1,Excessive Attempts
CD0006632,C001632,AC0001632,10,Debit,Visa,Gold,2021-09-29,2026-06-21,Active,0,
CD0006633,C001633,AC0001633,2,Debit,Mastercard,Platinum,2022-05-16,2030-09-03,Active,0,
CD0006634,C001634,AC0001634,4,Credit,Mastercard,Gold,2018-02-05,2026-06-13,Active,0,
CD0006635,C001635,AC0001635,2,Debit,Mastercard,Standard,2024-04-10,2027-11-28,Blocked,1,Security Block
CD0006636,C001636,AC0001636,1,Credit,Mastercard,Gold,2019-09-17,2027-05-07,Blocked,1,Security Block
CD0006637,C001637,AC0001637,5,Credit,Visa,Platinum,2023-06-09,2028-04-03,Active,0,
CD0006638,C001638,AC0001638,3,Credit,Visa,Business,2021-01-17,2026-08-21,Active,0,
CD0006639,C001639,AC0001639,5,Credit,Visa,Business,2024-07-12,2027-11-02,Active,0,
CD0006640,C001640,AC0001640,5,Debit,Visa,Platinum,2024-04-24,2028-03-28,Active,0,
CD0006641,C001641,AC0001641,7,Debit,Visa,Business,2022-06-01,2027-05-06,Active,0,
CD0006642,C001642,AC0001642,10,Debit,Visa,Gold,2018-09-23,2030-06-30,Active,0,
CD0006643,C001643,AC0001643,9,Debit,Visa,Business,2022-07-30,2028-05-22,Blocked,1,Lost/Stolen
CD0006644,C001644,AC0001644,4,Credit,Visa,Platinum,2020-01-14,2030-07-28,Active,0,
CD0006645,C001645,AC0001645,4,Credit,Visa,Gold,2018-10-22,2026-03-19,Active,0,
CD0006646,C001646,AC0001646,8,Debit,Visa,Standard,2025-02-10,2029-04-16,Active,0,
CD0006647,C001647,AC0001647,2,Debit,Visa,Business,2018-03-04,2029-03-20,Active,0,
CD0006648,C001648,AC0001648,6,Debit,Visa,Gold,2020-04-26,2026-04-04,Active,0,
CD0006649,C001649,AC0001649,5,Credit,Visa,Business,2023-08-16,2030-08-26,Active,0,
CD0006650,C001650,AC0001650,2,Credit,Mastercard,Standard,2022-12-21,2028-05-09,Active,0,
CD0006651,C001651,AC0001651,7,Credit,Mastercard,Platinum,2023-12-03,2027-10-02,Expired,0,
CD0006652,C001652,AC0001652,4,Credit,Visa,Business,2019-02-17,2028-07-27,Active,0,
CD0006653,C001653,AC0001653,2,Credit,Visa,Business,2018-08-12,2029-05-23,Active,0,
CD0006654,C001654,AC0001654,7,Debit,Visa,Standard,2021-02-10,2027-12-03,Blocked,1,Security Block
CD0006655,C001655,AC0001655,2,Debit,Mastercard,Standard,2024-10-11,2028-01-02,Active,0,
CD0006656,C001656,AC0001656,7,Debit,Mastercard,Platinum,2025-06-02,2030-01-18,Active,0,
CD0006657,C001657,AC0001657,2,Debit,Mastercard,Gold,2019-06-23,2028-10-15,Blocked,1,Security Block
CD0006658,C001658,AC0001658,5,Debit,Visa,Gold,2018-10-22,2030-10-11,Active,0,
CD0006659,C001659,AC0001659,9,Debit,Visa,Business,2018-07-30,2030-06-07,Active,0,
CD0006660,C001660,AC0001660,3,Credit,Visa,Platinum,2025-01-18,2026-03-04,Active,0,
CD0006661,C001661,AC0001661,8,Credit,Mastercard,Platinum,2023-06-04,2027-05-09,Active,0,
CD0006662,C001662,AC0001662,8,Debit,Visa,Standard,2025-12-14,2028-12-05,Active,0,
CD0006663,C001663,AC0001663,10,Debit,Visa,Gold,2022-12-07,2029-07-17,Active,0,
CD0006664,C001664,AC0001664,2,Debit,Visa,Standard,2022-06-02,2030-12-11,Active,0,
CD0006665,C001665,AC0001665,8,Debit,Visa,Standard,2024-03-21,2028-05-20,Blocked,1,Security Block
CD0006666,C001666,AC0001666,10,Debit,Mastercard,Standard,2023-01-04,2029-12-14,Active,0,
CD0006667,C001667,AC0001667,8,Debit,Visa,Business,2021-11-28,2029-05-09,Active,0,
CD0006668,C001668,AC0001668,2,Credit,Visa,Business,2022-11-26,2028-01-29,Active,0,
CD0006669,C001669,AC0001669,9,Debit,Mastercard,Standard,2022-07-19,2028-02-18,Blocked,1,Security Block
CD0006670,C001670,AC0001670,2,Debit,Mastercard,Platinum,2024-01-03,2029-02-12,Active,0,
CD0006671,C001671,AC0001671,6,Credit,Visa,Business,2020-09-23,2029-06-14,Expired,0,
CD0006672,C001672,AC0001672,5,Debit,Mastercard,Platinum,2019-10-12,2027-01-02,Active,0,
CD0006673,C001673,AC0001673,6,Credit,Mastercard,Gold,2023-11-29,2026-01-08,Active,0,
CD0006674,C001674,AC0001674,6,Credit,Amex,Gold,2020-05-07,2026-12-08,Blocked,1,Security Block
CD0006675,C001675,AC0001675,1,Credit,Mastercard,Business,2023-03-05,2026-12-26,Active,0,
CD0006676,C001676,AC0001676,6,Debit,Mastercard,Platinum,2021-02-02,2029-07-02,Active,0,
CD0006677,C001677,AC0001677,10,Debit,Mastercard,Platinum,2021-02-05,2026-04-01,Active,0,
CD0006678,C001678,AC0001678,5,Debit,Visa,Standard,2019-07-10,2026-12-13,Active,0,
CD0006679,C001679,AC0001679,3,Debit,Visa,Business,2020-04-01,2026-04-09,Active,0,
CD0006680,C001680,AC0001680,10,Debit,Visa,Gold,2025-09-20,2026-03-28,Active,0,
CD0006681,C001681,AC0001681,1,Debit,Visa,Platinum,2018-03-16,2026-01-14,Active,0,
CD0006682,C001682,AC0001682,5,Debit,Visa,Business,2025-01-31,2030-04-14,Active,0,
CD0006683,C001683,AC0001683,6,Debit,Mastercard,Platinum,2019-03-08,2028-04-18,Active,0,
CD0006684,C001684,AC0001684,5,Debit,Mastercard,Standard,2023-09-18,2026-11-27,Active,0,
CD0006685,C001685,AC0001685,10,Credit,Mastercard,Platinum,2022-03-08,2026-07-17,Active,0,
CD0006686,C001686,AC0001686,5,Debit,Mastercard,Business,2023-02-19,2026-10-04,Active,0,
CD0006687,C001687,AC0001687,10,Debit,Mastercard,Business,2020-03-11,2027-12-14,Active,0,
CD0006688,C001688,AC0001688,1,Debit,Visa,Standard,2018-06-23,2029-12-23,Active,0,
CD0006689,C001689,AC0001689,8,Credit,Mastercard,Gold,2025-01-23,2029-02-28,Active,0,
CD0006690,C001690,AC0001690,6,Credit,Mastercard,Standard,2024-07-07,2030-04-16,Blocked,1,Excessive Attempts
CD0006691,C001691,AC0001691,3,Debit,Mastercard,Gold,2020-10-19,2026-07-02,Active,0,
CD0006692,C001692,AC0001692,3,Credit,Amex,Gold,2018-03-10,2027-05-30,Active,0,
CD0006693,C001693,AC0001693,8,Debit,Amex,Business,2024-10-07,2029-03-22,Blocked,1,Lost/Stolen
CD0006694,C001694,AC0001694,7,Debit,Mastercard,Gold,2018-08-26,2030-05-02,Active,0,
CD0006695,C001695,AC0001695,7,Credit,Mastercard,Gold,2025-05-07,2028-11-24,Active,0,
CD0006696,C001696,AC0001696,1,Credit,Mastercard,Business,2025-11-08,2029-01-07,Active,0,
CD0006697,C001697,AC0001697,6,Debit,Mastercard,Platinum,2018-04-22,2029-07-20,Active,0,
CD0006698,C001698,AC0001698,10,Credit,Visa,Business,2022-04-30,2026-08-15,Active,0,
CD0006699,C001699,AC0001699,1,Debit,Visa,Gold,2021-05-23,2030-07-26,Active,0,
CD0006700,C001700,AC0001700,5,Credit,Amex,Business,2022-08-15,2029-06-09,Active,0,
CD0006701,C001701,AC0001701,5,Credit,Visa,Standard,2018-05-31,2027-02-27,Active,0,
CD0006702,C001702,AC0001702,9,Credit,Visa,Standard,2025-04-21,2026-09-17,Active,0,
CD0006703,C001703,AC0001703,3,Debit,Visa,Business,2021-01-08,2029-12-09,Active,0,
CD0006704,C001704,AC0001704,5,Debit,Mastercard,Business,2023-06-21,2030-08-29,Active,0,
CD0006705,C001705,AC0001705,8,Debit,Visa,Gold,2022-10-04,2029-05-02,Active,0,
CD0006706,C001706,AC0001706,1,Debit,Visa,Standard,2020-01-01,2029-11-16,Active,0,
CD0006707,C001707,AC0001707,9,Debit,Visa,Platinum,2022-01-02,2030-01-17,Active,0,
CD0006708,C001708,AC0001708,9,Debit,Amex,Business,2020-02-20,2026-01-08,Active,0,
CD0006709,C001709,AC0001709,8,Debit,Visa,Platinum,2024-03-15,2029-11-02,Blocked,1,Lost/Stolen
CD0006710,C001710,AC0001710,7,Debit,Visa,Gold,2018-08-29,2027-12-01,Active,0,
CD0006711,C001711,AC0001711,8,Debit,Visa,Standard,2019-06-17,2028-04-14,Active,0,
CD0006712,C001712,AC0001712,8,Debit,Mastercard,Platinum,2023-06-10,2030-08-21,Active,0,
CD0006713,C001713,AC0001713,10,Credit,Visa,Standard,2025-03-04,2029-12-26,Active,0,
CD0006714,C001714,AC0001714,5,Credit,Mastercard,Standard,2023-06-09,2029-10-15,Active,0,
CD0006715,C001715,AC0001715,5,Credit,Visa,Standard,2021-07-14,2028-05-15,Active,0,
CD0006716,C001716,AC0001716,7,Debit,Visa,Platinum,2024-02-26,2029-03-14,Active,0,
CD0006717,C001717,AC0001717,2,Debit,Visa,Standard,2025-10-03,2026-02-06,Active,0,
CD0006718,C001718,AC0001718,9,Debit,Mastercard,Gold,2018-09-05,2029-11-08,Active,0,
CD0006719,C001719,AC0001719,8,Debit,Mastercard,Gold,2020-11-19,2029-03-09,Active,0,
CD0006720,C001720,AC0001720,7,Debit,Mastercard,Business,2018-08-22,2029-07-14,Blocked,1,Fraud Suspected
CD0006721,C001721,AC0001721,4,Debit,Mastercard,Standard,2021-04-28,2030-10-05,Active,0,
CD0006722,C001722,AC0001722,4,Debit,Amex,Standard,2019-06-12,2029-06-01,Active,0,
CD0006723,C001723,AC0001723,5,Credit,Visa,Standard,2023-03-14,2028-08-25,Active,0,
CD0006724,C001724,AC0001724,7,Debit,Visa,Standard,2022-06-11,2030-07-12,Blocked,1,Excessive Attempts
CD0006725,C001725,AC0001725,8,Debit,Mastercard,Gold,2020-05-07,2029-03-04,Active,0,
CD0006726,C001726,AC0001726,7,Debit,Amex,Gold,2024-01-11,2030-12-29,Active,0,
CD0006727,C001727,AC0001727,10,Credit,Mastercard,Platinum,2020-07-29,2027-01-04,Active,0,
CD0006728,C001728,AC0001728,10,Debit,Visa,Gold,2020-12-21,2026-10-08,Blocked,1,Security Block
CD0006729,C001729,AC0001729,8,Credit,Mastercard,Gold,2023-09-02,2028-06-29,Active,0,
CD0006730,C001730,AC0001730,4,Credit,Visa,Business,2018-08-15,2028-05-16,Active,0,
CD0006731,C001731,AC0001731,6,Debit,Mastercard,Gold,2025-08-03,2029-12-13,Active,0,
CD0006732,C001732,AC0001732,5,Debit,Mastercard,Business,2019-11-08,2028-11-09,Active,0,
CD0006733,C001733,AC0001733,7,Debit,Mastercard,Gold,2023-08-08,2028-02-10,Active,0,
CD0006734,C001734,AC0001734,9,Credit,Visa,Business,2022-08-14,2026-09-25,Active,0,
CD0006735,C001735,AC0001735,4,Credit,Visa,Platinum,2018-10-25,2027-01-22,Active,0,
CD0006736,C001736,AC0001736,6,Debit,Amex,Platinum,2022-09-06,2028-03-22,Active,0,
CD0006737,C001737,AC0001737,1,Credit,Visa,Standard,2019-11-23,2029-01-20,Active,0,
CD0006738,C001738,AC0001738,8,Debit,Visa,Standard,2021-06-19,2026-07-25,Active,0,
CD0006739,C001739,AC0001739,5,Credit,Visa,Platinum,2023-02-26,2026-03-09,Active,0,
CD0006740,C001740,AC0001740,5,Debit,Mastercard,Platinum,2022-08-28,2028-05-27,Active,0,
CD0006741,C001741,AC0001741,6,Debit,Visa,Platinum,2020-09-21,2028-03-06,Expired,0,
CD0006742,C001742,AC0001742,3,Debit,Mastercard,Standard,2023-06-06,2026-11-25,Active,0,
CD0006743,C001743,AC0001743,6,Debit,Visa,Business,2025-04-19,2029-02-22,Active,0,
CD0006744,C001744,AC0001744,8,Debit,Visa,Platinum,2018-06-21,2028-04-10,Active,0,
CD0006745,C001745,AC0001745,4,Debit,Amex,Gold,2023-10-02,2027-12-05,Active,0,
CD0006746,C001746,AC0001746,2,Credit,Amex,Platinum,2025-05-12,2030-04-17,Active,0,
CD0006747,C001747,AC0001747,4,Debit,Mastercard,Platinum,2022-01-04,2029-06-18,Active,0,
CD0006748,C001748,AC0001748,2,Debit,Mastercard,Standard,2019-08-03,2030-01-04,Active,0,
CD0006749,C001749,AC0001749,4,Debit,Mastercard,Business,2019-03-20,2028-01-04,Blocked,1,Security Block
CD0006750,C001750,AC0001750,7,Credit,Mastercard,Standard,2022-07-29,2028-05-28,Active,0,
CD0006751,C001751,AC0001751,2,Debit,Mastercard,Platinum,2023-07-13,2027-12-24,Active,0,
CD0006752,C001752,AC0001752,8,Credit,Visa,Business,2021-09-01,2027-10-18,Active,0,
CD0006753,C001753,AC0001753,3,Debit,Visa,Platinum,2024-05-05,2028-06-13,Active,0,
CD0006754,C001754,AC0001754,9,Debit,Visa,Business,2020-03-23,2028-07-06,Active,0,
CD0006755,C001755,AC0001755,8,Debit,Mastercard,Business,2024-09-06,2029-01-14,Blocked,1,Security Block
CD0006756,C001756,AC0001756,3,Credit,Mastercard,Business,2021-04-14,2030-01-03,Active,0,
CD0006757,C001757,AC0001757,6,Debit,Visa,Platinum,2023-07-27,2026-12-21,Active,0,
CD0006758,C001758,AC0001758,2,Debit,Visa,Business,2025-09-18,2026-09-01,Active,0,
CD0006759,C001759,AC0001759,1,Credit,Visa,Business,2020-12-21,2028-12-31,Active,0,
CD0006760,C001760,AC0001760,10,Credit,Mastercard,Gold,2022-11-24,2029-03-03,Blocked,1,Security Block
CD0006761,C001761,AC0001761,9,Debit,Mastercard,Gold,2021-12-18,2029-03-31,Active,0,
CD0006762,C001762,AC0001762,2,Debit,Mastercard,Gold,2022-05-03,2030-04-21,Active,0,
CD0006763,C001763,AC0001763,3,Debit,Amex,Platinum,2018-02-14,2030-03-31,Active,0,
CD0006764,C001764,AC0001764,2,Debit,Visa,Standard,2019-05-01,2029-11-15,Active,0,
CD0006765,C001765,AC0001765,4,Credit,Mastercard,Gold,2022-08-25,2028-02-14,Blocked,1,Fraud Suspected
CD0006766,C001766,AC0001766,3,Credit,Visa,Business,2024-03-28,2026-06-09,Active,0,
CD0006767,C001767,AC0001767,4,Debit,Visa,Business,2024-10-10,2026-09-19,Active,0,
CD0006768,C001768,AC0001768,6,Debit,Mastercard,Standard,2023-10-25,2029-10-31,Active,0,
CD0006769,C001769,AC0001769,2,Credit,Visa,Standard,2023-05-14,2029-04-10,Active,0,
CD0006770,C001770,AC0001770,9,Debit,Mastercard,Gold,2020-02-21,2026-08-16,Active,0,
CD0006771,C001771,AC0001771,8,Debit,Mastercard,Standard,2019-04-03,2026-04-29,Active,0,
CD0006772,C001772,AC0001772,8,Credit,Mastercard,Standard,2020-04-11,2030-08-12,Active,0,
CD0006773,C001773,AC0001773,2,Debit,Mastercard,Business,2023-07-20,2029-05-05,Active,0,
CD0006774,C001774,AC0001774,8,Credit,Visa,Business,2019-10-16,2029-06-19,Active,0,
CD0006775,C001775,AC0001775,9,Credit,Visa,Gold,2023-05-02,2026-10-14,Active,0,
CD0006776,C001776,AC0001776,2,Credit,Mastercard,Platinum,2023-11-04,2030-03-22,Active,0,
CD0006777,C001777,AC0001777,8,Credit,Amex,Standard,2022-09-03,2029-06-08,Active,0,
CD0006778,C001778,AC0001778,4,Debit,Mastercard,Standard,2018-09-02,2028-05-25,Active,0,
CD0006779,C001779,AC0001779,8,Debit,Mastercard,Platinum,2018-11-21,2029-12-20,Active,0,
CD0006780,C001780,AC0001780,5,Credit,Mastercard,Business,2024-12-21,2030-09-02,Active,0,
CD0006781,C001781,AC0001781,9,Debit,Amex,Business,2018-12-07,2030-06-23,Active,0,
CD0006782,C001782,AC0001782,2,Credit,Mastercard,Platinum,2019-04-10,2026-01-23,Active,0,
CD0006783,C001783,AC0001783,4,Debit,Mastercard,Gold,2022-11-25,2026-08-24,Active,0,
CD0006784,C001784,AC0001784,3,Debit,Mastercard,Gold,2018-11-09,2029-10-13,Blocked,1,Security Block
CD0006785,C001785,AC0001785,3,Credit,Mastercard,Gold,2018-01-18,2028-05-17,Active,0,
CD0006786,C001786,AC0001786,4,Debit,Visa,Business,2021-04-30,2027-02-16,Blocked,1,Fraud Suspected
CD0006787,C001787,AC0001787,4,Credit,Mastercard,Platinum,2021-09-05,2028-10-01,Active,0,
CD0006788,C001788,AC0001788,2,Credit,Mastercard,Business,2020-09-11,2027-01-13,Active,0,
CD0006789,C001789,AC0001789,8,Debit,Mastercard,Platinum,2019-04-24,2029-11-06,Active,0,
CD0006790,C001790,AC0001790,6,Debit,Mastercard,Business,2022-04-30,2026-03-06,Active,0,
CD0006791,C001791,AC0001791,9,Credit,Mastercard,Platinum,2024-06-30,2026-11-15,Active,0,
CD0006792,C001792,AC0001792,8,Debit,Visa,Gold,2020-07-13,2026-11-09,Active,0,
CD0006793,C001793,AC0001793,2,Debit,Visa,Standard,2023-11-17,2030-02-10,Active,0,
CD0006794,C001794,AC0001794,1,Debit,Visa,Business,2024-11-14,2026-05-19,Active,0,
CD0006795,C001795,AC0001795,5,Debit,Visa,Platinum,2021-03-20,2026-12-03,Active,0,
CD0006796,C001796,AC0001796,5,Debit,Mastercard,Standard,2021-09-15,2028-04-09,Expired,0,
CD0006797,C001797,AC0001797,3,Debit,Amex,Business,2019-11-04,2030-04-11,Active,0,
CD0006798,C001798,AC0001798,8,Debit,Mastercard,Platinum,2020-11-05,2030-11-27,Active,0,
CD0006799,C001799,AC0001799,6,Debit,Mastercard,Business,2023-05-14,2026-03-19,Active,0,
CD0006800,C001800,AC0001800,8,Credit,Visa,Platinum,2021-01-17,2026-07-10,Active,0,
CD0006801,C001801,AC0001801,2,Debit,Amex,Business,2024-02-05,2030-02-20,Active,0,
CD0006802,C001802,AC0001802,9,Credit,Visa,Business,2024-05-18,2030-02-05,Active,0,
CD0006803,C001803,AC0001803,3,Credit,Mastercard,Business,2020-04-29,2026-11-08,Active,0,
CD0006804,C001804,AC0001804,5,Credit,Visa,Gold,2023-10-14,2029-12-16,Active,0,
CD0006805,C001805,AC0001805,5,Credit,Visa,Business,2018-05-26,2028-05-19,Blocked,1,Security Block
CD0006806,C001806,AC0001806,9,Debit,Mastercard,Business,2020-08-31,2030-06-25,Active,0,
CD0006807,C001807,AC0001807,3,Debit,Visa,Standard,2023-08-08,2030-12-10,Active,0,
CD0006808,C001808,AC0001808,3,Credit,Visa,Standard,2022-12-16,2028-05-28,Active,0,
CD0006809,C001809,AC0001809,4,Credit,Visa,Business,2018-10-26,2029-04-17,Active,0,
CD0006810,C001810,AC0001810,4,Debit,Visa,Platinum,2024-04-12,2030-06-30,Active,0,
CD0006811,C001811,AC0001811,2,Debit,Mastercard,Standard,2019-10-08,2029-12-23,Blocked,1,Fraud Suspected
CD0006812,C001812,AC0001812,2,Credit,Visa,Gold,2018-01-04,2030-10-06,Active,0,
CD0006813,C001813,AC0001813,3,Debit,Mastercard,Platinum,2023-05-16,2029-06-26,Active,0,
CD0006814,C001814,AC0001814,5,Credit,Mastercard,Business,2018-01-25,2029-12-27,Active,0,
CD0006815,C001815,AC0001815,4,Debit,Mastercard,Platinum,2024-07-22,2028-01-10,Active,0,
CD0006816,C001816,AC0001816,4,Debit,Visa,Platinum,2024-11-18,2026-09-03,Active,0,
CD0006817,C001817,AC0001817,8,Debit,Mastercard,Platinum,2025-01-21,2026-01-07,Expired,0,
CD0006818,C001818,AC0001818,3,Debit,Amex,Gold,2019-10-01,2029-12-24,Active,0,
CD0006819,C001819,AC0001819,10,Debit,Mastercard,Standard,2021-11-20,2026-11-04,Active,0,
CD0006820,C001820,AC0001820,8,Credit,Visa,Business,2019-04-16,2027-03-26,Active,0,
CD0006821,C001821,AC0001821,2,Credit,Visa,Business,2018-07-22,2026-07-01,Active,0,
CD0006822,C001822,AC0001822,4,Debit,Visa,Gold,2018-12-13,2026-09-14,Active,0,
CD0006823,C001823,AC0001823,2,Debit,Visa,Standard,2022-04-28,2028-03-26,Active,0,
CD0006824,C001824,AC0001824,3,Credit,Amex,Business,2020-03-26,2028-12-16,Active,0,
CD0006825,C001825,AC0001825,4,Credit,Visa,Business,2023-01-02,2030-05-14,Active,0,
CD0006826,C001826,AC0001826,2,Credit,Visa,Business,2018-07-07,2026-10-20,Active,0,
CD0006827,C001827,AC0001827,1,Credit,Mastercard,Gold,2019-09-16,2028-04-04,Active,0,
CD0006828,C001828,AC0001828,5,Debit,Visa,Platinum,2021-09-15,2030-07-07,Active,0,
CD0006829,C001829,AC0001829,8,Debit,Mastercard,Gold,2022-03-26,2028-04-20,Blocked,1,Security Block
CD0006830,C001830,AC0001830,4,Credit,Visa,Business,2021-12-18,2028-09-04,Active,0,
CD0006831,C001831,AC0001831,9,Debit,Visa,Business,2025-11-29,2026-09-16,Active,0,
CD0006832,C001832,AC0001832,4,Debit,Mastercard,Business,2022-09-20,2027-02-25,Expired,0,
CD0006833,C001833,AC0001833,10,Credit,Amex,Standard,2024-08-04,2028-12-18,Active,0,
CD0006834,C001834,AC0001834,3,Debit,Mastercard,Business,2023-10-13,2029-06-19,Active,0,
CD0006835,C001835,AC0001835,6,Debit,Mastercard,Gold,2025-03-11,2027-03-15,Active,0,
CD0006836,C001836,AC0001836,8,Credit,Visa,Platinum,2018-04-30,2026-12-18,Active,0,
CD0006837,C001837,AC0001837,1,Debit,Visa,Standard,2021-01-30,2030-11-02,Active,0,
CD0006838,C001838,AC0001838,10,Debit,Mastercard,Business,2018-03-17,2026-11-19,Active,0,
CD0006839,C001839,AC0001839,4,Debit,Mastercard,Gold,2019-06-11,2030-11-28,Blocked,1,Security Block
CD0006840,C001840,AC0001840,5,Credit,Mastercard,Gold,2024-01-13,2030-06-21,Active,0,
CD0006841,C001841,AC0001841,7,Debit,Visa,Business,2018-02-20,2026-01-18,Active,0,
CD0006842,C001842,AC0001842,7,Debit,Mastercard,Gold,2025-05-07,2027-08-22,Blocked,1,Lost/Stolen
CD0006843,C001843,AC0001843,1,Debit,Amex,Standard,2022-01-05,2026-05-08,Active,0,
CD0006844,C001844,AC0001844,9,Debit,Visa,Gold,2022-12-08,2027-11-11,Active,0,
CD0006845,C001845,AC0001845,7,Credit,Mastercard,Standard,2025-02-07,2029-04-25,Active,0,
CD0006846,C001846,AC0001846,10,Credit,Mastercard,Business,2025-08-21,2028-03-30,Active,0,
CD0006847,C001847,AC0001847,5,Debit,Mastercard,Standard,2018-03-04,2029-03-30,Blocked,1,Security Block
CD0006848,C001848,AC0001848,7,Debit,Visa,Gold,2022-06-02,2027-03-03,Active,0,
CD0006849,C001849,AC0001849,5,Debit,Mastercard,Platinum,2021-01-06,2028-01-08,Expired,0,
CD0006850,C001850,AC0001850,9,Credit,Visa,Standard,2021-09-14,2027-01-04,Active,0,
CD0006851,C001851,AC0001851,9,Credit,Visa,Gold,2020-04-16,2027-12-07,Active,0,
CD0006852,C001852,AC0001852,10,Credit,Visa,Standard,2023-03-08,2030-05-26,Expired,0,
CD0006853,C001853,AC0001853,6,Debit,Visa,Business,2023-02-10,2030-07-04,Active,0,
CD0006854,C001854,AC0001854,8,Credit,Visa,Business,2019-04-22,2027-10-28,Active,0,
CD0006855,C001855,AC0001855,4,Credit,Visa,Standard,2020-11-17,2027-11-02,Blocked,1,Security Block
CD0006856,C001856,AC0001856,5,Debit,Amex,Gold,2024-06-29,2029-08-07,Active,0,
CD0006857,C001857,AC0001857,8,Debit,Mastercard,Business,2024-06-09,2029-12-07,Active,0,
CD0006858,C001858,AC0001858,1,Credit,Visa,Platinum,2025-10-21,2029-03-08,Active,0,
CD0006859,C001859,AC0001859,8,Debit,Visa,Business,2020-07-01,2026-01-11,Active,0,
CD0006860,C001860,AC0001860,1,Debit,Visa,Platinum,2023-10-28,2029-08-30,Active,0,
CD0006861,C001861,AC0001861,6,Debit,Visa,Standard,2024-06-11,2028-04-08,Blocked,1,Security Block
CD0006862,C001862,AC0001862,5,Credit,Visa,Business,2018-12-06,2028-01-10,Active,0,
CD0006863,C001863,AC0001863,5,Debit,Mastercard,Standard,2021-08-07,2027-07-07,Active,0,
CD0006864,C001864,AC0001864,5,Debit,Visa,Platinum,2019-04-30,2030-01-10,Active,0,
CD0006865,C001865,AC0001865,5,Debit,Amex,Business,2025-12-02,2030-10-19,Active,0,
CD0006866,C001866,AC0001866,5,Debit,Visa,Standard,2020-08-15,2029-12-19,Active,0,
CD0006867,C001867,AC0001867,5,Debit,Mastercard,Gold,2018-10-24,2030-01-12,Active,0,
CD0006868,C001868,AC0001868,6,Debit,Visa,Standard,2022-08-27,2027-07-22,Active,0,
CD0006869,C001869,AC0001869,8,Debit,Visa,Gold,2018-07-18,2027-02-28,Active,0,
CD0006870,C001870,AC0001870,6,Debit,Mastercard,Platinum,2020-05-18,2030-05-13,Active,0,
CD0006871,C001871,AC0001871,7,Debit,Visa,Platinum,2023-07-06,2028-03-11,Blocked,1,Excessive Attempts
CD0006872,C001872,AC0001872,9,Debit,Visa,Business,2024-11-13,2030-11-25,Active,0,
CD0006873,C001873,AC0001873,10,Debit,Visa,Gold,2023-02-17,2027-11-08,Expired,0,
CD0006874,C001874,AC0001874,2,Credit,Mastercard,Gold,2025-07-26,2029-12-02,Active,0,
CD0006875,C001875,AC0001875,8,Debit,Visa,Platinum,2019-03-18,2030-04-14,Active,0,
CD0006876,C001876,AC0001876,3,Debit,Mastercard,Standard,2018-04-11,2026-03-06,Active,0,
CD0006877,C001877,AC0001877,2,Debit,Visa,Standard,2025-01-06,2028-12-29,Active,0,
CD0006878,C001878,AC0001878,8,Credit,Visa,Business,2021-11-13,2030-10-16,Active,0,
CD0006879,C001879,AC0001879,1,Credit,Visa,Standard,2018-04-18,2030-02-28,Active,0,
CD0006880,C001880,AC0001880,9,Debit,Amex,Platinum,2022-01-04,2028-10-08,Active,0,
CD0006881,C001881,AC0001881,8,Debit,Visa,Gold,2024-12-02,2030-07-30,Expired,0,
CD0006882,C001882,AC0001882,10,Credit,Visa,Standard,2025-03-23,2030-06-10,Active,0,
CD0006883,C001883,AC0001883,7,Debit,Mastercard,Platinum,2025-01-12,2030-09-12,Active,0,
CD0006884,C001884,AC0001884,9,Credit,Mastercard,Business,2022-11-26,2026-11-22,Active,0,
CD0006885,C001885,AC0001885,2,Debit,Visa,Gold,2025-04-06,2029-12-27,Active,0,
CD0006886,C001886,AC0001886,9,Debit,Visa,Business,2019-03-18,2027-03-23,Active,0,
CD0006887,C001887,AC0001887,2,Debit,Amex,Business,2018-11-26,2027-11-28,Active,0,
CD0006888,C001888,AC0001888,4,Debit,Visa,Gold,2021-03-11,2029-06-08,Blocked,1,Security Block
CD0006889,C001889,AC0001889,2,Debit,Visa,Business,2020-03-18,2030-08-13,Active,0,
CD0006890,C001890,AC0001890,5,Credit,Visa,Standard,2021-11-07,2029-05-28,Active,0,
CD0006891,C001891,AC0001891,8,Debit,Mastercard,Business,2023-11-24,2026-06-02,Expired,0,
CD0006892,C001892,AC0001892,3,Debit,Amex,Business,2019-04-28,2027-09-15,Active,0,
CD0006893,C001893,AC0001893,9,Debit,Mastercard,Gold,2022-04-26,2026-11-29,Blocked,1,Security Block
CD0006894,C001894,AC0001894,7,Credit,Visa,Standard,2021-08-02,2028-08-19,Active,0,
CD0006895,C001895,AC0001895,7,Debit,Mastercard,Platinum,2024-12-31,2029-01-14,Active,0,
CD0006896,C001896,AC0001896,10,Debit,Visa,Platinum,2025-10-12,2029-04-29,Active,0,
CD0006897,C001897,AC0001897,5,Debit,Visa,Standard,2018-09-02,2028-07-06,Active,0,
CD0006898,C001898,AC0001898,4,Debit,Mastercard,Business,2019-10-01,2029-02-14,Active,0,
CD0006899,C001899,AC0001899,10,Debit,Visa,Platinum,2024-05-27,2026-07-15,Blocked,1,Security Block
CD0006900,C001900,AC0001900,6,Debit,Visa,Standard,2021-12-12,2026-08-04,Active,0,
CD0006901,C001901,AC0001901,7,Debit,Mastercard,Business,2023-03-29,2029-03-02,Blocked,1,Lost/Stolen
CD0006902,C001902,AC0001902,3,Debit,Mastercard,Standard,2022-01-31,2027-12-10,Active,0,
CD0006903,C001903,AC0001903,3,Debit,Mastercard,Standard,2019-04-20,2027-10-12,Blocked,1,Excessive Attempts
CD0006904,C001904,AC0001904,2,Debit,Visa,Platinum,2021-07-04,2026-05-14,Blocked,1,Lost/Stolen
CD0006905,C001905,AC0001905,3,Credit,Mastercard,Platinum,2021-05-07,2030-04-23,Active,0,
CD0006906,C001906,AC0001906,2,Debit,Visa,Platinum,2022-03-09,2028-12-02,Active,0,
CD0006907,C001907,AC0001907,8,Debit,Visa,Standard,2023-11-20,2027-03-01,Active,0,
CD0006908,C001908,AC0001908,1,Debit,Mastercard,Platinum,2020-01-21,2026-11-29,Active,0,
CD0006909,C001909,AC0001909,7,Debit,Visa,Standard,2021-01-02,2029-10-26,Active,0,
CD0006910,C001910,AC0001910,10,Credit,Visa,Gold,2020-10-27,2027-07-18,Active,0,
CD0006911,C001911,AC0001911,8,Debit,Visa,Gold,2024-12-21,2028-10-28,Active,0,
CD0006912,C001912,AC0001912,5,Credit,Visa,Business,2025-05-27,2030-08-24,Active,0,
CD0006913,C001913,AC0001913,1,Debit,Visa,Standard,2025-10-18,2030-01-13,Blocked,1,Lost/Stolen
CD0006914,C001914,AC0001914,9,Debit,Visa,Gold,2024-04-14,2028-06-30,Active,0,
CD0006915,C001915,AC0001915,1,Debit,Mastercard,Business,2019-05-04,2027-07-31,Active,0,
CD0006916,C001916,AC0001916,7,Credit,Mastercard,Gold,2022-02-23,2027-10-23,Active,0,
CD0006917,C001917,AC0001917,7,Debit,Mastercard,Gold,2025-06-15,2030-12-13,Active,0,
CD0006918,C001918,AC0001918,2,Debit,Mastercard,Gold,2018-07-15,2029-11-18,Active,0,
CD0006919,C001919,AC0001919,8,Debit,Visa,Gold,2021-11-17,2029-06-06,Active,0,
CD0006920,C001920,AC0001920,2,Debit,Mastercard,Standard,2024-10-17,2026-01-07,Blocked,1,Security Block
CD0006921,C001921,AC0001921,3,Credit,Visa,Standard,2025-02-25,2027-05-20,Active,0,
CD0006922,C001922,AC0001922,9,Credit,Mastercard,Business,2021-07-14,2028-10-14,Active,0,
CD0006923,C001923,AC0001923,10,Debit,Mastercard,Platinum,2019-07-28,2028-04-11,Blocked,1,Excessive Attempts
CD0006924,C001924,AC0001924,3,Debit,Visa,Gold,2025-12-14,2030-02-03,Active,0,
CD0006925,C001925,AC0001925,10,Debit,Visa,Business,2018-01-11,2029-07-17,Active,0,
CD0006926,C001926,AC0001926,10,Debit,Visa,Standard,2021-01-25,2030-06-05,Active,0,
CD0006927,C001927,AC0001927,8,Debit,Visa,Platinum,2022-09-16,2026-02-12,Active,0,
CD0006928,C001928,AC0001928,2,Debit,Mastercard,Gold,2024-03-30,2026-03-22,Active,0,
CD0006929,C001929,AC0001929,3,Debit,Mastercard,Gold,2020-07-15,2028-10-16,Active,0,
CD0006930,C001930,AC0001930,7,Debit,Mastercard,Platinum,2019-05-11,2027-07-11,Active,0,
CD0006931,C001931,AC0001931,10,Debit,Mastercard,Standard,2019-04-18,2029-10-08,Active,0,
CD0006932,C001932,AC0001932,9,Debit,Amex,Standard,2020-12-01,2028-05-31,Active,0,
CD0006933,C001933,AC0001933,5,Debit,Mastercard,Business,2019-05-20,2030-09-13,Active,0,
CD0006934,C001934,AC0001934,3,Debit,Mastercard,Gold,2025-01-03,2030-12-11,Active,0,
CD0006935,C001935,AC0001935,10,Credit,Visa,Platinum,2024-10-05,2027-07-10,Active,0,
CD0006936,C001936,AC0001936,3,Debit,Visa,Business,2025-07-15,2026-07-18,Active,0,
CD0006937,C001937,AC0001937,4,Debit,Mastercard,Platinum,2025-05-28,2026-09-27,Active,0,
CD0006938,C001938,AC0001938,10,Debit,Amex,Platinum,2024-09-29,2028-10-30,Active,0,
CD0006939,C001939,AC0001939,6,Debit,Visa,Business,2023-05-06,2029-08-04,Active,0,
CD0006940,C001940,AC0001940,3,Debit,Visa,Standard,2018-07-02,2026-04-06,Active,0,
CD0006941,C001941,AC0001941,1,Credit,Visa,Platinum,2024-06-09,2027-05-27,Active,0,
CD0006942,C001942,AC0001942,5,Debit,Visa,Business,2022-12-07,2030-10-18,Active,0,
CD0006943,C001943,AC0001943,10,Credit,Visa,Standard,2021-12-17,2029-01-23,Active,0,
CD0006944,C001944,AC0001944,5,Debit,Visa,Gold,2021-06-01,2028-05-27,Active,0,
CD0006945,C001945,AC0001945,7,Debit,Mastercard,Standard,2020-04-08,2027-01-18,Blocked,1,Security Block
CD0006946,C001946,AC0001946,3,Credit,Mastercard,Gold,2021-08-27,2030-06-17,Active,0,
CD0006947,C001947,AC0001947,8,Credit,Mastercard,Business,2020-02-22,2027-05-27,Active,0,
CD0006948,C001948,AC0001948,8,Debit,Mastercard,Gold,2019-03-26,2029-02-06,Active,0,
CD0006949,C001949,AC0001949,7,Credit,Amex,Gold,2018-10-25,2030-04-23,Active,0,
CD0006950,C001950,AC0001950,8,Debit,Visa,Business,2021-11-21,2026-12-23,Active,0,
CD0006951,C001951,AC0001951,6,Debit,Mastercard,Business,2018-09-04,2028-09-02,Active,0,
CD0006952,C001952,AC0001952,4,Debit,Visa,Platinum,2022-08-19,2030-09-28,Active,0,
CD0006953,C001953,AC0001953,8,Debit,Mastercard,Business,2023-02-09,2029-01-31,Active,0,
CD0006954,C001954,AC0001954,9,Debit,Mastercard,Gold,2020-05-11,2030-01-06,Active,0,
CD0006955,C001955,AC0001955,9,Debit,Mastercard,Gold,2019-10-23,2030-08-25,Blocked,1,Excessive Attempts
CD0006956,C001956,AC0001956,3,Debit,Mastercard,Standard,2025-12-21,2027-11-22,Active,0,
CD0006957,C001957,AC0001957,7,Credit,Mastercard,Business,2019-09-09,2030-06-12,Blocked,1,Security Block
CD0006958,C001958,AC0001958,1,Debit,Visa,Platinum,2022-07-11,2029-03-08,Blocked,1,Lost/Stolen
CD0006959,C001959,AC0001959,6,Credit,Mastercard,Standard,2021-05-30,2030-05-05,Active,0,
CD0006960,C001960,AC0001960,6,Debit,Mastercard,Gold,2023-09-23,2029-05-09,Active,0,
CD0006961,C001961,AC0001961,4,Credit,Visa,Business,2024-01-15,2027-06-20,Active,0,
CD0006962,C001962,AC0001962,10,Debit,Visa,Gold,2025-12-26,2027-12-31,Active,0,
CD0006963,C001963,AC0001963,9,Debit,Visa,Gold,2024-01-06,2028-09-26,Active,0,
CD0006964,C001964,AC0001964,1,Debit,Mastercard,Business,2022-01-19,2030-09-09,Expired,0,
CD0006965,C001965,AC0001965,3,Credit,Visa,Standard,2020-05-21,2026-05-10,Active,0,
CD0006966,C001966,AC0001966,3,Debit,Visa,Standard,2022-04-10,2029-08-28,Blocked,1,Excessive Attempts
CD0006967,C001967,AC0001967,9,Credit,Mastercard,Platinum,2021-02-13,2027-07-04,Expired,0,
CD0006968,C001968,AC0001968,6,Debit,Visa,Gold,2023-10-05,2027-04-28,Active,0,
CD0006969,C001969,AC0001969,8,Credit,Visa,Standard,2025-04-29,2029-10-17,Active,0,
CD0006970,C001970,AC0001970,9,Debit,Visa,Business,2021-02-01,2028-11-14,Active,0,
CD0006971,C001971,AC0001971,8,Credit,Visa,Platinum,2025-04-19,2030-10-31,Active,0,
CD0006972,C001972,AC0001972,1,Debit,Visa,Standard,2025-12-04,2029-06-07,Active,0,
CD0006973,C001973,AC0001973,2,Debit,Visa,Business,2020-09-04,2027-03-18,Active,0,
CD0006974,C001974,AC0001974,4,Debit,Mastercard,Business,2018-08-06,2026-08-09,Active,0,
CD0006975,C001975,AC0001975,4,Debit,Mastercard,Business,2021-07-01,2026-12-21,Active,0,
CD0006976,C001976,AC0001976,8,Debit,Mastercard,Gold,2025-11-11,2026-08-15,Active,0,
CD0006977,C001977,AC0001977,2,Debit,Amex,Standard,2024-02-06,2027-06-05,Expired,0,
CD0006978,C001978,AC0001978,4,Debit,Mastercard,Platinum,2023-12-15,2027-11-08,Active,0,
CD0006979,C001979,AC0001979,3,Debit,Mastercard,Gold,2021-09-18,2030-04-16,Active,0,
CD0006980,C001980,AC0001980,2,Debit,Visa,Standard,2020-03-31,2027-06-23,Blocked,1,Fraud Suspected
CD0006981,C001981,AC0001981,2,Debit,Visa,Platinum,2023-10-17,2028-12-27,Active,0,
CD0006982,C001982,AC0001982,2,Credit,Visa,Standard,2024-04-21,2026-11-07,Active,0,
CD0006983,C001983,AC0001983,6,Debit,Visa,Platinum,2021-01-20,2027-06-03,Active,0,
CD0006984,C001984,AC0001984,5,Debit,Mastercard,Standard,2024-06-13,2029-06-29,Active,0,
CD0006985,C001985,AC0001985,5,Credit,Visa,Platinum,2024-10-17,2026-09-16,Active,0,
CD0006986,C001986,AC0001986,5,Debit,Mastercard,Business,2025-01-17,2030-07-28,Active,0,
CD0006987,C001987,AC0001987,8,Credit,Mastercard,Platinum,2021-09-07,2029-01-07,Active,0,
CD0006988,C001988,AC0001988,9,Debit,Visa,Platinum,2019-11-09,2029-10-01,Active,0,
CD0006989,C001989,AC0001989,6,Debit,Mastercard,Gold,2019-03-30,2028-07-28,Active,0,
CD0006990,C001990,AC0001990,7,Credit,Mastercard,Platinum,2022-02-11,2030-02-18,Active,0,
CD0006991,C001991,AC0001991,8,Debit,Visa,Gold,2018-01-09,2029-12-01,Active,0,
CD0006992,C001992,AC0001992,7,Debit,Mastercard,Business,2022-01-10,2028-03-17,Active,0,
CD0006993,C001993,AC0001993,2,Credit,Visa,Platinum,2024-02-06,2028-12-18,Active,0,
CD0006994,C001994,AC0001994,10,Debit,Mastercard,Gold,2019-05-31,2026-11-23,Active,0,
CD0006995,C001995,AC0001995,2,Credit,Mastercard,Gold,2018-09-23,2028-01-03,Active,0,
CD0006996,C001996,AC0001996,5,Debit,Mastercard,Gold,2023-12-27,2026-01-12,Active,0,
CD0006997,C001997,AC0001997,7,Debit,Mastercard,Business,2018-02-02,2027-08-24,Active,0,
CD0006998,C001998,AC0001998,5,Debit,Mastercard,Standard,2018-07-25,2029-11-09,Active,0,
CD0006999,C001999,AC0001999,3,Credit,Mastercard,Gold,2018-06-08,2028-12-22,Active,0,
CD0007000,C002000,AC0002000,10,Credit,Visa,Gold,2024-03-01,2027-11-19,Active,0,
