CustomerID,BankID,CustomerName,Gender,Age,CustomerSegment,Occupation,AnnualIncome,City,State,Country,AccountOpeningDate,CustomerRiskScore,RiskCategory
C000001,7,Alex Wilson,Female,63,Mass Market,Student,65174,Berlin,Berlin,Germany,2025-12-15,11,High
C000002,8,Rahul Johnson,Other,43,Mass Market,Retired,23410,Mumbai,Maharashtra,India,2018-04-04,21,Low
C000003,1,Daniel Williams,Female,53,Mass Market,Student,28678,Los Angeles,California,USA,2018-08-25,9,Low
C000004,9,Olivia Gupta,Other,64,Mass Market,Other,105103,Mumbai,Maharashtra,India,2025-05-19,17,Medium
C000005,8,Chris Johnson,Male,54,Mass Market,Student,42186,Mumbai,Maharashtra,India,2015-11-04,78,Critical
C000006,8,Ananya Patel,Other,57,Affluent,Healthcare,240566,Hyderabad,Telangana,India,2018-10-02,8,High
C000007,4,Alex Sharma,Female,41,Business,Healthcare,62079,San Francisco,California,USA,2017-10-30,79,Low
C000008,9,Jordan Lee,Other,22,Mass Market,Retired,143229,Chennai,Tamil Nadu,India,2016-08-02,18,Low
C000009,4,Chris Patel,Female,31,Premium,Business Owner,58837,Chicago,Illinois,USA,2022-02-16,74,Medium
C000010,1,Jordan Patel,Other,52,Premium,Healthcare,76104,Houston,Texas,USA,2018-05-29,88,High
C000011,10,Daniel Taylor,Male,56,Mass Market,Engineer,100369,Pune,Maharashtra,India,2015-09-09,24,Low
C000012,3,Sam Clark,Other,55,Business,Consultant,129941,New York,New York,USA,2022-05-30,18,Medium
C000013,2,Daniel Miller,Male,40,Affluent,Retired,56063,Chicago,Illinois,USA,2018-01-06,54,Medium
C000014,7,Ananya Gupta,Other,36,Business,Healthcare,75931,Cologne,North Rhine-Westphalia,Germany,2020-02-15,22,Medium
C000015,3,Chris Williams,Male,47,Premium,Manager,39239,Chicago,Illinois,USA,2016-02-06,51,Low
C000016,9,Noah Davis,Female,45,Premium,Engineer,93223,Delhi,Delhi,India,2022-03-27,86,Medium
C000017,5,Taylor Williams,Other,71,Premium,Engineer,35797,Liverpool,England,UK,2018-10-20,30,High
C000018,1,Casey Sharma,Female,37,Affluent,Engineer,20687,Miami,Florida,USA,2025-06-07,49,Low
C000019,10,Daniel Wilson,Male,65,Premium,Business Owner,24548,Bengaluru,Karnataka,India,2015-06-22,5,Medium
C000020,6,Jordan Thomas,Female,37,Mass Market,Engineer,51528,London,England,UK,2020-06-29,22,Medium
C000021,3,Olivia Clark,Male,73,Premium,Business Owner,60286,Chicago,Illinois,USA,2022-01-22,67,Medium
C000022,7,Daniel Taylor,Female,51,Mass Market,Engineer,138470,Hamburg,Hamburg,Germany,2025-06-30,14,Medium
C000023,6,Taylor Johnson,Male,22,Mass Market,Retired,80052,Birmingham,England,UK,2022-01-10,7,Low
C000024,1,Jordan Anderson,Female,23,Premium,Healthcare,125891,San Francisco,California,USA,2023-01-07,57,Low
C000025,8,Sam Gupta,Other,47,Affluent,Retired,164338,Delhi,Delhi,India,2020-04-09,17,High
C000026,5,Riley Martin,Other,47,Mass Market,Healthcare,62402,London,England,UK,2018-09-10,9,Low
C000027,7,Riley Johnson,Male,22,Business,Retired,173435,Munich,Bavaria,Germany,2025-04-22,53,Medium
C000028,9,Avery Brown,Other,45,Business,Employee,117371,Hyderabad,Telangana,India,2016-01-25,12,Low
C000029,7,Neha Iyer,Male,21,Business,Student,89096,Munich,Bavaria,Germany,2021-08-25,23,Low
C000030,7,Daniel Patel,Male,26,Mass Market,Other,63137,Cologne,North Rhine-Westphalia,Germany,2020-04-24,30,Low
C000031,3,Morgan Moore,Female,34,Premium,Consultant,189271,New York,New York,USA,2024-09-18,78,Low
C000032,3,Riley Moore,Male,31,Mass Market,Employee,47256,Chicago,Illinois,USA,2022-09-08,50,Medium
C000033,5,Emma Gupta,Male,64,Affluent,Other,131279,Leeds,England,UK,2015-05-13,52,Low
C000034,9,Riley Miller,Female,22,Premium,Consultant,18000,Mumbai,Maharashtra,India,2025-04-14,48,Medium
C000035,6,Morgan Wilson,Male,57,Premium,Retired,151763,London,England,UK,2021-07-24,16,Low
C000036,4,Ananya Moore,Male,53,Affluent,Manager,56443,Chicago,Illinois,USA,2015-01-10,86,Low
C000037,8,Sam Sharma,Other,68,Affluent,Consultant,86646,Kolkata,West Bengal,India,2015-02-10,64,Low
C000038,9,Noah Williams,Other,37,Affluent,Other,122582,Ahmedabad,Gujarat,India,2022-04-26,55,Low
C000039,10,Olivia Lee,Female,58,Affluent,Business Owner,48708,Hyderabad,Telangana,India,2017-12-14,84,Medium
C000040,3,Noah Davis,Other,34,Business,Other,58514,Los Angeles,California,USA,2024-05-13,11,Low
C000041,8,Emma Johnson,Female,59,Business,Manager,72383,Mumbai,Maharashtra,India,2020-10-04,50,High
C000042,6,Daniel Moore,Male,65,Business,Student,54847,Leeds,England,UK,2022-12-16,14,Medium
C000043,5,Arjun Johnson,Female,28,Affluent,Consultant,54135,Leeds,England,UK,2017-07-21,44,Medium
C000044,4,Jordan Miller,Other,60,Affluent,Manager,194668,Dallas,Texas,USA,2018-01-04,64,Low
C000045,2,Ananya Johnson,Other,29,Business,Healthcare,92289,Chicago,Illinois,USA,2025-03-02,43,Medium
C000046,3,Priya Taylor,Male,30,Premium,Employee,18000,Miami,Florida,USA,2016-08-30,56,Low
C000047,6,Priya Patel,Male,38,Affluent,Healthcare,62678,Birmingham,England,UK,2017-01-24,9,Low
C000048,9,Emma Smith,Other,26,Premium,Healthcare,54072,Mumbai,Maharashtra,India,2017-11-22,34,High
C000049,9,Rahul Smith,Male,59,Mass Market,Business Owner,44472,Mumbai,Maharashtra,India,2025-11-25,62,High
C000050,2,Olivia Johnson,Other,31,Affluent,Student,75278,Miami,Florida,USA,2020-03-08,76,Low
C000051,7,Jordan Gupta,Male,36,Premium,Manager,64017,Munich,Bavaria,Germany,2018-04-25,48,Critical
C000052,1,Jamie Gupta,Female,65,Affluent,Manager,32910,Chicago,Illinois,USA,2019-02-15,55,Low
C000053,7,Morgan Lee,Male,66,Premium,Engineer,47137,Cologne,North Rhine-Westphalia,Germany,2019-11-12,35,High
C000054,4,Priya Brown,Other,70,Mass Market,Healthcare,103096,San Francisco,California,USA,2018-05-12,72,Low
C000055,5,Noah Smith,Other,48,Business,Student,23800,Liverpool,England,UK,2021-09-17,38,High
C000056,8,Vikram Wilson,Female,33,Affluent,Retired,67828,Delhi,Delhi,India,2024-11-27,42,Medium
C000057,5,Noah Iyer,Male,21,Premium,Healthcare,60305,Manchester,England,UK,2020-06-18,44,Medium
C000058,9,Avery Singh,Other,46,Mass Market,Other,220197,Kolkata,West Bengal,India,2017-09-10,93,High
C000059,6,Daniel Brown,Male,62,Premium,Retired,28300,Leeds,England,UK,2023-06-03,53,High
C000060,10,Taylor Gupta,Female,67,Business,Manager,66995,Hyderabad,Telangana,India,2022-06-21,14,Low
C000061,7,Casey Smith,Other,67,Mass Market,Employee,122789,Munich,Bavaria,Germany,2020-03-17,5,Medium
C000062,3,Neha Iyer,Female,37,Business,Business Owner,168099,Los Angeles,California,USA,2017-07-16,32,High
C000063,8,Jamie Davis,Male,50,Affluent,Consultant,69447,Pune,Maharashtra,India,2020-03-07,43,Critical
C000064,5,Taylor Anderson,Other,29,Premium,Student,18953,Birmingham,England,UK,2018-02-05,36,Low
C000065,6,Olivia Anderson,Female,37,Business,Student,92959,Manchester,England,UK,2021-11-06,43,Medium
C000066,2,Arjun Martin,Male,54,Affluent,Other,46996,Dallas,Texas,USA,2018-07-14,78,High
C000067,2,Chris Wilson,Male,47,Business,Other,104666,New York,New York,USA,2016-07-18,26,Low
C000068,6,Riley Williams,Other,36,Affluent,Engineer,76045,Manchester,England,UK,2023-01-05,72,Low
C000069,2,Rahul Taylor,Female,63,Premium,Manager,95672,New York,New York,USA,2025-01-25,86,Low
C000070,10,Casey Moore,Male,27,Affluent,Retired,57776,Kolkata,West Bengal,India,2015-09-01,34,High
C000071,9,Casey Clark,Female,25,Business,Healthcare,43281,Chennai,Tamil Nadu,India,2024-09-17,33,Low
C000072,8,Avery Smith,Female,58,Business,Business Owner,62510,Ahmedabad,Gujarat,India,2019-11-04,90,Low
C000073,8,Rahul Brown,Male,28,Mass Market,Manager,23190,Hyderabad,Telangana,India,2022-03-20,41,Medium
C000074,6,Emma Patel,Other,21,Affluent,Manager,179317,Manchester,England,UK,2018-11-18,19,Low
C000075,1,Chris Miller,Other,74,Affluent,Business Owner,119555,Chicago,Illinois,USA,2024-03-11,41,Medium
C000076,4,Emma Lee,Female,63,Mass Market,Business Owner,84549,San Francisco,California,USA,2017-03-25,14,Critical
C000077,5,Casey Patel,Male,53,Mass Market,Consultant,94054,Birmingham,England,UK,2024-01-17,11,High
C000078,10,Arjun Iyer,Male,48,Mass Market,Retired,56649,Delhi,Delhi,India,2022-03-29,21,Low
C000079,3,Chris Moore,Male,62,Mass Market,Manager,28730,San Francisco,California,USA,2024-06-14,74,Low
C000080,5,Riley Gupta,Male,71,Business,Employee,113006,Manchester,England,UK,2020-07-10,19,Low
C000081,4,Chris Davis,Other,69,Business,Student,43769,San Francisco,California,USA,2024-10-16,27,Low
C000082,2,Jamie Wilson,Male,34,Business,Manager,247111,San Francisco,California,USA,2016-03-07,57,Low
C000083,2,Alex Wilson,Other,54,Business,Retired,74178,Miami,Florida,USA,2024-08-30,38,Medium
C000084,4,Avery Johnson,Other,37,Mass Market,Business Owner,50886,Chicago,Illinois,USA,2025-11-24,43,Low
C000085,1,Priya Wilson,Female,31,Business,Consultant,121966,New York,New York,USA,2021-10-07,36,Low
C000086,1,Rahul Gupta,Female,34,Mass Market,Healthcare,168787,Houston,Texas,USA,2025-11-25,43,Low
C000087,4,Alex Taylor,Other,23,Business,Employee,48093,Dallas,Texas,USA,2017-09-07,43,Medium
C000088,3,Jordan Kumar,Male,50,Mass Market,Healthcare,81509,Dallas,Texas,USA,2023-12-21,44,Medium
C000089,6,Noah Clark,Female,68,Business,Retired,62356,Liverpool,England,UK,2024-05-17,86,Medium
C000090,1,Daniel Patel,Female,43,Mass Market,Consultant,140932,Miami,Florida,USA,2021-03-25,51,High
C000091,4,Neha Gupta,Other,44,Business,Consultant,154939,Los Angeles,California,USA,2017-09-27,56,Medium
C000092,5,Olivia Taylor,Female,50,Premium,Consultant,54396,Liverpool,England,UK,2024-12-10,20,Critical
C000093,10,Noah Gupta,Other,35,Affluent,Consultant,164610,Delhi,Delhi,India,2017-04-28,47,High
C000094,7,Arjun Williams,Other,65,Mass Market,Engineer,225748,Berlin,Berlin,Germany,2024-06-21,84,Low
C000095,9,Vikram Sharma,Other,32,Affluent,Business Owner,79756,Hyderabad,Telangana,India,2023-04-07,62,Low
C000096,4,Avery Smith,Other,47,Mass Market,Business Owner,89256,Houston,Texas,USA,2016-08-30,94,Low
C000097,5,Daniel Johnson,Female,25,Business,Retired,32907,Birmingham,England,UK,2020-08-21,25,Medium
C000098,5,Rahul Moore,Other,37,Affluent,Healthcare,48569,Manchester,England,UK,2022-04-12,79,Medium
C000099,9,Rahul Johnson,Other,48,Business,Employee,156334,Bengaluru,Karnataka,India,2025-07-31,65,High
C000100,10,Olivia Moore,Female,36,Premium,Other,41259,Mumbai,Maharashtra,India,2017-02-22,92,Low
C000101,10,Alex Davis,Other,40,Affluent,Employee,40154,Ahmedabad,Gujarat,India,2015-04-04,80,Medium
C000102,8,Ananya Anderson,Other,27,Premium,Manager,54245,Delhi,Delhi,India,2015-03-03,29,Low
C000103,6,Arjun Brown,Male,32,Mass Market,Employee,37149,Manchester,England,UK,2016-09-24,46,Medium
C000104,6,Olivia Lee,Female,54,Business,Business Owner,119367,Liverpool,England,UK,2024-08-31,56,Low
C000105,10,Noah Taylor,Male,44,Affluent,Business Owner,78080,Pune,Maharashtra,India,2022-07-18,77,Medium
C000106,3,Rahul Patel,Male,43,Premium,Healthcare,48635,Miami,Florida,USA,2019-01-16,54,Low
C000107,4,Rahul Singh,Female,39,Affluent,Manager,39723,Los Angeles,California,USA,2021-10-30,76,Low
C000108,9,Avery Iyer,Other,36,Business,Employee,40523,Chennai,Tamil Nadu,India,2023-05-15,77,Low
C000109,4,Arjun Kumar,Male,58,Premium,Employee,56067,Chicago,Illinois,USA,2025-07-20,85,Medium
C000110,3,Vikram Johnson,Male,56,Premium,Manager,20348,Dallas,Texas,USA,2020-07-27,30,Low
C000111,6,Avery Davis,Female,42,Business,Business Owner,139034,Leeds,England,UK,2019-10-25,66,Low
C000112,4,Casey Martin,Other,21,Mass Market,Manager,85423,San Francisco,California,USA,2017-06-04,91,Low
C000113,9,Morgan Singh,Other,52,Affluent,Business Owner,62061,Bengaluru,Karnataka,India,2019-01-29,81,Low
C000114,10,Taylor Singh,Female,65,Mass Market,Employee,29494,Delhi,Delhi,India,2016-09-17,91,Low
C000115,4,Arjun Lee,Female,44,Premium,Retired,177871,Miami,Florida,USA,2020-02-06,30,Low
C000116,6,Noah Thomas,Other,52,Affluent,Engineer,32732,Leeds,England,UK,2020-08-19,17,Medium
C000117,10,Daniel Lee,Other,49,Premium,Healthcare,79052,Chennai,Tamil Nadu,India,2018-06-03,8,Low
C000118,8,Morgan Iyer,Other,51,Business,Healthcare,77345,Chennai,Tamil Nadu,India,2017-08-02,53,Low
C000119,3,Casey Martin,Female,57,Premium,Healthcare,40389,Dallas,Texas,USA,2024-01-08,19,Low
C000120,6,Emma Patel,Female,65,Mass Market,Engineer,62361,Birmingham,England,UK,2019-06-12,52,Low
C000121,7,Casey Davis,Other,57,Business,Business Owner,75741,Munich,Bavaria,Germany,2018-10-22,29,Low
C000122,7,Priya Iyer,Other,38,Mass Market,Business Owner,78066,Cologne,North Rhine-Westphalia,Germany,2016-01-18,87,Low
C000123,1,Vikram Smith,Female,53,Affluent,Employee,61389,Miami,Florida,USA,2017-11-24,45,Medium
C000124,3,Casey Moore,Male,43,Business,Business Owner,114151,Chicago,Illinois,USA,2024-01-08,22,Medium
C000125,9,Riley Davis,Other,30,Mass Market,Retired,68984,Kolkata,West Bengal,India,2024-08-19,82,Low
C000126,3,Noah Gupta,Other,39,Mass Market,Employee,103395,Chicago,Illinois,USA,2015-07-06,58,Critical
C000127,3,Jordan Moore,Female,73,Affluent,Student,191739,Los Angeles,California,USA,2016-06-05,16,Low
C000128,4,Riley Taylor,Female,72,Premium,Business Owner,28310,San Francisco,California,USA,2017-01-28,44,Low
C000129,2,Noah Sharma,Other,73,Mass Market,Consultant,78809,San Francisco,California,USA,2015-11-03,61,Low
C000130,2,Taylor Clark,Female,56,Affluent,Employee,34352,Los Angeles,California,USA,2021-07-21,45,Medium
C000131,4,Chris Johnson,Female,33,Mass Market,Business Owner,18000,Los Angeles,California,USA,2020-02-19,10,Critical
C000132,9,Noah Iyer,Male,69,Business,Engineer,80083,Ahmedabad,Gujarat,India,2015-01-30,26,Low
C000133,1,Vikram Wilson,Male,26,Mass Market,Consultant,318777,San Francisco,California,USA,2022-11-17,29,High
C000134,3,Chris Patel,Male,43,Mass Market,Student,47710,Chicago,Illinois,USA,2023-10-10,18,Low
C000135,1,Noah Brown,Male,54,Business,Student,75059,Los Angeles,California,USA,2015-06-22,43,Low
C000136,6,Avery Clark,Male,56,Affluent,Healthcare,115794,Birmingham,England,UK,2024-11-04,25,Low
C000137,3,Vikram Gupta,Male,38,Business,Manager,106197,Houston,Texas,USA,2022-03-04,68,Low
C000138,8,Olivia Brown,Female,56,Business,Consultant,67941,Pune,Maharashtra,India,2017-04-28,54,Low
C000139,6,Daniel Thomas,Female,42,Affluent,Employee,102652,London,England,UK,2024-01-15,86,Medium
C000140,8,Taylor Gupta,Female,59,Premium,Engineer,40521,Chennai,Tamil Nadu,India,2022-04-08,26,Low
C000141,7,Jamie Lee,Male,41,Premium,Business Owner,18000,Munich,Bavaria,Germany,2021-01-07,49,High
C000142,5,Daniel Wilson,Other,38,Mass Market,Manager,90961,Birmingham,England,UK,2019-09-02,77,Critical
C000143,9,Jamie Patel,Male,59,Mass Market,Business Owner,43495,Pune,Maharashtra,India,2023-09-06,64,Medium
C000144,5,Olivia Gupta,Female,65,Affluent,Consultant,78795,Manchester,England,UK,2021-08-16,43,Low
C000145,10,Jamie Singh,Female,22,Premium,Employee,55048,Mumbai,Maharashtra,India,2016-09-19,89,Low
C000146,10,Avery Williams,Male,39,Affluent,Student,141485,Chennai,Tamil Nadu,India,2024-09-07,89,Low
C000147,6,Ananya Brown,Female,54,Mass Market,Healthcare,96122,London,England,UK,2023-06-01,57,Low
C000148,7,Chris Davis,Female,29,Mass Market,Consultant,116312,Cologne,North Rhine-Westphalia,Germany,2018-09-04,67,High
C000149,3,Jamie Patel,Female,37,Affluent,Engineer,88207,Houston,Texas,USA,2024-12-24,66,Medium
C000150,9,Vikram Anderson,Female,23,Affluent,Engineer,72639,Mumbai,Maharashtra,India,2021-10-18,80,Medium
C000151,7,Riley Miller,Other,48,Premium,Manager,73801,Hamburg,Hamburg,Germany,2024-07-08,92,Low
C000152,10,Noah Patel,Other,59,Affluent,Manager,98194,Bengaluru,Karnataka,India,2019-08-25,95,Low
C000153,3,Priya Gupta,Female,49,Business,Consultant,95689,New York,New York,USA,2023-01-16,76,Low
C000154,8,Arjun Wilson,Male,28,Mass Market,Student,69013,Pune,Maharashtra,India,2015-11-13,82,Medium
C000155,5,Alex Sharma,Other,64,Mass Market,Employee,58379,London,England,UK,2019-03-19,51,Low
C000156,2,Alex Gupta,Female,24,Mass Market,Manager,45711,Houston,Texas,USA,2025-11-04,27,Low
C000157,2,Vikram Patel,Male,45,Mass Market,Manager,103351,Chicago,Illinois,USA,2024-12-26,8,Low
C000158,6,Chris Singh,Male,33,Premium,Retired,73135,London,England,UK,2018-06-26,41,Medium
C000159,4,Noah Taylor,Female,34,Premium,Consultant,56353,New York,New York,USA,2020-01-21,85,Medium
C000160,2,Noah Iyer,Other,37,Mass Market,Consultant,47550,Seattle,Washington,USA,2018-10-20,60,Critical
C000161,5,Morgan Iyer,Other,56,Mass Market,Retired,51084,Leeds,England,UK,2022-09-11,36,High
C000162,7,Daniel Lee,Male,74,Mass Market,Employee,285470,Frankfurt,Hesse,Germany,2025-06-05,49,Low
C000163,4,Rahul Thomas,Other,60,Affluent,Other,92954,Houston,Texas,USA,2020-09-16,89,High
C000164,10,Morgan Kumar,Male,57,Mass Market,Retired,216405,Mumbai,Maharashtra,India,2024-04-27,14,Medium
C000165,8,Chris Brown,Other,62,Mass Market,Student,66272,Mumbai,Maharashtra,India,2019-12-09,72,Medium
C000166,6,Sam Miller,Male,34,Premium,Consultant,135219,Manchester,England,UK,2015-12-12,21,Medium
C000167,10,Avery Kumar,Female,24,Mass Market,Engineer,33933,Bengaluru,Karnataka,India,2015-02-26,72,Low
C000168,5,Chris Iyer,Female,66,Business,Business Owner,34438,Manchester,England,UK,2025-08-07,55,Low
C000169,2,Casey Iyer,Female,74,Business,Healthcare,43749,San Francisco,California,USA,2015-09-27,55,Low
C000170,1,Emma Singh,Female,65,Premium,Retired,56665,Los Angeles,California,USA,2025-10-20,80,Low
C000171,10,Jamie Miller,Female,48,Business,Engineer,237642,Chennai,Tamil Nadu,India,2015-03-25,93,High
C000172,10,Riley Brown,Male,36,Affluent,Student,41636,Delhi,Delhi,India,2015-03-06,82,Low
C000173,8,Arjun Clark,Other,22,Affluent,Consultant,27352,Kolkata,West Bengal,India,2025-07-20,71,Low
C000174,2,Daniel Iyer,Female,49,Affluent,Manager,33402,Seattle,Washington,USA,2020-06-22,79,Medium
C000175,3,Vikram Martin,Male,62,Mass Market,Retired,40019,New York,New York,USA,2015-06-19,51,High
C000176,1,Avery Clark,Male,70,Business,Manager,142211,Houston,Texas,USA,2016-05-30,61,Low
C000177,1,Olivia Lee,Other,70,Mass Market,Consultant,84274,New York,New York,USA,2025-12-09,87,Low
C000178,3,Jordan Gupta,Female,35,Premium,Retired,33859,Dallas,Texas,USA,2019-07-09,41,Low
C000179,6,Avery Kumar,Other,53,Affluent,Engineer,79940,London,England,UK,2022-11-08,22,Low
C000180,1,Alex Moore,Female,60,Mass Market,Manager,65374,Seattle,Washington,USA,2023-06-30,90,Medium
C000181,10,Chris Miller,Other,49,Business,Engineer,93168,Mumbai,Maharashtra,India,2015-01-13,45,High
C000182,5,Neha Gupta,Female,65,Premium,Retired,198702,Liverpool,England,UK,2024-12-20,55,Medium
C000183,3,Emma Patel,Male,24,Mass Market,Employee,41525,San Francisco,California,USA,2023-02-27,39,High
C000184,6,Taylor Wilson,Male,72,Business,Student,102761,Leeds,England,UK,2015-04-19,81,Low
C000185,8,Neha Sharma,Female,22,Business,Other,75290,Bengaluru,Karnataka,India,2016-05-27,6,Medium
C000186,4,Chris Wilson,Other,25,Business,Healthcare,32877,New York,New York,USA,2019-12-31,84,Low
C000187,1,Noah Johnson,Other,66,Premium,Consultant,43234,Houston,Texas,USA,2015-07-28,49,Medium
C000188,1,Noah Kumar,Female,68,Premium,Healthcare,122987,Seattle,Washington,USA,2022-10-24,27,Low
C000189,9,Noah Iyer,Female,57,Mass Market,Manager,134530,Ahmedabad,Gujarat,India,2020-03-24,76,Low
C000190,2,Jamie Martin,Male,60,Affluent,Student,81215,Dallas,Texas,USA,2015-12-03,20,Medium
C000191,7,Vikram Brown,Other,30,Business,Engineer,215521,Munich,Bavaria,Germany,2015-04-16,92,Low
C000192,4,Chris Williams,Other,37,Premium,Other,162370,Dallas,Texas,USA,2020-07-10,32,Low
C000193,8,Arjun Davis,Male,60,Business,Engineer,40862,Kolkata,West Bengal,India,2020-09-16,27,Low
C000194,1,Jamie Taylor,Other,51,Affluent,Business Owner,149493,San Francisco,California,USA,2024-04-29,75,Medium
C000195,9,Priya Miller,Other,62,Affluent,Other,57515,Kolkata,West Bengal,India,2021-07-20,55,Low
C000196,7,Emma Anderson,Female,41,Premium,Employee,76948,Cologne,North Rhine-Westphalia,Germany,2022-11-09,72,Low
C000197,5,Olivia Smith,Male,35,Mass Market,Healthcare,66861,Liverpool,England,UK,2020-08-13,31,Low
C000198,3,Rahul Moore,Female,49,Affluent,Manager,463981,Chicago,Illinois,USA,2020-12-23,21,Low
C000199,10,Noah Wilson,Other,34,Business,Retired,48753,Delhi,Delhi,India,2024-02-23,14,Medium
C000200,4,Priya Moore,Male,21,Affluent,Engineer,175554,Chicago,Illinois,USA,2018-10-24,32,Low
C000201,5,Ananya Lee,Female,38,Mass Market,Other,66238,Manchester,England,UK,2020-01-15,67,Low
C000202,4,Priya Williams,Other,36,Premium,Other,82054,Houston,Texas,USA,2021-08-26,64,Medium
C000203,3,Ananya Williams,Other,50,Premium,Engineer,30822,Chicago,Illinois,USA,2015-06-30,69,Low
C000204,5,Jamie Davis,Other,56,Premium,Business Owner,48583,Leeds,England,UK,2024-07-07,18,Low
C000205,2,Emma Davis,Male,57,Business,Other,18000,Chicago,Illinois,USA,2018-01-24,6,Low
C000206,1,Casey Moore,Female,72,Business,Engineer,44299,San Francisco,California,USA,2022-02-10,80,Critical
C000207,3,Emma Gupta,Other,46,Mass Market,Manager,59642,Houston,Texas,USA,2024-07-05,61,Medium
C000208,2,Taylor Gupta,Female,30,Business,Student,103945,Chicago,Illinois,USA,2024-07-17,82,Critical
C000209,5,Alex Moore,Other,26,Affluent,Employee,73181,Liverpool,England,UK,2020-06-07,24,Medium
C000210,9,Alex Gupta,Female,45,Business,Student,48063,Kolkata,West Bengal,India,2015-02-01,16,Low
C000211,2,Sam Gupta,Male,43,Affluent,Healthcare,177682,Miami,Florida,USA,2021-06-24,75,High
C000212,1,Taylor Davis,Male,74,Premium,Manager,164482,Dallas,Texas,USA,2024-07-06,32,Medium
C000213,2,Arjun Taylor,Other,34,Business,Other,145152,Seattle,Washington,USA,2024-05-10,42,Medium
C000214,6,Vikram Thomas,Male,23,Business,Student,41355,Liverpool,England,UK,2022-06-02,75,Low
C000215,3,Arjun Sharma,Male,56,Mass Market,Employee,24611,Dallas,Texas,USA,2022-04-30,43,Low
C000216,5,Sam Brown,Male,26,Affluent,Other,112787,Leeds,England,UK,2022-07-10,49,Low
C000217,1,Chris Miller,Male,36,Premium,Student,18000,Dallas,Texas,USA,2018-02-14,24,Medium
C000218,4,Alex Wilson,Male,33,Mass Market,Healthcare,161519,New York,New York,USA,2024-06-23,75,Medium
C000219,5,Rahul Clark,Other,22,Mass Market,Employee,95372,Manchester,England,UK,2018-01-06,84,Low
C000220,5,Ananya Davis,Male,51,Premium,Student,62783,Leeds,England,UK,2025-02-20,57,Low
C000221,6,Vikram Moore,Female,69,Business,Retired,52967,London,England,UK,2017-02-05,32,Low
C000222,8,Casey Kumar,Other,66,Premium,Retired,41823,Kolkata,West Bengal,India,2025-05-29,82,Critical
C000223,5,Jordan Sharma,Female,57,Business,Employee,74783,Liverpool,England,UK,2022-01-30,21,Low
C000224,9,Casey Smith,Male,68,Affluent,Business Owner,32838,Ahmedabad,Gujarat,India,2016-06-16,94,Low
C000225,6,Alex Moore,Female,30,Premium,Manager,34605,Manchester,England,UK,2025-02-25,63,Medium
C000226,3,Ananya Lee,Other,41,Business,Business Owner,24708,Seattle,Washington,USA,2022-11-24,14,Critical
C000227,3,Jordan Kumar,Other,68,Affluent,Retired,105804,Los Angeles,California,USA,2018-07-22,55,Low
C000228,4,Arjun Singh,Female,47,Affluent,Business Owner,39954,Chicago,Illinois,USA,2022-02-15,90,Medium
C000229,6,Rahul Singh,Male,70,Business,Retired,20992,Leeds,England,UK,2018-08-22,48,Low
C000230,3,Avery Singh,Male,41,Premium,Engineer,127727,Los Angeles,California,USA,2022-09-29,64,Low
C000231,10,Morgan Brown,Other,39,Mass Market,Student,117327,Kolkata,West Bengal,India,2017-03-17,16,Low
C000232,5,Alex Patel,Other,44,Premium,Other,79031,London,England,UK,2017-02-11,24,Low
C000233,9,Priya Thomas,Female,46,Mass Market,Healthcare,34673,Kolkata,West Bengal,India,2016-05-15,65,High
C000234,7,Emma Clark,Female,43,Affluent,Business Owner,38167,Frankfurt,Hesse,Germany,2018-03-07,67,High
C000235,4,Jamie Patel,Male,46,Affluent,Consultant,186740,Houston,Texas,USA,2023-12-03,90,High
C000236,3,Avery Taylor,Male,59,Business,Employee,98798,Chicago,Illinois,USA,2024-06-04,30,Medium
C000237,8,Jamie Williams,Other,28,Mass Market,Retired,18000,Pune,Maharashtra,India,2024-08-15,70,Low
C000238,4,Neha Gupta,Other,39,Affluent,Manager,189008,Seattle,Washington,USA,2015-04-08,30,Low
C000239,3,Alex Anderson,Other,68,Mass Market,Manager,82275,Houston,Texas,USA,2022-12-31,77,Low
C000240,10,Ananya Brown,Female,42,Mass Market,Student,71597,Kolkata,West Bengal,India,2024-10-10,75,Critical
C000241,5,Emma Moore,Male,45,Mass Market,Retired,21436,Leeds,England,UK,2018-04-08,79,Low
C000242,1,Morgan Miller,Female,45,Affluent,Other,106326,New York,New York,USA,2019-11-03,56,Low
C000243,5,Jordan Sharma,Female,39,Mass Market,Manager,105328,Leeds,England,UK,2019-12-01,21,Low
C000244,5,Rahul Gupta,Female,74,Premium,Retired,151029,Birmingham,England,UK,2017-10-03,28,Medium
C000245,9,Jamie Lee,Male,43,Affluent,Consultant,42160,Kolkata,West Bengal,India,2017-08-08,85,Medium
C000246,8,Ananya Wilson,Male,62,Affluent,Consultant,31674,Ahmedabad,Gujarat,India,2021-06-23,24,Low
C000247,2,Priya Johnson,Male,63,Mass Market,Student,45765,Houston,Texas,USA,2019-11-16,58,High
C000248,2,Taylor Davis,Female,71,Mass Market,Manager,30229,Dallas,Texas,USA,2017-02-20,48,High
C000249,7,Rahul Clark,Female,50,Mass Market,Other,43853,Munich,Bavaria,Germany,2025-04-03,34,Low
C000250,1,Olivia Brown,Female,47,Premium,Engineer,62563,Dallas,Texas,USA,2020-11-28,64,Medium
C000251,4,Alex Singh,Male,32,Affluent,Consultant,85784,San Francisco,California,USA,2015-01-18,6,Low
C000252,2,Jordan Anderson,Male,64,Business,Engineer,35169,Houston,Texas,USA,2023-06-26,64,Low
C000253,1,Chris Patel,Female,75,Business,Other,115593,San Francisco,California,USA,2024-07-19,19,Medium
C000254,10,Taylor Anderson,Female,40,Business,Employee,48638,Bengaluru,Karnataka,India,2023-04-20,29,Critical
C000255,1,Noah Brown,Female,38,Affluent,Healthcare,109254,Dallas,Texas,USA,2024-04-08,55,Low
C000256,1,Chris Wilson,Female,29,Affluent,Retired,42625,Miami,Florida,USA,2025-08-24,71,Low
C000257,10,Jamie Patel,Male,53,Premium,Business Owner,133491,Pune,Maharashtra,India,2022-06-29,83,High
C000258,2,Jamie Davis,Male,57,Premium,Student,61151,Dallas,Texas,USA,2025-12-31,54,Medium
C000259,9,Casey Kumar,Female,60,Premium,Other,77387,Bengaluru,Karnataka,India,2019-07-11,31,Low
C000260,1,Jamie Gupta,Other,74,Mass Market,Consultant,85762,Houston,Texas,USA,2016-02-02,32,Medium
C000261,2,Ananya Thomas,Other,61,Mass Market,Manager,114315,Dallas,Texas,USA,2015-02-13,79,Low
C000262,2,Emma Singh,Male,21,Premium,Manager,51551,New York,New York,USA,2017-12-31,40,Low
C000263,8,Jamie Williams,Other,28,Business,Employee,52566,Hyderabad,Telangana,India,2017-03-21,38,High
C000264,7,Taylor Williams,Other,38,Premium,Student,39120,Hamburg,Hamburg,Germany,2022-07-24,62,Low
C000265,5,Taylor Martin,Male,36,Affluent,Other,60720,Birmingham,England,UK,2023-07-12,83,Low
C000266,3,Avery Davis,Female,53,Business,Consultant,20860,San Francisco,California,USA,2018-11-04,44,Low
C000267,1,Vikram Sharma,Male,59,Premium,Retired,43756,Dallas,Texas,USA,2017-06-10,57,Low
C000268,6,Sam Lee,Female,69,Business,Consultant,79052,Liverpool,England,UK,2018-11-29,35,High
C000269,3,Taylor Kumar,Other,67,Affluent,Consultant,24547,Los Angeles,California,USA,2025-12-30,34,Low
C000270,6,Jamie Kumar,Other,46,Mass Market,Student,55719,Manchester,England,UK,2015-08-19,25,Low
C000271,7,Vikram Anderson,Female,69,Affluent,Other,51828,Hamburg,Hamburg,Germany,2016-12-23,85,Medium
C000272,9,Priya Sharma,Male,75,Mass Market,Healthcare,65505,Ahmedabad,Gujarat,India,2020-01-04,24,Low
C000273,5,Olivia Lee,Other,46,Affluent,Employee,61059,Manchester,England,UK,2023-12-19,38,Medium
C000274,1,Olivia Clark,Female,53,Premium,Business Owner,49275,San Francisco,California,USA,2023-01-05,30,High
C000275,3,Daniel Davis,Female,47,Affluent,Engineer,48140,San Francisco,California,USA,2022-11-19,37,Medium
C000276,9,Rahul Miller,Male,68,Affluent,Consultant,50554,Bengaluru,Karnataka,India,2022-02-08,18,Low
C000277,6,Arjun Brown,Female,60,Business,Manager,59065,Leeds,England,UK,2015-08-03,27,Critical
C000278,7,Arjun Smith,Female,72,Affluent,Retired,106392,Frankfurt,Hesse,Germany,2023-10-21,64,Medium
C000279,5,Rahul Davis,Other,33,Business,Consultant,27638,Birmingham,England,UK,2017-07-04,90,High
C000280,2,Chris Kumar,Other,49,Mass Market,Business Owner,33538,Los Angeles,California,USA,2022-09-19,19,Low
C000281,9,Riley Smith,Male,34,Affluent,Employee,30998,Hyderabad,Telangana,India,2018-07-02,57,Medium
C000282,8,Rahul Brown,Male,52,Premium,Retired,52747,Mumbai,Maharashtra,India,2025-02-08,57,Low
C000283,10,Neha Thomas,Male,46,Business,Employee,25067,Mumbai,Maharashtra,India,2025-01-07,74,Low
C000284,9,Morgan Brown,Male,64,Premium,Consultant,90453,Delhi,Delhi,India,2021-02-03,22,High
C000285,3,Riley Martin,Male,26,Premium,Student,69171,Chicago,Illinois,USA,2018-11-28,65,Low
C000286,3,Morgan Clark,Female,71,Premium,Consultant,119512,Dallas,Texas,USA,2018-09-22,24,Medium
C000287,3,Olivia Smith,Female,63,Affluent,Consultant,43205,Chicago,Illinois,USA,2023-07-08,67,Medium
C000288,10,Jamie Singh,Female,65,Mass Market,Business Owner,139904,Pune,Maharashtra,India,2025-08-23,71,Low
C000289,6,Neha Anderson,Female,37,Premium,Other,61295,London,England,UK,2019-10-24,59,High
C000290,5,Emma Wilson,Female,50,Affluent,Consultant,66097,Leeds,England,UK,2023-09-05,44,Low
C000291,10,Taylor Smith,Other,53,Business,Employee,46569,Pune,Maharashtra,India,2015-07-06,76,Medium
C000292,7,Morgan Gupta,Male,34,Premium,Retired,69469,Frankfurt,Hesse,Germany,2025-06-20,74,Low
C000293,10,Priya Moore,Female,29,Mass Market,Business Owner,111335,Delhi,Delhi,India,2025-12-27,59,High
C000294,10,Morgan Thomas,Male,74,Business,Manager,171845,Delhi,Delhi,India,2020-05-18,55,Low
C000295,1,Jordan Sharma,Other,65,Premium,Other,50581,Dallas,Texas,USA,2021-08-18,51,Low
C000296,4,Morgan Taylor,Male,60,Mass Market,Other,46308,New York,New York,USA,2018-02-13,51,Medium
C000297,8,Chris Sharma,Female,40,Affluent,Manager,81842,Mumbai,Maharashtra,India,2018-10-12,25,Low
C000298,9,Noah Moore,Female,53,Affluent,Business Owner,134882,Chennai,Tamil Nadu,India,2016-03-01,36,Medium
C000299,2,Jamie Taylor,Female,30,Mass Market,Retired,42233,Miami,Florida,USA,2025-04-07,12,Medium
C000300,4,Jamie Thomas,Male,75,Business,Manager,31607,Houston,Texas,USA,2015-03-12,74,Low
C000301,6,Alex Patel,Male,41,Premium,Other,18000,Birmingham,England,UK,2022-01-29,60,High
C000302,8,Priya Kumar,Male,33,Business,Consultant,95170,Kolkata,West Bengal,India,2023-03-05,80,Low
C000303,2,Priya Sharma,Other,30,Business,Manager,83752,Miami,Florida,USA,2016-11-21,43,Medium
C000304,7,Olivia Smith,Other,39,Mass Market,Consultant,41852,Hamburg,Hamburg,Germany,2023-12-11,74,Low
C000305,3,Priya Wilson,Male,48,Affluent,Engineer,36383,Houston,Texas,USA,2021-02-05,77,Low
C000306,3,Jamie Gupta,Other,56,Premium,Other,22217,Dallas,Texas,USA,2016-12-24,32,Low
C000307,6,Sam Martin,Other,33,Premium,Student,25968,Liverpool,England,UK,2015-08-11,26,Low
C000308,5,Daniel Smith,Female,39,Premium,Engineer,29979,London,England,UK,2023-03-13,89,Low
C000309,7,Neha Anderson,Female,66,Business,Healthcare,49268,Munich,Bavaria,Germany,2018-01-17,9,Low
C000310,4,Casey Williams,Male,75,Affluent,Employee,110805,San Francisco,California,USA,2019-08-15,34,Medium
C000311,9,Noah Clark,Female,46,Business,Student,39375,Bengaluru,Karnataka,India,2016-05-19,83,Medium
C000312,1,Vikram Miller,Other,37,Mass Market,Business Owner,18000,Houston,Texas,USA,2024-09-12,35,Medium
C000313,9,Olivia Smith,Other,55,Mass Market,Other,126098,Kolkata,West Bengal,India,2015-07-14,27,Low
C000314,1,Arjun Taylor,Female,21,Premium,Manager,54439,Los Angeles,California,USA,2021-06-22,5,Medium
C000315,8,Riley Smith,Other,23,Premium,Student,34457,Bengaluru,Karnataka,India,2024-11-04,33,Medium
C000316,4,Ananya Brown,Other,32,Mass Market,Retired,143647,Dallas,Texas,USA,2016-03-16,93,Low
C000317,4,Chris Sharma,Other,39,Affluent,Healthcare,66670,Chicago,Illinois,USA,2016-11-22,80,Low
C000318,1,Morgan Clark,Male,41,Affluent,Other,69352,Los Angeles,California,USA,2016-09-15,11,Low
C000319,8,Taylor Clark,Other,45,Business,Engineer,25554,Ahmedabad,Gujarat,India,2019-06-15,57,Low
C000320,2,Alex Johnson,Male,54,Affluent,Employee,55152,Houston,Texas,USA,2018-10-17,56,Low
C000321,7,Neha Taylor,Other,26,Mass Market,Employee,184641,Frankfurt,Hesse,Germany,2015-01-18,37,Low
C000322,8,Daniel Davis,Female,74,Affluent,Manager,54890,Delhi,Delhi,India,2023-05-15,69,Medium
C000323,9,Vikram Taylor,Female,31,Premium,Engineer,189541,Pune,Maharashtra,India,2016-07-11,93,Low
C000324,8,Avery Martin,Female,70,Mass Market,Student,25782,Bengaluru,Karnataka,India,2019-08-03,23,Low
C000325,4,Ananya Johnson,Female,66,Affluent,Employee,158689,San Francisco,California,USA,2023-11-05,45,High
C000326,8,Rahul Thomas,Female,75,Premium,Business Owner,45773,Kolkata,West Bengal,India,2025-11-22,64,Medium
C000327,9,Daniel Moore,Male,29,Mass Market,Healthcare,57744,Chennai,Tamil Nadu,India,2018-08-10,86,High
C000328,4,Casey Kumar,Other,28,Premium,Retired,39645,Miami,Florida,USA,2024-05-16,83,Low
C000329,2,Olivia Iyer,Other,62,Mass Market,Consultant,156754,Seattle,Washington,USA,2023-01-17,74,Low
C000330,9,Noah Lee,Male,74,Business,Business Owner,62789,Ahmedabad,Gujarat,India,2016-12-17,76,Medium
C000331,2,Vikram Wilson,Female,37,Affluent,Student,19034,Miami,Florida,USA,2024-06-28,40,Medium
C000332,6,Priya Singh,Male,75,Affluent,Engineer,34906,Liverpool,England,UK,2024-03-03,13,Medium
C000333,3,Arjun Wilson,Male,54,Mass Market,Manager,42161,New York,New York,USA,2021-12-15,8,Low
C000334,2,Morgan Moore,Female,73,Business,Engineer,75430,Seattle,Washington,USA,2025-09-13,36,Medium
C000335,8,Arjun Smith,Male,39,Business,Employee,69658,Pune,Maharashtra,India,2019-06-23,74,Low
C000336,2,Rahul Moore,Male,64,Affluent,Business Owner,30348,Chicago,Illinois,USA,2020-11-12,18,Medium
C000337,7,Taylor Wilson,Female,71,Business,Engineer,30025,Munich,Bavaria,Germany,2023-03-03,30,Low
C000338,7,Sam Wilson,Other,43,Premium,Consultant,83198,Munich,Bavaria,Germany,2017-12-18,80,Low
C000339,1,Rahul Martin,Other,39,Premium,Retired,39079,Miami,Florida,USA,2018-04-12,39,Medium
C000340,2,Vikram Gupta,Male,62,Affluent,Other,83866,New York,New York,USA,2019-07-25,73,Medium
C000341,8,Avery Lee,Female,56,Premium,Engineer,53077,Pune,Maharashtra,India,2019-08-02,64,High
C000342,6,Rahul Thomas,Male,43,Business,Other,36624,Manchester,England,UK,2020-04-18,85,Critical
C000343,2,Alex Thomas,Male,44,Affluent,Consultant,108525,Los Angeles,California,USA,2016-08-06,49,Low
C000344,10,Priya Sharma,Other,53,Affluent,Engineer,80282,Ahmedabad,Gujarat,India,2023-02-05,70,Low
C000345,3,Daniel Kumar,Other,66,Business,Other,108284,Dallas,Texas,USA,2017-01-29,29,Medium
C000346,1,Jordan Taylor,Female,57,Affluent,Other,116930,Los Angeles,California,USA,2017-05-04,56,Low
C000347,10,Taylor Taylor,Female,74,Affluent,Engineer,18000,Kolkata,West Bengal,India,2018-06-08,32,Medium
C000348,1,Alex Miller,Male,26,Premium,Manager,42293,Chicago,Illinois,USA,2023-02-05,18,Medium
C000349,6,Morgan Brown,Other,61,Mass Market,Student,24108,Manchester,England,UK,2024-01-01,86,Medium
C000350,10,Riley Iyer,Other,58,Affluent,Student,39517,Bengaluru,Karnataka,India,2018-09-04,7,Critical
C000351,6,Noah Moore,Other,29,Affluent,Healthcare,314896,Birmingham,England,UK,2023-08-22,7,High
C000352,6,Rahul Miller,Other,28,Premium,Other,39497,London,England,UK,2016-08-12,59,Low
C000353,4,Riley Taylor,Female,45,Premium,Engineer,70943,New York,New York,USA,2016-01-05,51,Low
C000354,2,Olivia Johnson,Male,23,Affluent,Retired,57925,Miami,Florida,USA,2016-10-04,79,Medium
C000355,6,Chris Thomas,Female,73,Affluent,Healthcare,76638,Manchester,England,UK,2020-11-29,65,Low
C000356,9,Priya Martin,Male,23,Business,Other,242032,Chennai,Tamil Nadu,India,2021-10-10,53,Low
C000357,1,Taylor Johnson,Female,56,Premium,Consultant,79187,New York,New York,USA,2016-03-20,8,Medium
C000358,9,Jordan Williams,Other,37,Affluent,Business Owner,135614,Mumbai,Maharashtra,India,2025-04-10,52,Low
C000359,5,Rahul Lee,Other,55,Mass Market,Other,42099,Manchester,England,UK,2022-07-06,10,Low
C000360,6,Casey Kumar,Other,26,Business,Employee,123818,London,England,UK,2015-12-22,5,Low
C000361,2,Avery Lee,Other,41,Business,Retired,62612,Seattle,Washington,USA,2016-07-29,61,Medium
C000362,7,Riley Martin,Male,48,Business,Engineer,78570,Frankfurt,Hesse,Germany,2020-01-25,83,Low
C000363,2,Chris Smith,Female,74,Affluent,Retired,105849,Seattle,Washington,USA,2016-11-18,62,Low
C000364,3,Rahul Anderson,Female,46,Business,Retired,52909,Dallas,Texas,USA,2016-09-30,58,Low
C000365,8,Vikram Wilson,Female,50,Mass Market,Business Owner,83176,Pune,Maharashtra,India,2025-10-17,61,Low
C000366,1,Taylor Singh,Female,45,Affluent,Engineer,184427,Los Angeles,California,USA,2017-05-14,44,Medium
C000367,5,Olivia Wilson,Male,36,Mass Market,Business Owner,97307,London,England,UK,2025-07-02,85,Low
C000368,6,Daniel Thomas,Female,47,Affluent,Retired,53065,Leeds,England,UK,2019-02-21,73,Low
C000369,2,Vikram Smith,Male,54,Business,Consultant,23195,Los Angeles,California,USA,2021-01-17,6,Medium
C000370,3,Priya Johnson,Other,23,Premium,Consultant,118757,Dallas,Texas,USA,2023-06-10,66,Low
C000371,4,Riley Moore,Female,36,Mass Market,Engineer,29588,Seattle,Washington,USA,2022-04-14,30,Low
C000372,7,Riley Miller,Male,51,Affluent,Other,41654,Cologne,North Rhine-Westphalia,Germany,2017-11-07,38,Low
C000373,10,Neha Davis,Female,30,Premium,Retired,32077,Bengaluru,Karnataka,India,2016-09-19,71,High
C000374,9,Taylor Kumar,Female,24,Affluent,Retired,89013,Delhi,Delhi,India,2024-05-04,34,Low
C000375,2,Chris Martin,Other,75,Business,Student,41032,New York,New York,USA,2022-09-06,54,Low
C000376,1,Vikram Taylor,Other,73,Mass Market,Consultant,203758,Houston,Texas,USA,2015-10-06,31,Low
C000377,1,Rahul Gupta,Male,54,Premium,Consultant,97525,Seattle,Washington,USA,2015-02-07,88,Medium
C000378,6,Olivia Brown,Female,58,Premium,Student,89156,Birmingham,England,UK,2025-10-20,53,Low
C000379,2,Arjun Sharma,Female,70,Premium,Employee,47632,Chicago,Illinois,USA,2015-08-20,48,Low
C000380,3,Vikram Anderson,Other,37,Business,Engineer,115669,Dallas,Texas,USA,2025-03-05,64,Medium
C000381,9,Jordan Thomas,Other,33,Premium,Other,109865,Kolkata,West Bengal,India,2015-10-04,62,Low
C000382,9,Rahul Lee,Male,50,Business,Consultant,18000,Chennai,Tamil Nadu,India,2018-10-07,71,Medium
C000383,9,Chris Taylor,Other,24,Mass Market,Other,95379,Mumbai,Maharashtra,India,2019-08-18,18,Low
C000384,3,Ananya Williams,Other,44,Affluent,Employee,68210,New York,New York,USA,2016-12-29,56,Low
C000385,7,Jordan Moore,Male,64,Premium,Retired,84430,Berlin,Berlin,Germany,2017-07-03,75,Low
C000386,7,Jamie Clark,Other,75,Mass Market,Student,50011,Frankfurt,Hesse,Germany,2023-01-26,58,Low
C000387,2,Vikram Lee,Other,36,Business,Business Owner,98551,Chicago,Illinois,USA,2016-06-19,76,Low
C000388,6,Alex Williams,Male,49,Mass Market,Business Owner,56058,Liverpool,England,UK,2025-12-03,68,Low
C000389,6,Ananya Thomas,Other,70,Premium,Consultant,81984,Birmingham,England,UK,2024-07-23,67,Low
C000390,4,Arjun Patel,Male,33,Business,Consultant,82725,Chicago,Illinois,USA,2018-02-27,73,Low
C000391,8,Emma Brown,Other,68,Premium,Retired,123488,Kolkata,West Bengal,India,2019-08-17,80,Low
C000392,7,Morgan Williams,Other,56,Affluent,Student,58089,Berlin,Berlin,Germany,2015-12-09,14,Low
C000393,6,Morgan Williams,Female,68,Business,Healthcare,186885,Birmingham,England,UK,2024-05-24,58,High
C000394,8,Jordan Clark,Other,23,Premium,Student,29547,Mumbai,Maharashtra,India,2015-12-25,42,High
C000395,8,Rahul Singh,Female,67,Business,Other,97335,Chennai,Tamil Nadu,India,2021-01-20,34,Medium
C000396,6,Taylor Sharma,Other,56,Mass Market,Other,83618,Leeds,England,UK,2016-06-04,13,Low
C000397,3,Riley Johnson,Other,62,Business,Other,45041,San Francisco,California,USA,2023-10-22,75,Medium
C000398,8,Riley Wilson,Male,75,Mass Market,Engineer,83925,Ahmedabad,Gujarat,India,2021-07-13,85,Medium
C000399,8,Casey Clark,Other,70,Premium,Other,52344,Kolkata,West Bengal,India,2022-05-08,10,Low
C000400,10,Vikram Martin,Other,34,Affluent,Other,56479,Ahmedabad,Gujarat,India,2018-12-25,66,Low
C000401,2,Jamie Clark,Male,31,Business,Engineer,41695,New York,New York,USA,2015-05-28,73,Medium
C000402,5,Neha Wilson,Female,39,Mass Market,Business Owner,88378,Manchester,England,UK,2023-03-30,49,Low
C000403,10,Chris Lee,Female,23,Premium,Manager,144476,Mumbai,Maharashtra,India,2025-04-02,79,Low
C000404,6,Sam Singh,Female,72,Business,Healthcare,18000,Birmingham,England,UK,2023-12-20,77,High
C000405,10,Riley Davis,Female,34,Mass Market,Healthcare,86866,Kolkata,West Bengal,India,2022-10-15,65,Medium
C000406,1,Jordan Martin,Other,68,Mass Market,Student,202700,Dallas,Texas,USA,2016-06-07,83,Low
C000407,1,Noah Thomas,Other,61,Business,Other,66894,New York,New York,USA,2020-02-04,74,Medium
C000408,8,Taylor Martin,Other,39,Mass Market,Consultant,18302,Kolkata,West Bengal,India,2022-04-07,52,High
C000409,4,Emma Taylor,Other,57,Premium,Healthcare,54738,Dallas,Texas,USA,2023-05-13,71,Low
C000410,6,Vikram Gupta,Other,39,Affluent,Employee,91309,Birmingham,England,UK,2018-09-18,73,Low
C000411,5,Arjun Iyer,Female,25,Premium,Consultant,46717,Liverpool,England,UK,2023-09-25,27,Low
C000412,5,Sam Sharma,Other,39,Affluent,Retired,50782,Manchester,England,UK,2020-04-10,70,Low
C000413,10,Casey Kumar,Other,41,Mass Market,Manager,96050,Chennai,Tamil Nadu,India,2020-10-12,52,Medium
C000414,1,Avery Wilson,Female,69,Premium,Student,271810,Miami,Florida,USA,2017-07-18,13,High
C000415,8,Jordan Brown,Male,49,Affluent,Other,136779,Ahmedabad,Gujarat,India,2018-08-30,60,Medium
C000416,9,Casey Iyer,Other,29,Business,Business Owner,72440,Bengaluru,Karnataka,India,2022-10-12,14,Medium
C000417,7,Taylor Smith,Other,75,Affluent,Manager,24384,Hamburg,Hamburg,Germany,2015-06-24,61,Medium
C000418,4,Arjun Lee,Male,57,Affluent,Consultant,109138,Miami,Florida,USA,2021-04-09,7,Medium
C000419,2,Priya Wilson,Female,61,Business,Student,45656,San Francisco,California,USA,2022-11-15,16,Low
C000420,7,Rahul Patel,Male,54,Affluent,Business Owner,52243,Berlin,Berlin,Germany,2015-11-05,20,Low
C000421,5,Alex Iyer,Other,54,Affluent,Business Owner,106920,Birmingham,England,UK,2018-06-05,24,Medium
C000422,2,Noah Moore,Male,60,Affluent,Engineer,24500,Los Angeles,California,USA,2020-04-07,19,High
C000423,4,Daniel Patel,Male,25,Premium,Student,137127,Seattle,Washington,USA,2024-04-27,53,Medium
C000424,10,Taylor Taylor,Female,37,Business,Employee,311592,Mumbai,Maharashtra,India,2017-04-07,80,Low
C000425,3,Daniel Anderson,Male,28,Business,Consultant,47359,San Francisco,California,USA,2021-12-28,17,Low
C000426,2,Taylor Patel,Male,63,Premium,Student,133772,Dallas,Texas,USA,2021-01-27,29,Low
C000427,7,Emma Gupta,Other,53,Business,Engineer,44031,Frankfurt,Hesse,Germany,2018-03-22,53,Low
C000428,2,Vikram Wilson,Female,28,Affluent,Business Owner,92091,Houston,Texas,USA,2020-07-03,79,High
C000429,10,Taylor Clark,Female,69,Mass Market,Retired,48751,Pune,Maharashtra,India,2018-05-28,59,Low
C000430,9,Priya Patel,Female,33,Premium,Consultant,39261,Delhi,Delhi,India,2025-08-14,81,Medium
C000431,10,Sam Thomas,Other,53,Mass Market,Student,53106,Pune,Maharashtra,India,2017-11-27,20,Medium
C000432,10,Sam Lee,Female,50,Mass Market,Student,88023,Mumbai,Maharashtra,India,2020-07-29,46,Low
C000433,3,Daniel Sharma,Male,44,Mass Market,Manager,54571,Dallas,Texas,USA,2022-05-08,33,Low
C000434,3,Morgan Brown,Male,25,Business,Healthcare,19022,Chicago,Illinois,USA,2017-06-17,26,Medium
C000435,4,Rahul Gupta,Male,36,Affluent,Manager,31603,Los Angeles,California,USA,2015-07-08,72,Critical
C000436,5,Noah Kumar,Other,30,Affluent,Manager,39387,Birmingham,England,UK,2024-03-09,19,Medium
C000437,9,Avery Thomas,Female,48,Affluent,Consultant,88784,Ahmedabad,Gujarat,India,2022-05-04,66,Low
C000438,8,Sam Clark,Female,43,Premium,Employee,125249,Bengaluru,Karnataka,India,2020-04-21,67,Critical
C000439,7,Jordan Moore,Other,70,Premium,Other,107893,Frankfurt,Hesse,Germany,2023-12-23,10,High
C000440,9,Casey Sharma,Male,48,Mass Market,Student,88952,Kolkata,West Bengal,India,2021-10-14,64,High
C000441,7,Sam Gupta,Other,64,Premium,Other,241281,Munich,Bavaria,Germany,2015-02-10,20,Low
C000442,4,Jordan Taylor,Other,60,Premium,Healthcare,46899,San Francisco,California,USA,2022-09-28,91,Critical
C000443,5,Rahul Martin,Male,70,Business,Employee,62881,Birmingham,England,UK,2024-08-01,76,Low
C000444,6,Olivia Taylor,Female,52,Mass Market,Student,55799,London,England,UK,2017-11-08,16,Low
C000445,1,Casey Lee,Male,75,Affluent,Healthcare,66093,Seattle,Washington,USA,2017-06-03,79,Low
C000446,8,Alex Thomas,Other,64,Business,Student,52523,Chennai,Tamil Nadu,India,2020-02-16,40,Low
C000447,7,Jamie Sharma,Other,26,Affluent,Business Owner,55621,Frankfurt,Hesse,Germany,2020-12-29,9,Low
C000448,8,Alex Lee,Male,35,Premium,Consultant,94416,Kolkata,West Bengal,India,2017-08-09,78,High
C000449,6,Avery Brown,Other,55,Affluent,Retired,87194,Liverpool,England,UK,2018-08-28,91,Low
C000450,8,Chris Patel,Male,64,Affluent,Other,34891,Kolkata,West Bengal,India,2015-10-29,9,Low
C000451,10,Taylor Sharma,Other,31,Premium,Consultant,41451,Mumbai,Maharashtra,India,2018-12-08,85,High
C000452,6,Morgan Williams,Female,24,Premium,Employee,76238,London,England,UK,2025-05-14,13,High
C000453,5,Emma Wilson,Male,48,Premium,Healthcare,144083,Birmingham,England,UK,2015-09-24,9,Medium
C000454,2,Rahul Iyer,Female,28,Affluent,Employee,102143,New York,New York,USA,2015-08-09,53,Medium
C000455,8,Vikram Brown,Female,28,Business,Engineer,35937,Chennai,Tamil Nadu,India,2024-03-09,70,Critical
C000456,10,Noah Smith,Female,34,Business,Consultant,62216,Chennai,Tamil Nadu,India,2021-10-13,12,Low
C000457,7,Priya Taylor,Male,35,Business,Student,175297,Frankfurt,Hesse,Germany,2019-04-03,65,High
C000458,9,Alex Sharma,Female,46,Mass Market,Healthcare,50281,Delhi,Delhi,India,2016-12-10,36,Low
C000459,9,Olivia Sharma,Male,38,Mass Market,Employee,56831,Delhi,Delhi,India,2018-03-01,35,Medium
C000460,8,Avery Thomas,Male,37,Affluent,Other,47091,Pune,Maharashtra,India,2022-03-11,22,Low
C000461,6,Neha Brown,Other,45,Mass Market,Student,25002,London,England,UK,2022-01-16,29,Medium
C000462,1,Neha Iyer,Other,42,Business,Healthcare,113979,Dallas,Texas,USA,2023-06-07,78,Medium
C000463,1,Daniel Taylor,Male,40,Mass Market,Student,57505,Los Angeles,California,USA,2019-12-19,51,Low
C000464,3,Olivia Smith,Female,37,Business,Manager,34390,New York,New York,USA,2017-03-03,56,High
C000465,5,Vikram Anderson,Other,56,Affluent,Employee,21415,Leeds,England,UK,2022-09-07,65,Low
C000466,8,Sam Gupta,Female,51,Mass Market,Other,42774,Ahmedabad,Gujarat,India,2020-10-16,69,Low
C000467,5,Alex Smith,Other,41,Premium,Manager,83743,Leeds,England,UK,2023-12-05,61,Low
C000468,1,Vikram Williams,Male,25,Premium,Consultant,260067,San Francisco,California,USA,2023-08-07,60,High
C000469,3,Arjun Anderson,Other,28,Mass Market,Employee,114930,Los Angeles,California,USA,2019-07-28,48,Low
C000470,10,Casey Johnson,Female,74,Affluent,Student,236860,Kolkata,West Bengal,India,2018-05-30,55,Low
C000471,10,Sam Moore,Male,29,Affluent,Other,32806,Bengaluru,Karnataka,India,2015-05-07,18,Low
C000472,4,Vikram Singh,Female,47,Business,Engineer,68918,Miami,Florida,USA,2018-01-14,19,Low
C000473,9,Arjun Taylor,Female,59,Affluent,Other,30720,Bengaluru,Karnataka,India,2017-05-17,30,Low
C000474,8,Arjun Martin,Female,52,Mass Market,Engineer,18000,Hyderabad,Telangana,India,2017-07-02,46,Low
C000475,10,Noah Thomas,Other,70,Mass Market,Manager,18000,Chennai,Tamil Nadu,India,2018-11-15,13,Low
C000476,9,Ananya Anderson,Female,66,Business,Consultant,211074,Mumbai,Maharashtra,India,2015-03-31,21,Low
C000477,7,Arjun Johnson,Male,64,Business,Consultant,87907,Berlin,Berlin,Germany,2025-08-07,37,Low
C000478,4,Daniel Anderson,Female,30,Affluent,Manager,41011,Dallas,Texas,USA,2018-03-31,88,High
C000479,7,Olivia Anderson,Other,56,Mass Market,Employee,318707,Cologne,North Rhine-Westphalia,Germany,2024-09-25,45,Low
C000480,4,Vikram Moore,Other,45,Mass Market,Employee,86454,Los Angeles,California,USA,2016-09-22,77,Low
C000481,4,Jordan Davis,Female,22,Premium,Retired,238266,Los Angeles,California,USA,2015-04-14,11,Medium
C000482,7,Chris Brown,Other,57,Affluent,Employee,89440,Berlin,Berlin,Germany,2019-04-19,75,Low
C000483,6,Noah Thomas,Male,42,Premium,Retired,116061,Liverpool,England,UK,2020-07-20,24,Low
C000484,6,Emma Lee,Other,41,Business,Other,166567,Leeds,England,UK,2025-06-06,95,Low
C000485,4,Olivia Singh,Other,64,Affluent,Manager,48476,New York,New York,USA,2025-08-13,79,Low
C000486,5,Arjun Wilson,Other,67,Business,Employee,42833,Manchester,England,UK,2015-11-05,68,High
C000487,1,Emma Brown,Male,40,Business,Employee,22083,New York,New York,USA,2025-06-22,85,Medium
C000488,7,Arjun Moore,Other,21,Business,Student,47658,Berlin,Berlin,Germany,2022-01-22,59,Low
C000489,6,Avery Williams,Female,41,Premium,Manager,251759,Manchester,England,UK,2017-01-10,82,Medium
C000490,10,Jamie Miller,Female,35,Affluent,Student,39461,Kolkata,West Bengal,India,2024-04-18,72,Low
C000491,6,Casey Brown,Female,44,Premium,Student,18403,Manchester,England,UK,2024-08-08,95,High
C000492,5,Casey Martin,Female,39,Business,Other,55969,Leeds,England,UK,2019-08-14,71,Low
C000493,1,Rahul Lee,Male,58,Business,Manager,56306,San Francisco,California,USA,2019-10-07,76,Low
C000494,2,Riley Williams,Female,40,Business,Student,39954,Chicago,Illinois,USA,2021-03-24,36,Medium
C000495,4,Olivia Martin,Other,49,Affluent,Consultant,62391,Seattle,Washington,USA,2019-10-05,26,Medium
C000496,4,Vikram Miller,Male,27,Affluent,Other,60039,Los Angeles,California,USA,2018-07-17,69,Low
C000497,4,Ananya Martin,Male,32,Affluent,Retired,53883,San Francisco,California,USA,2020-02-03,51,High
C000498,4,Ananya Singh,Male,41,Mass Market,Retired,65872,San Francisco,California,USA,2020-09-18,30,Low
C000499,8,Jamie Williams,Female,74,Premium,Other,42246,Ahmedabad,Gujarat,India,2018-07-05,23,Medium
C000500,2,Neha Anderson,Male,24,Mass Market,Consultant,55695,Los Angeles,California,USA,2020-12-07,79,Low
C000501,4,Jordan Sharma,Male,32,Mass Market,Business Owner,63615,Chicago,Illinois,USA,2022-12-20,62,Low
C000502,2,Rahul Taylor,Male,46,Affluent,Healthcare,211307,Seattle,Washington,USA,2020-10-17,44,High
C000503,4,Jordan Taylor,Male,50,Mass Market,Business Owner,74965,Dallas,Texas,USA,2024-08-28,60,Low
C000504,7,Arjun Taylor,Other,55,Affluent,Employee,88633,Hamburg,Hamburg,Germany,2025-01-17,7,Low
C000505,1,Olivia Williams,Other,42,Affluent,Consultant,135610,Los Angeles,California,USA,2019-11-10,33,High
C000506,4,Priya Williams,Female,49,Business,Engineer,60018,New York,New York,USA,2024-08-02,82,Medium
C000507,1,Rahul Thomas,Other,48,Business,Retired,93746,San Francisco,California,USA,2017-06-25,6,Medium
C000508,10,Casey Moore,Other,49,Mass Market,Engineer,34920,Delhi,Delhi,India,2015-08-08,30,Low
C000509,8,Noah Iyer,Other,36,Affluent,Employee,45191,Chennai,Tamil Nadu,India,2022-12-18,78,Medium
C000510,3,Chris Wilson,Other,71,Premium,Engineer,180411,Dallas,Texas,USA,2015-06-19,55,High
C000511,2,Rahul Clark,Other,34,Business,Retired,22706,Chicago,Illinois,USA,2019-06-02,10,Critical
C000512,1,Priya Smith,Male,58,Business,Retired,143788,Dallas,Texas,USA,2017-11-11,43,Low
C000513,5,Jordan Anderson,Other,40,Business,Retired,62433,Birmingham,England,UK,2023-01-31,5,High
C000514,8,Avery Anderson,Male,70,Affluent,Other,46872,Ahmedabad,Gujarat,India,2018-12-31,28,Medium
C000515,6,Riley Thomas,Male,67,Mass Market,Consultant,75953,Manchester,England,UK,2019-11-11,28,Low
C000516,9,Priya Johnson,Male,33,Affluent,Consultant,83175,Chennai,Tamil Nadu,India,2020-11-12,84,Medium
C000517,4,Avery Smith,Other,23,Premium,Retired,97402,Los Angeles,California,USA,2021-04-30,74,Low
C000518,3,Morgan Davis,Male,63,Mass Market,Student,65378,Miami,Florida,USA,2022-01-02,71,Medium
C000519,5,Jordan Clark,Male,32,Affluent,Manager,57490,Liverpool,England,UK,2015-06-28,87,Low
C000520,3,Noah Miller,Male,28,Mass Market,Student,81475,Los Angeles,California,USA,2017-07-24,12,Low
C000521,10,Neha Johnson,Female,75,Affluent,Student,33839,Chennai,Tamil Nadu,India,2016-11-20,47,Medium
C000522,2,Arjun Miller,Other,22,Mass Market,Engineer,42306,New York,New York,USA,2016-09-14,88,Low
C000523,5,Noah Smith,Male,35,Premium,Employee,50433,Liverpool,England,UK,2022-12-09,91,High
C000524,6,Chris Lee,Male,40,Business,Business Owner,24435,Manchester,England,UK,2016-07-11,39,High
C000525,1,Ananya Davis,Male,28,Affluent,Student,64578,San Francisco,California,USA,2018-11-18,14,High
C000526,5,Jamie Iyer,Female,53,Business,Student,131474,London,England,UK,2021-11-04,61,High
C000527,5,Emma Singh,Male,59,Premium,Manager,48992,Manchester,England,UK,2019-10-07,25,Low
C000528,3,Neha Smith,Other,72,Affluent,Retired,33882,Dallas,Texas,USA,2025-06-04,59,Medium
C000529,2,Vikram Miller,Female,30,Mass Market,Employee,222152,Los Angeles,California,USA,2025-08-20,82,Low
C000530,1,Avery Taylor,Female,58,Affluent,Retired,170769,Miami,Florida,USA,2025-11-09,95,Low
C000531,1,Jamie Johnson,Male,34,Affluent,Student,54810,Miami,Florida,USA,2015-03-12,82,Low
C000532,5,Morgan Johnson,Male,41,Premium,Retired,116723,London,England,UK,2016-03-17,25,Low
C000533,1,Jamie Miller,Female,21,Premium,Business Owner,145452,Chicago,Illinois,USA,2016-03-24,21,Low
C000534,10,Jamie Lee,Male,37,Mass Market,Engineer,168249,Ahmedabad,Gujarat,India,2021-05-29,78,Low
C000535,3,Rahul Smith,Male,21,Business,Other,42206,Los Angeles,California,USA,2022-01-22,52,Low
C000536,7,Ananya Singh,Male,41,Premium,Retired,54316,Frankfurt,Hesse,Germany,2022-02-20,57,Medium
C000537,7,Olivia Iyer,Male,35,Business,Employee,350792,Frankfurt,Hesse,Germany,2019-04-01,64,High
C000538,5,Chris Iyer,Female,53,Mass Market,Employee,36863,London,England,UK,2015-03-02,11,Low
C000539,9,Vikram Kumar,Female,71,Business,Consultant,42278,Ahmedabad,Gujarat,India,2022-05-13,50,Low
C000540,2,Sam Gupta,Other,71,Premium,Retired,39457,Dallas,Texas,USA,2017-10-03,43,Low
C000541,3,Daniel Thomas,Other,69,Affluent,Healthcare,70182,San Francisco,California,USA,2022-11-15,76,Low
C000542,3,Morgan Smith,Female,25,Mass Market,Engineer,166699,Miami,Florida,USA,2022-01-10,51,Low
C000543,2,Riley Taylor,Other,58,Business,Consultant,69712,San Francisco,California,USA,2015-05-25,14,Medium
C000544,3,Emma Smith,Other,28,Premium,Engineer,18569,Houston,Texas,USA,2018-07-05,37,High
C000545,4,Casey Anderson,Female,69,Affluent,Healthcare,129907,Miami,Florida,USA,2015-08-25,22,High
C000546,8,Casey Iyer,Female,41,Affluent,Business Owner,83000,Ahmedabad,Gujarat,India,2020-06-17,70,Medium
C000547,4,Casey Clark,Male,33,Mass Market,Manager,180511,Seattle,Washington,USA,2020-01-17,86,Low
C000548,9,Arjun Taylor,Male,44,Mass Market,Business Owner,23603,Chennai,Tamil Nadu,India,2021-10-21,82,Low
C000549,8,Sam Thomas,Female,55,Premium,Manager,63727,Mumbai,Maharashtra,India,2024-03-31,52,Low
C000550,10,Sam Moore,Female,67,Mass Market,Business Owner,59885,Pune,Maharashtra,India,2018-07-25,43,Low
C000551,2,Taylor Gupta,Male,22,Premium,Consultant,58360,Chicago,Illinois,USA,2023-11-14,54,High
C000552,10,Neha Singh,Other,32,Mass Market,Employee,139063,Hyderabad,Telangana,India,2025-01-30,59,Medium
C000553,7,Taylor Moore,Male,39,Mass Market,Healthcare,170930,Munich,Bavaria,Germany,2015-02-03,92,Low
C000554,10,Rahul Gupta,Female,41,Mass Market,Healthcare,89357,Mumbai,Maharashtra,India,2017-01-19,6,Low
C000555,4,Casey Taylor,Other,63,Mass Market,Manager,51246,New York,New York,USA,2023-10-15,31,Low
C000556,10,Chris Miller,Female,70,Premium,Other,108364,Ahmedabad,Gujarat,India,2025-07-23,66,Low
C000557,6,Sam Anderson,Female,56,Business,Engineer,33756,Leeds,England,UK,2019-04-24,8,Medium
C000558,1,Casey Johnson,Female,70,Premium,Manager,27128,Chicago,Illinois,USA,2024-02-19,40,Low
C000559,5,Avery Moore,Male,40,Affluent,Consultant,32177,Manchester,England,UK,2021-10-14,31,Medium
C000560,2,Arjun Singh,Other,25,Premium,Healthcare,133233,New York,New York,USA,2017-08-27,82,Low
C000561,10,Ananya Patel,Male,38,Premium,Business Owner,83890,Kolkata,West Bengal,India,2021-02-10,51,Low
C000562,4,Priya Anderson,Female,27,Affluent,Consultant,81021,Miami,Florida,USA,2018-04-02,49,Low
C000563,3,Neha Sharma,Male,69,Business,Healthcare,52736,New York,New York,USA,2019-09-02,82,Low
C000564,6,Avery Williams,Male,55,Premium,Student,32978,Liverpool,England,UK,2019-05-18,22,Medium
C000565,5,Alex Clark,Female,31,Premium,Other,22081,Birmingham,England,UK,2025-04-20,34,Low
C000566,1,Priya Iyer,Male,63,Premium,Retired,50018,Houston,Texas,USA,2022-12-28,61,Medium
C000567,9,Taylor Miller,Other,48,Business,Engineer,18000,Kolkata,West Bengal,India,2019-05-30,88,Low
C000568,9,Rahul Martin,Other,33,Premium,Healthcare,35956,Delhi,Delhi,India,2020-08-09,95,Medium
C000569,8,Neha Johnson,Female,39,Mass Market,Employee,42811,Delhi,Delhi,India,2019-08-05,57,Critical
C000570,7,Noah Patel,Other,40,Affluent,Manager,24226,Munich,Bavaria,Germany,2018-08-17,17,Low
C000571,5,Priya Davis,Male,33,Mass Market,Engineer,32081,Liverpool,England,UK,2017-05-23,80,Low
C000572,6,Riley Wilson,Female,25,Affluent,Student,47019,Leeds,England,UK,2022-09-01,8,Medium
C000573,6,Sam Patel,Male,51,Affluent,Business Owner,39014,Liverpool,England,UK,2018-11-07,17,Low
C000574,2,Alex Iyer,Other,72,Business,Employee,51985,Los Angeles,California,USA,2025-08-22,10,Medium
C000575,1,Vikram Lee,Other,42,Business,Retired,39096,Houston,Texas,USA,2019-09-07,69,Medium
C000576,3,Rahul Anderson,Male,45,Business,Employee,174130,Chicago,Illinois,USA,2023-05-03,24,Low
C000577,5,Priya Smith,Other,27,Premium,Student,133752,London,England,UK,2025-06-03,42,Low
C000578,2,Ananya Johnson,Female,60,Premium,Retired,26681,Chicago,Illinois,USA,2017-12-09,72,High
C000579,2,Jamie Iyer,Male,75,Premium,Consultant,33847,Miami,Florida,USA,2022-05-02,43,Medium
C000580,9,Emma Smith,Female,65,Mass Market,Engineer,91440,Pune,Maharashtra,India,2022-09-23,59,Medium
C000581,4,Casey Sharma,Female,64,Affluent,Engineer,102185,Los Angeles,California,USA,2016-11-10,36,High
C000582,6,Riley Iyer,Male,26,Affluent,Healthcare,29620,Manchester,England,UK,2025-07-15,57,Medium
C000583,6,Alex Lee,Other,56,Premium,Consultant,159636,Liverpool,England,UK,2015-09-30,84,Medium
C000584,8,Casey Miller,Female,72,Business,Manager,91031,Bengaluru,Karnataka,India,2023-07-04,75,Medium
C000585,8,Daniel Martin,Other,60,Premium,Healthcare,39401,Ahmedabad,Gujarat,India,2025-08-21,39,Medium
C000586,3,Vikram Miller,Male,44,Business,Student,176395,New York,New York,USA,2016-07-18,38,High
C000587,9,Neha Patel,Female,40,Affluent,Healthcare,43360,Bengaluru,Karnataka,India,2016-01-21,89,Low
C000588,4,Morgan Thomas,Female,67,Premium,Healthcare,226551,Dallas,Texas,USA,2024-10-20,37,Low
C000589,9,Daniel Smith,Other,73,Business,Retired,128667,Kolkata,West Bengal,India,2017-03-01,73,Medium
C000590,5,Noah Patel,Male,55,Affluent,Healthcare,107774,Liverpool,England,UK,2025-12-16,33,Medium
C000591,2,Jordan Smith,Female,53,Mass Market,Other,76347,Los Angeles,California,USA,2016-05-29,11,High
C000592,8,Arjun Brown,Other,34,Business,Healthcare,33810,Bengaluru,Karnataka,India,2020-10-19,40,High
C000593,1,Jordan Lee,Female,61,Premium,Business Owner,18000,Dallas,Texas,USA,2020-10-24,5,Low
C000594,8,Daniel Miller,Male,66,Premium,Student,84280,Ahmedabad,Gujarat,India,2020-12-01,11,Critical
C000595,1,Vikram Davis,Other,21,Business,Student,205944,Dallas,Texas,USA,2019-03-14,52,Low
C000596,3,Priya Sharma,Other,22,Business,Manager,18000,New York,New York,USA,2025-03-10,48,Low
C000597,7,Jordan Miller,Female,49,Premium,Other,221663,Munich,Bavaria,Germany,2024-11-23,78,Low
C000598,10,Chris Sharma,Male,35,Premium,Consultant,278679,Mumbai,Maharashtra,India,2016-12-22,14,Medium
C000599,5,Taylor Kumar,Male,69,Mass Market,Manager,53862,Manchester,England,UK,2015-12-09,46,Critical
C000600,2,Noah Wilson,Male,75,Affluent,Student,60734,Los Angeles,California,USA,2020-05-03,31,Critical
C000601,3,Noah Taylor,Male,33,Mass Market,Employee,36785,Chicago,Illinois,USA,2019-03-19,33,Low
C000602,9,Priya Taylor,Male,72,Business,Employee,50829,Kolkata,West Bengal,India,2015-10-08,29,Low
C000603,8,Emma Iyer,Female,41,Business,Manager,124031,Chennai,Tamil Nadu,India,2019-09-12,6,Medium
C000604,2,Chris Davis,Other,64,Affluent,Student,69017,San Francisco,California,USA,2023-12-18,25,Critical
C000605,4,Neha Thomas,Male,27,Business,Manager,40360,Houston,Texas,USA,2023-09-29,85,Medium
C000606,3,Neha Davis,Male,61,Mass Market,Business Owner,295143,Los Angeles,California,USA,2025-10-08,34,Low
C000607,2,Casey Gupta,Other,52,Premium,Employee,37591,San Francisco,California,USA,2017-11-24,61,Low
C000608,9,Chris Thomas,Female,25,Business,Engineer,57068,Chennai,Tamil Nadu,India,2024-02-13,57,Low
C000609,7,Noah Singh,Other,35,Premium,Business Owner,39738,Hamburg,Hamburg,Germany,2018-09-17,45,Critical
C000610,2,Priya Johnson,Female,51,Business,Retired,48902,Los Angeles,California,USA,2021-07-22,86,Low
C000611,7,Avery Kumar,Other,58,Affluent,Consultant,18000,Frankfurt,Hesse,Germany,2015-01-28,31,High
C000612,5,Avery Martin,Male,32,Business,Student,159656,Leeds,England,UK,2024-04-13,82,Low
C000613,1,Olivia Williams,Other,45,Affluent,Employee,56882,Seattle,Washington,USA,2018-05-28,47,Low
C000614,5,Chris Thomas,Male,47,Premium,Manager,199217,Liverpool,England,UK,2018-09-14,69,Medium
C000615,2,Priya Iyer,Male,26,Affluent,Manager,28998,Houston,Texas,USA,2023-05-27,37,Medium
C000616,3,Priya Smith,Other,32,Business,Consultant,166193,San Francisco,California,USA,2025-01-02,78,Medium
C000617,9,Casey Brown,Male,68,Mass Market,Other,185053,Chennai,Tamil Nadu,India,2021-06-13,37,Medium
C000618,8,Neha Johnson,Female,44,Affluent,Healthcare,105169,Chennai,Tamil Nadu,India,2022-03-29,22,Low
C000619,2,Avery Sharma,Male,22,Premium,Business Owner,66461,Houston,Texas,USA,2022-02-22,81,Low
C000620,9,Taylor Clark,Other,40,Premium,Engineer,25151,Bengaluru,Karnataka,India,2019-11-30,28,Low
C000621,6,Chris Johnson,Male,58,Affluent,Other,22898,Manchester,England,UK,2017-11-13,63,Low
C000622,9,Ananya Anderson,Male,51,Premium,Student,50337,Bengaluru,Karnataka,India,2015-09-22,49,Medium
C000623,8,Jamie Martin,Male,73,Premium,Retired,69118,Bengaluru,Karnataka,India,2022-08-14,13,Low
C000624,4,Alex Martin,Female,69,Business,Manager,171383,Chicago,Illinois,USA,2021-09-22,54,Low
C000625,6,Priya Sharma,Other,30,Business,Other,193753,Leeds,England,UK,2022-03-31,94,High
C000626,6,Jordan Martin,Other,68,Business,Engineer,132712,Liverpool,England,UK,2017-01-23,22,Low
C000627,8,Neha Williams,Female,31,Premium,Healthcare,49301,Chennai,Tamil Nadu,India,2016-02-27,71,Low
C000628,3,Morgan Clark,Male,67,Mass Market,Business Owner,204171,New York,New York,USA,2023-06-17,22,Low
C000629,4,Noah Moore,Female,54,Premium,Retired,44748,Miami,Florida,USA,2020-04-20,39,Medium
C000630,3,Avery Kumar,Other,26,Mass Market,Student,181406,Miami,Florida,USA,2022-09-17,94,High
C000631,3,Noah Singh,Female,31,Premium,Student,75168,New York,New York,USA,2020-08-27,31,Medium
C000632,2,Arjun Wilson,Female,57,Affluent,Other,52319,Miami,Florida,USA,2024-11-13,69,Low
C000633,1,Olivia Sharma,Male,69,Mass Market,Healthcare,114849,Miami,Florida,USA,2021-03-09,18,Low
C000634,10,Rahul Kumar,Female,38,Affluent,Retired,32929,Mumbai,Maharashtra,India,2021-07-05,88,Low
C000635,1,Chris Gupta,Male,34,Affluent,Manager,27759,Seattle,Washington,USA,2022-03-23,53,Medium
C000636,9,Vikram Iyer,Male,29,Business,Business Owner,127087,Hyderabad,Telangana,India,2016-08-12,89,High
C000637,1,Riley Patel,Other,64,Mass Market,Business Owner,93617,Chicago,Illinois,USA,2019-01-20,23,High
C000638,8,Taylor Singh,Other,64,Premium,Healthcare,73755,Bengaluru,Karnataka,India,2015-05-13,12,High
C000639,4,Neha Kumar,Male,56,Business,Other,22300,Houston,Texas,USA,2020-04-01,36,Low
C000640,6,Jordan Gupta,Male,22,Mass Market,Manager,45813,Birmingham,England,UK,2017-07-16,40,Low
C000641,3,Riley Wilson,Female,43,Mass Market,Retired,331758,New York,New York,USA,2024-07-25,7,Low
C000642,5,Riley Iyer,Male,57,Affluent,Manager,35976,Leeds,England,UK,2025-08-24,89,Medium
C000643,5,Sam Taylor,Male,40,Affluent,Consultant,122343,Birmingham,England,UK,2019-09-10,58,High
C000644,6,Sam Patel,Female,44,Business,Other,112979,Manchester,England,UK,2017-03-08,63,Low
C000645,4,Taylor Sharma,Female,28,Affluent,Consultant,75050,New York,New York,USA,2024-08-28,26,Low
C000646,6,Arjun Iyer,Female,60,Premium,Engineer,26727,London,England,UK,2018-07-07,16,Low
C000647,9,Ananya Patel,Male,29,Affluent,Other,177332,Hyderabad,Telangana,India,2019-03-25,80,Low
C000648,5,Avery Patel,Female,21,Premium,Healthcare,80976,Liverpool,England,UK,2022-11-06,86,High
C000649,4,Noah Brown,Other,31,Business,Manager,103128,Houston,Texas,USA,2025-01-19,87,Low
C000650,2,Daniel Johnson,Other,23,Affluent,Student,41268,Seattle,Washington,USA,2022-04-03,18,Low
C000651,4,Jamie Moore,Female,73,Affluent,Consultant,112704,Seattle,Washington,USA,2019-03-03,62,Low
C000652,2,Taylor Taylor,Female,49,Business,Business Owner,106858,Seattle,Washington,USA,2020-04-07,8,Low
C000653,2,Taylor Davis,Male,35,Premium,Retired,49616,Seattle,Washington,USA,2024-05-30,92,Low
C000654,10,Riley Moore,Male,56,Mass Market,Engineer,99222,Ahmedabad,Gujarat,India,2023-03-19,51,Low
C000655,1,Vikram Patel,Other,21,Premium,Student,28606,Miami,Florida,USA,2017-04-29,78,Medium
C000656,5,Jordan Singh,Female,60,Affluent,Retired,41839,Liverpool,England,UK,2019-11-26,23,High
C000657,9,Morgan Williams,Female,46,Mass Market,Business Owner,53844,Pune,Maharashtra,India,2018-02-10,68,Medium
C000658,10,Morgan Sharma,Male,47,Affluent,Consultant,27696,Chennai,Tamil Nadu,India,2025-12-29,89,High
C000659,2,Rahul Williams,Other,56,Mass Market,Manager,34695,Dallas,Texas,USA,2019-10-11,95,Low
C000660,2,Chris Moore,Other,26,Premium,Retired,33035,New York,New York,USA,2024-05-23,69,Low
C000661,4,Neha Singh,Female,23,Affluent,Consultant,85468,San Francisco,California,USA,2020-03-14,35,Low
C000662,6,Riley Williams,Female,56,Premium,Other,93927,Birmingham,England,UK,2018-02-13,54,Medium
C000663,10,Sam Kumar,Female,65,Affluent,Business Owner,264978,Hyderabad,Telangana,India,2021-04-19,72,High
C000664,3,Noah Kumar,Male,52,Mass Market,Business Owner,66832,New York,New York,USA,2025-04-10,76,Medium
C000665,2,Sam Moore,Other,30,Affluent,Manager,128725,Chicago,Illinois,USA,2019-04-06,45,Low
C000666,3,Avery Moore,Other,45,Premium,Student,56159,Dallas,Texas,USA,2017-11-22,88,Medium
C000667,9,Jordan Gupta,Female,63,Affluent,Retired,44042,Delhi,Delhi,India,2015-03-20,47,Low
C000668,1,Olivia Smith,Other,31,Premium,Healthcare,40430,Los Angeles,California,USA,2025-03-15,35,Low
C000669,4,Jordan Sharma,Female,57,Premium,Consultant,47478,Dallas,Texas,USA,2017-01-26,38,Low
C000670,2,Vikram Kumar,Other,55,Premium,Consultant,31223,Houston,Texas,USA,2015-05-05,58,Medium
C000671,2,Ananya Kumar,Female,50,Premium,Retired,48425,San Francisco,California,USA,2020-08-21,9,Medium
C000672,10,Sam Martin,Male,71,Premium,Manager,58701,Kolkata,West Bengal,India,2015-05-24,47,Low
C000673,1,Priya Gupta,Other,31,Business,Healthcare,29222,Chicago,Illinois,USA,2019-03-19,86,Low
C000674,4,Jordan Kumar,Male,63,Affluent,Manager,51804,Los Angeles,California,USA,2023-01-16,92,Low
C000675,10,Chris Miller,Female,66,Business,Consultant,67459,Bengaluru,Karnataka,India,2019-03-22,24,Critical
C000676,7,Priya Anderson,Female,47,Affluent,Employee,45058,Hamburg,Hamburg,Germany,2018-02-14,15,Low
C000677,1,Ananya Miller,Female,69,Mass Market,Consultant,48811,Chicago,Illinois,USA,2022-07-07,84,Low
C000678,5,Riley Miller,Other,51,Business,Other,36778,Leeds,England,UK,2015-10-23,31,Low
C000679,10,Noah Martin,Other,45,Mass Market,Consultant,55017,Mumbai,Maharashtra,India,2021-12-21,17,Critical
C000680,5,Ananya Singh,Male,27,Mass Market,Manager,102207,Leeds,England,UK,2015-02-21,5,Critical
C000681,6,Vikram Smith,Other,70,Affluent,Business Owner,40046,Birmingham,England,UK,2017-11-04,67,Low
C000682,6,Neha Clark,Female,70,Mass Market,Business Owner,39554,Leeds,England,UK,2021-08-09,95,Medium
C000683,7,Rahul Lee,Other,45,Business,Employee,402336,Munich,Bavaria,Germany,2023-12-04,24,High
C000684,2,Avery Sharma,Female,57,Affluent,Consultant,35938,Dallas,Texas,USA,2015-05-24,95,Critical
C000685,9,Jamie Martin,Male,49,Business,Healthcare,39859,Mumbai,Maharashtra,India,2023-07-26,17,Low
C000686,10,Emma Johnson,Other,64,Mass Market,Healthcare,74346,Mumbai,Maharashtra,India,2019-03-16,42,Low
C000687,2,Arjun Kumar,Male,65,Premium,Other,40721,Miami,Florida,USA,2024-04-16,54,Medium
C000688,9,Taylor Clark,Female,46,Affluent,Employee,69880,Bengaluru,Karnataka,India,2016-11-04,91,High
C000689,9,Casey Sharma,Female,23,Premium,Other,31517,Ahmedabad,Gujarat,India,2024-10-03,61,Low
C000690,8,Alex Gupta,Other,59,Premium,Consultant,18000,Hyderabad,Telangana,India,2020-05-12,38,Low
C000691,4,Rahul Iyer,Other,71,Premium,Employee,168950,San Francisco,California,USA,2017-10-17,47,Low
C000692,5,Riley Kumar,Other,74,Business,Engineer,38665,London,England,UK,2019-08-19,53,Low
C000693,9,Chris Gupta,Other,32,Business,Business Owner,71608,Chennai,Tamil Nadu,India,2016-07-26,44,Low
C000694,2,Noah Kumar,Other,30,Affluent,Business Owner,98245,Dallas,Texas,USA,2021-08-31,46,Medium
C000695,9,Rahul Sharma,Female,41,Business,Engineer,59921,Chennai,Tamil Nadu,India,2016-11-29,77,Low
C000696,10,Casey Miller,Male,40,Premium,Other,56696,Ahmedabad,Gujarat,India,2017-04-07,87,Critical
C000697,7,Priya Anderson,Female,75,Business,Retired,32105,Munich,Bavaria,Germany,2015-04-06,68,Low
C000698,4,Ananya Taylor,Female,39,Mass Market,Employee,18000,Miami,Florida,USA,2015-11-30,43,Low
C000699,6,Avery Patel,Male,33,Affluent,Healthcare,19682,Leeds,England,UK,2024-02-18,24,Medium
C000700,1,Morgan Clark,Female,73,Business,Consultant,72044,New York,New York,USA,2015-05-07,43,Low
C000701,10,Priya Moore,Female,30,Premium,Employee,24470,Delhi,Delhi,India,2019-10-14,38,Low
C000702,4,Chris Gupta,Male,35,Mass Market,Student,48205,Miami,Florida,USA,2017-06-16,80,Medium
C000703,1,Priya Martin,Male,45,Mass Market,Consultant,24547,Houston,Texas,USA,2019-05-24,77,Low
C000704,8,Taylor Lee,Female,70,Affluent,Business Owner,57228,Kolkata,West Bengal,India,2023-08-13,64,Low
C000705,7,Jordan Thomas,Female,39,Affluent,Student,183004,Berlin,Berlin,Germany,2023-02-15,5,Low
C000706,7,Jamie Gupta,Female,22,Premium,Retired,70912,Frankfurt,Hesse,Germany,2022-03-26,87,Medium
C000707,1,Emma Singh,Male,53,Affluent,Consultant,47643,San Francisco,California,USA,2023-12-07,45,Low
C000708,8,Olivia Lee,Female,31,Mass Market,Other,25193,Kolkata,West Bengal,India,2021-06-02,15,Low
C000709,7,Daniel Moore,Other,40,Business,Healthcare,98616,Munich,Bavaria,Germany,2017-10-20,66,Medium
C000710,8,Alex Williams,Female,37,Affluent,Other,155749,Bengaluru,Karnataka,India,2025-05-12,67,Low
C000711,9,Ananya Clark,Male,26,Premium,Retired,134316,Delhi,Delhi,India,2019-09-15,45,High
C000712,3,Chris Johnson,Other,57,Mass Market,Engineer,136914,Los Angeles,California,USA,2019-07-31,50,Low
C000713,3,Casey Kumar,Other,41,Business,Healthcare,32156,Chicago,Illinois,USA,2020-12-12,94,Medium
C000714,10,Arjun Thomas,Female,22,Business,Consultant,45693,Delhi,Delhi,India,2016-09-23,71,Low
C000715,6,Jordan Miller,Other,69,Mass Market,Consultant,61650,Leeds,England,UK,2023-11-06,85,Low
C000716,5,Chris Sharma,Other,26,Premium,Manager,111639,Manchester,England,UK,2018-03-27,91,Low
C000717,3,Ananya Iyer,Female,28,Affluent,Retired,80515,Miami,Florida,USA,2021-02-04,54,Medium
C000718,7,Ananya Kumar,Female,39,Premium,Consultant,126802,Munich,Bavaria,Germany,2021-10-29,57,Low
C000719,8,Rahul Davis,Other,34,Business,Manager,208898,Chennai,Tamil Nadu,India,2016-08-11,41,Low
C000720,1,Noah Moore,Male,29,Affluent,Healthcare,38053,Miami,Florida,USA,2018-09-01,59,Low
C000721,6,Riley Iyer,Male,35,Affluent,Other,19103,Manchester,England,UK,2024-08-21,41,Low
C000722,10,Priya Smith,Male,46,Mass Market,Student,31631,Bengaluru,Karnataka,India,2025-02-11,31,Low
C000723,3,Ananya Thomas,Male,59,Premium,Other,43400,New York,New York,USA,2020-04-26,8,Medium
C000724,3,Morgan Iyer,Other,38,Mass Market,Healthcare,261693,Chicago,Illinois,USA,2023-04-12,60,Low
C000725,9,Riley Smith,Other,27,Mass Market,Retired,28239,Pune,Maharashtra,India,2021-06-23,67,Low
C000726,1,Alex Thomas,Male,75,Affluent,Student,60142,San Francisco,California,USA,2025-07-01,16,Medium
C000727,4,Arjun Lee,Male,63,Affluent,Student,76795,New York,New York,USA,2015-04-29,14,Medium
C000728,5,Jordan Gupta,Male,25,Affluent,Business Owner,120442,Manchester,England,UK,2017-12-06,69,Medium
C000729,8,Jamie Williams,Other,50,Mass Market,Other,56193,Mumbai,Maharashtra,India,2019-03-21,76,Medium
C000730,2,Jordan Martin,Male,31,Affluent,Manager,45062,San Francisco,California,USA,2022-09-23,61,High
C000731,5,Sam Brown,Female,57,Premium,Other,40626,Manchester,England,UK,2024-02-13,6,Low
C000732,2,Noah Kumar,Female,72,Affluent,Retired,72624,Dallas,Texas,USA,2025-02-15,86,Critical
C000733,8,Daniel Lee,Male,69,Affluent,Consultant,171169,Pune,Maharashtra,India,2022-03-03,66,High
C000734,7,Priya Johnson,Male,72,Affluent,Business Owner,173085,Munich,Bavaria,Germany,2022-12-17,45,Low
C000735,5,Jordan Patel,Other,59,Mass Market,Retired,44049,Manchester,England,UK,2016-11-16,28,Low
C000736,4,Chris Smith,Male,28,Mass Market,Consultant,97405,Dallas,Texas,USA,2025-09-13,20,Low
C000737,2,Arjun Patel,Male,58,Affluent,Healthcare,73363,New York,New York,USA,2025-04-05,6,Low
C000738,10,Olivia Kumar,Female,45,Affluent,Retired,45709,Chennai,Tamil Nadu,India,2015-05-17,10,High
C000739,7,Jamie Miller,Female,58,Mass Market,Engineer,163310,Cologne,North Rhine-Westphalia,Germany,2025-05-09,69,Low
C000740,4,Ananya Anderson,Male,36,Mass Market,Retired,45745,Los Angeles,California,USA,2022-06-15,51,High
C000741,5,Sam Singh,Male,25,Mass Market,Student,32243,Leeds,England,UK,2020-10-10,69,Medium
C000742,8,Emma Sharma,Other,58,Affluent,Other,31469,Mumbai,Maharashtra,India,2019-04-24,45,Low
C000743,8,Sam Clark,Female,70,Business,Healthcare,48344,Delhi,Delhi,India,2017-03-22,79,High
C000744,5,Ananya Miller,Male,67,Affluent,Retired,36248,Leeds,England,UK,2020-10-05,10,Low
C000745,4,Morgan Davis,Female,28,Business,Other,26561,Chicago,Illinois,USA,2021-02-25,8,Low
C000746,7,Alex Smith,Other,43,Affluent,Student,88315,Cologne,North Rhine-Westphalia,Germany,2017-05-27,79,High
C000747,7,Priya Iyer,Male,53,Premium,Employee,99094,Berlin,Berlin,Germany,2018-12-23,25,Low
C000748,6,Neha Miller,Male,49,Premium,Consultant,182402,London,England,UK,2022-03-18,22,Low
C000749,1,Jamie Davis,Other,73,Affluent,Healthcare,49085,Chicago,Illinois,USA,2019-04-05,86,Critical
C000750,5,Priya Kumar,Female,68,Mass Market,Consultant,27704,Liverpool,England,UK,2023-10-26,34,Low
C000751,7,Alex Anderson,Other,68,Mass Market,Business Owner,57427,Hamburg,Hamburg,Germany,2024-03-17,56,Low
C000752,10,Daniel Taylor,Other,53,Business,Business Owner,95421,Delhi,Delhi,India,2022-06-30,70,Critical
C000753,6,Olivia Moore,Female,51,Business,Other,40121,Manchester,England,UK,2024-12-30,73,High
C000754,4,Priya Moore,Male,21,Business,Healthcare,33402,San Francisco,California,USA,2021-03-29,85,Medium
C000755,6,Rahul Gupta,Female,33,Business,Manager,114701,London,England,UK,2016-09-21,8,Low
C000756,2,Taylor Smith,Female,67,Mass Market,Student,103269,Los Angeles,California,USA,2025-09-17,25,Low
C000757,1,Neha Smith,Other,75,Mass Market,Student,113066,Miami,Florida,USA,2025-10-06,62,Low
C000758,7,Rahul Singh,Female,59,Business,Business Owner,26459,Cologne,North Rhine-Westphalia,Germany,2020-12-04,79,High
C000759,10,Chris Williams,Male,30,Affluent,Healthcare,190019,Delhi,Delhi,India,2015-09-19,14,Critical
C000760,9,Alex Taylor,Male,45,Business,Student,112649,Bengaluru,Karnataka,India,2018-11-06,46,High
C000761,6,Casey Iyer,Male,31,Premium,Engineer,25984,Liverpool,England,UK,2022-09-10,50,Low
C000762,1,Daniel Moore,Female,73,Premium,Engineer,31836,New York,New York,USA,2022-03-02,28,High
C000763,10,Vikram Lee,Male,61,Premium,Retired,64159,Delhi,Delhi,India,2018-09-01,26,Medium
C000764,5,Sam Lee,Other,41,Business,Business Owner,39137,Manchester,England,UK,2025-04-27,90,Low
C000765,3,Chris Singh,Other,44,Affluent,Other,40479,Houston,Texas,USA,2022-02-23,89,High
C000766,9,Daniel Johnson,Female,31,Affluent,Student,61316,Ahmedabad,Gujarat,India,2015-11-26,9,Medium
C000767,8,Avery Miller,Female,38,Affluent,Healthcare,95952,Bengaluru,Karnataka,India,2018-09-20,73,Medium
C000768,8,Avery Williams,Other,71,Business,Employee,79899,Hyderabad,Telangana,India,2021-08-06,51,Low
C000769,3,Chris Singh,Male,52,Business,Engineer,57149,San Francisco,California,USA,2024-08-02,62,Low
C000770,10,Riley Patel,Female,35,Mass Market,Engineer,57730,Delhi,Delhi,India,2018-05-17,25,Low
C000771,5,Priya Clark,Other,57,Mass Market,Business Owner,54622,Birmingham,England,UK,2019-04-28,81,Medium
C000772,6,Priya Brown,Male,33,Business,Other,89327,Leeds,England,UK,2022-07-16,61,Medium
C000773,8,Daniel Miller,Other,50,Business,Other,71484,Pune,Maharashtra,India,2020-08-09,25,Low
C000774,7,Olivia Anderson,Female,27,Affluent,Retired,365517,Berlin,Berlin,Germany,2017-01-30,65,High
C000775,2,Daniel Lee,Male,27,Premium,Healthcare,85732,New York,New York,USA,2021-11-15,75,Low
C000776,4,Chris Brown,Other,72,Business,Engineer,73736,Los Angeles,California,USA,2022-09-21,58,Low
C000777,4,Ananya Wilson,Other,41,Premium,Engineer,84567,Seattle,Washington,USA,2025-07-28,69,Critical
C000778,10,Ananya Davis,Male,62,Mass Market,Employee,137190,Chennai,Tamil Nadu,India,2023-01-06,82,Medium
C000779,8,Olivia Wilson,Other,43,Business,Manager,47168,Mumbai,Maharashtra,India,2018-08-10,14,Low
C000780,4,Taylor Brown,Male,43,Mass Market,Other,91546,Seattle,Washington,USA,2019-10-17,64,Low
C000781,8,Riley Singh,Other,32,Business,Employee,59683,Hyderabad,Telangana,India,2016-03-18,94,Low
C000782,8,Ananya Martin,Male,52,Mass Market,Other,18000,Ahmedabad,Gujarat,India,2016-12-12,95,Low
C000783,4,Casey Brown,Other,72,Mass Market,Student,124752,New York,New York,USA,2019-04-22,8,Low
C000784,5,Taylor Singh,Other,28,Mass Market,Healthcare,43092,London,England,UK,2023-04-12,23,Medium
C000785,9,Alex Patel,Female,34,Affluent,Employee,73712,Hyderabad,Telangana,India,2015-12-02,73,High
C000786,6,Ananya Singh,Other,72,Business,Business Owner,32103,Leeds,England,UK,2022-04-08,71,Low
C000787,2,Riley Clark,Other,47,Premium,Other,73895,Miami,Florida,USA,2017-12-08,65,Low
C000788,8,Vikram Gupta,Male,68,Premium,Student,40367,Bengaluru,Karnataka,India,2015-09-17,58,Low
C000789,6,Rahul Brown,Male,48,Affluent,Manager,127457,London,England,UK,2025-01-24,11,Low
C000790,6,Vikram Williams,Female,74,Premium,Employee,101157,Manchester,England,UK,2019-12-22,67,Low
C000791,8,Olivia Smith,Male,58,Affluent,Other,45919,Kolkata,West Bengal,India,2022-10-02,18,Low
C000792,10,Casey Thomas,Male,52,Affluent,Healthcare,62960,Chennai,Tamil Nadu,India,2019-08-11,65,Low
C000793,4,Avery Wilson,Male,74,Mass Market,Business Owner,60496,New York,New York,USA,2018-05-23,94,Low
C000794,5,Olivia Iyer,Male,40,Business,Manager,31560,Manchester,England,UK,2025-09-05,8,Low
C000795,2,Casey Martin,Other,24,Mass Market,Retired,38766,Seattle,Washington,USA,2022-09-11,6,High
C000796,7,Casey Johnson,Female,63,Business,Employee,38231,Frankfurt,Hesse,Germany,2022-09-24,58,Low
C000797,5,Sam Williams,Male,58,Affluent,Manager,32856,Manchester,England,UK,2023-01-26,48,Medium
C000798,4,Ananya Patel,Other,39,Mass Market,Student,122896,Los Angeles,California,USA,2018-05-11,62,Low
C000799,7,Vikram Lee,Female,22,Business,Healthcare,98173,Berlin,Berlin,Germany,2023-11-19,72,Low
C000800,5,Neha Thomas,Male,56,Affluent,Other,57310,London,England,UK,2015-04-08,19,Low
C000801,5,Jamie Moore,Female,70,Premium,Other,182067,Liverpool,England,UK,2025-10-18,83,Medium
C000802,5,Riley Wilson,Female,51,Affluent,Student,26817,London,England,UK,2018-01-01,23,Low
C000803,3,Chris Iyer,Male,55,Business,Manager,89101,Chicago,Illinois,USA,2019-07-02,40,Low
C000804,2,Priya Thomas,Male,27,Premium,Business Owner,22772,Houston,Texas,USA,2018-09-25,40,Critical
C000805,9,Priya Patel,Male,53,Premium,Business Owner,32426,Bengaluru,Karnataka,India,2019-10-14,38,Medium
C000806,1,Jordan Kumar,Female,44,Premium,Healthcare,133390,Houston,Texas,USA,2024-08-04,94,Medium
C000807,4,Ananya Patel,Female,48,Business,Healthcare,82569,Houston,Texas,USA,2025-04-04,93,Low
C000808,7,Vikram Kumar,Other,37,Business,Healthcare,68282,Cologne,North Rhine-Westphalia,Germany,2016-07-20,50,Medium
C000809,2,Avery Thomas,Female,37,Business,Other,33824,San Francisco,California,USA,2024-06-04,21,Low
C000810,7,Avery Sharma,Female,33,Premium,Other,28771,Munich,Bavaria,Germany,2016-08-14,36,Medium
C000811,8,Priya Clark,Female,64,Premium,Business Owner,94529,Hyderabad,Telangana,India,2015-02-01,24,High
C000812,7,Rahul Kumar,Other,45,Affluent,Manager,68395,Berlin,Berlin,Germany,2019-05-23,77,High
C000813,4,Ananya Wilson,Male,30,Affluent,Student,73944,Los Angeles,California,USA,2019-07-17,88,Low
C000814,1,Jamie Miller,Male,28,Affluent,Retired,75204,Miami,Florida,USA,2025-11-08,90,Low
C000815,9,Arjun Brown,Female,29,Mass Market,Engineer,42066,Ahmedabad,Gujarat,India,2025-06-22,32,Medium
C000816,4,Priya Anderson,Female,59,Premium,Consultant,40160,Seattle,Washington,USA,2018-11-26,81,Medium
C000817,9,Alex Sharma,Other,48,Premium,Healthcare,70729,Hyderabad,Telangana,India,2018-12-20,32,High
C000818,2,Jamie Brown,Male,65,Affluent,Engineer,88853,Houston,Texas,USA,2020-08-19,77,Low
C000819,2,Taylor Smith,Other,36,Mass Market,Consultant,34089,New York,New York,USA,2024-02-05,76,Medium
C000820,8,Daniel Gupta,Male,59,Affluent,Retired,57828,Hyderabad,Telangana,India,2016-04-11,69,Low
C000821,10,Alex Martin,Other,72,Premium,Consultant,88162,Hyderabad,Telangana,India,2020-10-17,6,High
C000822,9,Priya Lee,Male,23,Business,Healthcare,61993,Delhi,Delhi,India,2023-09-25,19,Medium
C000823,8,Avery Patel,Female,58,Mass Market,Engineer,93930,Chennai,Tamil Nadu,India,2025-05-30,51,Low
C000824,3,Arjun Miller,Other,36,Premium,Manager,65354,Miami,Florida,USA,2015-02-08,56,High
C000825,10,Alex Williams,Female,29,Premium,Engineer,87347,Delhi,Delhi,India,2019-01-09,71,Low
C000826,7,Taylor Smith,Other,40,Mass Market,Healthcare,19460,Cologne,North Rhine-Westphalia,Germany,2025-06-20,73,Low
C000827,2,Olivia Brown,Other,56,Business,Employee,75876,Dallas,Texas,USA,2023-02-18,62,Low
C000828,2,Olivia Williams,Male,34,Mass Market,Business Owner,148925,Los Angeles,California,USA,2021-04-16,5,Low
C000829,9,Arjun Sharma,Other,74,Premium,Other,135385,Ahmedabad,Gujarat,India,2021-01-23,88,Medium
C000830,3,Rahul Miller,Other,39,Premium,Healthcare,78321,San Francisco,California,USA,2017-06-10,77,Low
C000831,8,Casey Miller,Other,58,Business,Other,28515,Bengaluru,Karnataka,India,2018-05-09,44,High
C000832,2,Chris Anderson,Female,30,Premium,Other,69038,Los Angeles,California,USA,2025-02-02,46,Medium
C000833,3,Vikram Lee,Other,64,Business,Student,64463,Los Angeles,California,USA,2019-05-28,45,Low
C000834,3,Alex Miller,Female,58,Mass Market,Business Owner,70610,Seattle,Washington,USA,2020-01-03,58,Low
C000835,3,Arjun Thomas,Female,50,Affluent,Student,66180,Chicago,Illinois,USA,2016-07-17,26,Low
C000836,7,Rahul Patel,Male,73,Affluent,Retired,80641,Frankfurt,Hesse,Germany,2018-12-04,46,Low
C000837,10,Daniel Singh,Female,63,Affluent,Employee,40166,Bengaluru,Karnataka,India,2019-07-08,83,Low
C000838,10,Avery Anderson,Female,32,Premium,Manager,30906,Hyderabad,Telangana,India,2025-08-18,25,Medium
C000839,8,Avery Brown,Male,35,Premium,Healthcare,98015,Pune,Maharashtra,India,2022-01-26,83,Low
C000840,3,Rahul Moore,Other,73,Business,Business Owner,108589,New York,New York,USA,2024-08-04,71,High
C000841,10,Rahul Kumar,Other,54,Affluent,Retired,119470,Delhi,Delhi,India,2015-07-18,82,High
C000842,6,Jamie Davis,Female,35,Affluent,Student,141138,Manchester,England,UK,2019-03-04,5,Medium
C000843,6,Rahul Miller,Other,26,Affluent,Employee,141955,Birmingham,England,UK,2020-11-27,21,Low
C000844,8,Noah Brown,Male,49,Mass Market,Engineer,105782,Mumbai,Maharashtra,India,2025-08-29,39,Medium
C000845,8,Alex Singh,Male,34,Affluent,Consultant,168261,Delhi,Delhi,India,2025-06-09,83,Low
C000846,10,Riley Brown,Male,32,Premium,Student,240029,Ahmedabad,Gujarat,India,2015-05-31,56,Low
C000847,6,Olivia Clark,Female,35,Business,Retired,80550,Manchester,England,UK,2015-11-01,49,Low
C000848,7,Ananya Davis,Other,48,Mass Market,Employee,27145,Hamburg,Hamburg,Germany,2015-06-01,36,Critical
C000849,8,Casey Iyer,Male,31,Business,Engineer,65669,Chennai,Tamil Nadu,India,2022-05-25,79,Medium
C000850,3,Taylor Singh,Other,31,Affluent,Retired,22484,Miami,Florida,USA,2019-12-10,27,Low
C000851,4,Morgan Smith,Male,63,Business,Retired,69179,Houston,Texas,USA,2020-07-26,56,Low
C000852,7,Alex Patel,Female,57,Mass Market,Business Owner,42073,Munich,Bavaria,Germany,2020-02-18,37,Low
C000853,1,Chris Sharma,Female,27,Mass Market,Healthcare,49695,Los Angeles,California,USA,2018-10-12,36,Low
C000854,4,Taylor Singh,Male,53,Mass Market,Manager,74492,Houston,Texas,USA,2021-10-05,70,Low
C000855,8,Sam Smith,Other,64,Mass Market,Manager,25009,Chennai,Tamil Nadu,India,2017-02-22,58,Low
C000856,10,Alex Miller,Female,75,Business,Healthcare,118714,Mumbai,Maharashtra,India,2018-03-24,73,Low
C000857,6,Ananya Moore,Male,71,Mass Market,Other,45789,Birmingham,England,UK,2018-12-30,15,Low
C000858,4,Sam Clark,Other,53,Mass Market,Engineer,324864,Los Angeles,California,USA,2023-04-19,53,Low
C000859,5,Jamie Smith,Other,64,Premium,Healthcare,73728,London,England,UK,2016-11-14,71,Medium
C000860,7,Jamie Gupta,Other,61,Mass Market,Retired,113372,Hamburg,Hamburg,Germany,2023-09-20,54,Medium
C000861,6,Chris Thomas,Male,43,Mass Market,Retired,47467,Birmingham,England,UK,2017-08-14,23,Low
C000862,1,Sam Lee,Female,29,Mass Market,Employee,119946,Chicago,Illinois,USA,2023-12-15,29,Medium
C000863,6,Taylor Gupta,Other,42,Business,Employee,47166,Leeds,England,UK,2021-03-20,61,Low
C000864,5,Noah Anderson,Other,35,Mass Market,Healthcare,70463,London,England,UK,2015-09-25,21,Low
C000865,8,Alex Davis,Male,64,Premium,Manager,18091,Delhi,Delhi,India,2016-09-23,56,Low
C000866,9,Vikram Davis,Female,47,Mass Market,Consultant,192889,Ahmedabad,Gujarat,India,2019-09-06,34,High
C000867,10,Morgan Wilson,Female,69,Premium,Consultant,144427,Kolkata,West Bengal,India,2021-02-26,39,Low
C000868,7,Rahul Miller,Female,53,Mass Market,Business Owner,68394,Frankfurt,Hesse,Germany,2025-06-18,30,Low
C000869,4,Chris Sharma,Other,32,Mass Market,Employee,71625,Seattle,Washington,USA,2023-09-04,28,High
C000870,5,Daniel Wilson,Female,75,Mass Market,Other,31740,Leeds,England,UK,2021-07-06,91,Low
C000871,2,Chris Gupta,Other,68,Business,Employee,46862,Dallas,Texas,USA,2019-03-24,13,Medium
C000872,10,Vikram Patel,Other,62,Mass Market,Healthcare,67460,Chennai,Tamil Nadu,India,2020-09-28,92,Low
C000873,9,Ananya Patel,Female,73,Mass Market,Consultant,31765,Pune,Maharashtra,India,2021-04-01,82,Low
C000874,9,Rahul Lee,Male,52,Premium,Healthcare,171932,Chennai,Tamil Nadu,India,2015-03-16,21,Low
C000875,4,Riley Gupta,Male,29,Premium,Healthcare,99918,Chicago,Illinois,USA,2023-11-26,25,Medium
C000876,4,Noah Brown,Male,30,Affluent,Business Owner,89922,Dallas,Texas,USA,2023-01-23,59,Low
C000877,9,Alex Clark,Other,31,Affluent,Engineer,60904,Hyderabad,Telangana,India,2017-04-11,56,Low
C000878,6,Emma Smith,Male,74,Premium,Student,23544,Manchester,England,UK,2019-05-20,13,Low
C000879,8,Neha Sharma,Male,43,Business,Engineer,96154,Chennai,Tamil Nadu,India,2015-03-07,8,Low
C000880,5,Riley Smith,Other,65,Premium,Business Owner,66547,Liverpool,England,UK,2018-10-10,49,Medium
C000881,5,Taylor Smith,Male,72,Affluent,Retired,60178,Manchester,England,UK,2016-09-06,69,Medium
C000882,7,Neha Miller,Other,66,Mass Market,Healthcare,71790,Berlin,Berlin,Germany,2022-09-29,73,Low
C000883,9,Priya Davis,Female,42,Affluent,Other,27736,Delhi,Delhi,India,2018-07-07,84,Low
C000884,4,Olivia Kumar,Female,44,Affluent,Other,48574,Los Angeles,California,USA,2022-11-11,26,Low
C000885,9,Vikram Davis,Other,65,Affluent,Engineer,26783,Mumbai,Maharashtra,India,2020-07-04,29,Low
C000886,3,Jamie Iyer,Female,64,Business,Business Owner,56485,Dallas,Texas,USA,2017-03-01,83,Medium
C000887,5,Avery Smith,Male,43,Affluent,Healthcare,139733,Birmingham,England,UK,2019-11-05,61,Medium
C000888,10,Noah Iyer,Female,60,Business,Consultant,67410,Chennai,Tamil Nadu,India,2024-03-07,30,Low
C000889,10,Casey Clark,Other,73,Mass Market,Retired,102604,Hyderabad,Telangana,India,2015-03-13,58,High
C000890,10,Taylor Wilson,Male,57,Affluent,Healthcare,120963,Chennai,Tamil Nadu,India,2024-08-11,76,Medium
C000891,4,Sam Taylor,Female,23,Mass Market,Engineer,171176,Seattle,Washington,USA,2018-03-31,5,Low
C000892,9,Noah Iyer,Female,30,Mass Market,Healthcare,39124,Hyderabad,Telangana,India,2023-06-24,64,Low
C000893,10,Noah Moore,Male,55,Premium,Student,19863,Pune,Maharashtra,India,2021-02-17,63,Low
C000894,10,Arjun Iyer,Other,72,Business,Student,143155,Bengaluru,Karnataka,India,2020-03-25,83,Low
C000895,1,Taylor Miller,Other,66,Mass Market,Employee,41636,Seattle,Washington,USA,2015-05-08,22,Medium
C000896,8,Rahul Martin,Female,37,Affluent,Consultant,48749,Ahmedabad,Gujarat,India,2025-05-17,80,Medium
C000897,10,Olivia Clark,Male,62,Mass Market,Business Owner,97131,Ahmedabad,Gujarat,India,2019-04-03,19,Low
C000898,8,Taylor Smith,Female,66,Business,Other,18000,Ahmedabad,Gujarat,India,2016-05-01,81,Low
C000899,3,Vikram Martin,Male,74,Mass Market,Employee,51783,New York,New York,USA,2020-05-18,49,Low
C000900,8,Vikram Martin,Female,64,Business,Healthcare,142843,Mumbai,Maharashtra,India,2022-03-22,7,Low
C000901,2,Jordan Miller,Male,58,Business,Business Owner,57424,Miami,Florida,USA,2024-04-16,25,Low
C000902,5,Vikram Sharma,Male,55,Affluent,Other,89181,Liverpool,England,UK,2021-09-10,87,Low
C000903,7,Chris Gupta,Male,60,Business,Other,48545,Cologne,North Rhine-Westphalia,Germany,2015-04-04,62,Low
C000904,5,Olivia Johnson,Other,49,Affluent,Student,54287,London,England,UK,2016-01-06,31,High
C000905,7,Avery Smith,Other,51,Mass Market,Business Owner,20407,Munich,Bavaria,Germany,2016-07-13,69,Medium
C000906,3,Riley Anderson,Male,21,Mass Market,Manager,22237,Chicago,Illinois,USA,2019-12-21,95,Low
C000907,7,Alex Lee,Female,25,Business,Engineer,33142,Frankfurt,Hesse,Germany,2024-03-13,38,Medium
C000908,7,Noah Taylor,Other,32,Business,Retired,83800,Cologne,North Rhine-Westphalia,Germany,2021-01-31,88,Low
C000909,7,Sam Singh,Male,64,Affluent,Engineer,228461,Berlin,Berlin,Germany,2021-07-23,69,Low
C000910,3,Chris Kumar,Female,56,Mass Market,Healthcare,87713,San Francisco,California,USA,2017-02-20,72,Low
C000911,4,Vikram Smith,Other,66,Affluent,Retired,116192,Chicago,Illinois,USA,2020-02-19,57,Low
C000912,3,Chris Smith,Male,70,Premium,Engineer,60075,Chicago,Illinois,USA,2021-07-30,79,Low
C000913,5,Alex Sharma,Female,44,Mass Market,Other,46970,Liverpool,England,UK,2017-06-13,12,Medium
C000914,6,Casey Brown,Female,66,Affluent,Other,58576,Manchester,England,UK,2019-02-24,33,Low
C000915,4,Priya Iyer,Other,47,Premium,Manager,29074,Los Angeles,California,USA,2017-03-20,53,High
C000916,5,Sam Smith,Female,71,Premium,Student,37101,Birmingham,England,UK,2023-09-17,48,Low
C000917,3,Taylor Patel,Other,67,Premium,Retired,73522,Houston,Texas,USA,2024-05-13,59,Critical
C000918,3,Emma Williams,Other,64,Affluent,Other,28326,Dallas,Texas,USA,2022-08-22,28,Medium
C000919,7,Alex Johnson,Male,36,Premium,Employee,56506,Munich,Bavaria,Germany,2019-08-14,16,Low
C000920,9,Ananya Thomas,Female,43,Business,Engineer,101810,Hyderabad,Telangana,India,2025-05-13,18,Low
C000921,3,Jordan Kumar,Female,72,Mass Market,Other,25857,New York,New York,USA,2022-11-25,47,Low
C000922,9,Sam Williams,Female,24,Affluent,Manager,156258,Delhi,Delhi,India,2022-08-04,52,Critical
C000923,6,Vikram Anderson,Male,46,Mass Market,Engineer,36905,Liverpool,England,UK,2017-07-13,24,Low
C000924,2,Emma Clark,Female,68,Affluent,Student,120859,Houston,Texas,USA,2017-05-06,41,Medium
C000925,4,Vikram Wilson,Male,27,Mass Market,Manager,43852,Houston,Texas,USA,2022-06-13,42,Low
C000926,1,Olivia Williams,Female,43,Mass Market,Student,23702,New York,New York,USA,2021-05-06,75,Low
C000927,1,Rahul Taylor,Other,44,Business,Engineer,31191,Houston,Texas,USA,2023-04-17,16,Medium
C000928,4,Rahul Anderson,Female,63,Premium,Student,67551,Seattle,Washington,USA,2016-04-15,31,Low
C000929,5,Chris Williams,Female,35,Premium,Engineer,18000,Liverpool,England,UK,2017-09-12,29,Low
C000930,8,Morgan Iyer,Female,46,Affluent,Manager,31858,Bengaluru,Karnataka,India,2015-04-18,7,High
C000931,2,Avery Davis,Male,55,Premium,Employee,116395,Seattle,Washington,USA,2025-05-26,75,Low
C000932,9,Taylor Gupta,Other,44,Business,Other,69400,Chennai,Tamil Nadu,India,2025-08-12,95,Medium
C000933,3,Emma Wilson,Male,29,Affluent,Employee,18000,San Francisco,California,USA,2022-07-24,39,High
C000934,2,Noah Gupta,Other,70,Affluent,Manager,57091,New York,New York,USA,2025-03-22,10,Medium
C000935,7,Neha Williams,Male,53,Affluent,Manager,73319,Hamburg,Hamburg,Germany,2018-12-20,25,Medium
C000936,8,Noah Martin,Female,57,Premium,Employee,84051,Pune,Maharashtra,India,2023-05-21,28,Low
C000937,7,Olivia Moore,Female,53,Premium,Business Owner,139713,Berlin,Berlin,Germany,2024-02-12,25,Low
C000938,2,Vikram Wilson,Other,53,Mass Market,Business Owner,93624,Los Angeles,California,USA,2018-12-09,54,High
C000939,2,Jamie Clark,Female,42,Mass Market,Healthcare,113239,Chicago,Illinois,USA,2022-10-06,24,Low
C000940,4,Vikram Iyer,Other,30,Affluent,Other,88084,Miami,Florida,USA,2018-04-30,84,Low
C000941,5,Taylor Singh,Other,62,Premium,Employee,98478,Liverpool,England,UK,2015-06-30,66,Low
C000942,10,Riley Patel,Other,43,Mass Market,Other,117033,Kolkata,West Bengal,India,2019-12-02,48,Low
C000943,3,Rahul Martin,Male,47,Premium,Other,89495,Los Angeles,California,USA,2019-06-14,21,Low
C000944,2,Emma Johnson,Male,26,Mass Market,Business Owner,41701,New York,New York,USA,2020-11-06,40,Low
C000945,10,Arjun Johnson,Male,72,Business,Retired,81295,Pune,Maharashtra,India,2019-01-20,14,Medium
C000946,2,Alex Sharma,Other,44,Premium,Other,130830,Los Angeles,California,USA,2021-02-26,36,Medium
C000947,1,Taylor Miller,Other,33,Premium,Healthcare,48614,Miami,Florida,USA,2016-11-20,24,High
C000948,5,Riley Williams,Male,65,Mass Market,Healthcare,85430,Leeds,England,UK,2016-07-29,30,Low
C000949,5,Vikram Sharma,Female,58,Premium,Other,111582,Manchester,England,UK,2015-08-27,51,Medium
C000950,7,Rahul Clark,Female,23,Mass Market,Consultant,85052,Berlin,Berlin,Germany,2019-02-16,64,High
C000951,9,Alex Patel,Female,44,Affluent,Business Owner,88240,Chennai,Tamil Nadu,India,2015-08-05,82,High
C000952,10,Chris Smith,Female,40,Mass Market,Manager,69027,Mumbai,Maharashtra,India,2018-05-06,80,Medium
C000953,3,Jamie Sharma,Other,22,Affluent,Healthcare,50580,San Francisco,California,USA,2022-12-30,26,Low
C000954,10,Noah Patel,Female,63,Business,Employee,82614,Pune,Maharashtra,India,2023-02-18,30,Low
C000955,7,Alex Gupta,Male,55,Affluent,Manager,76359,Berlin,Berlin,Germany,2022-09-22,42,Medium
C000956,1,Neha Clark,Male,23,Mass Market,Healthcare,69862,Miami,Florida,USA,2016-07-29,93,Medium
C000957,10,Alex Brown,Male,32,Affluent,Business Owner,144904,Kolkata,West Bengal,India,2016-11-22,82,Low
C000958,2,Casey Smith,Female,74,Premium,Student,118436,Houston,Texas,USA,2024-07-20,85,High
C000959,6,Sam Singh,Female,34,Business,Engineer,75661,Manchester,England,UK,2021-01-30,16,Medium
C000960,8,Ananya Martin,Other,32,Mass Market,Retired,128545,Delhi,Delhi,India,2025-07-06,65,Medium
C000961,3,Ananya Anderson,Other,57,Premium,Engineer,54587,San Francisco,California,USA,2021-09-18,73,Low
C000962,3,Vikram Kumar,Female,42,Premium,Manager,53583,Houston,Texas,USA,2015-07-29,27,Critical
C000963,5,Daniel Taylor,Female,68,Premium,Consultant,32673,Birmingham,England,UK,2020-10-21,44,Low
C000964,9,Alex Taylor,Male,47,Affluent,Consultant,35224,Ahmedabad,Gujarat,India,2025-06-19,76,Low
C000965,3,Sam Thomas,Male,45,Affluent,Healthcare,113942,Los Angeles,California,USA,2017-04-08,74,Low
C000966,7,Neha Lee,Male,72,Premium,Healthcare,46851,Frankfurt,Hesse,Germany,2018-01-03,52,Low
C000967,5,Arjun Iyer,Female,51,Affluent,Student,39387,London,England,UK,2022-10-27,41,Low
C000968,2,Arjun Moore,Female,58,Mass Market,Other,234559,Chicago,Illinois,USA,2018-08-17,27,High
C000969,8,Jordan Williams,Female,57,Mass Market,Employee,58389,Chennai,Tamil Nadu,India,2016-12-20,75,Critical
C000970,9,Emma Williams,Male,42,Mass Market,Business Owner,47360,Hyderabad,Telangana,India,2019-03-21,93,Low
C000971,6,Olivia Patel,Female,32,Mass Market,Consultant,45011,Leeds,England,UK,2022-05-17,94,Low
C000972,2,Jordan Miller,Other,64,Premium,Student,22798,New York,New York,USA,2024-10-11,73,Low
C000973,2,Arjun Moore,Other,60,Business,Business Owner,299853,Seattle,Washington,USA,2022-01-09,59,Low
C000974,5,Rahul Williams,Other,74,Business,Other,57233,Liverpool,England,UK,2021-08-17,41,High
C000975,6,Ananya Johnson,Male,69,Mass Market,Retired,34721,London,England,UK,2015-11-05,60,Critical
C000976,6,Chris Iyer,Female,43,Premium,Consultant,162765,London,England,UK,2017-05-23,23,Medium
C000977,3,Ananya Brown,Female,55,Premium,Employee,41613,Miami,Florida,USA,2015-10-22,19,Low
C000978,6,Avery Anderson,Male,28,Premium,Other,128537,Birmingham,England,UK,2024-01-28,85,Low
C000979,3,Emma Lee,Other,37,Premium,Retired,62269,Chicago,Illinois,USA,2015-05-08,79,Low
C000980,7,Priya Smith,Male,72,Premium,Retired,68236,Frankfurt,Hesse,Germany,2016-03-10,28,Low
C000981,8,Riley Anderson,Male,56,Business,Retired,46023,Mumbai,Maharashtra,India,2018-11-26,46,Low
C000982,7,Vikram Brown,Other,34,Business,Other,46530,Cologne,North Rhine-Westphalia,Germany,2018-01-19,45,Low
C000983,1,Avery Kumar,Other,53,Premium,Manager,71972,New York,New York,USA,2020-10-10,51,High
C000984,10,Taylor Smith,Male,34,Premium,Business Owner,68247,Delhi,Delhi,India,2015-10-04,6,Low
C000985,1,Casey Kumar,Female,56,Premium,Business Owner,56620,Chicago,Illinois,USA,2016-07-17,53,Medium
C000986,10,Ananya Taylor,Male,66,Premium,Retired,43687,Mumbai,Maharashtra,India,2018-07-13,11,Medium
C000987,1,Sam Taylor,Male,27,Premium,Healthcare,48934,San Francisco,California,USA,2015-07-29,13,Low
C000988,6,Ananya Singh,Male,29,Mass Market,Healthcare,444876,Birmingham,England,UK,2017-06-12,10,Low
C000989,2,Riley Martin,Male,66,Affluent,Business Owner,41729,Dallas,Texas,USA,2020-10-22,86,Low
C000990,1,Vikram Williams,Other,62,Affluent,Consultant,84152,Miami,Florida,USA,2025-05-27,49,Low
C000991,7,Ananya Iyer,Female,30,Premium,Business Owner,114371,Munich,Bavaria,Germany,2020-10-27,73,Medium
C000992,8,Sam Patel,Other,74,Affluent,Student,41406,Delhi,Delhi,India,2016-09-15,53,Critical
C000993,2,Chris Kumar,Other,41,Premium,Manager,121197,Los Angeles,California,USA,2017-07-30,31,Low
C000994,10,Alex Williams,Female,28,Business,Healthcare,186658,Mumbai,Maharashtra,India,2015-05-11,20,Medium
C000995,4,Vikram Gupta,Male,73,Premium,Other,20084,Houston,Texas,USA,2017-06-21,6,High
C000996,4,Ananya Iyer,Other,45,Premium,Engineer,44400,Chicago,Illinois,USA,2022-12-30,34,Medium
C000997,3,Neha Miller,Other,22,Premium,Business Owner,103140,Chicago,Illinois,USA,2016-08-09,85,Low
C000998,5,Emma Sharma,Female,70,Mass Market,Student,241328,Leeds,England,UK,2017-08-10,23,Low
C000999,2,Riley Brown,Female,67,Premium,Employee,34589,New York,New York,USA,2024-06-04,44,Low
C001000,5,Alex Sharma,Female,46,Premium,Manager,36357,Leeds,England,UK,2018-12-16,74,Low
C001001,3,Emma Iyer,Male,66,Business,Other,30926,Houston,Texas,USA,2025-12-14,39,High
C001002,1,Avery Sharma,Other,51,Premium,Student,38013,Seattle,Washington,USA,2015-10-22,41,Low
C001003,4,Casey Taylor,Male,53,Affluent,Student,152253,Los Angeles,California,USA,2021-04-22,29,Critical
C001004,7,Avery Lee,Male,70,Affluent,Retired,77085,Berlin,Berlin,Germany,2022-12-25,83,Low
C001005,8,Jordan Brown,Female,29,Premium,Healthcare,26059,Mumbai,Maharashtra,India,2015-08-22,87,Low
C001006,4,Casey Johnson,Male,67,Affluent,Business Owner,41996,Dallas,Texas,USA,2018-11-04,10,Low
C001007,4,Arjun Wilson,Male,74,Mass Market,Manager,54724,Los Angeles,California,USA,2023-04-23,58,Medium
C001008,8,Rahul Sharma,Female,44,Mass Market,Retired,34863,Ahmedabad,Gujarat,India,2019-10-16,77,Low
C001009,7,Rahul Johnson,Female,47,Business,Employee,69794,Hamburg,Hamburg,Germany,2015-02-01,10,Critical
C001010,9,Casey Wilson,Female,22,Business,Retired,18000,Pune,Maharashtra,India,2015-09-13,26,Low
C001011,10,Vikram Miller,Male,54,Affluent,Retired,54007,Bengaluru,Karnataka,India,2025-12-05,40,Low
C001012,9,Priya Taylor,Male,56,Affluent,Consultant,53734,Delhi,Delhi,India,2018-01-12,65,Low
C001013,10,Noah Singh,Other,42,Business,Employee,50026,Chennai,Tamil Nadu,India,2023-09-21,27,High
C001014,5,Daniel Davis,Other,43,Business,Other,61747,Liverpool,England,UK,2019-03-24,34,Low
C001015,4,Noah Iyer,Male,54,Premium,Retired,33326,Seattle,Washington,USA,2015-11-04,72,High
C001016,4,Alex Lee,Male,48,Business,Student,299882,Los Angeles,California,USA,2015-08-24,53,Low
C001017,3,Jamie Johnson,Other,56,Affluent,Consultant,45224,Seattle,Washington,USA,2023-03-10,12,Low
C001018,8,Neha Taylor,Male,46,Mass Market,Consultant,136645,Pune,Maharashtra,India,2024-01-03,68,High
C001019,8,Sam Kumar,Other,30,Mass Market,Business Owner,59309,Chennai,Tamil Nadu,India,2020-09-08,9,Low
C001020,9,Sam Kumar,Other,53,Premium,Engineer,28754,Pune,Maharashtra,India,2024-03-02,15,Low
C001021,2,Chris Singh,Other,23,Mass Market,Business Owner,118393,Miami,Florida,USA,2018-02-26,90,Low
C001022,5,Alex Brown,Other,38,Mass Market,Healthcare,177027,London,England,UK,2017-11-07,25,High
C001023,3,Alex Taylor,Male,58,Business,Retired,24442,Dallas,Texas,USA,2018-06-03,44,Medium
C001024,9,Jordan Wilson,Male,56,Mass Market,Employee,42252,Chennai,Tamil Nadu,India,2023-08-04,5,Low
C001025,3,Olivia Lee,Other,69,Premium,Healthcare,183249,New York,New York,USA,2019-12-09,21,Low
C001026,2,Olivia Miller,Other,67,Mass Market,Engineer,69736,Houston,Texas,USA,2022-08-10,69,Medium
C001027,6,Priya Brown,Female,67,Affluent,Employee,58211,London,England,UK,2024-05-10,51,Medium
C001028,9,Chris Clark,Female,65,Premium,Business Owner,97250,Ahmedabad,Gujarat,India,2021-04-05,55,High
C001029,10,Alex Smith,Other,42,Affluent,Manager,67344,Chennai,Tamil Nadu,India,2022-09-06,60,Low
C001030,1,Taylor Lee,Female,46,Mass Market,Consultant,219185,Chicago,Illinois,USA,2018-11-07,52,Low
C001031,4,Avery Johnson,Female,29,Business,Healthcare,64865,New York,New York,USA,2015-08-22,90,Low
C001032,2,Neha Lee,Other,38,Affluent,Consultant,44972,Houston,Texas,USA,2017-11-02,27,Low
C001033,4,Ananya Martin,Female,40,Mass Market,Engineer,120882,Chicago,Illinois,USA,2018-11-21,90,Low
C001034,6,Rahul Moore,Male,73,Premium,Retired,105004,Manchester,England,UK,2017-08-27,73,Medium
C001035,3,Morgan Patel,Other,23,Premium,Employee,52203,Miami,Florida,USA,2015-02-12,65,Low
C001036,1,Daniel Clark,Other,72,Affluent,Healthcare,77528,Seattle,Washington,USA,2018-08-14,88,Low
C001037,6,Emma Sharma,Female,32,Premium,Employee,21536,Manchester,England,UK,2022-10-17,7,Medium
C001038,1,Riley Moore,Male,48,Premium,Consultant,26707,Dallas,Texas,USA,2025-04-11,86,Low
C001039,3,Sam Patel,Male,38,Affluent,Manager,39786,Seattle,Washington,USA,2016-03-09,76,Low
C001040,1,Arjun Iyer,Male,56,Mass Market,Employee,127985,Seattle,Washington,USA,2016-09-13,93,Medium
C001041,1,Casey Sharma,Other,22,Mass Market,Retired,121062,San Francisco,California,USA,2022-06-28,41,Low
C001042,5,Emma Williams,Male,34,Mass Market,Engineer,92478,Birmingham,England,UK,2022-12-17,74,Medium
C001043,9,Priya Gupta,Male,70,Premium,Manager,21765,Hyderabad,Telangana,India,2018-05-25,23,High
C001044,8,Chris Brown,Female,56,Business,Employee,61232,Mumbai,Maharashtra,India,2021-05-08,95,High
C001045,1,Rahul Anderson,Male,47,Premium,Business Owner,110068,Miami,Florida,USA,2016-06-23,11,Low
C001046,1,Casey Patel,Male,34,Mass Market,Other,37703,Houston,Texas,USA,2021-10-27,6,Low
C001047,4,Neha Brown,Male,41,Premium,Retired,407962,New York,New York,USA,2022-12-14,65,Critical
C001048,7,Riley Lee,Male,53,Premium,Healthcare,74696,Berlin,Berlin,Germany,2018-11-03,81,Low
C001049,8,Ananya Smith,Female,27,Business,Manager,86803,Kolkata,West Bengal,India,2021-08-01,94,Critical
C001050,9,Daniel Singh,Female,54,Premium,Manager,38566,Hyderabad,Telangana,India,2019-05-15,31,Low
C001051,4,Sam Moore,Other,41,Affluent,Employee,57261,San Francisco,California,USA,2018-05-27,71,Low
C001052,2,Casey Davis,Other,40,Premium,Business Owner,19110,Los Angeles,California,USA,2020-03-01,8,Low
C001053,1,Chris Clark,Male,29,Mass Market,Student,76068,Houston,Texas,USA,2018-07-05,46,Low
C001054,2,Alex Wilson,Other,22,Business,Employee,77585,San Francisco,California,USA,2025-11-26,62,Medium
C001055,1,Ananya Brown,Other,35,Affluent,Retired,124745,Houston,Texas,USA,2018-06-06,10,Low
C001056,9,Taylor Brown,Male,21,Business,Retired,57162,Ahmedabad,Gujarat,India,2017-04-19,64,Medium
C001057,3,Olivia Williams,Female,62,Business,Student,27185,Chicago,Illinois,USA,2025-05-12,36,Medium
C001058,9,Arjun Clark,Male,59,Mass Market,Student,116290,Ahmedabad,Gujarat,India,2018-09-25,61,Medium
C001059,6,Vikram Singh,Male,39,Affluent,Other,21602,London,England,UK,2025-08-01,8,Low
C001060,6,Alex Thomas,Female,55,Business,Retired,32359,Liverpool,England,UK,2019-12-04,20,Low
C001061,5,Casey Clark,Other,42,Business,Employee,476496,Leeds,England,UK,2020-04-29,91,Low
C001062,9,Priya Johnson,Female,36,Affluent,Other,48526,Kolkata,West Bengal,India,2016-10-29,25,Low
C001063,1,Jamie Wilson,Female,49,Business,Student,68195,San Francisco,California,USA,2016-11-10,67,Medium
C001064,1,Morgan Singh,Other,52,Affluent,Student,105637,San Francisco,California,USA,2025-10-19,25,Low
C001065,5,Arjun Thomas,Female,73,Premium,Other,52947,London,England,UK,2024-02-15,70,Low
C001066,4,Ananya Brown,Male,57,Premium,Consultant,39473,Los Angeles,California,USA,2016-04-09,84,Medium
C001067,6,Noah Williams,Female,22,Mass Market,Student,98350,Liverpool,England,UK,2025-09-22,74,High
C001068,8,Daniel Johnson,Male,71,Business,Engineer,75541,Kolkata,West Bengal,India,2016-11-23,91,High
C001069,6,Jamie Miller,Other,40,Affluent,Manager,18000,Manchester,England,UK,2024-06-20,44,Low
C001070,3,Olivia Miller,Female,56,Affluent,Engineer,88416,New York,New York,USA,2015-03-15,11,Low
C001071,4,Sam Brown,Male,25,Affluent,Engineer,65559,Chicago,Illinois,USA,2015-02-14,15,Low
C001072,8,Sam Gupta,Male,36,Affluent,Student,63278,Ahmedabad,Gujarat,India,2022-01-05,81,Medium
C001073,3,Jamie Kumar,Other,32,Affluent,Other,82192,Chicago,Illinois,USA,2015-07-06,86,High
C001074,6,Riley Kumar,Female,58,Mass Market,Other,55440,London,England,UK,2023-06-03,5,Low
C001075,6,Alex Anderson,Other,43,Business,Engineer,34448,Birmingham,England,UK,2015-06-27,18,Low
C001076,8,Riley Johnson,Other,25,Affluent,Engineer,35279,Bengaluru,Karnataka,India,2024-12-21,72,Low
C001077,8,Arjun Sharma,Male,51,Mass Market,Retired,65020,Mumbai,Maharashtra,India,2025-06-28,81,High
C001078,5,Emma Taylor,Female,69,Business,Engineer,73112,Leeds,England,UK,2024-02-24,85,Low
C001079,4,Jamie Johnson,Female,33,Premium,Student,38418,Los Angeles,California,USA,2017-12-13,58,High
C001080,4,Rahul Miller,Male,38,Affluent,Employee,138987,San Francisco,California,USA,2023-03-18,13,Medium
C001081,5,Arjun Davis,Male,40,Business,Healthcare,18000,Leeds,England,UK,2016-04-22,61,Low
C001082,3,Alex Moore,Male,64,Affluent,Healthcare,54347,Chicago,Illinois,USA,2025-12-17,62,High
C001083,7,Chris Taylor,Female,56,Affluent,Consultant,55024,Hamburg,Hamburg,Germany,2022-09-20,14,Low
C001084,3,Chris Johnson,Female,44,Business,Employee,59030,Dallas,Texas,USA,2020-06-03,42,Low
C001085,7,Avery Patel,Male,52,Premium,Student,28273,Berlin,Berlin,Germany,2015-01-01,29,Medium
C001086,8,Daniel Singh,Female,44,Business,Healthcare,79142,Mumbai,Maharashtra,India,2023-03-15,72,Medium
C001087,10,Jamie Johnson,Male,61,Affluent,Student,102209,Kolkata,West Bengal,India,2020-10-20,86,Low
C001088,2,Avery Kumar,Male,60,Premium,Retired,72891,Miami,Florida,USA,2015-10-17,21,Low
C001089,8,Sam Smith,Male,43,Mass Market,Healthcare,111423,Pune,Maharashtra,India,2018-09-18,23,Medium
C001090,1,Alex Thomas,Male,74,Premium,Other,57327,Chicago,Illinois,USA,2015-06-07,76,Critical
C001091,4,Jamie Kumar,Male,71,Affluent,Employee,116984,San Francisco,California,USA,2024-10-08,27,Low
C001092,2,Olivia Williams,Other,63,Mass Market,Employee,146343,Houston,Texas,USA,2015-03-31,27,Low
C001093,2,Chris Miller,Female,44,Business,Consultant,80060,Miami,Florida,USA,2017-06-15,70,High
C001094,2,Rahul Taylor,Male,67,Affluent,Business Owner,41141,San Francisco,California,USA,2016-09-12,72,Low
C001095,1,Rahul Kumar,Male,23,Business,Retired,261442,Houston,Texas,USA,2019-10-27,69,Low
C001096,9,Morgan Brown,Other,39,Affluent,Student,60815,Ahmedabad,Gujarat,India,2020-10-24,16,Low
C001097,1,Emma Wilson,Other,62,Mass Market,Manager,37892,New York,New York,USA,2022-04-28,47,Low
C001098,4,Priya Thomas,Male,36,Mass Market,Consultant,18000,San Francisco,California,USA,2019-06-04,60,Low
C001099,7,Taylor Sharma,Female,68,Mass Market,Business Owner,34200,Munich,Bavaria,Germany,2022-09-26,21,Low
C001100,10,Casey Sharma,Other,44,Mass Market,Healthcare,31339,Delhi,Delhi,India,2015-11-16,82,Low
C001101,9,Morgan Taylor,Other,48,Business,Healthcare,23708,Delhi,Delhi,India,2020-10-14,84,Medium
C001102,2,Chris Iyer,Male,40,Affluent,Business Owner,62105,Los Angeles,California,USA,2020-02-13,38,High
C001103,10,Ananya Patel,Female,42,Mass Market,Student,46866,Kolkata,West Bengal,India,2017-01-28,64,Medium
C001104,7,Olivia Miller,Other,57,Affluent,Healthcare,36133,Cologne,North Rhine-Westphalia,Germany,2020-03-13,93,Low
C001105,2,Noah Thomas,Female,73,Premium,Employee,72202,Seattle,Washington,USA,2021-03-18,65,High
C001106,5,Avery Miller,Female,45,Business,Healthcare,40607,Manchester,England,UK,2017-07-18,47,Medium
C001107,10,Taylor Kumar,Other,47,Premium,Manager,85180,Kolkata,West Bengal,India,2024-01-22,53,Low
C001108,4,Ananya Gupta,Male,63,Business,Retired,22402,Dallas,Texas,USA,2019-01-01,44,Low
C001109,2,Daniel Smith,Female,75,Mass Market,Employee,91721,New York,New York,USA,2017-09-09,31,Medium
C001110,9,Priya Lee,Female,61,Premium,Employee,62298,Pune,Maharashtra,India,2020-01-15,67,Medium
C001111,10,Jamie Gupta,Male,22,Affluent,Employee,48768,Kolkata,West Bengal,India,2021-12-27,82,Low
C001112,10,Morgan Martin,Other,72,Premium,Consultant,41092,Hyderabad,Telangana,India,2019-08-04,56,Medium
C001113,10,Jamie Moore,Female,45,Business,Healthcare,148559,Hyderabad,Telangana,India,2023-11-09,57,Low
C001114,9,Arjun Smith,Male,56,Mass Market,Business Owner,20957,Ahmedabad,Gujarat,India,2016-01-20,76,Medium
C001115,5,Neha Sharma,Other,56,Mass Market,Business Owner,56585,Leeds,England,UK,2016-06-06,67,Low
C001116,2,Noah Kumar,Male,54,Business,Employee,131281,Dallas,Texas,USA,2018-10-07,70,Low
C001117,7,Priya Miller,Other,31,Premium,Manager,46970,Hamburg,Hamburg,Germany,2020-05-05,47,Medium
C001118,3,Jamie Miller,Male,44,Business,Consultant,29781,New York,New York,USA,2021-11-20,30,Low
C001119,5,Chris Lee,Female,37,Business,Other,87071,Liverpool,England,UK,2019-08-19,9,Low
C001120,7,Noah Lee,Female,21,Premium,Employee,30892,Munich,Bavaria,Germany,2022-08-31,82,Low
C001121,10,Arjun Anderson,Other,23,Business,Engineer,55381,Delhi,Delhi,India,2023-09-10,31,Low
C001122,3,Neha Taylor,Male,51,Business,Manager,82287,Los Angeles,California,USA,2023-05-31,61,Critical
C001123,3,Arjun Iyer,Other,57,Affluent,Student,72189,San Francisco,California,USA,2024-06-26,13,Low
C001124,8,Casey Gupta,Male,38,Affluent,Consultant,66146,Chennai,Tamil Nadu,India,2015-02-18,74,High
C001125,1,Casey Anderson,Female,42,Affluent,Healthcare,110280,Chicago,Illinois,USA,2017-03-02,86,Critical
C001126,6,Jordan Thomas,Female,35,Business,Engineer,105714,Leeds,England,UK,2024-09-01,62,Low
C001127,8,Chris Singh,Other,24,Affluent,Healthcare,18000,Bengaluru,Karnataka,India,2019-12-14,30,Low
C001128,6,Olivia Wilson,Female,65,Mass Market,Healthcare,216176,Leeds,England,UK,2023-11-02,65,Medium
C001129,4,Olivia Brown,Other,41,Premium,Retired,109485,Los Angeles,California,USA,2023-07-12,51,Medium
C001130,9,Jordan Sharma,Other,71,Mass Market,Student,54571,Kolkata,West Bengal,India,2019-07-27,76,Low
C001131,4,Casey Brown,Other,43,Mass Market,Manager,49058,New York,New York,USA,2022-03-10,28,Critical
C001132,8,Olivia Iyer,Female,36,Affluent,Other,18000,Hyderabad,Telangana,India,2018-08-04,44,Critical
C001133,5,Ananya Sharma,Male,56,Premium,Other,151042,Leeds,England,UK,2015-09-20,80,Medium
C001134,1,Morgan Brown,Other,34,Mass Market,Healthcare,110793,Chicago,Illinois,USA,2015-10-11,52,Critical
C001135,6,Daniel Brown,Other,71,Business,Healthcare,31083,Birmingham,England,UK,2017-09-03,79,Medium
C001136,1,Sam Sharma,Female,24,Premium,Other,51510,Miami,Florida,USA,2017-03-01,24,High
C001137,10,Priya Lee,Male,22,Affluent,Student,58526,Mumbai,Maharashtra,India,2015-10-21,88,High
C001138,7,Riley Davis,Other,45,Premium,Business Owner,68281,Cologne,North Rhine-Westphalia,Germany,2022-06-14,62,Low
C001139,4,Olivia Wilson,Male,30,Business,Student,138366,Miami,Florida,USA,2021-04-04,51,Low
C001140,5,Jamie Patel,Other,42,Affluent,Healthcare,111566,Birmingham,England,UK,2019-05-02,43,Low
C001141,7,Emma Taylor,Female,25,Premium,Healthcare,41024,Hamburg,Hamburg,Germany,2020-02-29,20,Medium
C001142,3,Rahul Singh,Male,28,Business,Consultant,26113,Houston,Texas,USA,2021-09-03,10,High
C001143,3,Sam Thomas,Male,54,Affluent,Retired,71348,Houston,Texas,USA,2017-07-04,32,Low
C001144,5,Emma Taylor,Other,34,Affluent,Retired,18000,Birmingham,England,UK,2019-01-30,77,Low
C001145,3,Noah Lee,Other,27,Business,Other,18972,San Francisco,California,USA,2023-06-13,59,Low
C001146,8,Emma Sharma,Female,31,Mass Market,Manager,59999,Delhi,Delhi,India,2017-06-24,32,Medium
C001147,2,Olivia Anderson,Other,73,Affluent,Consultant,43713,Houston,Texas,USA,2024-12-25,53,Low
C001148,9,Ananya Iyer,Male,30,Affluent,Retired,23471,Hyderabad,Telangana,India,2021-10-17,60,Low
C001149,4,Chris Singh,Male,37,Premium,Manager,22379,Seattle,Washington,USA,2015-10-17,66,High
C001150,6,Arjun Iyer,Other,67,Premium,Retired,41221,Leeds,England,UK,2024-08-21,76,Critical
C001151,2,Olivia Anderson,Female,56,Business,Engineer,108944,Dallas,Texas,USA,2017-12-02,5,Medium
C001152,4,Jamie Sharma,Male,39,Premium,Manager,152274,Los Angeles,California,USA,2024-07-08,29,Medium
C001153,8,Morgan Anderson,Female,62,Mass Market,Manager,104429,Delhi,Delhi,India,2022-09-20,55,Medium
C001154,3,Chris Sharma,Male,44,Business,Employee,208764,Seattle,Washington,USA,2016-04-07,21,Low
C001155,2,Emma Miller,Male,31,Business,Student,33533,Miami,Florida,USA,2025-06-09,22,Low
C001156,6,Neha Anderson,Female,21,Premium,Student,126182,Birmingham,England,UK,2020-01-19,80,High
C001157,2,Priya Sharma,Male,67,Business,Healthcare,34840,Seattle,Washington,USA,2024-08-09,68,Critical
C001158,4,Emma Smith,Male,61,Premium,Engineer,74117,Houston,Texas,USA,2015-11-26,75,Low
C001159,5,Sam Martin,Male,46,Business,Employee,121030,Birmingham,England,UK,2023-05-29,76,Low
C001160,6,Ananya Smith,Female,39,Premium,Other,118584,Birmingham,England,UK,2023-05-18,55,Medium
C001161,7,Emma Taylor,Female,58,Affluent,Retired,127816,Frankfurt,Hesse,Germany,2016-12-08,36,Low
C001162,7,Arjun Smith,Male,27,Affluent,Consultant,54936,Hamburg,Hamburg,Germany,2015-01-15,20,Low
C001163,9,Jamie Clark,Female,22,Business,Employee,52558,Pune,Maharashtra,India,2022-12-02,11,Medium
C001164,1,Emma Patel,Male,27,Affluent,Healthcare,60222,Dallas,Texas,USA,2025-07-27,94,Low
C001165,4,Emma Moore,Male,46,Premium,Consultant,159904,Houston,Texas,USA,2019-03-01,62,Medium
C001166,1,Alex Thomas,Other,53,Business,Student,46993,Seattle,Washington,USA,2016-03-16,50,High
C001167,1,Alex Wilson,Male,44,Affluent,Other,55131,Miami,Florida,USA,2022-06-29,55,Medium
C001168,3,Casey Iyer,Female,49,Premium,Other,148283,Los Angeles,California,USA,2018-08-03,86,Low
C001169,6,Olivia Thomas,Male,58,Premium,Business Owner,23435,Leeds,England,UK,2018-03-27,56,Low
C001170,9,Daniel Davis,Male,52,Affluent,Engineer,156261,Delhi,Delhi,India,2017-01-11,43,Medium
C001171,8,Neha Martin,Male,29,Affluent,Manager,25457,Pune,Maharashtra,India,2023-03-09,23,Low
C001172,7,Rahul Clark,Male,63,Business,Other,70952,Frankfurt,Hesse,Germany,2020-08-16,84,Medium
C001173,8,Daniel Brown,Male,28,Business,Engineer,50019,Mumbai,Maharashtra,India,2023-12-24,92,Critical
C001174,2,Taylor Gupta,Male,28,Mass Market,Engineer,33928,Dallas,Texas,USA,2017-12-26,90,High
C001175,9,Jamie Patel,Female,26,Premium,Employee,92648,Mumbai,Maharashtra,India,2018-03-15,36,Low
C001176,9,Olivia Taylor,Female,55,Premium,Engineer,73379,Bengaluru,Karnataka,India,2015-06-04,68,Low
C001177,1,Alex Iyer,Male,24,Affluent,Healthcare,18000,San Francisco,California,USA,2018-11-27,93,Low
C001178,5,Morgan Iyer,Male,30,Mass Market,Consultant,40667,Leeds,England,UK,2021-10-16,67,Low
C001179,9,Alex Gupta,Female,54,Mass Market,Business Owner,91296,Ahmedabad,Gujarat,India,2018-06-11,22,Low
C001180,5,Jordan Williams,Other,25,Business,Business Owner,152935,Liverpool,England,UK,2025-05-24,70,Medium
C001181,9,Neha Thomas,Male,55,Mass Market,Consultant,20591,Chennai,Tamil Nadu,India,2024-12-18,66,Low
C001182,10,Neha Davis,Female,63,Mass Market,Manager,58835,Pune,Maharashtra,India,2016-06-22,60,Medium
C001183,5,Chris Singh,Male,70,Premium,Retired,51322,Birmingham,England,UK,2022-06-04,17,Low
C001184,1,Neha Wilson,Male,46,Affluent,Student,55147,Houston,Texas,USA,2022-11-07,29,Low
C001185,4,Neha Clark,Female,23,Affluent,Other,28931,New York,New York,USA,2016-08-13,62,Low
C001186,3,Noah Johnson,Male,55,Business,Student,119306,Miami,Florida,USA,2017-03-11,35,Medium
C001187,5,Sam Martin,Other,26,Mass Market,Employee,128958,Leeds,England,UK,2020-09-24,74,Low
C001188,6,Jordan Smith,Male,63,Premium,Retired,33746,Leeds,England,UK,2015-11-23,47,Medium
C001189,5,Riley Gupta,Female,73,Mass Market,Other,37448,Liverpool,England,UK,2016-02-23,89,Low
C001190,2,Jamie Clark,Male,58,Mass Market,Employee,21861,Los Angeles,California,USA,2023-02-15,66,Low
C001191,4,Avery Iyer,Female,65,Premium,Engineer,161167,Miami,Florida,USA,2022-03-24,91,High
C001192,7,Noah Singh,Female,27,Business,Retired,120999,Hamburg,Hamburg,Germany,2016-02-16,5,Low
C001193,1,Casey Moore,Other,56,Affluent,Consultant,214858,Miami,Florida,USA,2017-01-01,39,High
C001194,3,Emma Williams,Male,36,Premium,Retired,18104,Dallas,Texas,USA,2021-09-26,70,Low
C001195,9,Olivia Moore,Male,42,Business,Employee,236384,Kolkata,West Bengal,India,2022-04-04,29,Low
C001196,1,Casey Miller,Other,50,Premium,Other,29636,Seattle,Washington,USA,2021-09-25,79,Low
C001197,5,Noah Lee,Other,32,Affluent,Student,63845,Manchester,England,UK,2023-04-29,5,Critical
C001198,3,Olivia Brown,Female,26,Affluent,Other,34844,Seattle,Washington,USA,2018-09-26,24,Low
C001199,2,Neha Sharma,Other,73,Mass Market,Student,41921,Seattle,Washington,USA,2020-08-24,56,Medium
C001200,5,Jamie Miller,Other,43,Business,Other,95162,Leeds,England,UK,2025-12-15,41,Medium
C001201,6,Olivia Davis,Female,36,Premium,Other,108729,Birmingham,England,UK,2021-05-12,11,Low
C001202,2,Morgan Moore,Other,39,Business,Business Owner,60035,Chicago,Illinois,USA,2018-08-27,15,Critical
C001203,1,Arjun Singh,Other,35,Premium,Consultant,59664,Chicago,Illinois,USA,2021-03-03,53,High
C001204,2,Daniel Williams,Other,23,Mass Market,Student,29845,Los Angeles,California,USA,2016-10-14,87,High
C001205,7,Chris Clark,Other,23,Premium,Manager,66547,Frankfurt,Hesse,Germany,2016-04-26,44,Medium
C001206,9,Riley Singh,Female,63,Premium,Retired,62388,Kolkata,West Bengal,India,2023-06-19,65,Low
C001207,2,Ananya Sharma,Other,74,Affluent,Business Owner,34941,San Francisco,California,USA,2016-07-01,82,Low
C001208,4,Olivia Thomas,Other,43,Premium,Engineer,47388,San Francisco,California,USA,2022-03-10,70,Low
C001209,4,Taylor Lee,Male,66,Affluent,Manager,101682,Seattle,Washington,USA,2017-11-23,62,Low
C001210,4,Emma Moore,Female,28,Affluent,Student,89566,Seattle,Washington,USA,2016-10-24,55,High
C001211,3,Alex Iyer,Male,74,Affluent,Other,126330,Houston,Texas,USA,2021-09-20,55,High
C001212,1,Jamie Iyer,Male,57,Premium,Business Owner,21299,Miami,Florida,USA,2015-08-31,38,High
C001213,6,Olivia Iyer,Male,44,Mass Market,Employee,35550,Manchester,England,UK,2017-10-26,64,Low
C001214,4,Jamie Williams,Male,23,Premium,Engineer,47770,Seattle,Washington,USA,2019-01-05,25,Low
C001215,4,Avery Taylor,Female,70,Affluent,Healthcare,75968,Chicago,Illinois,USA,2025-08-09,41,High
C001216,3,Riley Taylor,Male,43,Business,Employee,32647,New York,New York,USA,2024-04-15,52,Low
C001217,10,Noah Kumar,Other,62,Mass Market,Consultant,102868,Pune,Maharashtra,India,2022-10-18,15,Critical
C001218,7,Vikram Sharma,Other,30,Affluent,Consultant,47641,Munich,Bavaria,Germany,2022-05-13,55,Low
C001219,5,Olivia Thomas,Male,58,Mass Market,Healthcare,46721,Leeds,England,UK,2022-05-25,53,Low
C001220,3,Emma Martin,Other,60,Business,Consultant,38087,Los Angeles,California,USA,2024-12-25,83,Low
C001221,9,Neha Taylor,Male,64,Affluent,Employee,149632,Delhi,Delhi,India,2019-03-30,72,Low
C001222,9,Jamie Williams,Female,62,Affluent,Business Owner,70206,Hyderabad,Telangana,India,2025-06-22,38,Low
C001223,1,Jordan Patel,Male,57,Premium,Retired,71147,Seattle,Washington,USA,2015-11-07,19,Low
C001224,10,Sam Brown,Male,29,Business,Retired,100382,Ahmedabad,Gujarat,India,2025-05-06,26,Low
C001225,7,Sam Gupta,Male,30,Business,Healthcare,19436,Frankfurt,Hesse,Germany,2024-06-24,51,Low
C001226,1,Morgan Williams,Male,24,Affluent,Healthcare,178726,Seattle,Washington,USA,2015-12-30,7,Low
C001227,8,Vikram Smith,Male,58,Mass Market,Student,21386,Chennai,Tamil Nadu,India,2022-08-07,64,Low
C001228,2,Chris Thomas,Male,39,Mass Market,Employee,65376,Los Angeles,California,USA,2024-04-12,87,High
C001229,1,Neha Brown,Male,31,Premium,Engineer,56938,Dallas,Texas,USA,2017-10-01,78,High
C001230,2,Priya Smith,Other,67,Mass Market,Healthcare,68153,Seattle,Washington,USA,2019-08-16,76,Low
C001231,5,Emma Clark,Other,59,Premium,Manager,94020,Manchester,England,UK,2020-08-03,77,Medium
C001232,7,Olivia Brown,Male,32,Business,Employee,104694,Frankfurt,Hesse,Germany,2020-04-27,61,High
C001233,5,Chris Lee,Female,24,Premium,Student,81108,Birmingham,England,UK,2017-06-05,56,Low
C001234,2,Taylor Wilson,Female,53,Affluent,Consultant,39086,Chicago,Illinois,USA,2016-09-10,60,Low
C001235,2,Chris Johnson,Other,30,Premium,Business Owner,89480,Chicago,Illinois,USA,2016-04-27,82,Low
C001236,9,Taylor Smith,Female,40,Business,Consultant,124257,Pune,Maharashtra,India,2023-04-30,78,Low
C001237,10,Vikram Wilson,Female,54,Mass Market,Engineer,55746,Bengaluru,Karnataka,India,2016-09-18,90,High
C001238,8,Sam Thomas,Other,73,Premium,Manager,69319,Mumbai,Maharashtra,India,2019-02-05,64,Low
C001239,2,Riley Davis,Male,47,Affluent,Retired,182243,Miami,Florida,USA,2022-11-23,24,Medium
C001240,9,Jordan Patel,Male,34,Business,Retired,18000,Pune,Maharashtra,India,2020-12-24,72,Medium
C001241,7,Vikram Iyer,Female,45,Mass Market,Business Owner,67275,Cologne,North Rhine-Westphalia,Germany,2023-09-20,82,Low
C001242,6,Rahul Brown,Female,40,Business,Engineer,34733,London,England,UK,2024-05-24,49,Low
C001243,2,Jordan Gupta,Male,50,Mass Market,Retired,34357,Seattle,Washington,USA,2017-03-14,67,Low
C001244,10,Chris Smith,Female,63,Mass Market,Engineer,189089,Chennai,Tamil Nadu,India,2022-11-19,56,High
C001245,5,Vikram Johnson,Female,50,Mass Market,Retired,77510,Birmingham,England,UK,2021-03-04,63,Low
C001246,1,Morgan Gupta,Male,42,Mass Market,Other,79693,San Francisco,California,USA,2015-07-17,23,Low
C001247,3,Arjun Williams,Male,40,Affluent,Retired,58408,Seattle,Washington,USA,2018-05-16,73,Medium
C001248,5,Arjun Kumar,Other,46,Business,Engineer,36866,London,England,UK,2018-11-11,92,High
C001249,1,Avery Thomas,Male,44,Affluent,Retired,162608,Seattle,Washington,USA,2016-10-19,65,Low
C001250,4,Emma Kumar,Other,49,Business,Healthcare,164933,Dallas,Texas,USA,2018-03-20,63,Low
C001251,5,Daniel Thomas,Male,75,Business,Engineer,79622,Birmingham,England,UK,2021-05-09,49,High
C001252,10,Alex Clark,Female,52,Mass Market,Consultant,133723,Bengaluru,Karnataka,India,2025-06-15,56,Low
C001253,1,Taylor Wilson,Male,26,Mass Market,Business Owner,151106,Seattle,Washington,USA,2022-08-14,79,Low
C001254,6,Riley Sharma,Other,44,Premium,Business Owner,62410,Manchester,England,UK,2017-01-28,36,Medium
C001255,10,Olivia Clark,Other,23,Premium,Other,34809,Chennai,Tamil Nadu,India,2025-07-10,62,Low
C001256,9,Taylor Williams,Male,30,Premium,Student,79333,Chennai,Tamil Nadu,India,2020-08-15,51,Low
C001257,10,Alex Wilson,Male,54,Mass Market,Engineer,87961,Chennai,Tamil Nadu,India,2022-08-31,80,Medium
C001258,2,Jordan Wilson,Other,29,Mass Market,Employee,40494,Dallas,Texas,USA,2021-06-18,43,Low
C001259,9,Vikram Brown,Other,29,Premium,Student,23371,Chennai,Tamil Nadu,India,2025-02-24,34,Low
C001260,10,Daniel Singh,Other,68,Mass Market,Engineer,117790,Delhi,Delhi,India,2020-03-10,62,High
C001261,4,Casey Singh,Female,30,Business,Business Owner,97455,Houston,Texas,USA,2016-11-16,71,Low
C001262,5,Noah Thomas,Male,35,Mass Market,Other,37224,Birmingham,England,UK,2016-05-21,32,Medium
C001263,6,Casey Brown,Female,36,Affluent,Manager,76136,London,England,UK,2020-11-13,34,Low
C001264,5,Taylor Kumar,Male,39,Affluent,Engineer,37443,Manchester,England,UK,2023-05-27,35,Low
C001265,3,Daniel Martin,Female,59,Premium,Other,49533,Miami,Florida,USA,2024-03-23,30,Low
C001266,10,Noah Clark,Female,41,Business,Business Owner,84747,Pune,Maharashtra,India,2018-04-15,20,Medium
C001267,10,Priya Moore,Male,43,Premium,Employee,39723,Ahmedabad,Gujarat,India,2017-01-25,8,Low
C001268,4,Daniel Johnson,Other,24,Mass Market,Healthcare,46708,Los Angeles,California,USA,2022-01-20,74,Low
C001269,9,Noah Iyer,Other,65,Mass Market,Student,49289,Kolkata,West Bengal,India,2022-02-28,89,Low
C001270,4,Ananya Lee,Male,40,Affluent,Employee,24002,New York,New York,USA,2022-10-24,85,Low
C001271,8,Morgan Thomas,Male,22,Premium,Healthcare,132187,Delhi,Delhi,India,2020-12-09,48,Low
C001272,6,Neha Wilson,Male,37,Mass Market,Engineer,97903,Manchester,England,UK,2021-06-10,29,Low
C001273,5,Jamie Gupta,Other,36,Affluent,Manager,53584,Birmingham,England,UK,2022-08-05,47,High
C001274,2,Noah Wilson,Male,55,Premium,Healthcare,18000,Dallas,Texas,USA,2018-11-24,6,Low
C001275,7,Ananya Smith,Male,23,Affluent,Healthcare,45146,Frankfurt,Hesse,Germany,2019-08-31,84,Low
C001276,4,Emma Martin,Female,58,Business,Manager,133026,San Francisco,California,USA,2017-02-13,79,Medium
C001277,3,Daniel Smith,Male,42,Mass Market,Engineer,25689,Chicago,Illinois,USA,2015-08-05,39,Low
C001278,2,Emma Gupta,Other,74,Premium,Consultant,53431,New York,New York,USA,2020-02-28,61,Low
C001279,10,Neha Sharma,Male,59,Business,Other,40513,Ahmedabad,Gujarat,India,2024-07-30,48,Medium
C001280,2,Taylor Gupta,Male,70,Business,Business Owner,87335,Los Angeles,California,USA,2019-05-28,68,Low
C001281,8,Avery Sharma,Female,21,Affluent,Healthcare,18000,Ahmedabad,Gujarat,India,2020-09-15,69,Low
C001282,9,Rahul Davis,Male,64,Affluent,Student,71412,Hyderabad,Telangana,India,2020-05-30,5,High
C001283,1,Riley Clark,Other,37,Premium,Business Owner,48169,Dallas,Texas,USA,2016-05-09,92,Low
C001284,6,Noah Taylor,Male,48,Premium,Consultant,137466,Manchester,England,UK,2016-01-17,41,Low
C001285,6,Arjun Martin,Male,68,Business,Retired,52878,Leeds,England,UK,2015-11-01,25,Medium
C001286,4,Rahul Davis,Male,49,Business,Healthcare,59587,San Francisco,California,USA,2015-08-02,14,Low
C001287,7,Rahul Gupta,Female,48,Business,Other,49535,Frankfurt,Hesse,Germany,2024-04-06,64,Low
C001288,5,Daniel Gupta,Other,60,Business,Consultant,195463,London,England,UK,2022-02-11,36,Low
C001289,5,Alex Martin,Female,56,Premium,Other,59771,Manchester,England,UK,2016-03-24,90,Low
C001290,5,Chris Miller,Other,59,Business,Consultant,22541,Liverpool,England,UK,2018-04-11,82,Low
C001291,9,Jamie Brown,Other,45,Affluent,Healthcare,75264,Mumbai,Maharashtra,India,2020-01-07,69,Low
C001292,7,Priya Brown,Other,62,Premium,Engineer,84126,Hamburg,Hamburg,Germany,2017-02-20,87,High
C001293,4,Olivia Davis,Male,24,Premium,Student,31730,Miami,Florida,USA,2021-02-09,28,Medium
C001294,10,Riley Lee,Other,75,Mass Market,Other,59739,Chennai,Tamil Nadu,India,2021-09-06,75,Low
C001295,9,Neha Taylor,Male,27,Mass Market,Engineer,28964,Ahmedabad,Gujarat,India,2024-11-29,75,Low
C001296,10,Avery Wilson,Female,70,Premium,Healthcare,68566,Pune,Maharashtra,India,2023-06-08,13,High
C001297,8,Noah Clark,Female,28,Mass Market,Retired,56532,Ahmedabad,Gujarat,India,2016-02-11,35,Low
C001298,4,Jordan Kumar,Male,64,Affluent,Student,63783,San Francisco,California,USA,2017-05-11,26,Medium
C001299,8,Olivia Wilson,Male,68,Mass Market,Retired,52042,Mumbai,Maharashtra,India,2018-02-25,58,Medium
C001300,4,Riley Lee,Other,48,Mass Market,Retired,30687,Los Angeles,California,USA,2017-02-13,32,Low
C001301,3,Sam Kumar,Female,74,Premium,Employee,43578,Seattle,Washington,USA,2020-08-27,24,Low
C001302,5,Casey Brown,Other,22,Affluent,Healthcare,61787,Manchester,England,UK,2017-03-22,87,Critical
C001303,10,Jordan Taylor,Male,61,Premium,Business Owner,131390,Chennai,Tamil Nadu,India,2021-06-29,23,Medium
C001304,6,Riley Taylor,Other,42,Premium,Manager,37246,London,England,UK,2023-03-31,52,Medium
C001305,4,Chris Patel,Other,51,Affluent,Student,139063,Los Angeles,California,USA,2022-03-16,65,Critical
C001306,5,Neha Johnson,Male,69,Business,Manager,36797,London,England,UK,2016-11-07,70,Medium
C001307,3,Riley Anderson,Female,59,Premium,Student,73197,Miami,Florida,USA,2019-11-09,20,Low
C001308,7,Neha Sharma,Male,43,Affluent,Engineer,61852,Hamburg,Hamburg,Germany,2016-10-31,91,Low
C001309,4,Olivia Anderson,Male,41,Business,Retired,81716,Miami,Florida,USA,2025-08-02,16,High
C001310,6,Morgan Wilson,Female,73,Affluent,Consultant,70278,Leeds,England,UK,2022-06-02,23,Medium
C001311,4,Morgan Wilson,Female,31,Business,Other,77235,Los Angeles,California,USA,2023-01-20,86,High
C001312,4,Daniel Singh,Other,37,Business,Business Owner,80811,Dallas,Texas,USA,2025-08-03,50,Low
C001313,10,Priya Johnson,Female,44,Affluent,Retired,59829,Pune,Maharashtra,India,2022-03-03,12,Low
C001314,4,Jordan Iyer,Other,75,Business,Retired,28732,Dallas,Texas,USA,2023-12-24,33,Medium
C001315,1,Alex Johnson,Male,52,Premium,Student,250910,Los Angeles,California,USA,2021-07-08,27,Low
C001316,4,Jordan Clark,Other,62,Affluent,Healthcare,162901,Chicago,Illinois,USA,2016-04-16,21,High
C001317,6,Priya Williams,Male,41,Business,Other,23747,Leeds,England,UK,2024-12-28,5,High
C001318,1,Sam Johnson,Female,69,Affluent,Manager,31807,Miami,Florida,USA,2024-01-31,95,Low
C001319,4,Noah Miller,Male,43,Mass Market,Consultant,90504,Miami,Florida,USA,2018-05-30,61,High
C001320,2,Taylor Clark,Female,22,Affluent,Healthcare,32177,Miami,Florida,USA,2023-05-20,66,Critical
C001321,6,Chris Patel,Other,40,Affluent,Other,81282,Manchester,England,UK,2020-03-18,47,Low
C001322,8,Olivia Taylor,Female,30,Mass Market,Healthcare,110259,Mumbai,Maharashtra,India,2022-05-10,6,Low
C001323,10,Jamie Wilson,Other,41,Premium,Student,68277,Pune,Maharashtra,India,2017-06-28,56,Low
C001324,4,Riley Smith,Other,59,Business,Employee,108513,New York,New York,USA,2015-05-13,53,Medium
C001325,9,Sam Smith,Male,59,Premium,Consultant,73480,Mumbai,Maharashtra,India,2018-07-19,12,Low
C001326,3,Vikram Clark,Female,45,Business,Business Owner,64577,Miami,Florida,USA,2015-08-15,65,Medium
C001327,8,Ananya Brown,Female,47,Affluent,Student,147174,Bengaluru,Karnataka,India,2023-05-28,85,Medium
C001328,6,Vikram Wilson,Other,71,Premium,Consultant,94768,Birmingham,England,UK,2016-02-18,52,Low
C001329,8,Emma Anderson,Other,67,Business,Employee,170962,Kolkata,West Bengal,India,2025-12-23,5,Medium
C001330,8,Rahul Lee,Male,35,Business,Student,92323,Chennai,Tamil Nadu,India,2015-09-18,76,Low
C001331,6,Jordan Kumar,Other,64,Affluent,Retired,53025,Manchester,England,UK,2020-03-03,65,Low
C001332,3,Jordan Lee,Male,55,Business,Consultant,65784,Los Angeles,California,USA,2015-12-23,45,Low
C001333,6,Emma Lee,Male,68,Premium,Healthcare,51877,Liverpool,England,UK,2015-03-05,59,High
C001334,9,Rahul Taylor,Female,72,Premium,Student,87085,Ahmedabad,Gujarat,India,2024-02-02,74,Low
C001335,10,Emma Williams,Male,30,Affluent,Business Owner,49768,Delhi,Delhi,India,2019-01-17,70,Low
C001336,10,Riley Taylor,Female,46,Affluent,Consultant,108833,Ahmedabad,Gujarat,India,2023-10-18,53,Critical
C001337,2,Emma Thomas,Other,75,Affluent,Healthcare,105511,Seattle,Washington,USA,2021-05-18,80,Medium
C001338,6,Morgan Lee,Male,66,Mass Market,Consultant,31772,Manchester,England,UK,2020-12-23,67,Low
C001339,2,Emma Gupta,Male,49,Mass Market,Business Owner,64352,Dallas,Texas,USA,2015-07-15,69,Medium
C001340,7,Daniel Patel,Other,65,Business,Engineer,94620,Hamburg,Hamburg,Germany,2024-10-03,41,Critical
C001341,10,Taylor Smith,Male,26,Affluent,Business Owner,85772,Kolkata,West Bengal,India,2016-09-08,35,Medium
C001342,1,Alex Iyer,Male,74,Business,Manager,67882,Dallas,Texas,USA,2023-12-19,91,Low
C001343,7,Avery Miller,Other,44,Affluent,Student,32972,Hamburg,Hamburg,Germany,2022-11-11,25,High
C001344,10,Jamie Wilson,Other,22,Mass Market,Retired,25472,Hyderabad,Telangana,India,2018-10-07,88,Low
C001345,9,Priya Gupta,Female,75,Premium,Retired,103502,Bengaluru,Karnataka,India,2025-10-25,57,Medium
C001346,4,Ananya Clark,Other,75,Business,Business Owner,89149,Houston,Texas,USA,2025-12-02,36,Low
C001347,2,Jordan Thomas,Female,62,Business,Engineer,91176,Houston,Texas,USA,2021-07-22,58,Medium
C001348,10,Emma Brown,Other,66,Business,Other,73073,Delhi,Delhi,India,2020-05-07,37,Medium
C001349,10,Sam Davis,Female,50,Mass Market,Engineer,50292,Delhi,Delhi,India,2017-01-13,39,Low
C001350,6,Jamie Sharma,Female,65,Business,Retired,53189,Liverpool,England,UK,2024-12-10,45,Low
C001351,10,Neha Kumar,Female,75,Business,Employee,55067,Chennai,Tamil Nadu,India,2016-05-30,22,Low
C001352,1,Casey Smith,Other,23,Business,Engineer,74342,Miami,Florida,USA,2020-06-06,28,Low
C001353,7,Emma Sharma,Male,60,Affluent,Retired,45077,Cologne,North Rhine-Westphalia,Germany,2023-07-10,70,High
C001354,1,Riley Clark,Male,23,Mass Market,Employee,217352,Los Angeles,California,USA,2025-10-16,47,Low
C001355,10,Chris Davis,Female,69,Affluent,Employee,55298,Pune,Maharashtra,India,2017-02-26,44,Low
C001356,7,Taylor Singh,Other,37,Business,Healthcare,37878,Berlin,Berlin,Germany,2023-11-19,88,Low
C001357,10,Morgan Williams,Female,68,Business,Student,294780,Hyderabad,Telangana,India,2015-08-28,88,High
C001358,6,Rahul Singh,Female,41,Business,Employee,77906,Birmingham,England,UK,2018-01-15,95,Low
C001359,1,Sam Lee,Male,35,Business,Employee,18000,Houston,Texas,USA,2020-01-12,65,Low
C001360,1,Emma Sharma,Female,62,Affluent,Employee,44231,Seattle,Washington,USA,2018-06-29,95,High
C001361,4,Noah Miller,Female,53,Affluent,Consultant,198356,Dallas,Texas,USA,2018-07-20,77,Medium
C001362,8,Rahul Davis,Female,50,Premium,Manager,78591,Mumbai,Maharashtra,India,2025-09-17,51,Low
C001363,2,Taylor Brown,Female,55,Affluent,Retired,71120,Houston,Texas,USA,2024-07-18,47,Low
C001364,9,Vikram Wilson,Male,59,Premium,Retired,57885,Hyderabad,Telangana,India,2021-01-28,88,Low
C001365,3,Jamie Singh,Other,27,Affluent,Consultant,42424,San Francisco,California,USA,2020-12-06,57,Low
C001366,5,Taylor Brown,Female,53,Business,Other,129051,Liverpool,England,UK,2023-05-24,55,Low
C001367,3,Casey Sharma,Male,70,Mass Market,Employee,59535,Miami,Florida,USA,2023-02-10,25,Medium
C001368,5,Riley Patel,Male,27,Premium,Other,48151,Liverpool,England,UK,2015-06-23,12,Medium
C001369,5,Arjun Moore,Other,59,Mass Market,Employee,44428,Leeds,England,UK,2021-02-14,93,Low
C001370,1,Noah Sharma,Female,36,Affluent,Other,63854,Seattle,Washington,USA,2017-12-20,84,Low
C001371,6,Morgan Gupta,Male,58,Premium,Healthcare,53608,London,England,UK,2016-09-05,15,Medium
C001372,8,Arjun Singh,Male,27,Affluent,Manager,341602,Mumbai,Maharashtra,India,2018-11-16,50,Low
C001373,10,Taylor Martin,Female,42,Premium,Healthcare,34222,Hyderabad,Telangana,India,2016-08-10,93,Low
C001374,4,Rahul Clark,Female,43,Mass Market,Healthcare,155620,Houston,Texas,USA,2015-05-15,14,Low
C001375,9,Morgan Taylor,Other,21,Premium,Engineer,112315,Mumbai,Maharashtra,India,2016-11-02,92,Low
C001376,9,Sam Iyer,Male,27,Premium,Manager,22825,Pune,Maharashtra,India,2021-10-06,40,Medium
C001377,10,Jamie Clark,Male,31,Business,Other,130648,Bengaluru,Karnataka,India,2018-04-19,18,Low
C001378,4,Emma Johnson,Male,56,Affluent,Engineer,77558,San Francisco,California,USA,2015-12-09,77,High
C001379,9,Jamie Gupta,Male,49,Business,Healthcare,41614,Delhi,Delhi,India,2023-06-01,43,Medium
C001380,6,Emma Lee,Female,71,Premium,Employee,83854,Manchester,England,UK,2016-02-25,42,Medium
C001381,1,Arjun Smith,Female,31,Business,Business Owner,53741,Seattle,Washington,USA,2024-01-08,45,Medium
C001382,3,Taylor Smith,Other,56,Premium,Business Owner,114714,Dallas,Texas,USA,2016-05-08,94,Low
C001383,7,Neha Iyer,Male,55,Mass Market,Student,57142,Berlin,Berlin,Germany,2015-11-22,15,Critical
C001384,2,Avery Brown,Female,55,Business,Retired,37578,Houston,Texas,USA,2015-08-26,31,Medium
C001385,5,Jamie Taylor,Male,73,Business,Retired,139391,London,England,UK,2018-08-28,54,Low
C001386,8,Daniel Smith,Female,26,Premium,Consultant,131982,Chennai,Tamil Nadu,India,2025-11-20,40,Low
C001387,2,Avery Williams,Female,30,Premium,Engineer,52208,Houston,Texas,USA,2016-07-01,57,Low
C001388,5,Chris Patel,Male,43,Premium,Engineer,51851,London,England,UK,2021-03-21,53,Medium
C001389,3,Riley Singh,Female,67,Business,Engineer,65458,Dallas,Texas,USA,2020-09-19,19,Low
C001390,6,Riley Iyer,Other,21,Affluent,Employee,59319,Liverpool,England,UK,2015-09-08,66,High
C001391,3,Neha Taylor,Female,48,Affluent,Engineer,44935,Houston,Texas,USA,2025-11-03,79,Medium
C001392,10,Arjun Johnson,Other,39,Premium,Employee,179246,Pune,Maharashtra,India,2020-07-26,25,Low
C001393,1,Rahul Singh,Male,49,Premium,Healthcare,64517,San Francisco,California,USA,2025-03-09,59,Low
C001394,10,Olivia Moore,Other,38,Premium,Engineer,85062,Delhi,Delhi,India,2025-05-15,93,Medium
C001395,8,Jordan Sharma,Other,58,Business,Engineer,417739,Chennai,Tamil Nadu,India,2024-06-18,37,Low
C001396,9,Ananya Kumar,Female,50,Premium,Employee,80881,Hyderabad,Telangana,India,2024-07-26,16,Medium
C001397,9,Jamie Lee,Other,22,Premium,Retired,80886,Ahmedabad,Gujarat,India,2015-01-17,76,Medium
C001398,2,Jamie Singh,Female,58,Affluent,Business Owner,20351,Chicago,Illinois,USA,2019-04-06,70,Low
C001399,10,Riley Smith,Male,48,Mass Market,Healthcare,50133,Delhi,Delhi,India,2024-07-24,50,Low
C001400,6,Taylor Moore,Female,29,Affluent,Other,31265,London,England,UK,2022-07-09,65,Low
C001401,10,Emma Clark,Other,57,Business,Consultant,112027,Ahmedabad,Gujarat,India,2018-01-14,60,Low
C001402,9,Arjun Williams,Other,37,Premium,Manager,73176,Pune,Maharashtra,India,2019-02-05,68,Medium
C001403,6,Morgan Kumar,Female,33,Business,Student,66214,Birmingham,England,UK,2025-12-31,89,Low
C001404,4,Taylor Singh,Female,45,Business,Retired,82389,New York,New York,USA,2021-08-08,45,Medium
C001405,2,Alex Thomas,Other,41,Premium,Consultant,105389,Los Angeles,California,USA,2018-11-10,37,Low
C001406,2,Morgan Patel,Other,38,Business,Manager,29434,Seattle,Washington,USA,2016-11-01,81,Low
C001407,4,Arjun Anderson,Female,46,Affluent,Employee,18000,New York,New York,USA,2016-02-21,73,Low
C001408,9,Morgan Thomas,Male,75,Premium,Engineer,94279,Bengaluru,Karnataka,India,2023-02-09,56,Low
C001409,6,Morgan Wilson,Male,56,Mass Market,Engineer,89688,Manchester,England,UK,2020-05-20,18,Low
C001410,5,Vikram Martin,Female,60,Business,Other,189481,London,England,UK,2021-01-04,14,High
C001411,3,Olivia Brown,Female,65,Mass Market,Consultant,57735,Dallas,Texas,USA,2025-02-20,95,High
C001412,6,Arjun Gupta,Female,66,Affluent,Business Owner,35396,Manchester,England,UK,2022-03-04,43,High
C001413,7,Riley Clark,Male,34,Mass Market,Engineer,41642,Berlin,Berlin,Germany,2020-11-05,5,Medium
C001414,10,Noah Moore,Other,54,Business,Business Owner,73445,Delhi,Delhi,India,2017-04-21,54,Low
C001415,8,Vikram Brown,Female,70,Mass Market,Consultant,28800,Bengaluru,Karnataka,India,2017-01-01,26,Low
C001416,7,Emma Sharma,Male,51,Mass Market,Retired,74485,Berlin,Berlin,Germany,2015-04-03,43,Medium
C001417,10,Arjun Moore,Female,38,Mass Market,Engineer,39145,Ahmedabad,Gujarat,India,2021-06-11,71,Medium
C001418,5,Sam Wilson,Other,53,Mass Market,Employee,72523,Liverpool,England,UK,2020-05-27,11,Low
C001419,10,Vikram Patel,Female,33,Premium,Employee,250826,Mumbai,Maharashtra,India,2023-09-17,35,Low
C001420,4,Olivia Sharma,Female,59,Business,Business Owner,21340,San Francisco,California,USA,2025-06-30,64,Medium
C001421,2,Vikram Lee,Other,58,Business,Employee,84548,Miami,Florida,USA,2021-12-07,90,High
C001422,5,Alex Patel,Male,69,Business,Engineer,69495,Leeds,England,UK,2019-08-06,32,Low
C001423,2,Neha Smith,Other,21,Premium,Engineer,38882,New York,New York,USA,2024-10-13,32,Low
C001424,2,Avery Williams,Male,24,Mass Market,Other,34082,Seattle,Washington,USA,2025-09-04,70,Low
C001425,9,Daniel Sharma,Other,26,Affluent,Retired,72988,Ahmedabad,Gujarat,India,2024-04-08,34,Low
C001426,8,Chris Thomas,Male,64,Affluent,Healthcare,148596,Pune,Maharashtra,India,2020-03-30,60,High
C001427,3,Jamie Thomas,Female,45,Premium,Manager,70914,Seattle,Washington,USA,2022-10-10,69,High
C001428,9,Chris Wilson,Other,29,Premium,Business Owner,91880,Hyderabad,Telangana,India,2016-01-04,78,Low
C001429,1,Rahul Thomas,Female,27,Business,Manager,35036,Miami,Florida,USA,2018-03-03,29,Low
C001430,3,Chris Sharma,Male,62,Premium,Business Owner,18511,New York,New York,USA,2023-08-23,7,Medium
C001431,8,Chris Patel,Other,58,Business,Manager,78967,Bengaluru,Karnataka,India,2020-03-14,48,Medium
C001432,4,Jordan Iyer,Female,66,Business,Consultant,109664,Miami,Florida,USA,2024-04-23,21,Low
C001433,8,Casey Smith,Other,69,Affluent,Consultant,24402,Kolkata,West Bengal,India,2020-05-12,87,Medium
C001434,9,Olivia Moore,Female,27,Business,Engineer,55547,Kolkata,West Bengal,India,2021-05-19,24,Medium
C001435,1,Jamie Martin,Male,25,Premium,Manager,34168,Houston,Texas,USA,2015-07-07,61,Low
C001436,1,Emma Lee,Male,38,Business,Business Owner,32597,San Francisco,California,USA,2020-04-18,28,Medium
C001437,10,Noah Sharma,Male,49,Affluent,Student,18000,Chennai,Tamil Nadu,India,2016-02-21,25,Low
C001438,6,Priya Kumar,Male,69,Affluent,Consultant,132188,Manchester,England,UK,2015-01-10,18,Medium
C001439,6,Vikram Brown,Other,21,Mass Market,Consultant,69041,Birmingham,England,UK,2021-02-23,24,Low
C001440,5,Riley Davis,Male,58,Mass Market,Student,144769,Manchester,England,UK,2017-03-30,82,Medium
C001441,5,Alex Johnson,Female,38,Premium,Engineer,36829,London,England,UK,2019-09-30,42,High
C001442,7,Morgan Kumar,Female,32,Affluent,Student,221729,Hamburg,Hamburg,Germany,2015-11-26,39,Medium
C001443,6,Olivia Taylor,Other,48,Mass Market,Engineer,37228,Birmingham,England,UK,2018-04-28,68,Low
C001444,2,Avery Martin,Other,48,Mass Market,Other,155310,Dallas,Texas,USA,2022-03-31,36,Low
C001445,7,Sam Clark,Other,44,Affluent,Employee,35674,Berlin,Berlin,Germany,2022-06-22,70,Medium
C001446,7,Chris Taylor,Female,26,Premium,Manager,18000,Cologne,North Rhine-Westphalia,Germany,2016-09-13,94,Low
C001447,2,Chris Brown,Male,46,Premium,Engineer,42434,New York,New York,USA,2023-04-06,41,Low
C001448,4,Jordan Taylor,Female,43,Business,Healthcare,117207,San Francisco,California,USA,2015-02-26,63,High
C001449,8,Emma Singh,Other,64,Premium,Retired,184546,Bengaluru,Karnataka,India,2025-07-11,83,Medium
C001450,7,Sam Clark,Other,68,Mass Market,Other,143873,Frankfurt,Hesse,Germany,2023-09-06,19,Low
C001451,2,Jamie Lee,Male,62,Affluent,Business Owner,63387,Seattle,Washington,USA,2024-04-30,54,Low
C001452,1,Taylor Thomas,Male,74,Business,Retired,99073,San Francisco,California,USA,2016-03-20,55,Low
C001453,6,Rahul Iyer,Other,36,Business,Manager,116771,Manchester,England,UK,2023-06-16,34,High
C001454,5,Priya Gupta,Male,61,Business,Engineer,76335,Birmingham,England,UK,2016-07-23,72,Low
C001455,10,Emma Taylor,Male,61,Mass Market,Consultant,109027,Pune,Maharashtra,India,2022-05-02,67,Medium
C001456,6,Arjun Singh,Female,60,Premium,Student,26430,London,England,UK,2021-01-27,34,Low
C001457,10,Rahul Williams,Other,43,Affluent,Employee,73307,Chennai,Tamil Nadu,India,2017-02-11,95,Low
C001458,3,Neha Moore,Female,56,Mass Market,Engineer,18000,Houston,Texas,USA,2015-01-09,47,Low
C001459,5,Sam Davis,Male,61,Business,Consultant,31973,London,England,UK,2018-07-30,64,Medium
C001460,2,Morgan Davis,Male,27,Premium,Healthcare,117185,Dallas,Texas,USA,2017-03-26,42,High
C001461,6,Riley Williams,Male,36,Premium,Other,42654,Liverpool,England,UK,2018-05-21,10,Low
C001462,2,Ananya Sharma,Female,22,Premium,Other,208657,Los Angeles,California,USA,2024-09-26,33,Low
C001463,5,Taylor Anderson,Female,28,Premium,Employee,20573,Leeds,England,UK,2018-04-06,17,Medium
C001464,4,Riley Davis,Other,32,Mass Market,Engineer,100924,Los Angeles,California,USA,2022-08-15,51,High
C001465,2,Emma Gupta,Other,59,Premium,Employee,64047,Los Angeles,California,USA,2020-11-23,46,Medium
C001466,1,Ananya Davis,Other,45,Mass Market,Engineer,62444,San Francisco,California,USA,2019-09-11,19,Low
C001467,6,Casey Davis,Other,34,Premium,Manager,73000,Manchester,England,UK,2020-08-24,64,Low
C001468,10,Arjun Wilson,Female,22,Premium,Engineer,32645,Delhi,Delhi,India,2024-01-09,31,Low
C001469,2,Taylor Johnson,Other,22,Mass Market,Manager,113282,San Francisco,California,USA,2024-07-31,17,Low
C001470,5,Rahul Patel,Male,72,Affluent,Engineer,45040,Liverpool,England,UK,2022-01-25,83,Medium
C001471,3,Taylor Lee,Female,75,Affluent,Healthcare,101491,Seattle,Washington,USA,2022-11-13,78,Low
C001472,9,Chris Martin,Other,30,Business,Employee,36858,Ahmedabad,Gujarat,India,2022-08-26,82,Low
C001473,5,Avery Lee,Male,43,Mass Market,Consultant,31119,Liverpool,England,UK,2021-04-26,56,High
C001474,10,Neha Martin,Male,25,Premium,Manager,372125,Delhi,Delhi,India,2021-10-04,41,High
C001475,3,Daniel Iyer,Other,52,Affluent,Consultant,101085,Dallas,Texas,USA,2016-05-30,15,Low
C001476,1,Rahul Patel,Female,36,Mass Market,Engineer,58681,New York,New York,USA,2017-08-11,68,Low
C001477,6,Emma Wilson,Female,46,Mass Market,Engineer,32156,Manchester,England,UK,2020-02-28,61,Low
C001478,7,Vikram Sharma,Female,42,Business,Consultant,32403,Hamburg,Hamburg,Germany,2021-07-27,35,Medium
C001479,10,Alex Miller,Male,63,Premium,Healthcare,44309,Kolkata,West Bengal,India,2016-08-18,22,Low
C001480,9,Morgan Iyer,Other,69,Mass Market,Employee,67472,Chennai,Tamil Nadu,India,2020-04-05,55,Medium
C001481,9,Arjun Williams,Female,72,Mass Market,Student,47385,Bengaluru,Karnataka,India,2021-12-29,11,High
C001482,7,Olivia Thomas,Male,33,Premium,Healthcare,25503,Munich,Bavaria,Germany,2015-11-11,65,Low
C001483,4,Arjun Moore,Other,35,Business,Healthcare,103589,Miami,Florida,USA,2024-04-20,74,Low
C001484,5,Morgan Kumar,Male,39,Premium,Consultant,45979,Manchester,England,UK,2020-10-09,64,High
C001485,2,Sam Iyer,Female,68,Mass Market,Student,80646,Houston,Texas,USA,2019-02-10,72,Low
C001486,5,Morgan Singh,Male,36,Affluent,Other,90147,Birmingham,England,UK,2022-01-29,31,Low
C001487,4,Alex Taylor,Female,75,Business,Healthcare,193497,Los Angeles,California,USA,2017-06-12,51,Low
C001488,1,Jamie Sharma,Male,49,Premium,Consultant,41721,Los Angeles,California,USA,2022-08-27,69,Critical
C001489,3,Chris Smith,Male,29,Mass Market,Retired,69576,Seattle,Washington,USA,2023-08-22,21,Medium
C001490,6,Emma Brown,Male,70,Mass Market,Consultant,29890,Birmingham,England,UK,2022-03-30,85,Low
C001491,4,Casey Brown,Female,58,Business,Business Owner,76058,San Francisco,California,USA,2016-04-18,72,Medium
C001492,10,Sam Thomas,Other,43,Mass Market,Business Owner,54469,Mumbai,Maharashtra,India,2020-12-11,64,Low
C001493,5,Riley Wilson,Female,26,Business,Consultant,159435,Birmingham,England,UK,2025-02-09,10,Low
C001494,10,Chris Patel,Female,44,Business,Healthcare,52792,Kolkata,West Bengal,India,2020-04-15,80,Low
C001495,7,Taylor Patel,Male,27,Business,Manager,57885,Berlin,Berlin,Germany,2018-11-07,7,Medium
C001496,1,Neha Gupta,Male,47,Mass Market,Other,109255,Los Angeles,California,USA,2017-12-17,74,Medium
C001497,3,Riley Sharma,Male,38,Affluent,Other,72702,Chicago,Illinois,USA,2018-03-10,87,Low
C001498,8,Olivia Patel,Other,32,Business,Engineer,61847,Ahmedabad,Gujarat,India,2020-07-12,62,Medium
C001499,6,Morgan Davis,Other,71,Business,Manager,39109,London,England,UK,2016-01-29,85,Low
C001500,4,Jordan Sharma,Female,74,Affluent,Consultant,113507,San Francisco,California,USA,2019-01-01,48,Medium
C001501,6,Riley Wilson,Female,75,Affluent,Manager,83520,London,England,UK,2023-05-25,80,Medium
C001502,10,Jamie Johnson,Other,24,Affluent,Student,32330,Bengaluru,Karnataka,India,2021-04-18,48,Low
C001503,4,Jamie Thomas,Other,49,Affluent,Manager,68168,Miami,Florida,USA,2016-06-02,54,Low
C001504,1,Olivia Williams,Male,33,Affluent,Manager,94280,Los Angeles,California,USA,2024-01-18,93,High
C001505,4,Chris Gupta,Male,29,Business,Retired,172053,Los Angeles,California,USA,2020-05-18,64,Medium
C001506,10,Chris Kumar,Female,37,Premium,Employee,46621,Pune,Maharashtra,India,2018-07-17,40,High
C001507,8,Emma Johnson,Other,67,Premium,Retired,79957,Hyderabad,Telangana,India,2020-07-01,19,High
C001508,9,Chris Miller,Other,50,Business,Consultant,21869,Delhi,Delhi,India,2025-12-14,40,Medium
C001509,10,Morgan Singh,Other,71,Mass Market,Healthcare,85190,Delhi,Delhi,India,2020-03-20,66,Low
C001510,2,Morgan Taylor,Female,29,Business,Retired,38162,Houston,Texas,USA,2017-07-29,37,High
C001511,3,Alex Iyer,Other,50,Business,Engineer,70728,San Francisco,California,USA,2020-04-23,92,Medium
C001512,1,Priya Singh,Female,48,Business,Student,61429,Houston,Texas,USA,2025-06-27,60,Critical
C001513,1,Neha Brown,Other,35,Premium,Student,350139,Chicago,Illinois,USA,2019-12-10,62,Low
C001514,9,Emma Thomas,Female,29,Premium,Business Owner,37174,Chennai,Tamil Nadu,India,2020-12-02,14,Low
C001515,10,Chris Davis,Other,41,Affluent,Manager,31211,Hyderabad,Telangana,India,2015-01-26,32,Low
C001516,2,Taylor Thomas,Other,72,Business,Other,64261,Chicago,Illinois,USA,2024-03-04,61,Low
C001517,8,Arjun Anderson,Male,75,Mass Market,Retired,131526,Pune,Maharashtra,India,2022-12-05,41,Medium
C001518,6,Rahul Kumar,Other,45,Affluent,Employee,149731,Leeds,England,UK,2015-09-05,18,High
C001519,1,Rahul Miller,Female,28,Mass Market,Retired,69719,Los Angeles,California,USA,2015-04-14,23,Low
C001520,10,Priya Lee,Other,24,Affluent,Consultant,35494,Hyderabad,Telangana,India,2020-12-13,92,Low
C001521,9,Vikram Thomas,Male,21,Mass Market,Business Owner,76211,Mumbai,Maharashtra,India,2021-11-17,5,Low
C001522,6,Priya Davis,Male,61,Premium,Retired,266839,Liverpool,England,UK,2015-03-17,49,Medium
C001523,8,Olivia Taylor,Female,60,Affluent,Other,169099,Ahmedabad,Gujarat,India,2018-02-06,73,Low
C001524,4,Vikram Johnson,Male,31,Business,Retired,116311,San Francisco,California,USA,2018-03-15,80,Low
C001525,8,Riley Gupta,Female,58,Affluent,Student,169438,Chennai,Tamil Nadu,India,2020-11-22,17,Low
C001526,5,Neha Clark,Male,50,Business,Business Owner,61013,London,England,UK,2024-12-17,42,Medium
C001527,10,Jamie Martin,Female,40,Affluent,Manager,464848,Delhi,Delhi,India,2023-10-21,65,Low
C001528,1,Jordan Clark,Male,40,Premium,Employee,44331,Los Angeles,California,USA,2020-06-03,81,Low
C001529,2,Emma Singh,Other,73,Mass Market,Student,44846,New York,New York,USA,2020-12-12,20,High
C001530,10,Olivia Martin,Female,66,Business,Consultant,31109,Chennai,Tamil Nadu,India,2016-05-17,56,Low
C001531,3,Taylor Wilson,Other,56,Premium,Business Owner,108245,Dallas,Texas,USA,2016-04-12,58,Low
C001532,4,Chris Singh,Other,41,Affluent,Healthcare,39979,Seattle,Washington,USA,2024-01-21,5,Low
C001533,8,Ananya Smith,Female,62,Business,Business Owner,44954,Pune,Maharashtra,India,2016-08-30,68,Low
C001534,2,Vikram Taylor,Female,30,Mass Market,Consultant,57962,Dallas,Texas,USA,2018-02-17,87,High
C001535,6,Casey Martin,Other,43,Mass Market,Employee,127327,Birmingham,England,UK,2015-04-02,67,High
C001536,3,Morgan Johnson,Female,28,Premium,Business Owner,42843,Los Angeles,California,USA,2020-10-07,32,Low
C001537,2,Jordan Brown,Male,33,Business,Business Owner,236252,San Francisco,California,USA,2020-03-03,53,Low
C001538,10,Arjun Miller,Male,24,Business,Other,222362,Delhi,Delhi,India,2022-02-18,47,High
C001539,2,Taylor Patel,Male,30,Affluent,Consultant,149185,New York,New York,USA,2017-01-13,74,Low
C001540,1,Neha Davis,Other,61,Premium,Business Owner,87822,New York,New York,USA,2015-04-28,37,Low
C001541,7,Casey Thomas,Female,48,Mass Market,Engineer,163246,Cologne,North Rhine-Westphalia,Germany,2019-07-03,93,Low
C001542,9,Arjun Thomas,Female,50,Affluent,Manager,61027,Kolkata,West Bengal,India,2025-05-22,40,High
C001543,2,Jordan Iyer,Other,50,Affluent,Healthcare,48786,New York,New York,USA,2020-06-06,64,High
C001544,8,Morgan Singh,Female,32,Affluent,Consultant,41023,Chennai,Tamil Nadu,India,2021-09-13,52,Medium
C001545,6,Chris Davis,Other,57,Premium,Employee,96499,Leeds,England,UK,2018-11-25,94,Low
C001546,9,Morgan Gupta,Female,23,Premium,Student,18000,Pune,Maharashtra,India,2023-02-20,66,Medium
C001547,2,Ananya Williams,Female,62,Premium,Engineer,22518,Chicago,Illinois,USA,2017-08-06,39,Low
C001548,10,Riley Johnson,Male,39,Premium,Engineer,18000,Mumbai,Maharashtra,India,2022-01-31,88,Critical
C001549,7,Priya Williams,Male,33,Business,Consultant,67492,Berlin,Berlin,Germany,2015-02-22,50,Low
C001550,9,Vikram Wilson,Female,72,Affluent,Healthcare,80550,Chennai,Tamil Nadu,India,2016-11-27,9,High
C001551,4,Emma Davis,Female,40,Affluent,Healthcare,92147,Los Angeles,California,USA,2017-03-08,13,Medium
C001552,10,Jamie Clark,Other,62,Premium,Engineer,42117,Hyderabad,Telangana,India,2021-08-06,61,High
C001553,7,Emma Lee,Female,33,Premium,Retired,113345,Hamburg,Hamburg,Germany,2025-09-30,7,Medium
C001554,2,Riley Taylor,Other,37,Affluent,Engineer,63461,Chicago,Illinois,USA,2017-11-28,93,Medium
C001555,10,Noah Patel,Other,70,Business,Consultant,36006,Delhi,Delhi,India,2023-06-11,58,Medium
C001556,8,Morgan Lee,Male,35,Business,Manager,57644,Hyderabad,Telangana,India,2018-09-25,25,Low
C001557,4,Casey Martin,Other,57,Business,Employee,47405,Houston,Texas,USA,2024-10-18,22,Low
C001558,6,Olivia Singh,Male,21,Premium,Engineer,43731,Liverpool,England,UK,2023-04-09,57,Medium
C001559,4,Casey Brown,Male,21,Affluent,Healthcare,114921,Houston,Texas,USA,2018-07-18,92,Medium
C001560,6,Alex Martin,Male,54,Mass Market,Retired,36353,Manchester,England,UK,2021-11-07,94,Medium
C001561,10,Jamie Miller,Other,53,Mass Market,Retired,49217,Delhi,Delhi,India,2020-08-11,67,Low
C001562,9,Casey Williams,Female,44,Affluent,Manager,39554,Bengaluru,Karnataka,India,2025-11-04,15,High
C001563,3,Emma Williams,Male,59,Mass Market,Business Owner,34280,New York,New York,USA,2015-09-06,81,Low
C001564,10,Daniel Miller,Other,71,Mass Market,Consultant,119403,Mumbai,Maharashtra,India,2025-02-11,70,Medium
C001565,5,Neha Iyer,Male,69,Business,Business Owner,282633,Leeds,England,UK,2021-02-13,35,Low
C001566,8,Jamie Singh,Male,45,Business,Employee,171510,Delhi,Delhi,India,2015-08-11,32,Critical
C001567,8,Emma Taylor,Male,41,Affluent,Employee,31862,Hyderabad,Telangana,India,2022-05-31,57,Low
C001568,5,Arjun Gupta,Other,69,Affluent,Other,82709,Liverpool,England,UK,2022-02-27,87,Low
C001569,5,Jamie Martin,Male,61,Affluent,Manager,55560,Leeds,England,UK,2019-12-17,62,Low
C001570,5,Ananya Singh,Male,39,Business,Retired,43847,Manchester,England,UK,2025-09-06,50,Critical
C001571,9,Arjun Gupta,Other,64,Mass Market,Employee,161480,Pune,Maharashtra,India,2015-09-19,63,Low
C001572,4,Sam Lee,Male,47,Mass Market,Engineer,224243,Seattle,Washington,USA,2017-01-11,47,Low
C001573,3,Alex Anderson,Female,58,Mass Market,Engineer,110286,New York,New York,USA,2021-09-03,47,Low
C001574,4,Daniel Williams,Other,71,Business,Engineer,157247,New York,New York,USA,2022-01-14,26,Low
C001575,2,Olivia Davis,Male,69,Premium,Consultant,72831,New York,New York,USA,2019-03-30,77,Critical
C001576,4,Arjun Williams,Female,29,Mass Market,Other,35987,Miami,Florida,USA,2016-07-31,48,Low
C001577,2,Daniel Taylor,Other,74,Affluent,Student,23825,Houston,Texas,USA,2022-06-26,58,Low
C001578,1,Riley Wilson,Male,57,Premium,Business Owner,91345,Miami,Florida,USA,2016-07-28,75,Low
C001579,8,Chris Miller,Male,42,Business,Other,71483,Bengaluru,Karnataka,India,2016-05-23,22,Low
C001580,1,Jamie Brown,Female,28,Affluent,Student,68730,Seattle,Washington,USA,2018-07-15,23,Medium
C001581,6,Noah Patel,Male,28,Affluent,Engineer,89782,Birmingham,England,UK,2015-08-08,17,Medium
C001582,8,Avery Brown,Male,59,Business,Business Owner,35386,Chennai,Tamil Nadu,India,2016-04-30,72,Low
C001583,8,Daniel Iyer,Other,34,Mass Market,Other,57655,Kolkata,West Bengal,India,2016-05-23,28,Medium
C001584,5,Casey Sharma,Other,23,Mass Market,Other,47348,Birmingham,England,UK,2019-04-25,36,Low
C001585,2,Emma Moore,Female,35,Business,Business Owner,74307,Miami,Florida,USA,2018-10-26,91,Low
C001586,10,Noah Brown,Other,22,Premium,Retired,125318,Delhi,Delhi,India,2025-08-23,41,Medium
C001587,9,Arjun Taylor,Female,44,Mass Market,Retired,69993,Pune,Maharashtra,India,2022-10-11,88,Low
C001588,7,Priya Smith,Male,56,Mass Market,Consultant,154069,Cologne,North Rhine-Westphalia,Germany,2016-08-12,17,Medium
C001589,1,Jamie Moore,Other,35,Affluent,Manager,116824,Houston,Texas,USA,2023-04-04,34,Low
C001590,1,Emma Patel,Male,28,Mass Market,Manager,22000,Dallas,Texas,USA,2025-08-26,57,Medium
C001591,4,Arjun Davis,Other,66,Affluent,Retired,50614,Miami,Florida,USA,2016-02-10,59,Low
C001592,2,Rahul Williams,Other,27,Affluent,Employee,37265,San Francisco,California,USA,2019-01-18,23,High
C001593,9,Morgan Iyer,Male,52,Business,Engineer,128015,Mumbai,Maharashtra,India,2017-11-22,85,Low
C001594,3,Noah Brown,Male,67,Premium,Employee,105518,Seattle,Washington,USA,2022-01-21,78,Critical
C001595,3,Avery Miller,Other,37,Mass Market,Engineer,28313,Seattle,Washington,USA,2023-08-30,10,Critical
C001596,10,Olivia Taylor,Female,67,Mass Market,Other,38876,Mumbai,Maharashtra,India,2021-08-20,82,Medium
C001597,9,Avery Gupta,Female,22,Affluent,Engineer,27580,Mumbai,Maharashtra,India,2022-05-09,91,Low
C001598,3,Taylor Clark,Other,26,Mass Market,Engineer,59594,San Francisco,California,USA,2015-08-15,10,Critical
C001599,4,Emma Thomas,Other,58,Affluent,Employee,81783,Los Angeles,California,USA,2025-11-02,95,Low
C001600,6,Sam Clark,Female,30,Mass Market,Consultant,46084,Leeds,England,UK,2022-10-03,52,Critical
C001601,7,Olivia Kumar,Male,46,Premium,Retired,92874,Frankfurt,Hesse,Germany,2015-06-19,58,Medium
C001602,10,Taylor Thomas,Female,70,Business,Engineer,54822,Pune,Maharashtra,India,2019-11-06,79,Low
C001603,9,Morgan Johnson,Other,55,Affluent,Business Owner,130195,Hyderabad,Telangana,India,2017-06-14,14,Medium
C001604,10,Alex Lee,Female,53,Premium,Engineer,101892,Delhi,Delhi,India,2024-10-10,88,Low
C001605,1,Noah Martin,Male,54,Mass Market,Retired,29138,Los Angeles,California,USA,2015-11-25,41,Low
C001606,3,Vikram Singh,Female,74,Business,Retired,18240,Seattle,Washington,USA,2017-11-06,95,Low
C001607,6,Priya Wilson,Male,54,Business,Student,105723,Manchester,England,UK,2020-01-11,94,High
C001608,1,Olivia Anderson,Other,36,Affluent,Business Owner,95775,Los Angeles,California,USA,2015-06-30,5,Low
C001609,4,Jordan Williams,Male,68,Premium,Employee,72558,Chicago,Illinois,USA,2019-06-21,45,Low
C001610,2,Neha Gupta,Other,29,Business,Employee,127461,Los Angeles,California,USA,2025-12-20,46,Medium
C001611,10,Jordan Moore,Other,35,Affluent,Consultant,32784,Chennai,Tamil Nadu,India,2017-01-15,58,Low
C001612,1,Rahul Lee,Female,73,Mass Market,Student,29920,Seattle,Washington,USA,2025-08-27,89,Low
C001613,2,Neha Patel,Female,64,Business,Manager,83350,Seattle,Washington,USA,2021-11-16,8,High
C001614,2,Olivia Brown,Male,39,Affluent,Student,18000,San Francisco,California,USA,2024-07-20,95,Low
C001615,2,Daniel Johnson,Male,39,Mass Market,Business Owner,34799,Dallas,Texas,USA,2016-08-21,16,Medium
C001616,6,Riley Clark,Female,29,Premium,Engineer,72193,London,England,UK,2018-07-28,40,Low
C001617,4,Taylor Williams,Female,21,Mass Market,Other,159858,Seattle,Washington,USA,2017-02-03,16,Low
C001618,10,Riley Johnson,Male,57,Mass Market,Retired,18701,Bengaluru,Karnataka,India,2017-11-28,32,Low
C001619,3,Alex Gupta,Female,49,Mass Market,Consultant,18000,Dallas,Texas,USA,2020-02-10,91,Low
C001620,6,Chris Moore,Other,62,Premium,Manager,119705,Leeds,England,UK,2017-01-29,64,Low
C001621,7,Chris Singh,Male,56,Mass Market,Consultant,66570,Berlin,Berlin,Germany,2020-10-10,7,Medium
C001622,7,Vikram Davis,Other,57,Business,Student,22784,Munich,Bavaria,Germany,2023-08-23,66,Low
C001623,8,Riley Taylor,Female,70,Affluent,Consultant,27634,Mumbai,Maharashtra,India,2023-05-04,39,High
C001624,3,Arjun Moore,Other,58,Mass Market,Consultant,19500,Miami,Florida,USA,2025-11-18,54,Medium
C001625,6,Daniel Patel,Other,55,Business,Business Owner,315476,Birmingham,England,UK,2024-06-16,67,Low
C001626,9,Priya Sharma,Female,59,Premium,Other,157315,Chennai,Tamil Nadu,India,2023-08-21,13,Low
C001627,9,Sam Taylor,Other,68,Mass Market,Employee,87358,Delhi,Delhi,India,2019-08-16,62,Low
C001628,7,Avery Miller,Female,72,Affluent,Consultant,82321,Frankfurt,Hesse,Germany,2015-03-21,65,Low
C001629,7,Olivia Clark,Other,39,Affluent,Engineer,279267,Cologne,North Rhine-Westphalia,Germany,2021-09-01,79,High
C001630,9,Sam Patel,Other,62,Affluent,Business Owner,39944,Hyderabad,Telangana,India,2018-06-21,59,Low
C001631,7,Arjun Smith,Male,75,Business,Student,94614,Munich,Bavaria,Germany,2022-09-26,74,Low
C001632,10,Taylor Lee,Female,34,Premium,Retired,63507,Hyderabad,Telangana,India,2022-06-14,28,Medium
C001633,2,Avery Smith,Other,34,Affluent,Consultant,70614,Chicago,Illinois,USA,2016-11-24,33,Low
C001634,4,Neha Smith,Female,60,Premium,Consultant,39530,Dallas,Texas,USA,2019-06-17,7,Low
C001635,2,Sam Clark,Female,37,Mass Market,Healthcare,32701,Houston,Texas,USA,2022-09-26,89,Medium
C001636,1,Arjun Gupta,Female,64,Affluent,Retired,82034,San Francisco,California,USA,2024-08-08,28,High
C001637,5,Ananya Wilson,Male,75,Business,Business Owner,91565,Manchester,England,UK,2016-01-18,76,Low
C001638,3,Ananya Johnson,Male,57,Business,Engineer,72295,San Francisco,California,USA,2025-03-14,8,Low
C001639,5,Riley Gupta,Other,67,Business,Healthcare,104246,Leeds,England,UK,2019-02-03,14,Low
C001640,5,Taylor Smith,Other,68,Mass Market,Consultant,18000,Birmingham,England,UK,2020-08-01,72,Low
C001641,7,Sam Martin,Male,62,Mass Market,Retired,151268,Munich,Bavaria,Germany,2020-05-30,58,Low
C001642,10,Sam Smith,Female,61,Mass Market,Other,92030,Chennai,Tamil Nadu,India,2025-07-21,33,Low
C001643,9,Morgan Thomas,Male,68,Affluent,Retired,46435,Delhi,Delhi,India,2019-11-04,21,Low
C001644,4,Rahul Kumar,Male,40,Business,Other,125983,Los Angeles,California,USA,2017-03-23,37,Low
C001645,4,Sam Sharma,Male,70,Affluent,Consultant,62355,Houston,Texas,USA,2016-11-21,92,Medium
C001646,8,Riley Thomas,Male,25,Affluent,Student,117578,Bengaluru,Karnataka,India,2022-08-08,37,Low
C001647,2,Arjun Martin,Female,52,Premium,Other,18063,New York,New York,USA,2016-09-09,56,High
C001648,6,Emma Davis,Male,44,Affluent,Healthcare,129894,Leeds,England,UK,2020-02-24,40,Low
C001649,5,Rahul Wilson,Male,42,Premium,Consultant,46525,Leeds,England,UK,2022-02-15,54,Low
C001650,2,Olivia Sharma,Female,26,Business,Student,44918,Dallas,Texas,USA,2023-05-12,38,Medium
C001651,7,Sam Williams,Other,21,Business,Student,18842,Munich,Bavaria,Germany,2021-11-28,73,Medium
C001652,4,Riley Singh,Other,51,Affluent,Student,38241,New York,New York,USA,2019-11-22,44,Critical
C001653,2,Noah Moore,Female,57,Affluent,Business Owner,69980,Miami,Florida,USA,2022-10-05,33,High
C001654,7,Priya Martin,Female,72,Premium,Healthcare,92914,Frankfurt,Hesse,Germany,2019-10-30,42,High
C001655,2,Olivia Martin,Other,38,Business,Student,179846,Houston,Texas,USA,2018-10-08,56,Low
C001656,7,Jordan Gupta,Other,21,Premium,Employee,110340,Hamburg,Hamburg,Germany,2024-09-19,91,Low
C001657,2,Noah Lee,Female,70,Business,Retired,87221,Los Angeles,California,USA,2025-09-18,37,Low
C001658,5,Sam Lee,Male,33,Affluent,Other,64162,Liverpool,England,UK,2021-07-17,23,High
C001659,9,Priya Clark,Other,47,Affluent,Student,48256,Bengaluru,Karnataka,India,2022-08-30,11,High
C001660,3,Daniel Wilson,Male,66,Affluent,Manager,73276,Los Angeles,California,USA,2024-09-28,20,High
C001661,8,Neha Clark,Male,35,Business,Other,134018,Delhi,Delhi,India,2021-08-06,19,High
C001662,8,Vikram Gupta,Female,38,Affluent,Employee,34282,Bengaluru,Karnataka,India,2016-07-03,95,High
C001663,10,Riley Smith,Male,33,Premium,Retired,28593,Pune,Maharashtra,India,2018-12-28,95,Low
C001664,2,Avery Smith,Male,54,Affluent,Student,50671,Houston,Texas,USA,2017-12-21,57,Medium
C001665,8,Chris Smith,Other,58,Business,Manager,34466,Bengaluru,Karnataka,India,2024-08-05,64,Critical
C001666,10,Rahul Wilson,Female,42,Premium,Retired,58370,Ahmedabad,Gujarat,India,2023-01-19,91,Medium
C001667,8,Rahul Miller,Female,43,Affluent,Engineer,66586,Hyderabad,Telangana,India,2024-01-11,74,Low
C001668,2,Vikram Wilson,Female,32,Business,Manager,62570,San Francisco,California,USA,2018-01-23,52,Medium
C001669,9,Jordan Moore,Female,61,Premium,Engineer,63991,Hyderabad,Telangana,India,2017-08-17,85,Medium
C001670,2,Ananya Gupta,Male,55,Mass Market,Retired,34317,Houston,Texas,USA,2019-02-05,33,Medium
C001671,6,Arjun Martin,Other,66,Business,Manager,125788,Birmingham,England,UK,2018-01-15,5,High
C001672,5,Jamie Gupta,Male,64,Affluent,Retired,85379,Leeds,England,UK,2020-04-17,91,High
C001673,6,Noah Sharma,Female,42,Affluent,Engineer,147656,London,England,UK,2016-05-09,88,Low
C001674,6,Chris Patel,Female,72,Premium,Manager,66275,London,England,UK,2018-03-08,59,Critical
C001675,1,Priya Iyer,Female,62,Premium,Employee,74333,Houston,Texas,USA,2022-08-05,73,Medium
C001676,6,Casey Clark,Male,63,Premium,Manager,73545,Birmingham,England,UK,2022-11-02,43,Medium
C001677,10,Ananya Wilson,Female,48,Affluent,Retired,35731,Hyderabad,Telangana,India,2022-10-11,41,Low
C001678,5,Jordan Miller,Male,24,Affluent,Student,146409,Manchester,England,UK,2018-04-09,57,High
C001679,3,Rahul Moore,Male,57,Business,Employee,74609,Seattle,Washington,USA,2017-11-12,75,Low
C001680,10,Jordan Anderson,Other,74,Premium,Other,107845,Ahmedabad,Gujarat,India,2020-07-22,83,Low
C001681,1,Morgan Moore,Male,63,Premium,Retired,123728,Chicago,Illinois,USA,2025-08-29,26,Low
C001682,5,Chris Johnson,Male,45,Premium,Retired,98363,Birmingham,England,UK,2020-12-12,7,Medium
C001683,6,Taylor Miller,Male,36,Affluent,Manager,40867,Manchester,England,UK,2021-01-05,34,High
C001684,5,Riley Wilson,Other,66,Affluent,Engineer,22120,Liverpool,England,UK,2018-09-25,83,Critical
C001685,10,Chris Iyer,Female,67,Affluent,Student,124273,Delhi,Delhi,India,2021-07-27,47,Low
C001686,5,Neha Smith,Male,67,Business,Consultant,61871,Leeds,England,UK,2015-06-05,77,Medium
C001687,10,Avery Lee,Other,67,Premium,Employee,112468,Kolkata,West Bengal,India,2023-11-02,56,Low
C001688,1,Olivia Lee,Female,37,Business,Retired,31054,Chicago,Illinois,USA,2021-08-03,72,High
C001689,8,Taylor Anderson,Female,61,Premium,Consultant,43219,Chennai,Tamil Nadu,India,2024-04-29,53,Low
C001690,6,Sam Singh,Other,56,Mass Market,Student,34797,Liverpool,England,UK,2023-07-03,75,High
C001691,3,Arjun Patel,Other,35,Mass Market,Engineer,256232,Los Angeles,California,USA,2020-05-22,81,High
C001692,3,Casey Johnson,Female,70,Premium,Retired,73317,Dallas,Texas,USA,2019-06-30,56,Low
C001693,8,Avery Wilson,Male,71,Affluent,Retired,53470,Delhi,Delhi,India,2023-02-13,88,Low
C001694,7,Neha Anderson,Other,29,Premium,Other,82807,Cologne,North Rhine-Westphalia,Germany,2017-10-04,75,Low
C001695,7,Chris Patel,Female,38,Premium,Consultant,96912,Munich,Bavaria,Germany,2025-01-27,93,Medium
C001696,1,Emma Thomas,Other,31,Mass Market,Other,116018,Miami,Florida,USA,2016-03-24,9,Low
C001697,6,Noah Johnson,Other,64,Affluent,Consultant,50634,Manchester,England,UK,2018-07-26,31,High
C001698,10,Ananya Clark,Male,27,Affluent,Manager,155120,Bengaluru,Karnataka,India,2020-11-22,33,High
C001699,1,Rahul Clark,Other,73,Mass Market,Healthcare,53391,Los Angeles,California,USA,2018-08-01,83,Low
C001700,5,Olivia Moore,Other,66,Premium,Business Owner,119087,Liverpool,England,UK,2018-02-21,22,Low
C001701,5,Sam Singh,Other,72,Mass Market,Manager,28517,Birmingham,England,UK,2015-08-16,23,High
C001702,9,Chris Wilson,Female,72,Premium,Consultant,104039,Mumbai,Maharashtra,India,2016-02-05,42,Low
C001703,3,Priya Smith,Male,45,Business,Retired,224269,New York,New York,USA,2025-06-14,78,Low
C001704,5,Jamie Clark,Female,59,Affluent,Consultant,43835,London,England,UK,2020-07-01,23,Low
C001705,8,Noah Thomas,Male,59,Business,Manager,159902,Chennai,Tamil Nadu,India,2021-12-10,23,High
C001706,1,Daniel Williams,Other,72,Mass Market,Manager,59186,Dallas,Texas,USA,2024-12-25,70,Medium
C001707,9,Ananya Taylor,Other,30,Affluent,Business Owner,59802,Hyderabad,Telangana,India,2016-12-24,68,Medium
C001708,9,Arjun Taylor,Female,75,Affluent,Employee,83638,Pune,Maharashtra,India,2020-01-16,35,Low
C001709,8,Sam Patel,Male,69,Business,Manager,52338,Chennai,Tamil Nadu,India,2019-09-07,10,Low
C001710,7,Sam Williams,Female,30,Affluent,Other,240524,Cologne,North Rhine-Westphalia,Germany,2023-04-10,64,Medium
C001711,8,Arjun Anderson,Other,36,Affluent,Business Owner,37127,Hyderabad,Telangana,India,2025-11-12,78,Low
C001712,8,Alex Davis,Other,58,Mass Market,Student,85642,Chennai,Tamil Nadu,India,2025-02-16,91,Low
C001713,10,Noah Singh,Female,54,Premium,Business Owner,33743,Bengaluru,Karnataka,India,2021-05-12,89,High
C001714,5,Riley Iyer,Female,42,Mass Market,Engineer,149120,Liverpool,England,UK,2018-08-03,21,Critical
C001715,5,Jordan Singh,Other,31,Mass Market,Consultant,25854,Leeds,England,UK,2015-05-17,81,Low
C001716,7,Jamie Clark,Female,43,Business,Manager,98286,Berlin,Berlin,Germany,2016-04-20,59,Low
C001717,2,Jamie Wilson,Other,44,Affluent,Consultant,75992,Dallas,Texas,USA,2015-02-14,33,Critical
C001718,9,Emma Johnson,Other,24,Premium,Consultant,73051,Ahmedabad,Gujarat,India,2024-09-13,13,High
C001719,8,Arjun Clark,Male,63,Mass Market,Manager,49455,Hyderabad,Telangana,India,2020-01-01,62,Low
C001720,7,Noah Taylor,Male,32,Premium,Healthcare,111596,Berlin,Berlin,Germany,2015-02-15,84,High
C001721,4,Emma Singh,Other,72,Affluent,Retired,79067,Seattle,Washington,USA,2025-03-07,62,Low
C001722,4,Jamie Brown,Female,50,Mass Market,Other,73316,New York,New York,USA,2015-11-23,49,Medium
C001723,5,Arjun Williams,Other,44,Mass Market,Manager,20777,Leeds,England,UK,2022-01-20,74,Low
C001724,7,Riley Kumar,Other,74,Premium,Manager,89057,Frankfurt,Hesse,Germany,2022-08-07,45,High
C001725,8,Priya Kumar,Other,61,Mass Market,Healthcare,18000,Pune,Maharashtra,India,2017-02-18,42,Low
C001726,7,Avery Wilson,Other,58,Mass Market,Other,69264,Hamburg,Hamburg,Germany,2017-09-14,85,Low
C001727,10,Chris Kumar,Male,55,Affluent,Business Owner,66937,Kolkata,West Bengal,India,2015-01-06,5,Medium
C001728,10,Jordan Gupta,Other,75,Affluent,Healthcare,21442,Mumbai,Maharashtra,India,2022-02-14,42,Low
C001729,8,Ananya Taylor,Male,71,Business,Other,35106,Delhi,Delhi,India,2017-05-13,77,Low
C001730,4,Taylor Miller,Other,47,Business,Manager,54868,Houston,Texas,USA,2022-11-24,67,High
C001731,6,Noah Gupta,Other,69,Mass Market,Healthcare,53534,London,England,UK,2022-09-06,87,Medium
C001732,5,Chris Williams,Male,34,Business,Business Owner,48926,Manchester,England,UK,2017-05-29,60,Low
C001733,7,Chris Singh,Male,59,Premium,Retired,45193,Hamburg,Hamburg,Germany,2023-09-26,7,Low
C001734,9,Priya Sharma,Male,50,Premium,Engineer,20918,Ahmedabad,Gujarat,India,2016-04-21,29,Medium
C001735,4,Neha Singh,Other,41,Premium,Manager,95476,Chicago,Illinois,USA,2017-10-10,9,Medium
C001736,6,Taylor Singh,Male,47,Business,Other,44480,Liverpool,England,UK,2017-07-30,34,Low
C001737,1,Taylor Taylor,Male,28,Business,Consultant,87057,Dallas,Texas,USA,2019-12-15,47,Low
C001738,8,Casey Iyer,Other,58,Mass Market,Retired,57711,Kolkata,West Bengal,India,2022-09-16,29,Low
C001739,5,Sam Thomas,Other,58,Affluent,Retired,105080,Manchester,England,UK,2016-01-10,94,Medium
C001740,5,Emma Martin,Male,48,Affluent,Consultant,70525,Liverpool,England,UK,2017-08-23,95,Low
C001741,6,Chris Williams,Female,47,Business,Employee,78088,Birmingham,England,UK,2020-05-15,87,Medium
C001742,3,Ananya Anderson,Male,66,Premium,Consultant,60613,Seattle,Washington,USA,2024-05-14,89,Critical
C001743,6,Ananya Singh,Other,74,Premium,Business Owner,78413,London,England,UK,2021-09-07,31,Low
C001744,8,Jordan Martin,Male,56,Affluent,Engineer,32908,Hyderabad,Telangana,India,2021-04-29,22,High
C001745,4,Rahul Lee,Female,74,Business,Engineer,66427,New York,New York,USA,2017-05-25,63,Low
C001746,2,Jordan Davis,Male,35,Business,Other,77508,Los Angeles,California,USA,2016-05-09,60,Low
C001747,4,Daniel Gupta,Other,75,Business,Engineer,40646,Dallas,Texas,USA,2025-10-01,88,High
C001748,2,Jordan Iyer,Female,29,Premium,Employee,110976,Dallas,Texas,USA,2018-03-08,12,Low
C001749,4,Alex Taylor,Other,37,Business,Student,41840,Miami,Florida,USA,2021-10-02,67,Low
C001750,7,Daniel Kumar,Male,44,Premium,Student,55578,Hamburg,Hamburg,Germany,2022-08-29,89,Critical
C001751,2,Jordan Sharma,Male,64,Premium,Business Owner,23982,New York,New York,USA,2016-08-03,12,Critical
C001752,8,Noah Lee,Male,25,Mass Market,Engineer,114911,Bengaluru,Karnataka,India,2016-08-08,49,Low
C001753,3,Rahul Williams,Other,56,Affluent,Retired,150375,Chicago,Illinois,USA,2023-07-21,34,Low
C001754,9,Ananya Anderson,Male,45,Affluent,Healthcare,38169,Bengaluru,Karnataka,India,2016-07-18,31,Medium
C001755,8,Jamie Clark,Female,45,Business,Engineer,47222,Delhi,Delhi,India,2025-01-26,28,Medium
C001756,3,Morgan Singh,Female,55,Premium,Healthcare,85805,Los Angeles,California,USA,2025-03-15,70,High
C001757,6,Noah Martin,Other,51,Business,Retired,31337,Manchester,England,UK,2017-07-11,29,Medium
C001758,2,Noah Wilson,Male,61,Premium,Manager,60428,Dallas,Texas,USA,2025-10-06,31,High
C001759,1,Rahul Iyer,Female,23,Affluent,Student,28624,Chicago,Illinois,USA,2016-08-01,21,Low
C001760,10,Noah Martin,Other,24,Mass Market,Business Owner,18000,Hyderabad,Telangana,India,2022-02-06,74,Medium
C001761,9,Rahul Davis,Other,60,Mass Market,Retired,38772,Delhi,Delhi,India,2024-03-22,67,Low
C001762,2,Rahul Patel,Female,50,Mass Market,Engineer,246246,Miami,Florida,USA,2019-10-07,85,Medium
C001763,3,Jamie Iyer,Male,60,Mass Market,Business Owner,84419,New York,New York,USA,2025-02-23,11,High
C001764,2,Emma Wilson,Female,40,Premium,Employee,79550,Chicago,Illinois,USA,2024-03-01,44,Medium
C001765,4,Emma Clark,Other,25,Affluent,Engineer,34287,Miami,Florida,USA,2018-11-06,79,Medium
C001766,3,Casey Brown,Female,40,Mass Market,Employee,81587,Chicago,Illinois,USA,2022-02-05,48,Low
C001767,4,Alex Davis,Male,66,Affluent,Consultant,23153,Seattle,Washington,USA,2017-02-23,41,Low
C001768,6,Noah Martin,Female,53,Affluent,Healthcare,114495,Birmingham,England,UK,2025-10-17,16,Medium
C001769,2,Priya Lee,Female,68,Premium,Student,41392,Dallas,Texas,USA,2019-05-03,39,Low
C001770,9,Priya Brown,Other,68,Affluent,Other,78372,Ahmedabad,Gujarat,India,2020-04-25,12,Medium
C001771,8,Avery Iyer,Male,32,Mass Market,Consultant,59344,Bengaluru,Karnataka,India,2024-02-29,88,Low
C001772,8,Noah Sharma,Female,58,Mass Market,Employee,53018,Chennai,Tamil Nadu,India,2021-09-02,23,Low
C001773,2,Jamie Sharma,Female,39,Premium,Other,137313,Miami,Florida,USA,2016-12-21,84,High
C001774,8,Morgan Iyer,Male,59,Premium,Student,88240,Hyderabad,Telangana,India,2025-08-31,72,Low
C001775,9,Emma Davis,Male,39,Premium,Retired,62269,Kolkata,West Bengal,India,2021-09-25,9,Medium
C001776,2,Arjun Gupta,Other,70,Mass Market,Student,269712,Los Angeles,California,USA,2018-11-28,72,Low
C001777,8,Morgan Kumar,Male,28,Affluent,Employee,31114,Ahmedabad,Gujarat,India,2023-03-18,78,Low
C001778,4,Neha Williams,Female,52,Business,Healthcare,26329,Dallas,Texas,USA,2018-04-20,54,High
C001779,8,Sam Anderson,Female,65,Business,Retired,95708,Kolkata,West Bengal,India,2024-11-05,60,Low
C001780,5,Sam Wilson,Other,56,Premium,Retired,62521,London,England,UK,2015-08-29,30,High
C001781,9,Emma Moore,Other,22,Premium,Business Owner,101856,Hyderabad,Telangana,India,2021-03-02,38,Low
C001782,2,Daniel Iyer,Male,70,Business,Engineer,70786,Los Angeles,California,USA,2022-10-12,30,Medium
C001783,4,Neha Thomas,Other,46,Mass Market,Engineer,34687,Houston,Texas,USA,2023-06-07,37,High
C001784,3,Alex Thomas,Female,68,Premium,Consultant,41760,Los Angeles,California,USA,2023-01-30,79,Low
C001785,3,Alex Martin,Male,43,Affluent,Manager,110151,New York,New York,USA,2021-02-19,8,Medium
C001786,4,Emma Anderson,Female,52,Premium,Consultant,132199,Miami,Florida,USA,2023-09-11,48,Low
C001787,4,Riley Johnson,Male,66,Premium,Consultant,18000,Los Angeles,California,USA,2018-02-11,22,Medium
C001788,2,Vikram Miller,Male,39,Business,Consultant,60144,New York,New York,USA,2018-10-28,5,High
C001789,8,Priya Smith,Male,35,Mass Market,Manager,210840,Chennai,Tamil Nadu,India,2019-12-19,53,High
C001790,6,Arjun Thomas,Male,35,Affluent,Consultant,22685,Liverpool,England,UK,2021-04-08,39,High
C001791,9,Daniel Thomas,Male,47,Mass Market,Manager,72664,Delhi,Delhi,India,2019-11-07,10,Low
C001792,8,Priya Johnson,Male,63,Affluent,Other,117051,Ahmedabad,Gujarat,India,2021-07-06,41,Medium
C001793,2,Taylor Smith,Female,39,Mass Market,Manager,44213,Chicago,Illinois,USA,2019-07-25,85,Medium
C001794,1,Alex Gupta,Male,56,Business,Manager,45607,Chicago,Illinois,USA,2025-04-08,27,Low
C001795,5,Emma Kumar,Other,53,Affluent,Manager,182931,Leeds,England,UK,2024-05-26,60,Medium
C001796,5,Chris Kumar,Female,27,Premium,Engineer,28589,Liverpool,England,UK,2018-06-01,67,Low
C001797,3,Vikram Williams,Female,29,Affluent,Healthcare,50564,Seattle,Washington,USA,2015-01-13,51,Low
C001798,8,Priya Taylor,Other,59,Business,Consultant,40551,Hyderabad,Telangana,India,2017-05-01,43,Medium
C001799,6,Morgan Johnson,Other,71,Business,Engineer,263835,Manchester,England,UK,2015-02-12,34,Low
C001800,8,Taylor Taylor,Other,27,Mass Market,Consultant,87337,Kolkata,West Bengal,India,2017-12-29,79,High
C001801,2,Casey Moore,Female,46,Mass Market,Manager,294567,Dallas,Texas,USA,2024-04-22,86,High
C001802,9,Jordan Martin,Male,32,Affluent,Consultant,34665,Chennai,Tamil Nadu,India,2021-09-13,80,Low
C001803,3,Emma Wilson,Other,25,Premium,Healthcare,25988,Los Angeles,California,USA,2022-03-05,32,Low
C001804,5,Rahul Anderson,Female,70,Mass Market,Consultant,69377,London,England,UK,2018-12-31,41,Low
C001805,5,Morgan Davis,Female,33,Business,Consultant,53217,Leeds,England,UK,2020-02-20,82,Medium
C001806,9,Sam Smith,Male,30,Mass Market,Healthcare,140012,Chennai,Tamil Nadu,India,2019-07-04,47,High
C001807,3,Jamie Miller,Male,46,Mass Market,Consultant,84003,Dallas,Texas,USA,2024-02-19,43,High
C001808,3,Alex Martin,Male,50,Business,Retired,58503,New York,New York,USA,2015-07-27,24,Medium
C001809,4,Neha Brown,Male,71,Business,Employee,82721,Los Angeles,California,USA,2019-11-09,27,Low
C001810,4,Daniel Brown,Other,40,Premium,Healthcare,111964,New York,New York,USA,2016-03-07,46,Low
C001811,2,Emma Brown,Other,60,Affluent,Student,22883,Seattle,Washington,USA,2024-08-24,66,Low
C001812,2,Taylor Sharma,Other,43,Affluent,Student,106610,Chicago,Illinois,USA,2015-10-23,71,Medium
C001813,3,Jamie Clark,Male,40,Premium,Student,54217,Los Angeles,California,USA,2022-10-30,59,High
C001814,5,Jordan Iyer,Female,65,Mass Market,Other,156400,Birmingham,England,UK,2019-11-23,60,Low
C001815,4,Neha Singh,Other,60,Business,Healthcare,103406,Houston,Texas,USA,2024-01-30,69,Low
C001816,4,Casey Kumar,Other,69,Mass Market,Business Owner,203139,Miami,Florida,USA,2020-08-13,21,Low
C001817,8,Olivia Wilson,Other,63,Business,Engineer,34693,Delhi,Delhi,India,2018-10-28,83,Low
C001818,3,Daniel Martin,Male,54,Business,Engineer,205722,New York,New York,USA,2018-01-13,91,Low
C001819,10,Morgan Wilson,Female,45,Business,Business Owner,76194,Bengaluru,Karnataka,India,2023-08-25,87,High
C001820,8,Sam Taylor,Male,64,Premium,Manager,215548,Chennai,Tamil Nadu,India,2025-04-17,82,High
C001821,2,Emma Thomas,Female,62,Premium,Manager,48920,Seattle,Washington,USA,2017-10-18,66,Medium
C001822,4,Priya Martin,Female,38,Premium,Business Owner,71957,Houston,Texas,USA,2025-12-21,24,High
C001823,2,Vikram Johnson,Female,21,Affluent,Other,21828,Los Angeles,California,USA,2023-10-21,77,High
C001824,3,Taylor Johnson,Female,27,Mass Market,Other,76345,Houston,Texas,USA,2019-10-04,13,Low
C001825,4,Jamie Thomas,Male,57,Business,Other,138598,Chicago,Illinois,USA,2020-09-09,52,High
C001826,2,Emma Moore,Other,61,Business,Retired,38750,Dallas,Texas,USA,2025-01-26,15,Low
C001827,1,Daniel Brown,Female,74,Premium,Business Owner,92932,Dallas,Texas,USA,2022-02-07,81,High
C001828,5,Alex Singh,Male,46,Business,Retired,35693,Leeds,England,UK,2025-03-18,20,Medium
C001829,8,Jordan Patel,Other,52,Premium,Healthcare,65113,Delhi,Delhi,India,2021-11-20,68,Low
C001830,4,Arjun Moore,Other,51,Premium,Engineer,93423,New York,New York,USA,2018-10-15,80,Low
C001831,9,Morgan Sharma,Female,63,Affluent,Business Owner,49563,Chennai,Tamil Nadu,India,2022-01-04,78,Medium
C001832,4,Priya Clark,Other,51,Business,Consultant,310352,Los Angeles,California,USA,2022-04-10,80,Low
C001833,10,Casey Iyer,Female,55,Mass Market,Healthcare,56065,Delhi,Delhi,India,2019-09-15,15,Low
C001834,3,Chris Lee,Other,74,Business,Business Owner,93028,San Francisco,California,USA,2023-09-13,38,Critical
C001835,6,Emma Sharma,Male,71,Mass Market,Healthcare,43113,Liverpool,England,UK,2025-03-01,68,Low
C001836,8,Avery Davis,Male,38,Affluent,Retired,138488,Chennai,Tamil Nadu,India,2021-04-21,49,Medium
C001837,1,Daniel Brown,Male,67,Affluent,Manager,81244,Houston,Texas,USA,2023-08-25,68,Medium
C001838,10,Arjun Davis,Female,61,Premium,Employee,46270,Mumbai,Maharashtra,India,2022-08-25,27,Medium
C001839,4,Rahul Lee,Female,43,Mass Market,Engineer,132872,Houston,Texas,USA,2019-12-12,47,Low
C001840,5,Noah Wilson,Male,28,Affluent,Other,42017,Manchester,England,UK,2021-03-12,8,Critical
C001841,7,Priya Patel,Other,66,Business,Employee,183594,Berlin,Berlin,Germany,2018-07-06,90,Medium
C001842,7,Taylor Brown,Female,31,Affluent,Student,43233,Munich,Bavaria,Germany,2020-03-16,22,Low
C001843,1,Riley Kumar,Male,56,Affluent,Healthcare,25305,New York,New York,USA,2022-05-21,68,High
C001844,9,Jordan Lee,Male,68,Premium,Employee,73418,Chennai,Tamil Nadu,India,2016-03-17,56,Low
C001845,7,Ananya Gupta,Other,46,Premium,Manager,101702,Munich,Bavaria,Germany,2025-10-04,56,Low
C001846,10,Daniel Lee,Male,73,Mass Market,Employee,27610,Chennai,Tamil Nadu,India,2018-03-03,34,Low
C001847,5,Daniel Gupta,Other,37,Business,Business Owner,46005,Leeds,England,UK,2016-01-13,45,Medium
C001848,7,Jordan Thomas,Female,36,Premium,Retired,182691,Berlin,Berlin,Germany,2017-12-01,24,Medium
C001849,5,Arjun Wilson,Other,56,Business,Manager,35714,Manchester,England,UK,2023-04-10,26,Medium
C001850,9,Ananya Taylor,Female,22,Business,Manager,67832,Delhi,Delhi,India,2018-04-07,75,Low
C001851,9,Casey Singh,Other,48,Premium,Other,109678,Pune,Maharashtra,India,2020-07-06,44,Low
C001852,10,Riley Moore,Other,58,Affluent,Consultant,80165,Hyderabad,Telangana,India,2023-02-02,85,Low
C001853,6,Chris Lee,Female,48,Premium,Engineer,45201,Birmingham,England,UK,2021-11-07,38,Low
C001854,8,Rahul Smith,Male,56,Affluent,Other,111415,Pune,Maharashtra,India,2020-04-01,86,Critical
C001855,4,Riley Patel,Other,65,Mass Market,Engineer,47430,New York,New York,USA,2023-04-19,78,High
C001856,5,Chris Brown,Male,68,Affluent,Healthcare,110754,London,England,UK,2017-03-09,21,Low
C001857,8,Chris Lee,Male,30,Affluent,Consultant,35307,Kolkata,West Bengal,India,2017-11-14,47,Low
C001858,1,Sam Clark,Male,45,Mass Market,Employee,166702,Los Angeles,California,USA,2025-10-03,33,Medium
C001859,8,Noah Singh,Other,24,Business,Engineer,30760,Mumbai,Maharashtra,India,2017-01-09,19,High
C001860,1,Noah Thomas,Male,48,Premium,Other,40393,Miami,Florida,USA,2018-03-19,79,Low
C001861,6,Morgan Brown,Other,30,Business,Student,80623,Liverpool,England,UK,2019-06-17,92,Low
C001862,5,Vikram Johnson,Other,50,Premium,Business Owner,55757,Liverpool,England,UK,2020-09-26,14,Low
C001863,5,Sam Williams,Other,25,Mass Market,Consultant,52946,Liverpool,England,UK,2023-11-28,67,Low
C001864,5,Ananya Johnson,Other,55,Premium,Consultant,58488,Manchester,England,UK,2016-02-21,31,Medium
C001865,5,Jamie Iyer,Male,68,Affluent,Retired,18000,Liverpool,England,UK,2020-12-22,47,Low
C001866,5,Casey Lee,Other,64,Affluent,Consultant,29582,Liverpool,England,UK,2020-02-09,34,Low
C001867,5,Noah Miller,Other,71,Mass Market,Engineer,34164,Leeds,England,UK,2021-05-08,93,High
C001868,6,Ananya Miller,Female,46,Mass Market,Engineer,62947,Manchester,England,UK,2025-06-26,6,Medium
C001869,8,Priya Patel,Male,32,Mass Market,Employee,59832,Hyderabad,Telangana,India,2025-10-09,75,Low
C001870,6,Arjun Johnson,Female,75,Mass Market,Manager,22264,Birmingham,England,UK,2017-12-09,46,Low
C001871,7,Noah Martin,Male,29,Premium,Employee,39091,Berlin,Berlin,Germany,2016-01-22,77,Low
C001872,9,Riley Gupta,Male,48,Business,Retired,52473,Chennai,Tamil Nadu,India,2023-08-17,48,Medium
C001873,10,Chris Martin,Other,69,Business,Healthcare,128209,Mumbai,Maharashtra,India,2021-03-28,83,Low
C001874,2,Emma Thomas,Other,27,Premium,Engineer,29471,Chicago,Illinois,USA,2024-06-15,72,Low
C001875,8,Chris Moore,Female,73,Business,Retired,86527,Ahmedabad,Gujarat,India,2018-01-06,14,High
C001876,3,Daniel Kumar,Female,21,Mass Market,Engineer,26088,Chicago,Illinois,USA,2018-10-30,24,Medium
C001877,2,Avery Miller,Male,27,Business,Retired,179740,Los Angeles,California,USA,2021-02-05,36,High
C001878,8,Daniel Thomas,Other,25,Business,Engineer,60685,Delhi,Delhi,India,2021-07-03,31,Low
C001879,1,Avery Patel,Other,30,Business,Consultant,32088,New York,New York,USA,2017-08-25,69,Low
C001880,9,Taylor Kumar,Other,39,Mass Market,Retired,141548,Delhi,Delhi,India,2019-01-04,73,Low
C001881,8,Neha Thomas,Male,28,Affluent,Business Owner,113564,Bengaluru,Karnataka,India,2015-02-08,94,Low
C001882,10,Arjun Anderson,Female,53,Business,Manager,73706,Pune,Maharashtra,India,2016-01-26,85,Medium
C001883,7,Chris Gupta,Other,22,Premium,Other,73786,Berlin,Berlin,Germany,2025-03-22,70,Low
C001884,9,Sam Williams,Female,26,Affluent,Other,35943,Kolkata,West Bengal,India,2025-07-01,61,Low
C001885,2,Casey Miller,Female,72,Business,Other,128767,Seattle,Washington,USA,2018-10-15,47,Low
C001886,9,Olivia Wilson,Male,42,Premium,Consultant,71367,Hyderabad,Telangana,India,2016-06-23,85,Low
C001887,2,Ananya Gupta,Female,32,Affluent,Consultant,23912,San Francisco,California,USA,2018-12-07,84,Medium
C001888,4,Priya Davis,Male,31,Mass Market,Retired,83704,Houston,Texas,USA,2017-12-02,10,High
C001889,2,Chris Brown,Female,23,Mass Market,Student,62905,Los Angeles,California,USA,2019-06-03,64,High
C001890,5,Arjun Williams,Male,31,Business,Retired,48691,Liverpool,England,UK,2019-09-08,15,Low
C001891,8,Alex Patel,Other,26,Mass Market,Employee,38179,Bengaluru,Karnataka,India,2016-02-09,54,Low
C001892,3,Rahul Davis,Other,26,Affluent,Healthcare,146763,Miami,Florida,USA,2023-03-02,10,High
C001893,9,Olivia Kumar,Male,43,Premium,Business Owner,124438,Ahmedabad,Gujarat,India,2018-05-03,48,Low
C001894,7,Priya Anderson,Female,69,Mass Market,Other,29004,Munich,Bavaria,Germany,2024-04-23,21,Medium
C001895,7,Morgan Williams,Female,72,Affluent,Other,99338,Frankfurt,Hesse,Germany,2015-12-11,74,Critical
C001896,10,Sam Anderson,Male,68,Affluent,Consultant,43503,Hyderabad,Telangana,India,2016-05-24,56,Low
C001897,5,Priya Singh,Other,62,Affluent,Employee,112785,Birmingham,England,UK,2016-05-25,35,Medium
C001898,4,Jamie Moore,Female,38,Affluent,Engineer,82289,San Francisco,California,USA,2016-11-06,91,High
C001899,10,Emma Gupta,Female,26,Mass Market,Consultant,116396,Mumbai,Maharashtra,India,2020-09-17,71,Medium
C001900,6,Olivia Anderson,Female,68,Premium,Engineer,153796,London,England,UK,2019-04-12,54,High
C001901,7,Noah Moore,Other,32,Premium,Consultant,100957,Hamburg,Hamburg,Germany,2022-09-21,77,Low
C001902,3,Priya Clark,Other,44,Affluent,Consultant,60841,San Francisco,California,USA,2021-11-09,83,Low
C001903,3,Rahul Johnson,Female,24,Business,Employee,141051,Los Angeles,California,USA,2021-09-26,45,Medium
C001904,2,Daniel Thomas,Female,60,Premium,Manager,157607,Seattle,Washington,USA,2018-11-27,5,Low
C001905,3,Ananya Gupta,Female,73,Premium,Manager,75373,Miami,Florida,USA,2018-05-24,57,Low
C001906,2,Priya Clark,Male,24,Mass Market,Business Owner,158420,Seattle,Washington,USA,2020-01-11,68,Low
C001907,8,Priya Williams,Female,65,Affluent,Student,65014,Mumbai,Maharashtra,India,2016-07-05,65,Low
C001908,1,Alex Wilson,Female,56,Premium,Consultant,44528,Miami,Florida,USA,2023-07-18,8,Low
C001909,7,Priya Kumar,Female,40,Affluent,Consultant,22398,Hamburg,Hamburg,Germany,2017-05-18,78,Low
C001910,10,Priya Lee,Male,53,Business,Student,76945,Pune,Maharashtra,India,2025-05-20,24,Medium
C001911,8,Morgan Sharma,Other,29,Mass Market,Other,51698,Hyderabad,Telangana,India,2021-09-19,28,Critical
C001912,5,Chris Martin,Male,64,Affluent,Other,147725,Liverpool,England,UK,2017-03-31,42,Low
C001913,1,Rahul Sharma,Female,61,Affluent,Healthcare,93751,Dallas,Texas,USA,2021-11-15,73,Low
C001914,9,Rahul Wilson,Male,53,Affluent,Retired,76359,Pune,Maharashtra,India,2022-11-19,73,High
C001915,1,Alex Taylor,Male,60,Affluent,Business Owner,143677,Los Angeles,California,USA,2015-05-24,48,Low
C001916,7,Alex Williams,Male,43,Business,Student,88760,Frankfurt,Hesse,Germany,2017-10-30,76,Medium
C001917,7,Chris Gupta,Female,30,Business,Retired,30351,Frankfurt,Hesse,Germany,2018-07-04,90,Medium
C001918,2,Chris Martin,Other,50,Premium,Healthcare,84862,New York,New York,USA,2017-08-22,93,Medium
C001919,8,Morgan Brown,Female,70,Business,Engineer,53411,Bengaluru,Karnataka,India,2022-08-19,56,Low
C001920,2,Riley Thomas,Male,70,Business,Consultant,57373,Seattle,Washington,USA,2018-01-25,53,Low
C001921,3,Casey Smith,Female,30,Premium,Retired,34775,Los Angeles,California,USA,2023-01-22,38,Low
C001922,9,Alex Davis,Male,50,Premium,Engineer,92922,Pune,Maharashtra,India,2025-10-10,91,Low
C001923,10,Ananya Johnson,Other,35,Mass Market,Healthcare,41784,Ahmedabad,Gujarat,India,2019-10-28,6,High
C001924,3,Neha Patel,Male,54,Affluent,Consultant,77557,Miami,Florida,USA,2016-03-16,15,High
C001925,10,Chris Thomas,Other,72,Premium,Other,51359,Bengaluru,Karnataka,India,2016-02-08,40,Critical
C001926,10,Riley Patel,Other,52,Mass Market,Manager,65728,Hyderabad,Telangana,India,2022-04-14,44,Medium
C001927,8,Morgan Johnson,Male,54,Business,Employee,38861,Ahmedabad,Gujarat,India,2020-04-26,60,High
C001928,2,Alex Lee,Other,45,Affluent,Other,25695,San Francisco,California,USA,2018-01-12,26,Low
C001929,3,Morgan Clark,Male,57,Affluent,Engineer,30839,Dallas,Texas,USA,2020-12-06,5,Medium
C001930,7,Daniel Gupta,Female,73,Business,Other,38936,Berlin,Berlin,Germany,2020-08-25,15,Low
C001931,10,Ananya Gupta,Other,51,Premium,Consultant,55167,Pune,Maharashtra,India,2015-11-06,63,Low
C001932,9,Ananya Moore,Female,25,Affluent,Employee,50407,Delhi,Delhi,India,2017-02-24,76,Low
C001933,5,Neha Miller,Female,50,Affluent,Student,105699,London,England,UK,2015-09-13,29,Low
C001934,3,Avery Kumar,Female,35,Affluent,Student,126541,San Francisco,California,USA,2021-01-30,40,Low
C001935,10,Noah Anderson,Male,21,Premium,Consultant,142135,Chennai,Tamil Nadu,India,2025-07-18,50,Medium
C001936,3,Taylor Miller,Other,65,Mass Market,Employee,126060,New York,New York,USA,2017-07-30,95,Medium
C001937,4,Chris Patel,Male,42,Affluent,Consultant,56540,Los Angeles,California,USA,2017-05-15,19,Low
C001938,10,Noah Iyer,Female,39,Affluent,Retired,130072,Chennai,Tamil Nadu,India,2015-05-04,69,High
C001939,6,Olivia Moore,Other,72,Premium,Student,44754,Liverpool,England,UK,2015-06-30,11,Low
C001940,3,Olivia Kumar,Female,33,Affluent,Manager,168204,San Francisco,California,USA,2020-12-29,94,Medium
C001941,1,Jordan Smith,Female,65,Mass Market,Manager,40211,Miami,Florida,USA,2017-03-08,92,Medium
C001942,5,Riley Clark,Male,61,Affluent,Healthcare,172139,Liverpool,England,UK,2019-11-15,48,Low
C001943,10,Taylor Gupta,Female,22,Affluent,Student,103668,Pune,Maharashtra,India,2020-09-08,24,Low
C001944,5,Rahul Clark,Other,46,Affluent,Healthcare,26012,Liverpool,England,UK,2023-11-30,15,Medium
C001945,7,Noah Singh,Male,39,Mass Market,Retired,34139,Berlin,Berlin,Germany,2023-01-29,22,High
C001946,3,Olivia Lee,Female,63,Business,Consultant,115034,Los Angeles,California,USA,2015-01-29,44,Low
C001947,8,Ananya Wilson,Male,72,Mass Market,Employee,164817,Hyderabad,Telangana,India,2025-12-01,49,Low
C001948,8,Avery Patel,Female,72,Premium,Other,28835,Ahmedabad,Gujarat,India,2018-01-30,87,Medium
C001949,7,Sam Clark,Male,25,Affluent,Engineer,22399,Berlin,Berlin,Germany,2024-09-12,16,Critical
C001950,8,Ananya Taylor,Female,71,Premium,Employee,168887,Chennai,Tamil Nadu,India,2022-06-06,40,High
C001951,6,Daniel Johnson,Other,33,Premium,Retired,18000,Manchester,England,UK,2025-08-16,72,High
C001952,4,Noah Clark,Other,72,Mass Market,Employee,54014,San Francisco,California,USA,2025-10-15,43,Low
C001953,8,Riley Singh,Female,66,Business,Student,129160,Bengaluru,Karnataka,India,2015-12-24,72,Low
C001954,9,Riley Clark,Female,75,Premium,Healthcare,61356,Ahmedabad,Gujarat,India,2016-09-12,75,High
C001955,9,Jordan Johnson,Male,30,Affluent,Employee,141076,Delhi,Delhi,India,2016-07-06,60,High
C001956,3,Olivia Anderson,Male,22,Business,Consultant,39623,Chicago,Illinois,USA,2015-05-30,20,Low
C001957,7,Ananya Singh,Other,44,Affluent,Consultant,169079,Frankfurt,Hesse,Germany,2022-01-26,30,Low
C001958,1,Daniel Martin,Male,38,Mass Market,Other,19043,Seattle,Washington,USA,2018-07-15,5,Medium
C001959,6,Ananya Singh,Female,25,Business,Employee,109782,Liverpool,England,UK,2024-01-19,90,Low
C001960,6,Morgan Patel,Female,44,Affluent,Employee,60379,Liverpool,England,UK,2024-07-18,91,Low
C001961,4,Morgan Patel,Other,21,Premium,Engineer,47077,San Francisco,California,USA,2016-09-05,70,Medium
C001962,10,Avery Iyer,Male,21,Mass Market,Business Owner,28038,Chennai,Tamil Nadu,India,2022-08-27,6,Low
C001963,9,Morgan Patel,Male,34,Mass Market,Healthcare,68140,Chennai,Tamil Nadu,India,2021-04-01,60,Low
C001964,1,Emma Brown,Female,28,Mass Market,Engineer,110418,Los Angeles,California,USA,2019-07-14,16,Medium
C001965,3,Rahul Clark,Female,52,Affluent,Engineer,22632,Chicago,Illinois,USA,2023-10-23,43,Low
C001966,3,Jordan Sharma,Male,33,Mass Market,Healthcare,41084,Dallas,Texas,USA,2015-12-09,68,Low
C001967,9,Sam Anderson,Male,50,Business,Manager,63759,Chennai,Tamil Nadu,India,2015-11-02,76,Low
C001968,6,Chris Wilson,Male,75,Premium,Engineer,86544,Leeds,England,UK,2024-06-23,19,Medium
C001969,8,Daniel Anderson,Other,52,Mass Market,Healthcare,111806,Delhi,Delhi,India,2025-08-24,36,Medium
C001970,9,Casey Singh,Other,55,Business,Manager,151461,Mumbai,Maharashtra,India,2018-02-23,73,Low
C001971,8,Neha Davis,Other,57,Mass Market,Healthcare,256854,Pune,Maharashtra,India,2016-02-13,85,Medium
C001972,1,Chris Thomas,Other,47,Premium,Manager,88485,Seattle,Washington,USA,2019-09-11,45,Medium
C001973,2,Ananya Davis,Other,33,Mass Market,Retired,75912,Los Angeles,California,USA,2022-08-05,67,Critical
C001974,4,Morgan Wilson,Other,62,Mass Market,Consultant,172551,San Francisco,California,USA,2022-05-16,92,Critical
C001975,4,Neha Singh,Male,65,Affluent,Business Owner,240706,Chicago,Illinois,USA,2025-02-04,39,Low
C001976,8,Riley Sharma,Other,62,Premium,Engineer,61224,Kolkata,West Bengal,India,2018-04-04,32,Low
C001977,2,Arjun Anderson,Other,25,Mass Market,Employee,36839,New York,New York,USA,2017-12-24,23,Medium
C001978,4,Casey Williams,Other,71,Premium,Healthcare,30390,Miami,Florida,USA,2018-02-05,70,Low
C001979,3,Priya Taylor,Other,74,Business,Engineer,188847,San Francisco,California,USA,2024-11-08,46,Medium
C001980,2,Jamie Gupta,Male,68,Premium,Consultant,63485,San Francisco,California,USA,2019-12-19,38,Low
C001981,2,Chris Thomas,Male,73,Affluent,Student,85182,New York,New York,USA,2015-04-26,55,Low
C001982,2,Casey Williams,Other,33,Business,Student,229161,New York,New York,USA,2016-02-01,11,Low
C001983,6,Olivia Davis,Male,26,Premium,Manager,139046,Manchester,England,UK,2022-08-28,8,Medium
C001984,5,Arjun Kumar,Male,72,Mass Market,Consultant,53446,Leeds,England,UK,2015-04-14,31,Low
C001985,5,Olivia Smith,Female,74,Business,Consultant,52102,Leeds,England,UK,2018-05-14,5,Low
C001986,5,Jamie Martin,Other,50,Premium,Student,141256,Manchester,England,UK,2015-10-10,32,Low
C001987,8,Vikram Brown,Male,54,Premium,Consultant,67162,Chennai,Tamil Nadu,India,2024-07-25,72,High
C001988,9,Arjun Taylor,Other,30,Affluent,Employee,91270,Ahmedabad,Gujarat,India,2023-10-06,42,Low
C001989,6,Morgan Thomas,Female,75,Affluent,Healthcare,49354,London,England,UK,2025-06-22,46,Low
C001990,7,Rahul Martin,Other,31,Mass Market,Engineer,114948,Berlin,Berlin,Germany,2022-12-03,40,Low
C001991,8,Daniel Wilson,Other,22,Mass Market,Consultant,45095,Chennai,Tamil Nadu,India,2019-07-03,89,High
C001992,7,Chris Wilson,Other,60,Business,Student,93488,Hamburg,Hamburg,Germany,2018-12-26,38,Low
C001993,2,Emma Davis,Other,75,Mass Market,Employee,175299,Miami,Florida,USA,2017-03-11,60,Low
C001994,10,Chris Clark,Female,59,Premium,Student,146134,Delhi,Delhi,India,2021-07-19,46,High
C001995,2,Riley Lee,Other,34,Business,Consultant,58865,San Francisco,California,USA,2016-12-28,8,Medium
C001996,5,Taylor Anderson,Male,70,Affluent,Consultant,39767,Manchester,England,UK,2023-02-17,78,Low
C001997,7,Neha Johnson,Female,72,Affluent,Engineer,83609,Cologne,North Rhine-Westphalia,Germany,2015-10-01,24,Medium
C001998,5,Ananya Smith,Male,26,Mass Market,Other,124118,Leeds,England,UK,2021-04-04,88,Medium
C001999,3,Olivia Smith,Female,46,Mass Market,Student,42139,Houston,Texas,USA,2021-07-21,63,High
C002000,10,Morgan Singh,Male,45,Business,Other,38677,Kolkata,West Bengal,India,2016-10-24,76,Low
C002001,1,Taylor Miller,Other,52,Mass Market,Consultant,126279,San Francisco,California,USA,2018-04-08,47,Medium
C002002,3,Riley Iyer,Female,54,Affluent,Student,216196,Los Angeles,California,USA,2020-11-27,91,Low
C002003,10,Vikram Iyer,Other,55,Premium,Student,65062,Pune,Maharashtra,India,2017-04-17,46,Medium
C002004,8,Ananya Gupta,Female,64,Premium,Consultant,72949,Mumbai,Maharashtra,India,2021-04-19,56,Low
C002005,1,Morgan Thomas,Female,49,Affluent,Retired,74864,Chicago,Illinois,USA,2019-10-19,19,High
C002006,8,Chris Lee,Male,49,Business,Retired,90432,Ahmedabad,Gujarat,India,2022-02-15,21,Low
C002007,10,Riley Thomas,Female,75,Affluent,Business Owner,265824,Mumbai,Maharashtra,India,2016-03-21,93,Low
C002008,1,Emma Williams,Male,58,Affluent,Engineer,29294,Seattle,Washington,USA,2023-04-23,35,Low
C002009,5,Alex Thomas,Other,24,Mass Market,Healthcare,59961,Leeds,England,UK,2022-09-18,69,Low
C002010,5,Morgan Kumar,Female,22,Affluent,Employee,78011,Birmingham,England,UK,2020-09-09,79,High
C002011,2,Emma Clark,Male,25,Mass Market,Consultant,70290,Chicago,Illinois,USA,2025-06-15,95,Medium
C002012,3,Morgan Johnson,Other,71,Premium,Other,98676,Chicago,Illinois,USA,2017-04-21,95,Low
C002013,2,Sam Williams,Male,57,Mass Market,Other,48950,Houston,Texas,USA,2025-04-20,62,Low
C002014,2,Noah Moore,Male,41,Business,Student,86579,San Francisco,California,USA,2023-01-19,71,Medium
C002015,5,Riley Smith,Female,46,Premium,Student,57561,Leeds,England,UK,2018-09-29,71,Low
C002016,5,Rahul Gupta,Female,75,Business,Business Owner,41181,Manchester,England,UK,2024-01-09,92,Low
C002017,3,Jamie Iyer,Other,43,Affluent,Employee,132181,Seattle,Washington,USA,2019-07-21,63,Medium
C002018,3,Arjun Lee,Other,30,Mass Market,Other,18000,Seattle,Washington,USA,2024-04-24,69,Medium
C002019,2,Jamie Johnson,Female,70,Business,Consultant,26549,Dallas,Texas,USA,2022-09-25,61,Low
C002020,8,Riley Davis,Female,25,Mass Market,Business Owner,80794,Hyderabad,Telangana,India,2025-07-24,60,Low
C002021,3,Jamie Singh,Male,48,Mass Market,Employee,42055,New York,New York,USA,2016-01-20,11,Medium
C002022,10,Olivia Martin,Other,34,Business,Engineer,85761,Bengaluru,Karnataka,India,2024-06-02,15,High
C002023,6,Chris Sharma,Female,48,Premium,Business Owner,18000,London,England,UK,2018-07-09,14,Medium
C002024,9,Alex Moore,Other,41,Premium,Other,40808,Mumbai,Maharashtra,India,2016-12-06,38,Low
C002025,7,Jordan Martin,Female,48,Premium,Student,49652,Cologne,North Rhine-Westphalia,Germany,2019-06-13,43,Low
C002026,3,Arjun Sharma,Male,37,Business,Engineer,54969,Miami,Florida,USA,2018-12-02,85,Low
C002027,7,Noah Taylor,Other,38,Premium,Manager,77813,Cologne,North Rhine-Westphalia,Germany,2019-06-21,6,Low
C002028,3,Rahul Clark,Female,36,Affluent,Consultant,61006,Chicago,Illinois,USA,2016-06-15,79,Low
C002029,2,Alex Wilson,Male,37,Business,Engineer,52609,Houston,Texas,USA,2018-08-16,88,Low
C002030,3,Casey Smith,Male,26,Premium,Manager,38123,Miami,Florida,USA,2016-05-11,64,Low
C002031,3,Alex Anderson,Other,67,Business,Employee,52204,Seattle,Washington,USA,2015-10-17,26,Low
C002032,2,Priya Wilson,Female,38,Premium,Other,78154,Chicago,Illinois,USA,2025-06-03,30,High
C002033,1,Alex Miller,Female,51,Affluent,Employee,23379,Los Angeles,California,USA,2019-04-10,54,Low
C002034,10,Morgan Lee,Female,31,Affluent,Other,67421,Kolkata,West Bengal,India,2020-06-20,53,Medium
C002035,6,Ananya Taylor,Other,47,Mass Market,Manager,133301,Birmingham,England,UK,2025-11-08,71,Medium
C002036,5,Casey Sharma,Male,57,Business,Engineer,130388,Liverpool,England,UK,2018-12-13,16,Low
C002037,10,Emma Davis,Female,22,Business,Healthcare,65818,Mumbai,Maharashtra,India,2024-12-13,43,Medium
C002038,3,Casey Clark,Female,22,Premium,Manager,42776,Los Angeles,California,USA,2023-07-19,31,High
C002039,5,Rahul Brown,Female,33,Premium,Other,112050,London,England,UK,2019-12-18,11,Low
C002040,9,Avery Anderson,Other,43,Premium,Business Owner,77652,Mumbai,Maharashtra,India,2025-06-07,48,Low
C002041,7,Vikram Martin,Male,60,Business,Healthcare,113515,Cologne,North Rhine-Westphalia,Germany,2018-09-19,36,High
C002042,4,Taylor Singh,Male,67,Business,Healthcare,86778,Chicago,Illinois,USA,2017-03-05,68,Critical
C002043,3,Daniel Moore,Other,40,Business,Consultant,78257,San Francisco,California,USA,2017-05-11,22,Low
C002044,1,Neha Gupta,Female,69,Mass Market,Healthcare,162769,Seattle,Washington,USA,2018-09-26,38,High
C002045,1,Emma Davis,Male,66,Business,Manager,109760,New York,New York,USA,2025-06-01,37,Critical
C002046,2,Arjun Taylor,Female,51,Business,Employee,64842,Dallas,Texas,USA,2020-07-05,54,Medium
C002047,8,Chris Iyer,Female,27,Business,Business Owner,66476,Chennai,Tamil Nadu,India,2025-11-05,48,High
C002048,7,Morgan Miller,Other,60,Premium,Student,60261,Munich,Bavaria,Germany,2025-03-10,77,Low
C002049,5,Priya Williams,Other,32,Affluent,Consultant,106715,Leeds,England,UK,2016-10-29,89,Medium
C002050,8,Taylor Sharma,Female,51,Mass Market,Student,20113,Bengaluru,Karnataka,India,2015-12-09,49,Medium
C002051,2,Chris Thomas,Other,67,Mass Market,Healthcare,54183,Dallas,Texas,USA,2020-04-21,28,Low
C002052,3,Jordan Johnson,Male,67,Business,Consultant,25257,Dallas,Texas,USA,2022-08-05,19,High
C002053,4,Alex Brown,Other,70,Affluent,Consultant,105861,Houston,Texas,USA,2024-09-12,74,Low
C002054,10,Noah Taylor,Other,66,Affluent,Other,19235,Chennai,Tamil Nadu,India,2016-10-10,50,Low
C002055,7,Riley Anderson,Female,47,Mass Market,Engineer,116094,Cologne,North Rhine-Westphalia,Germany,2021-11-05,30,Critical
C002056,9,Daniel Iyer,Male,34,Mass Market,Student,25565,Kolkata,West Bengal,India,2023-08-24,28,Low
C002057,3,Arjun Johnson,Other,62,Premium,Manager,31363,Los Angeles,California,USA,2025-10-01,55,Low
C002058,9,Arjun Patel,Male,23,Premium,Consultant,59928,Pune,Maharashtra,India,2021-07-27,70,Medium
C002059,1,Jamie Wilson,Male,29,Mass Market,Other,90627,Houston,Texas,USA,2015-12-01,24,Low
C002060,3,Neha Moore,Male,39,Mass Market,Retired,166581,Houston,Texas,USA,2019-06-18,94,Low
C002061,6,Morgan Gupta,Other,60,Premium,Retired,324884,Manchester,England,UK,2024-09-25,71,Low
C002062,1,Chris Moore,Female,68,Premium,Engineer,68724,San Francisco,California,USA,2025-11-16,21,High
C002063,9,Vikram Davis,Other,59,Mass Market,Healthcare,34251,Chennai,Tamil Nadu,India,2016-03-28,84,Low
C002064,9,Noah Miller,Male,31,Mass Market,Retired,48720,Pune,Maharashtra,India,2021-08-03,38,Low
C002065,6,Noah Moore,Male,27,Business,Manager,49110,Manchester,England,UK,2021-12-08,72,Medium
C002066,4,Neha Davis,Female,28,Mass Market,Healthcare,85887,Seattle,Washington,USA,2020-04-21,65,Low
C002067,1,Vikram Sharma,Male,59,Mass Market,Engineer,53485,Dallas,Texas,USA,2015-04-03,70,Low
C002068,7,Alex Thomas,Female,38,Mass Market,Manager,68369,Berlin,Berlin,Germany,2016-07-17,94,High
C002069,6,Neha Taylor,Other,29,Affluent,Engineer,83012,Manchester,England,UK,2020-06-14,15,Medium
C002070,8,Sam Lee,Male,42,Business,Retired,30144,Pune,Maharashtra,India,2025-12-14,92,Low
C002071,7,Vikram Anderson,Other,64,Mass Market,Healthcare,124529,Hamburg,Hamburg,Germany,2023-08-25,8,Low
C002072,2,Rahul Williams,Male,69,Premium,Other,31881,Houston,Texas,USA,2018-01-17,27,Low
C002073,2,Casey Iyer,Female,57,Premium,Engineer,141543,Los Angeles,California,USA,2020-06-06,69,Critical
C002074,8,Olivia Miller,Female,24,Business,Student,126257,Hyderabad,Telangana,India,2017-11-02,88,High
C002075,2,Noah Moore,Male,42,Affluent,Business Owner,59482,Miami,Florida,USA,2021-09-16,52,Medium
C002076,10,Jamie Martin,Other,21,Mass Market,Engineer,41489,Bengaluru,Karnataka,India,2020-01-20,51,Medium
C002077,2,Neha Patel,Male,29,Mass Market,Healthcare,104955,San Francisco,California,USA,2024-07-20,80,Low
C002078,8,Morgan Johnson,Other,53,Business,Manager,49690,Chennai,Tamil Nadu,India,2019-12-18,12,Low
C002079,10,Emma Taylor,Female,56,Affluent,Other,18430,Ahmedabad,Gujarat,India,2020-02-14,48,Low
C002080,5,Morgan Clark,Female,41,Premium,Student,33500,Liverpool,England,UK,2025-08-16,15,Low
C002081,1,Morgan Singh,Male,50,Affluent,Engineer,57494,Miami,Florida,USA,2017-06-05,16,Low
C002082,9,Morgan Sharma,Female,36,Premium,Other,89627,Pune,Maharashtra,India,2025-11-20,22,High
C002083,2,Rahul Sharma,Male,65,Premium,Employee,189500,San Francisco,California,USA,2020-06-13,42,High
C002084,6,Vikram Clark,Other,73,Business,Retired,178213,Manchester,England,UK,2023-05-13,71,Medium
C002085,10,Vikram Johnson,Other,69,Premium,Other,130592,Chennai,Tamil Nadu,India,2016-02-18,26,Medium
C002086,8,Priya Patel,Female,43,Affluent,Manager,30605,Ahmedabad,Gujarat,India,2023-06-13,66,Medium
C002087,1,Morgan Sharma,Other,48,Affluent,Other,66877,Los Angeles,California,USA,2024-05-13,72,Medium
C002088,9,Riley Gupta,Other,28,Mass Market,Other,102199,Ahmedabad,Gujarat,India,2015-12-21,16,Medium
C002089,2,Ananya Clark,Female,44,Business,Manager,81386,Seattle,Washington,USA,2025-10-23,53,Low
C002090,8,Emma Lee,Female,24,Premium,Student,51759,Delhi,Delhi,India,2023-05-29,8,Medium
C002091,7,Alex Brown,Female,68,Premium,Student,61939,Berlin,Berlin,Germany,2021-03-03,50,Low
C002092,3,Vikram Taylor,Female,58,Premium,Consultant,18000,Chicago,Illinois,USA,2015-05-28,44,Medium
C002093,5,Priya Patel,Male,59,Affluent,Business Owner,33064,Leeds,England,UK,2019-09-24,18,Low
C002094,2,Jamie Thomas,Other,61,Business,Business Owner,24474,Houston,Texas,USA,2024-11-04,87,Medium
C002095,10,Chris Moore,Female,23,Business,Employee,55609,Hyderabad,Telangana,India,2025-04-19,79,Medium
C002096,3,Olivia Smith,Other,41,Affluent,Business Owner,55648,Miami,Florida,USA,2024-08-12,87,Medium
C002097,4,Olivia Smith,Female,37,Premium,Consultant,48594,Dallas,Texas,USA,2022-11-02,51,Medium
C002098,6,Ananya Wilson,Other,59,Premium,Business Owner,69589,London,England,UK,2019-05-25,79,High
C002099,7,Taylor Taylor,Female,47,Affluent,Manager,62006,Frankfurt,Hesse,Germany,2024-08-08,44,Low
C002100,6,Avery Lee,Other,63,Affluent,Business Owner,54590,Manchester,England,UK,2022-05-19,28,Low
C002101,6,Alex Gupta,Female,29,Premium,Business Owner,48173,Liverpool,England,UK,2015-08-03,10,Medium
C002102,6,Sam Gupta,Other,65,Premium,Employee,20944,Liverpool,England,UK,2023-07-18,79,High
C002103,9,Rahul Williams,Male,69,Business,Other,31117,Pune,Maharashtra,India,2020-03-24,31,Medium
C002104,4,Jordan Kumar,Other,44,Premium,Healthcare,57160,Houston,Texas,USA,2017-04-30,47,Critical
C002105,9,Olivia Kumar,Male,58,Mass Market,Other,26510,Chennai,Tamil Nadu,India,2018-05-19,6,Low
C002106,8,Alex Wilson,Male,70,Affluent,Student,360043,Hyderabad,Telangana,India,2024-10-17,28,Medium
C002107,10,Avery Gupta,Other,70,Mass Market,Other,21156,Mumbai,Maharashtra,India,2018-08-16,31,Low
C002108,10,Jordan Moore,Other,50,Premium,Other,71581,Bengaluru,Karnataka,India,2016-07-06,90,Low
C002109,8,Jordan Sharma,Female,28,Business,Other,69718,Delhi,Delhi,India,2017-12-12,35,Low
C002110,3,Emma Kumar,Other,75,Mass Market,Student,179607,Los Angeles,California,USA,2021-01-19,38,Low
C002111,8,Olivia Taylor,Male,63,Affluent,Retired,62704,Mumbai,Maharashtra,India,2016-07-13,54,Low
C002112,8,Morgan Miller,Other,27,Affluent,Healthcare,46071,Mumbai,Maharashtra,India,2020-10-29,70,Critical
C002113,3,Olivia Williams,Female,73,Mass Market,Retired,54694,Dallas,Texas,USA,2024-11-07,79,Low
C002114,7,Arjun Patel,Female,27,Business,Retired,109407,Berlin,Berlin,Germany,2017-11-09,57,High
C002115,3,Jordan Patel,Female,25,Mass Market,Manager,26712,San Francisco,California,USA,2025-10-03,59,High
C002116,6,Olivia Smith,Male,55,Mass Market,Business Owner,66339,Leeds,England,UK,2018-05-24,84,High
C002117,8,Jamie Singh,Other,74,Mass Market,Employee,82373,Kolkata,West Bengal,India,2016-10-24,70,Medium
C002118,2,Morgan Iyer,Other,21,Premium,Engineer,49422,Houston,Texas,USA,2019-12-05,85,Medium
C002119,4,Ananya Moore,Female,61,Mass Market,Business Owner,75636,New York,New York,USA,2020-12-01,92,Critical
C002120,8,Emma Smith,Other,36,Premium,Business Owner,47344,Kolkata,West Bengal,India,2025-11-29,8,Medium
C002121,5,Daniel Thomas,Male,70,Mass Market,Engineer,42077,London,England,UK,2016-09-10,65,Medium
C002122,10,Casey Clark,Female,50,Premium,Consultant,39572,Mumbai,Maharashtra,India,2019-01-22,70,Low
C002123,1,Alex Kumar,Other,38,Affluent,Other,40909,Miami,Florida,USA,2015-03-21,21,Medium
C002124,8,Chris Johnson,Female,54,Mass Market,Business Owner,98760,Ahmedabad,Gujarat,India,2016-11-14,22,Critical
C002125,9,Olivia Gupta,Other,48,Affluent,Employee,35184,Kolkata,West Bengal,India,2022-01-09,49,Low
C002126,10,Morgan Smith,Female,68,Mass Market,Retired,116666,Bengaluru,Karnataka,India,2020-07-30,6,Medium
C002127,2,Arjun Moore,Male,47,Premium,Healthcare,82546,Seattle,Washington,USA,2015-05-24,42,Medium
C002128,10,Taylor Smith,Other,58,Mass Market,Engineer,59611,Mumbai,Maharashtra,India,2016-06-14,57,High
C002129,4,Olivia Patel,Male,62,Premium,Manager,118984,Seattle,Washington,USA,2018-11-07,46,Critical
C002130,4,Taylor Gupta,Other,24,Affluent,Student,76997,Miami,Florida,USA,2025-12-31,77,Low
C002131,4,Jamie Clark,Other,23,Mass Market,Retired,54519,Dallas,Texas,USA,2024-07-04,14,Low
C002132,7,Arjun Gupta,Other,24,Mass Market,Engineer,85342,Munich,Bavaria,Germany,2021-11-12,48,Low
C002133,7,Ananya Taylor,Other,66,Affluent,Healthcare,34947,Frankfurt,Hesse,Germany,2025-10-23,76,High
C002134,5,Priya Taylor,Male,67,Affluent,Engineer,63500,London,England,UK,2018-02-08,34,Low
C002135,1,Neha Davis,Female,30,Mass Market,Manager,28592,Chicago,Illinois,USA,2018-01-24,50,Low
C002136,10,Jordan Iyer,Other,72,Mass Market,Business Owner,83601,Chennai,Tamil Nadu,India,2015-01-04,77,Low
C002137,3,Riley Martin,Female,44,Affluent,Other,36238,Dallas,Texas,USA,2020-05-15,16,Low
C002138,1,Ananya Taylor,Other,51,Mass Market,Healthcare,114555,Chicago,Illinois,USA,2025-10-09,13,High
C002139,6,Avery Sharma,Female,61,Business,Consultant,182675,London,England,UK,2025-08-25,26,Medium
C002140,5,Emma Clark,Male,22,Premium,Student,276317,Manchester,England,UK,2023-02-03,84,Low
C002141,7,Olivia Sharma,Male,45,Premium,Consultant,136122,Cologne,North Rhine-Westphalia,Germany,2015-09-21,53,Low
C002142,9,Daniel Brown,Male,49,Premium,Other,82585,Kolkata,West Bengal,India,2021-08-11,76,Low
C002143,1,Rahul Clark,Male,35,Affluent,Business Owner,184882,Dallas,Texas,USA,2025-06-07,76,Medium
C002144,3,Sam Brown,Other,47,Mass Market,Business Owner,85964,Chicago,Illinois,USA,2024-06-17,90,Low
C002145,6,Avery Kumar,Male,35,Mass Market,Retired,35834,Leeds,England,UK,2021-07-07,95,High
C002146,8,Alex Williams,Male,71,Business,Healthcare,84048,Delhi,Delhi,India,2024-04-14,90,High
C002147,7,Vikram Williams,Other,41,Business,Consultant,145186,Berlin,Berlin,Germany,2015-11-22,59,Low
C002148,4,Noah Wilson,Female,46,Mass Market,Other,67714,San Francisco,California,USA,2020-01-11,93,Medium
C002149,7,Taylor Taylor,Male,64,Mass Market,Healthcare,60972,Hamburg,Hamburg,Germany,2022-11-23,86,Low
C002150,10,Chris Patel,Male,63,Premium,Healthcare,102893,Pune,Maharashtra,India,2020-06-27,70,Low
C002151,5,Vikram Moore,Female,35,Premium,Student,22680,Manchester,England,UK,2023-03-08,89,Low
C002152,9,Vikram Johnson,Other,62,Business,Employee,98060,Kolkata,West Bengal,India,2021-05-28,55,Low
C002153,8,Casey Williams,Male,38,Mass Market,Manager,81790,Kolkata,West Bengal,India,2022-02-01,23,Low
C002154,4,Riley Miller,Other,69,Premium,Consultant,46879,Dallas,Texas,USA,2020-08-14,27,Low
C002155,3,Avery Johnson,Male,70,Premium,Student,60512,New York,New York,USA,2016-09-06,32,High
C002156,8,Emma Wilson,Other,35,Business,Healthcare,99364,Delhi,Delhi,India,2019-05-22,75,Medium
C002157,3,Arjun Davis,Female,48,Premium,Healthcare,115702,Dallas,Texas,USA,2018-07-03,9,Low
C002158,4,Jamie Wilson,Male,38,Affluent,Engineer,56258,Miami,Florida,USA,2019-10-20,28,Medium
C002159,3,Alex Sharma,Female,36,Business,Manager,88247,Miami,Florida,USA,2023-09-27,40,High
C002160,7,Daniel Gupta,Female,35,Premium,Employee,145307,Berlin,Berlin,Germany,2022-09-09,69,Low
C002161,3,Chris Davis,Male,38,Premium,Manager,61420,Dallas,Texas,USA,2016-03-27,12,High
C002162,7,Riley Brown,Male,62,Mass Market,Manager,95807,Hamburg,Hamburg,Germany,2015-06-25,79,Medium
C002163,10,Vikram Davis,Male,68,Premium,Retired,24526,Delhi,Delhi,India,2020-02-18,10,Low
C002164,9,Riley Singh,Female,70,Premium,Engineer,115500,Chennai,Tamil Nadu,India,2017-11-01,15,Medium
C002165,10,Taylor Smith,Male,61,Affluent,Employee,100447,Chennai,Tamil Nadu,India,2023-07-26,38,Low
C002166,1,Casey Clark,Female,28,Premium,Business Owner,160580,San Francisco,California,USA,2020-02-14,61,High
C002167,5,Priya Smith,Male,41,Mass Market,Manager,18000,Birmingham,England,UK,2025-04-01,11,Low
C002168,3,Olivia Clark,Female,21,Premium,Healthcare,121569,Seattle,Washington,USA,2017-03-21,37,Low
C002169,10,Arjun Clark,Male,55,Mass Market,Healthcare,45767,Ahmedabad,Gujarat,India,2015-02-11,23,Low
C002170,8,Sam Gupta,Male,39,Mass Market,Engineer,78578,Ahmedabad,Gujarat,India,2024-02-03,40,Low
C002171,4,Emma Lee,Other,46,Affluent,Manager,69070,San Francisco,California,USA,2025-07-22,45,High
C002172,6,Vikram Iyer,Male,21,Business,Other,102293,Leeds,England,UK,2015-01-15,51,High
C002173,7,Noah Moore,Other,60,Business,Other,135710,Munich,Bavaria,Germany,2015-03-20,26,Critical
C002174,5,Taylor Thomas,Female,60,Mass Market,Retired,49670,Liverpool,England,UK,2025-11-17,51,Low
C002175,5,Jamie Wilson,Female,27,Mass Market,Manager,65573,Manchester,England,UK,2024-03-29,56,High
C002176,1,Olivia Anderson,Female,30,Business,Business Owner,64125,New York,New York,USA,2018-11-16,56,Low
C002177,5,Jordan Smith,Other,33,Affluent,Business Owner,77582,Leeds,England,UK,2022-03-20,48,Low
C002178,4,Alex Singh,Female,68,Affluent,Student,80302,Houston,Texas,USA,2017-07-01,16,Medium
C002179,9,Neha Sharma,Male,75,Premium,Other,180224,Pune,Maharashtra,India,2024-09-04,50,Low
C002180,9,Chris Sharma,Other,43,Mass Market,Employee,41124,Ahmedabad,Gujarat,India,2021-02-02,87,Low
C002181,8,Riley Anderson,Male,54,Affluent,Other,54481,Ahmedabad,Gujarat,India,2023-03-29,84,Low
C002182,1,Vikram Williams,Other,54,Premium,Healthcare,93125,Houston,Texas,USA,2015-02-28,49,High
C002183,9,Riley Thomas,Other,47,Mass Market,Employee,42786,Delhi,Delhi,India,2015-07-08,18,Medium
C002184,4,Rahul Wilson,Female,25,Affluent,Manager,150664,San Francisco,California,USA,2022-01-14,56,Low
C002185,5,Ananya Smith,Female,52,Business,Retired,75918,Manchester,England,UK,2023-10-28,48,High
C002186,10,Neha Clark,Male,39,Mass Market,Engineer,209133,Mumbai,Maharashtra,India,2015-09-11,60,Low
C002187,9,Olivia Iyer,Other,38,Premium,Employee,25485,Hyderabad,Telangana,India,2025-07-07,56,Low
C002188,1,Ananya Johnson,Male,50,Mass Market,Retired,85538,New York,New York,USA,2019-07-18,9,Low
C002189,4,Olivia Wilson,Other,51,Mass Market,Manager,69838,Los Angeles,California,USA,2024-10-11,11,Low
C002190,8,Alex Iyer,Male,30,Affluent,Business Owner,185492,Ahmedabad,Gujarat,India,2023-01-10,20,Low
C002191,6,Olivia Thomas,Female,39,Affluent,Manager,103711,Liverpool,England,UK,2019-09-15,47,High
C002192,3,Jordan Kumar,Female,74,Business,Healthcare,227497,Los Angeles,California,USA,2024-01-23,77,Low
C002193,6,Riley Patel,Male,40,Affluent,Healthcare,98118,Manchester,England,UK,2018-08-11,14,High
C002194,9,Jordan Wilson,Other,58,Business,Healthcare,58449,Mumbai,Maharashtra,India,2020-07-05,57,Medium
C002195,3,Sam Miller,Other,26,Business,Manager,78818,Dallas,Texas,USA,2017-07-18,77,Low
C002196,8,Taylor Davis,Other,51,Affluent,Business Owner,231995,Pune,Maharashtra,India,2025-07-26,92,Low
C002197,8,Neha Anderson,Other,55,Premium,Retired,330940,Delhi,Delhi,India,2023-03-07,8,Medium
C002198,9,Rahul Clark,Male,50,Business,Business Owner,95716,Hyderabad,Telangana,India,2017-04-09,60,High
C002199,3,Sam Miller,Other,22,Premium,Healthcare,75855,Chicago,Illinois,USA,2023-04-01,42,Medium
C002200,3,Neha Taylor,Female,37,Affluent,Engineer,79397,San Francisco,California,USA,2018-01-01,88,Medium
C002201,6,Daniel Anderson,Other,26,Business,Employee,133951,Manchester,England,UK,2016-03-16,88,Low
C002202,6,Rahul Smith,Male,66,Mass Market,Retired,51087,Birmingham,England,UK,2023-02-01,13,High
C002203,5,Rahul Wilson,Male,32,Premium,Healthcare,145631,Birmingham,England,UK,2017-12-10,63,Low
C002204,8,Sam Martin,Female,37,Affluent,Student,84511,Hyderabad,Telangana,India,2023-09-17,61,Low
C002205,8,Daniel Lee,Other,68,Business,Engineer,73282,Pune,Maharashtra,India,2019-08-19,27,Medium
C002206,3,Neha Sharma,Male,21,Business,Business Owner,35594,Chicago,Illinois,USA,2016-09-01,74,Medium
C002207,8,Jordan Gupta,Other,31,Business,Employee,52830,Pune,Maharashtra,India,2016-12-18,80,Low
C002208,3,Rahul Sharma,Male,32,Mass Market,Retired,58949,Chicago,Illinois,USA,2020-10-25,54,Low
C002209,5,Emma Moore,Other,42,Affluent,Student,67060,Manchester,England,UK,2016-03-26,66,High
C002210,1,Emma Davis,Female,40,Premium,Employee,65880,New York,New York,USA,2022-07-13,78,High
C002211,4,Casey Moore,Other,54,Mass Market,Employee,171886,Dallas,Texas,USA,2020-06-29,72,Medium
C002212,10,Casey Sharma,Female,72,Premium,Retired,27477,Delhi,Delhi,India,2023-05-23,58,Low
C002213,5,Jamie Singh,Male,67,Affluent,Employee,57882,Leeds,England,UK,2017-02-16,5,Low
C002214,8,Riley Kumar,Other,21,Business,Retired,42132,Ahmedabad,Gujarat,India,2024-02-21,11,Medium
C002215,2,Chris Anderson,Male,29,Mass Market,Consultant,141819,New York,New York,USA,2021-02-16,73,Low
C002216,7,Jordan Johnson,Male,68,Premium,Student,96189,Cologne,North Rhine-Westphalia,Germany,2025-11-12,54,Low
C002217,4,Emma Johnson,Female,30,Premium,Employee,25095,Chicago,Illinois,USA,2024-04-06,50,Medium
C002218,8,Jamie Smith,Female,55,Affluent,Engineer,52889,Delhi,Delhi,India,2019-03-04,60,Low
C002219,10,Priya Davis,Other,57,Business,Employee,83009,Bengaluru,Karnataka,India,2017-03-31,18,Low
C002220,6,Daniel Johnson,Other,42,Mass Market,Healthcare,90503,London,England,UK,2022-01-13,42,High
C002221,2,Daniel Patel,Other,73,Business,Student,47708,New York,New York,USA,2016-12-20,44,Critical
C002222,5,Ananya Anderson,Male,30,Affluent,Other,119224,Leeds,England,UK,2015-08-07,84,Medium
C002223,2,Alex Martin,Other,73,Mass Market,Consultant,63302,Chicago,Illinois,USA,2017-01-04,45,Low
C002224,5,Jamie Johnson,Male,21,Business,Healthcare,79298,Birmingham,England,UK,2021-02-16,13,High
C002225,1,Daniel Patel,Female,32,Affluent,Employee,18000,Los Angeles,California,USA,2017-12-10,24,Low
C002226,7,Chris Kumar,Other,49,Affluent,Business Owner,76024,Berlin,Berlin,Germany,2023-08-01,25,Low
C002227,4,Riley Kumar,Female,46,Premium,Manager,54545,Seattle,Washington,USA,2020-04-19,45,Low
C002228,3,Vikram Anderson,Other,65,Mass Market,Consultant,25585,Houston,Texas,USA,2023-06-01,62,Low
C002229,1,Emma Taylor,Male,72,Business,Consultant,54850,Los Angeles,California,USA,2021-08-27,11,Low
C002230,9,Chris Iyer,Male,52,Mass Market,Employee,38455,Chennai,Tamil Nadu,India,2018-10-20,6,Critical
C002231,9,Taylor Gupta,Other,51,Premium,Consultant,163041,Kolkata,West Bengal,India,2020-03-31,7,Critical
C002232,9,Chris Johnson,Other,39,Business,Manager,53817,Kolkata,West Bengal,India,2020-08-02,54,Low
C002233,1,Morgan Clark,Other,67,Affluent,Engineer,39509,Chicago,Illinois,USA,2025-09-28,78,Medium
C002234,4,Ananya Smith,Female,41,Business,Engineer,287892,Dallas,Texas,USA,2025-07-21,37,Medium
C002235,10,Rahul Wilson,Male,23,Affluent,Student,83283,Delhi,Delhi,India,2022-08-18,34,Critical
C002236,6,Noah Anderson,Female,55,Affluent,Employee,217110,Manchester,England,UK,2015-05-10,75,Low
C002237,2,Morgan Williams,Female,72,Premium,Other,18000,Chicago,Illinois,USA,2020-02-16,23,Low
C002238,2,Vikram Patel,Other,25,Business,Student,89693,Dallas,Texas,USA,2015-08-19,62,High
C002239,3,Riley Taylor,Male,61,Affluent,Other,81251,Dallas,Texas,USA,2018-10-04,47,Low
C002240,10,Jamie Anderson,Female,48,Affluent,Retired,50247,Ahmedabad,Gujarat,India,2025-10-28,27,Low
C002241,2,Sam Lee,Female,55,Affluent,Consultant,66698,Houston,Texas,USA,2016-06-28,48,Low
C002242,10,Priya Kumar,Female,56,Business,Other,54004,Bengaluru,Karnataka,India,2022-10-13,43,Medium
C002243,7,Jordan Miller,Male,33,Premium,Business Owner,100658,Cologne,North Rhine-Westphalia,Germany,2018-04-21,22,Low
C002244,10,Chris Thomas,Male,48,Mass Market,Other,68479,Mumbai,Maharashtra,India,2022-06-28,49,Low
C002245,9,Casey Thomas,Male,42,Mass Market,Retired,49165,Chennai,Tamil Nadu,India,2024-08-10,44,Low
C002246,4,Taylor Singh,Female,53,Mass Market,Other,43708,New York,New York,USA,2017-12-03,38,Low
C002247,9,Priya Thomas,Female,62,Affluent,Student,97083,Delhi,Delhi,India,2023-02-14,39,Critical
C002248,2,Morgan Williams,Male,27,Premium,Retired,94110,Los Angeles,California,USA,2023-01-28,83,High
C002249,3,Rahul Thomas,Other,47,Premium,Employee,107541,Dallas,Texas,USA,2021-11-01,27,Low
C002250,3,Sam Martin,Male,64,Premium,Manager,86222,Los Angeles,California,USA,2020-02-07,82,Low
C002251,2,Jordan Taylor,Male,70,Premium,Engineer,18000,Houston,Texas,USA,2019-05-29,60,Low
C002252,1,Arjun Johnson,Female,38,Business,Retired,61457,San Francisco,California,USA,2021-03-21,6,Low
C002253,2,Morgan Johnson,Male,48,Affluent,Student,227599,Houston,Texas,USA,2023-08-23,44,Medium
C002254,2,Sam Patel,Male,59,Affluent,Employee,95920,Dallas,Texas,USA,2025-10-17,53,Low
C002255,4,Vikram Davis,Other,56,Premium,Business Owner,167240,New York,New York,USA,2018-03-18,19,Medium
C002256,1,Jordan Miller,Other,43,Premium,Retired,21766,San Francisco,California,USA,2016-12-16,5,Low
C002257,1,Rahul Miller,Male,71,Mass Market,Employee,211447,Miami,Florida,USA,2022-07-15,50,High
C002258,10,Olivia Singh,Female,60,Mass Market,Employee,101200,Kolkata,West Bengal,India,2022-02-25,13,Low
C002259,1,Arjun Anderson,Female,71,Affluent,Student,48490,Dallas,Texas,USA,2018-07-28,87,Low
C002260,1,Sam Anderson,Other,58,Premium,Healthcare,31402,Dallas,Texas,USA,2022-02-13,82,Low
C002261,1,Daniel Clark,Male,28,Mass Market,Healthcare,51405,San Francisco,California,USA,2016-12-03,50,High
C002262,2,Taylor Brown,Female,28,Business,Student,51908,Seattle,Washington,USA,2025-05-07,50,Critical
C002263,6,Daniel Smith,Male,31,Premium,Healthcare,77825,Birmingham,England,UK,2022-03-07,39,High
C002264,9,Neha Iyer,Male,41,Mass Market,Other,201992,Kolkata,West Bengal,India,2015-11-04,47,Low
C002265,8,Jordan Patel,Male,48,Affluent,Employee,54908,Kolkata,West Bengal,India,2017-08-22,11,High
C002266,6,Casey Lee,Female,58,Mass Market,Manager,32915,Leeds,England,UK,2019-05-03,88,Medium
C002267,1,Riley Taylor,Male,62,Mass Market,Employee,56792,Miami,Florida,USA,2025-08-20,42,Low
C002268,8,Taylor Singh,Female,41,Premium,Healthcare,51848,Delhi,Delhi,India,2025-03-26,53,Low
C002269,1,Chris Iyer,Male,21,Business,Business Owner,311964,Los Angeles,California,USA,2018-10-03,9,Low
C002270,7,Emma Gupta,Other,61,Business,Employee,46517,Frankfurt,Hesse,Germany,2017-07-21,44,Critical
C002271,5,Noah Lee,Other,33,Business,Manager,50702,London,England,UK,2021-09-12,20,High
C002272,9,Sam Lee,Female,41,Business,Healthcare,46858,Hyderabad,Telangana,India,2024-04-24,88,Medium
C002273,4,Chris Thomas,Male,38,Premium,Healthcare,93409,Chicago,Illinois,USA,2017-11-22,46,High
C002274,7,Emma Kumar,Other,55,Affluent,Retired,117299,Cologne,North Rhine-Westphalia,Germany,2020-08-08,14,Critical
C002275,5,Jamie Gupta,Female,51,Premium,Healthcare,53845,Birmingham,England,UK,2018-08-05,32,Low
C002276,6,Ananya Martin,Male,58,Business,Business Owner,298141,London,England,UK,2022-02-06,66,Low
C002277,10,Morgan Singh,Other,28,Premium,Engineer,113444,Ahmedabad,Gujarat,India,2024-06-11,38,Low
C002278,8,Neha Gupta,Female,40,Business,Retired,231187,Bengaluru,Karnataka,India,2021-12-09,74,High
C002279,5,Rahul Williams,Male,44,Business,Engineer,174074,Manchester,England,UK,2024-06-30,9,Low
C002280,5,Jordan Anderson,Other,64,Affluent,Manager,145847,Birmingham,England,UK,2019-07-06,64,Low
C002281,8,Jamie Brown,Other,69,Premium,Engineer,27614,Bengaluru,Karnataka,India,2024-04-28,5,Medium
C002282,4,Morgan Williams,Female,21,Premium,Engineer,152806,Seattle,Washington,USA,2022-08-01,93,Low
C002283,2,Daniel Smith,Male,71,Premium,Consultant,108971,Seattle,Washington,USA,2021-11-29,38,Low
C002284,5,Jordan Kumar,Female,72,Affluent,Engineer,39527,Leeds,England,UK,2021-01-02,86,Low
C002285,1,Chris Singh,Female,26,Premium,Consultant,85433,Houston,Texas,USA,2025-03-21,82,Critical
C002286,2,Alex Smith,Male,56,Affluent,Employee,20116,Chicago,Illinois,USA,2024-03-11,44,High
C002287,5,Noah Smith,Other,66,Business,Retired,23326,Leeds,England,UK,2019-05-13,23,Medium
C002288,8,Morgan Martin,Other,35,Affluent,Engineer,57762,Pune,Maharashtra,India,2024-11-08,70,Critical
C002289,8,Jamie Anderson,Male,40,Business,Student,69573,Delhi,Delhi,India,2019-11-01,83,Low
C002290,3,Noah Iyer,Female,67,Business,Other,75599,Houston,Texas,USA,2021-08-28,67,Critical
C002291,5,Riley Martin,Female,29,Affluent,Retired,148084,Liverpool,England,UK,2019-01-31,85,Medium
C002292,2,Riley Williams,Female,47,Premium,Business Owner,56284,Miami,Florida,USA,2023-03-04,25,Low
C002293,8,Jordan Moore,Other,64,Premium,Student,73712,Delhi,Delhi,India,2016-09-23,33,Low
C002294,3,Ananya Patel,Female,75,Premium,Consultant,163920,Houston,Texas,USA,2022-01-16,80,Medium
C002295,8,Noah Wilson,Male,72,Mass Market,Engineer,99009,Bengaluru,Karnataka,India,2015-08-16,54,Low
C002296,9,Sam Iyer,Other,36,Business,Engineer,26381,Bengaluru,Karnataka,India,2016-02-04,51,Low
C002297,7,Arjun Wilson,Male,48,Affluent,Retired,69411,Hamburg,Hamburg,Germany,2025-10-10,12,Medium
C002298,4,Alex Johnson,Female,33,Premium,Other,105282,Dallas,Texas,USA,2022-03-25,20,Low
C002299,10,Jamie Wilson,Female,75,Premium,Other,44158,Delhi,Delhi,India,2020-06-17,21,Low
C002300,7,Neha Miller,Other,50,Business,Retired,86248,Cologne,North Rhine-Westphalia,Germany,2017-06-27,82,High
C002301,7,Ananya Johnson,Female,60,Affluent,Other,74735,Cologne,North Rhine-Westphalia,Germany,2020-06-12,74,Medium
C002302,9,Vikram Moore,Female,33,Premium,Retired,119679,Bengaluru,Karnataka,India,2016-05-20,72,Critical
C002303,9,Neha Smith,Female,63,Business,Other,44441,Pune,Maharashtra,India,2022-11-17,50,Medium
C002304,1,Vikram Singh,Other,31,Business,Other,64338,Miami,Florida,USA,2016-08-30,39,Low
C002305,9,Neha Thomas,Male,23,Business,Engineer,21786,Mumbai,Maharashtra,India,2019-06-13,92,Low
C002306,8,Daniel Anderson,Male,21,Premium,Manager,71277,Bengaluru,Karnataka,India,2016-01-31,55,Low
C002307,3,Olivia Williams,Female,66,Mass Market,Employee,41096,Los Angeles,California,USA,2019-04-25,44,Low
C002308,4,Alex Clark,Other,29,Business,Employee,39361,Chicago,Illinois,USA,2020-02-12,79,Low
C002309,8,Vikram Smith,Other,38,Affluent,Employee,91889,Kolkata,West Bengal,India,2024-03-10,93,Low
C002310,3,Alex Patel,Other,33,Premium,Business Owner,50395,Seattle,Washington,USA,2021-08-14,26,High
C002311,5,Avery Brown,Female,69,Affluent,Student,117946,London,England,UK,2017-08-06,94,Medium
C002312,7,Taylor Johnson,Female,60,Mass Market,Retired,76159,Hamburg,Hamburg,Germany,2025-03-31,9,Low
C002313,7,Neha Johnson,Male,21,Affluent,Employee,38429,Cologne,North Rhine-Westphalia,Germany,2023-08-08,65,Medium
C002314,10,Ananya Singh,Female,52,Business,Manager,78259,Pune,Maharashtra,India,2024-09-01,7,Low
C002315,2,Daniel Anderson,Female,23,Mass Market,Other,22330,Miami,Florida,USA,2023-08-18,8,Medium
C002316,3,Olivia Kumar,Male,59,Premium,Business Owner,87814,San Francisco,California,USA,2016-10-19,54,Low
C002317,10,Priya Anderson,Male,68,Premium,Other,44258,Kolkata,West Bengal,India,2018-05-21,24,Medium
C002318,6,Neha Anderson,Female,56,Affluent,Student,166695,Liverpool,England,UK,2021-08-27,70,Low
C002319,3,Avery Kumar,Male,45,Mass Market,Engineer,93050,San Francisco,California,USA,2025-11-23,18,Low
C002320,3,Chris Davis,Male,71,Affluent,Healthcare,53829,Los Angeles,California,USA,2023-09-10,21,Low
C002321,4,Sam Lee,Female,26,Affluent,Retired,38347,Miami,Florida,USA,2023-07-21,18,Low
C002322,6,Daniel Martin,Other,40,Affluent,Student,76202,Birmingham,England,UK,2016-02-15,36,High
C002323,3,Daniel Lee,Male,39,Affluent,Consultant,221723,New York,New York,USA,2018-09-30,6,Low
C002324,7,Vikram Miller,Male,72,Premium,Student,63786,Cologne,North Rhine-Westphalia,Germany,2018-12-19,72,Medium
C002325,5,Noah Taylor,Other,54,Mass Market,Other,51438,London,England,UK,2018-01-18,21,Medium
C002326,7,Chris Taylor,Other,28,Affluent,Employee,104504,Munich,Bavaria,Germany,2016-09-26,93,Low
C002327,2,Ananya Patel,Female,21,Business,Consultant,68923,Miami,Florida,USA,2019-10-14,39,Medium
C002328,7,Jamie Patel,Male,65,Mass Market,Engineer,81179,Munich,Bavaria,Germany,2015-10-11,12,Medium
C002329,10,Jamie Miller,Female,40,Affluent,Business Owner,18094,Mumbai,Maharashtra,India,2018-05-12,16,High
C002330,2,Casey Smith,Other,41,Business,Business Owner,158689,San Francisco,California,USA,2022-06-01,59,Medium
C002331,4,Riley Iyer,Female,35,Mass Market,Business Owner,86003,San Francisco,California,USA,2018-07-25,9,Medium
C002332,7,Priya Lee,Male,30,Affluent,Employee,37854,Frankfurt,Hesse,Germany,2019-07-09,6,Low
C002333,7,Sam Singh,Female,27,Premium,Retired,24494,Cologne,North Rhine-Westphalia,Germany,2015-06-29,43,Low
C002334,7,Sam Moore,Female,32,Affluent,Employee,189207,Frankfurt,Hesse,Germany,2019-05-20,36,Medium
C002335,6,Rahul Taylor,Other,33,Mass Market,Manager,116773,Manchester,England,UK,2020-12-11,49,Low
C002336,7,Olivia Singh,Male,72,Mass Market,Employee,82503,Hamburg,Hamburg,Germany,2017-04-30,33,Medium
C002337,7,Rahul Clark,Male,54,Affluent,Student,56022,Frankfurt,Hesse,Germany,2023-11-06,53,Low
C002338,1,Chris Miller,Other,43,Business,Manager,102465,Miami,Florida,USA,2025-07-16,81,Low
C002339,8,Ananya Taylor,Other,46,Premium,Manager,58717,Ahmedabad,Gujarat,India,2019-09-02,9,Low
C002340,5,Chris Clark,Female,67,Business,Student,252188,London,England,UK,2024-07-16,14,Medium
C002341,1,Priya Smith,Male,65,Premium,Engineer,75399,San Francisco,California,USA,2017-12-06,36,Medium
C002342,5,Taylor Miller,Male,29,Affluent,Healthcare,82330,Liverpool,England,UK,2018-12-25,39,Medium
C002343,5,Rahul Lee,Female,26,Premium,Manager,58323,Manchester,England,UK,2020-08-09,86,Medium
C002344,1,Arjun Martin,Other,41,Business,Consultant,112883,San Francisco,California,USA,2018-02-20,22,High
C002345,10,Jordan Clark,Male,32,Mass Market,Other,75039,Mumbai,Maharashtra,India,2016-02-07,77,High
C002346,3,Jordan Clark,Male,22,Affluent,Manager,32849,Dallas,Texas,USA,2017-02-28,36,Low
C002347,4,Ananya Thomas,Other,72,Business,Retired,72275,Dallas,Texas,USA,2025-03-26,92,Low
C002348,5,Daniel Johnson,Male,52,Premium,Manager,56748,Liverpool,England,UK,2020-01-07,32,Low
C002349,9,Emma Miller,Male,63,Mass Market,Consultant,40122,Chennai,Tamil Nadu,India,2024-05-31,48,Low
C002350,8,Neha Miller,Female,42,Affluent,Consultant,128475,Chennai,Tamil Nadu,India,2019-10-11,26,High
C002351,8,Chris Williams,Female,52,Premium,Engineer,103472,Mumbai,Maharashtra,India,2019-01-22,53,Medium
C002352,3,Neha Smith,Other,75,Premium,Business Owner,222417,Houston,Texas,USA,2024-03-25,56,Low
C002353,9,Avery Smith,Male,36,Business,Consultant,60424,Kolkata,West Bengal,India,2018-08-12,12,Low
C002354,9,Rahul Miller,Female,53,Affluent,Manager,50326,Pune,Maharashtra,India,2016-08-28,77,Medium
C002355,5,Alex Kumar,Other,27,Business,Engineer,37896,London,England,UK,2018-06-24,73,Critical
C002356,6,Priya Johnson,Other,43,Premium,Engineer,68361,Birmingham,England,UK,2021-04-25,41,Medium
C002357,1,Arjun Kumar,Female,60,Affluent,Healthcare,21317,Houston,Texas,USA,2019-05-17,66,High
C002358,8,Taylor Smith,Female,61,Affluent,Business Owner,100798,Mumbai,Maharashtra,India,2018-04-19,31,Medium
C002359,10,Taylor Lee,Male,22,Mass Market,Student,121417,Bengaluru,Karnataka,India,2024-07-21,11,Low
C002360,5,Riley Iyer,Female,30,Mass Market,Engineer,88156,Manchester,England,UK,2025-02-20,70,Medium
C002361,6,Jordan Thomas,Male,61,Premium,Retired,94031,Liverpool,England,UK,2016-05-18,77,Low
C002362,5,Vikram Brown,Female,32,Premium,Business Owner,97682,Leeds,England,UK,2023-09-28,68,High
C002363,1,Sam Davis,Male,67,Affluent,Engineer,63884,San Francisco,California,USA,2023-04-21,52,Medium
C002364,7,Riley Brown,Female,72,Business,Consultant,60941,Frankfurt,Hesse,Germany,2025-11-28,62,Low
C002365,8,Noah Gupta,Male,65,Premium,Manager,37589,Bengaluru,Karnataka,India,2019-07-30,78,Medium
C002366,10,Arjun Lee,Male,56,Premium,Other,75073,Pune,Maharashtra,India,2019-05-29,35,Low
C002367,10,Noah Clark,Male,63,Affluent,Manager,32913,Chennai,Tamil Nadu,India,2018-04-06,18,Low
C002368,5,Jordan Moore,Male,55,Affluent,Engineer,67749,London,England,UK,2025-04-28,44,Low
C002369,10,Alex Brown,Male,24,Affluent,Healthcare,108089,Chennai,Tamil Nadu,India,2016-08-17,60,High
C002370,6,Avery Thomas,Female,46,Affluent,Student,52617,Manchester,England,UK,2020-07-23,9,Medium
C002371,7,Rahul Lee,Other,60,Premium,Engineer,34772,Frankfurt,Hesse,Germany,2022-07-19,51,High
C002372,7,Priya Wilson,Male,30,Affluent,Consultant,38484,Frankfurt,Hesse,Germany,2025-09-08,52,High
C002373,10,Chris Smith,Other,31,Premium,Healthcare,30875,Delhi,Delhi,India,2019-05-14,15,Low
C002374,8,Chris Patel,Other,69,Business,Engineer,41782,Bengaluru,Karnataka,India,2019-09-23,72,Medium
C002375,2,Ananya Gupta,Other,22,Business,Student,66096,Los Angeles,California,USA,2023-11-26,10,Critical
C002376,1,Morgan Gupta,Other,40,Premium,Engineer,46801,Dallas,Texas,USA,2016-04-28,60,Low
C002377,5,Riley Williams,Male,39,Mass Market,Employee,52066,London,England,UK,2022-05-07,63,High
C002378,6,Chris Patel,Female,30,Premium,Retired,63497,Liverpool,England,UK,2017-07-18,11,Low
C002379,7,Vikram Johnson,Male,49,Premium,Employee,44229,Munich,Bavaria,Germany,2022-04-27,73,Low
C002380,5,Avery Miller,Female,68,Mass Market,Student,36547,Manchester,England,UK,2024-09-03,90,Medium
C002381,6,Sam Clark,Other,36,Mass Market,Employee,56592,London,England,UK,2021-11-22,84,High
C002382,10,Rahul Thomas,Other,68,Business,Employee,110732,Delhi,Delhi,India,2015-12-26,51,High
C002383,4,Jordan Iyer,Other,33,Premium,Business Owner,35634,San Francisco,California,USA,2015-07-11,94,Low
C002384,5,Ananya Sharma,Female,32,Premium,Retired,31303,Manchester,England,UK,2022-10-27,30,Medium
C002385,6,Riley Patel,Male,41,Premium,Other,48257,Liverpool,England,UK,2025-05-25,45,Low
C002386,5,Jamie Iyer,Male,57,Affluent,Other,43729,Manchester,England,UK,2022-10-23,77,Low
C002387,10,Daniel Sharma,Female,45,Premium,Manager,57428,Chennai,Tamil Nadu,India,2024-10-22,47,Low
C002388,10,Morgan Davis,Other,30,Affluent,Retired,92925,Hyderabad,Telangana,India,2019-04-30,80,High
C002389,6,Ananya Iyer,Other,26,Mass Market,Manager,29151,Manchester,England,UK,2020-05-25,18,High
C002390,5,Taylor Martin,Other,25,Business,Other,70996,Liverpool,England,UK,2020-03-09,5,Low
C002391,6,Sam Johnson,Other,59,Business,Consultant,37309,Manchester,England,UK,2015-04-25,76,High
C002392,2,Jamie Brown,Female,68,Premium,Manager,42805,Houston,Texas,USA,2018-06-22,14,Low
C002393,5,Sam Lee,Male,39,Mass Market,Other,161658,Leeds,England,UK,2016-01-30,5,Low
C002394,3,Avery Davis,Male,43,Mass Market,Student,60598,San Francisco,California,USA,2021-01-12,6,Medium
C002395,2,Alex Sharma,Female,37,Mass Market,Employee,115547,New York,New York,USA,2024-09-20,78,High
C002396,1,Casey Davis,Male,47,Business,Student,107184,San Francisco,California,USA,2021-05-15,58,Low
C002397,6,Avery Smith,Female,28,Affluent,Student,51560,Leeds,England,UK,2021-05-22,62,Low
C002398,1,Jordan Iyer,Male,59,Affluent,Healthcare,32666,Seattle,Washington,USA,2021-11-01,5,Critical
C002399,7,Priya Lee,Other,68,Premium,Engineer,199211,Frankfurt,Hesse,Germany,2025-12-06,34,Critical
C002400,5,Morgan Davis,Other,68,Business,Manager,34403,Manchester,England,UK,2015-04-16,24,Low
C002401,4,Sam Taylor,Male,29,Premium,Other,94699,Los Angeles,California,USA,2023-12-13,27,High
C002402,8,Priya Kumar,Other,71,Affluent,Other,60712,Mumbai,Maharashtra,India,2015-05-30,13,Medium
C002403,6,Morgan Johnson,Male,70,Premium,Healthcare,18000,Birmingham,England,UK,2023-10-19,14,Medium
C002404,8,Daniel Lee,Male,23,Premium,Student,88978,Bengaluru,Karnataka,India,2024-01-08,58,Low
C002405,8,Daniel Martin,Female,58,Business,Consultant,48548,Delhi,Delhi,India,2023-11-08,35,Low
C002406,1,Vikram Smith,Female,52,Affluent,Employee,31344,Dallas,Texas,USA,2023-09-24,53,Medium
C002407,3,Jordan Williams,Male,44,Affluent,Manager,42302,Seattle,Washington,USA,2019-11-21,48,High
C002408,6,Noah Williams,Male,34,Business,Student,200010,Leeds,England,UK,2016-10-25,63,Medium
C002409,10,Rahul Patel,Other,64,Business,Retired,18000,Pune,Maharashtra,India,2017-08-22,53,Medium
C002410,2,Taylor Clark,Other,34,Affluent,Retired,113249,Miami,Florida,USA,2017-05-26,16,Low
C002411,2,Casey Williams,Other,58,Affluent,Manager,114770,San Francisco,California,USA,2015-01-22,68,Low
C002412,10,Jordan Williams,Male,35,Mass Market,Employee,97221,Pune,Maharashtra,India,2015-02-27,49,Low
C002413,10,Chris Moore,Other,39,Premium,Healthcare,258099,Mumbai,Maharashtra,India,2018-11-06,89,Medium
C002414,2,Morgan Taylor,Other,55,Premium,Employee,35822,San Francisco,California,USA,2022-04-25,60,Medium
C002415,5,Sam Taylor,Male,27,Premium,Consultant,83320,Manchester,England,UK,2024-11-21,86,Medium
C002416,7,Vikram Martin,Male,40,Business,Retired,63925,Cologne,North Rhine-Westphalia,Germany,2015-03-15,41,High
C002417,2,Sam Brown,Male,23,Premium,Employee,121713,San Francisco,California,USA,2015-11-20,76,Critical
C002418,4,Neha Wilson,Male,23,Mass Market,Manager,76076,Chicago,Illinois,USA,2023-01-11,66,Low
C002419,4,Neha Johnson,Female,44,Business,Healthcare,85381,Seattle,Washington,USA,2017-02-20,68,Low
C002420,7,Olivia Davis,Other,59,Mass Market,Manager,21011,Berlin,Berlin,Germany,2017-04-07,84,Medium
C002421,4,Alex Gupta,Male,53,Premium,Other,63086,New York,New York,USA,2016-04-22,38,Low
C002422,5,Noah Gupta,Male,51,Affluent,Engineer,72057,Leeds,England,UK,2019-05-31,57,Low
C002423,3,Priya Davis,Male,66,Premium,Manager,30270,Seattle,Washington,USA,2023-08-31,5,Low
C002424,8,Olivia Martin,Other,40,Mass Market,Retired,51423,Ahmedabad,Gujarat,India,2015-05-17,43,Low
C002425,2,Arjun Brown,Male,58,Mass Market,Employee,109373,Dallas,Texas,USA,2023-06-18,60,Low
C002426,3,Noah Thomas,Female,27,Business,Student,62908,Los Angeles,California,USA,2016-10-29,20,Low
C002427,3,Chris Williams,Male,28,Premium,Employee,189279,San Francisco,California,USA,2017-02-16,67,High
C002428,10,Taylor Wilson,Female,63,Affluent,Consultant,36529,Delhi,Delhi,India,2019-12-10,7,Low
C002429,10,Alex Johnson,Other,65,Affluent,Retired,316021,Bengaluru,Karnataka,India,2020-07-27,85,Low
C002430,6,Arjun Gupta,Other,45,Business,Manager,18000,London,England,UK,2023-06-17,85,Low
C002431,2,Jamie Singh,Male,46,Mass Market,Consultant,77606,San Francisco,California,USA,2025-10-22,63,Low
C002432,8,Priya Sharma,Other,26,Business,Consultant,53121,Ahmedabad,Gujarat,India,2021-01-24,6,Medium
C002433,5,Casey Patel,Female,26,Premium,Consultant,90996,Leeds,England,UK,2017-01-30,74,Medium
C002434,9,Riley Clark,Male,61,Mass Market,Retired,41442,Chennai,Tamil Nadu,India,2017-08-05,47,Medium
C002435,4,Priya Sharma,Other,49,Mass Market,Retired,32421,Dallas,Texas,USA,2017-03-06,35,High
C002436,10,Ananya Clark,Other,41,Affluent,Retired,61882,Mumbai,Maharashtra,India,2015-06-02,94,Medium
C002437,9,Riley Patel,Female,34,Business,Retired,135102,Hyderabad,Telangana,India,2021-03-06,36,Medium
C002438,3,Jamie Davis,Other,27,Affluent,Consultant,49348,Chicago,Illinois,USA,2015-06-03,30,Low
C002439,8,Neha Brown,Other,52,Premium,Employee,116398,Kolkata,West Bengal,India,2022-07-31,48,Low
C002440,3,Priya Iyer,Female,54,Business,Engineer,151897,New York,New York,USA,2020-01-21,45,High
C002441,4,Chris Moore,Female,46,Premium,Engineer,138409,Los Angeles,California,USA,2021-01-14,80,High
C002442,3,Arjun Iyer,Other,68,Mass Market,Other,38943,Miami,Florida,USA,2024-01-16,95,Low
C002443,7,Casey Iyer,Other,21,Mass Market,Other,106661,Munich,Bavaria,Germany,2019-02-10,73,Low
C002444,3,Vikram Smith,Other,31,Affluent,Manager,159616,Dallas,Texas,USA,2019-02-02,59,Low
C002445,7,Noah Thomas,Other,37,Premium,Retired,146677,Munich,Bavaria,Germany,2015-08-12,50,Low
C002446,6,Casey Johnson,Female,24,Business,Employee,169563,Liverpool,England,UK,2023-07-15,29,Low
C002447,8,Jordan Kumar,Other,43,Mass Market,Healthcare,18000,Mumbai,Maharashtra,India,2016-04-22,44,Low
C002448,10,Daniel Anderson,Male,44,Mass Market,Manager,88814,Pune,Maharashtra,India,2016-09-04,62,Low
C002449,1,Sam Kumar,Other,26,Affluent,Engineer,36789,Houston,Texas,USA,2022-05-13,88,Low
C002450,10,Chris Moore,Male,56,Business,Business Owner,141900,Bengaluru,Karnataka,India,2016-03-20,81,Low
C002451,2,Priya Kumar,Other,36,Affluent,Consultant,56361,Seattle,Washington,USA,2024-03-31,81,Low
C002452,6,Chris Anderson,Other,74,Affluent,Retired,85426,Liverpool,England,UK,2022-02-01,9,Medium
C002453,4,Riley Miller,Male,59,Business,Other,91914,Los Angeles,California,USA,2022-07-31,38,Medium
C002454,7,Emma Johnson,Male,53,Premium,Manager,124467,Cologne,North Rhine-Westphalia,Germany,2016-07-16,79,Low
C002455,8,Noah Martin,Other,56,Premium,Student,207132,Pune,Maharashtra,India,2023-09-20,92,Low
C002456,9,Arjun Martin,Male,37,Business,Employee,102526,Mumbai,Maharashtra,India,2023-10-07,68,Low
C002457,5,Morgan Thomas,Female,67,Premium,Engineer,39270,London,England,UK,2023-08-11,24,Low
C002458,10,Riley Wilson,Male,58,Mass Market,Healthcare,57903,Pune,Maharashtra,India,2025-02-12,18,Medium
C002459,4,Daniel Patel,Male,33,Mass Market,Manager,198735,Houston,Texas,USA,2020-05-28,36,Medium
C002460,3,Noah Gupta,Female,40,Premium,Consultant,48483,Seattle,Washington,USA,2015-04-19,90,Low
C002461,4,Arjun Lee,Male,43,Affluent,Healthcare,155151,Miami,Florida,USA,2016-07-05,95,Medium
C002462,6,Sam Williams,Female,69,Premium,Engineer,263230,Liverpool,England,UK,2018-04-19,62,Low
C002463,7,Riley Thomas,Other,64,Affluent,Student,62961,Berlin,Berlin,Germany,2025-07-22,70,Low
C002464,9,Noah Johnson,Other,26,Affluent,Other,29393,Kolkata,West Bengal,India,2023-06-01,68,Critical
C002465,3,Daniel Smith,Other,39,Affluent,Employee,24825,Chicago,Illinois,USA,2021-08-18,30,Medium
C002466,4,Alex Patel,Other,28,Premium,Employee,18000,Chicago,Illinois,USA,2025-12-17,70,Medium
C002467,10,Noah Clark,Male,52,Mass Market,Consultant,71556,Ahmedabad,Gujarat,India,2022-06-21,56,Low
C002468,5,Rahul Singh,Other,61,Mass Market,Healthcare,271225,Manchester,England,UK,2021-06-13,75,Medium
C002469,3,Jordan Sharma,Other,27,Premium,Employee,68796,Chicago,Illinois,USA,2016-03-13,44,Low
C002470,10,Priya Patel,Male,27,Business,Employee,81835,Chennai,Tamil Nadu,India,2020-07-19,34,Low
C002471,5,Arjun Sharma,Other,72,Premium,Retired,127173,Liverpool,England,UK,2022-02-21,57,Low
C002472,10,Olivia Martin,Female,51,Affluent,Consultant,42111,Bengaluru,Karnataka,India,2024-05-30,7,Low
C002473,10,Neha Davis,Female,25,Mass Market,Consultant,247378,Pune,Maharashtra,India,2015-02-03,79,Low
C002474,10,Arjun Singh,Female,33,Affluent,Student,51864,Mumbai,Maharashtra,India,2025-07-10,73,Low
C002475,6,Casey Kumar,Female,34,Affluent,Retired,218549,London,England,UK,2018-01-11,33,Low
C002476,8,Emma Davis,Male,65,Premium,Business Owner,18000,Delhi,Delhi,India,2024-05-01,30,Low
C002477,10,Avery Martin,Female,51,Premium,Consultant,73454,Delhi,Delhi,India,2025-01-07,44,High
C002478,3,Noah Brown,Male,59,Premium,Business Owner,154858,Miami,Florida,USA,2017-08-12,62,Medium
C002479,1,Taylor Gupta,Female,25,Premium,Employee,109903,Seattle,Washington,USA,2019-10-17,38,Low
C002480,4,Morgan Kumar,Male,69,Premium,Engineer,182020,Los Angeles,California,USA,2023-05-21,45,Medium
C002481,7,Jamie Smith,Male,41,Business,Business Owner,149445,Berlin,Berlin,Germany,2015-01-03,24,Critical
C002482,6,Vikram Williams,Other,24,Affluent,Manager,81839,Manchester,England,UK,2017-10-07,76,Low
C002483,1,Taylor Martin,Female,64,Premium,Manager,52073,Houston,Texas,USA,2022-03-02,28,Low
C002484,6,Emma Miller,Female,43,Affluent,Retired,61574,Birmingham,England,UK,2017-01-15,9,High
C002485,2,Ananya Smith,Other,65,Premium,Student,209929,San Francisco,California,USA,2017-03-14,27,Low
C002486,6,Chris Gupta,Other,40,Mass Market,Consultant,75551,Leeds,England,UK,2022-05-22,82,Critical
C002487,6,Chris Johnson,Other,54,Business,Business Owner,21866,London,England,UK,2017-09-11,46,High
C002488,7,Rahul Anderson,Other,66,Affluent,Healthcare,18494,Cologne,North Rhine-Westphalia,Germany,2016-11-28,67,Low
C002489,5,Noah Lee,Female,47,Premium,Engineer,55191,Liverpool,England,UK,2023-08-02,59,High
C002490,5,Jamie Brown,Male,25,Business,Other,28155,London,England,UK,2023-02-14,65,Low
C002491,7,Avery Wilson,Female,37,Mass Market,Manager,90941,Hamburg,Hamburg,Germany,2020-02-07,22,Low
C002492,8,Vikram Smith,Male,21,Mass Market,Retired,78004,Chennai,Tamil Nadu,India,2018-05-25,43,Medium
C002493,9,Daniel Sharma,Male,72,Premium,Engineer,53257,Mumbai,Maharashtra,India,2024-05-06,73,Low
C002494,4,Rahul Singh,Other,22,Affluent,Business Owner,121740,Miami,Florida,USA,2015-06-02,44,Low
C002495,5,Alex Anderson,Other,35,Affluent,Retired,86177,Birmingham,England,UK,2018-09-15,29,High
C002496,4,Daniel Patel,Other,57,Mass Market,Student,84307,Miami,Florida,USA,2019-05-13,13,High
C002497,6,Ananya Clark,Male,55,Affluent,Employee,61456,Liverpool,England,UK,2024-12-25,53,Low
C002498,2,Emma Patel,Female,65,Mass Market,Consultant,76328,Dallas,Texas,USA,2016-10-09,24,Low
C002499,5,Emma Wilson,Other,22,Premium,Student,56328,Leeds,England,UK,2016-06-09,44,Low
C002500,2,Avery Brown,Other,25,Mass Market,Retired,118804,Dallas,Texas,USA,2019-07-24,9,Medium
C002501,6,Jamie Martin,Female,30,Affluent,Student,44287,Leeds,England,UK,2025-03-21,83,Low
C002502,9,Jordan Williams,Female,21,Affluent,Employee,18776,Pune,Maharashtra,India,2019-03-13,14,Critical
C002503,10,Morgan Kumar,Male,34,Affluent,Manager,188483,Chennai,Tamil Nadu,India,2019-03-22,21,Low
C002504,5,Jordan Wilson,Other,44,Premium,Healthcare,111807,Liverpool,England,UK,2017-11-29,50,Low
C002505,1,Olivia Johnson,Female,47,Business,Business Owner,92362,Miami,Florida,USA,2024-06-16,57,High
C002506,3,Ananya Sharma,Male,28,Affluent,Other,43627,Chicago,Illinois,USA,2023-10-17,45,High
C002507,2,Daniel Clark,Female,37,Affluent,Engineer,78999,Seattle,Washington,USA,2015-08-29,9,Low
C002508,8,Emma Williams,Male,51,Premium,Consultant,84763,Kolkata,West Bengal,India,2022-07-28,94,High
C002509,10,Chris Singh,Other,49,Mass Market,Other,39014,Mumbai,Maharashtra,India,2022-03-08,12,Low
C002510,6,Jamie Gupta,Male,73,Business,Engineer,26809,Manchester,England,UK,2024-11-07,5,Low
C002511,2,Daniel Brown,Female,74,Business,Manager,118212,San Francisco,California,USA,2015-04-19,45,High
C002512,1,Neha Singh,Other,39,Business,Consultant,42295,Houston,Texas,USA,2016-05-28,66,Low
C002513,10,Jordan Iyer,Male,65,Business,Retired,36898,Bengaluru,Karnataka,India,2024-05-30,36,Low
C002514,4,Jordan Martin,Male,28,Affluent,Healthcare,38426,Miami,Florida,USA,2017-03-20,72,Medium
C002515,2,Casey Patel,Female,30,Premium,Healthcare,64729,New York,New York,USA,2021-03-30,16,Medium
C002516,2,Jordan Patel,Male,31,Mass Market,Business Owner,42626,New York,New York,USA,2019-11-16,26,Low
C002517,3,Arjun Smith,Male,70,Mass Market,Healthcare,39384,Seattle,Washington,USA,2023-08-12,61,Low
C002518,7,Taylor Johnson,Other,28,Affluent,Business Owner,118068,Berlin,Berlin,Germany,2015-03-22,92,High
C002519,9,Emma Martin,Male,75,Premium,Other,46766,Kolkata,West Bengal,India,2024-07-16,14,Medium
C002520,3,Rahul Gupta,Male,42,Mass Market,Business Owner,86036,New York,New York,USA,2018-07-22,41,Low
C002521,7,Riley Patel,Female,36,Mass Market,Business Owner,51424,Hamburg,Hamburg,Germany,2017-08-26,86,Low
C002522,1,Alex Lee,Male,40,Premium,Engineer,265330,Chicago,Illinois,USA,2025-02-19,55,High
C002523,1,Daniel Patel,Male,46,Affluent,Retired,124020,Chicago,Illinois,USA,2019-08-27,69,Critical
C002524,1,Priya Iyer,Female,43,Premium,Other,83646,Seattle,Washington,USA,2020-05-03,89,Low
C002525,10,Casey Thomas,Male,31,Affluent,Student,90360,Pune,Maharashtra,India,2018-09-20,66,Low
C002526,6,Emma Davis,Male,55,Business,Healthcare,95700,Manchester,England,UK,2025-05-22,62,Medium
C002527,9,Casey Smith,Male,66,Mass Market,Employee,25514,Pune,Maharashtra,India,2022-10-10,59,Low
C002528,1,Neha Sharma,Other,47,Mass Market,Student,106933,Seattle,Washington,USA,2017-09-18,20,Medium
C002529,1,Chris Martin,Male,66,Affluent,Retired,165069,Chicago,Illinois,USA,2022-08-05,32,Low
C002530,9,Chris Moore,Male,24,Premium,Healthcare,54559,Bengaluru,Karnataka,India,2017-06-04,84,Low
C002531,2,Alex Taylor,Other,44,Affluent,Healthcare,66775,Los Angeles,California,USA,2021-04-26,23,Low
C002532,2,Ananya Kumar,Male,57,Affluent,Manager,31294,Seattle,Washington,USA,2019-01-30,15,Low
C002533,6,Emma Anderson,Female,69,Mass Market,Consultant,237457,Liverpool,England,UK,2018-05-31,49,Low
C002534,7,Vikram Davis,Male,57,Business,Engineer,92094,Cologne,North Rhine-Westphalia,Germany,2020-03-20,87,Low
C002535,3,Ananya Singh,Female,60,Premium,Business Owner,51702,Miami,Florida,USA,2021-11-03,18,Low
C002536,5,Emma Miller,Male,71,Business,Manager,31693,Manchester,England,UK,2025-06-28,11,Low
C002537,7,Emma Taylor,Male,44,Premium,Retired,67295,Hamburg,Hamburg,Germany,2025-03-19,12,Low
C002538,5,Neha Anderson,Other,46,Business,Employee,75200,Liverpool,England,UK,2021-04-03,11,Medium
C002539,4,Ananya Singh,Female,31,Mass Market,Retired,24222,Miami,Florida,USA,2019-04-27,14,Medium
C002540,1,Daniel Sharma,Other,34,Mass Market,Manager,26848,Dallas,Texas,USA,2020-01-08,5,Medium
C002541,5,Rahul Miller,Female,34,Business,Student,178577,Manchester,England,UK,2025-01-20,22,Low
C002542,9,Casey Taylor,Male,74,Affluent,Manager,47419,Ahmedabad,Gujarat,India,2019-08-01,26,Medium
C002543,7,Noah Smith,Male,57,Premium,Student,114181,Hamburg,Hamburg,Germany,2021-10-13,6,Low
C002544,9,Noah Brown,Female,46,Business,Consultant,68200,Delhi,Delhi,India,2023-08-21,91,Low
C002545,2,Daniel Thomas,Female,36,Mass Market,Healthcare,64102,Chicago,Illinois,USA,2017-04-11,55,Medium
C002546,1,Rahul Smith,Male,45,Business,Healthcare,132663,Los Angeles,California,USA,2020-02-07,7,Medium
C002547,6,Noah Taylor,Male,32,Premium,Engineer,76636,London,England,UK,2016-05-01,28,Medium
C002548,2,Priya Gupta,Female,40,Business,Consultant,78921,Chicago,Illinois,USA,2015-04-16,83,Low
C002549,6,Vikram Wilson,Female,70,Business,Engineer,18000,Manchester,England,UK,2015-02-16,35,Low
C002550,10,Arjun Williams,Male,53,Affluent,Business Owner,63561,Delhi,Delhi,India,2024-06-01,32,Low
C002551,4,Sam Thomas,Female,26,Premium,Employee,41621,Houston,Texas,USA,2018-04-04,74,Low
C002552,6,Riley Thomas,Other,48,Business,Healthcare,79523,Manchester,England,UK,2021-06-04,48,Low
C002553,7,Noah Johnson,Male,57,Business,Business Owner,82736,Munich,Bavaria,Germany,2016-12-24,22,Low
C002554,2,Rahul Miller,Female,42,Affluent,Consultant,132658,San Francisco,California,USA,2017-09-17,61,Medium
C002555,9,Rahul Brown,Female,24,Premium,Consultant,137062,Pune,Maharashtra,India,2016-05-13,8,Low
C002556,3,Noah Iyer,Male,58,Mass Market,Healthcare,70162,Houston,Texas,USA,2023-10-24,22,Low
C002557,9,Emma Lee,Male,41,Business,Student,80512,Mumbai,Maharashtra,India,2016-11-16,63,High
C002558,7,Avery Brown,Other,74,Affluent,Business Owner,34740,Berlin,Berlin,Germany,2017-08-14,39,High
C002559,2,Noah Singh,Other,56,Affluent,Student,168825,San Francisco,California,USA,2023-11-09,43,High
C002560,8,Casey Iyer,Male,37,Mass Market,Engineer,66000,Kolkata,West Bengal,India,2023-06-06,95,Critical
C002561,2,Neha Moore,Other,50,Business,Business Owner,28495,New York,New York,USA,2021-12-25,32,Medium
C002562,6,Rahul Brown,Female,56,Premium,Retired,238453,Liverpool,England,UK,2021-12-03,21,Low
C002563,10,Vikram Lee,Other,60,Affluent,Engineer,65067,Hyderabad,Telangana,India,2015-08-14,29,High
C002564,10,Noah Thomas,Female,53,Business,Retired,95585,Hyderabad,Telangana,India,2018-06-09,24,High
C002565,9,Jamie Patel,Male,52,Business,Manager,60531,Chennai,Tamil Nadu,India,2017-08-22,6,Medium
C002566,5,Noah Miller,Male,68,Premium,Consultant,72743,London,England,UK,2023-05-15,15,Low
C002567,6,Morgan Wilson,Female,22,Mass Market,Retired,163448,Manchester,England,UK,2018-05-26,74,Low
C002568,4,Taylor Singh,Other,30,Business,Retired,94289,San Francisco,California,USA,2018-12-05,47,Medium
C002569,10,Olivia Sharma,Female,66,Mass Market,Consultant,94631,Chennai,Tamil Nadu,India,2018-03-11,95,Low
C002570,5,Noah Gupta,Female,59,Affluent,Other,31904,Manchester,England,UK,2020-06-14,61,Low
C002571,8,Morgan Smith,Other,73,Affluent,Healthcare,199001,Ahmedabad,Gujarat,India,2017-08-24,34,Low
C002572,4,Daniel Wilson,Other,21,Premium,Employee,56709,Miami,Florida,USA,2025-02-01,90,Low
C002573,8,Casey Patel,Male,68,Mass Market,Business Owner,170833,Mumbai,Maharashtra,India,2021-10-31,41,Medium
C002574,3,Rahul Singh,Other,73,Mass Market,Student,96412,Dallas,Texas,USA,2015-10-27,13,Low
C002575,8,Morgan Taylor,Female,60,Mass Market,Employee,143819,Chennai,Tamil Nadu,India,2018-11-19,82,Critical
C002576,1,Ananya Sharma,Female,41,Mass Market,Employee,108406,Houston,Texas,USA,2022-02-15,64,Medium
C002577,2,Priya Lee,Other,24,Business,Engineer,127885,San Francisco,California,USA,2021-04-26,15,Critical
C002578,4,Vikram Sharma,Male,45,Affluent,Business Owner,116933,Houston,Texas,USA,2015-10-05,7,High
C002579,5,Alex Clark,Other,59,Business,Other,117637,Liverpool,England,UK,2017-06-21,51,Medium
C002580,8,Alex Thomas,Male,45,Mass Market,Other,86562,Pune,Maharashtra,India,2023-11-12,81,High
C002581,4,Vikram Moore,Male,62,Premium,Healthcare,42526,Los Angeles,California,USA,2018-07-23,92,Low
C002582,1,Morgan Kumar,Other,74,Premium,Student,75581,San Francisco,California,USA,2021-03-29,63,Low
C002583,4,Casey Patel,Female,63,Affluent,Business Owner,77629,Houston,Texas,USA,2020-11-22,45,Medium
C002584,5,Chris Anderson,Other,27,Mass Market,Student,27610,London,England,UK,2024-02-07,82,Medium
C002585,6,Chris Clark,Other,28,Mass Market,Employee,19838,London,England,UK,2017-09-11,77,Low
C002586,7,Rahul Davis,Other,47,Mass Market,Employee,75583,Frankfurt,Hesse,Germany,2019-10-13,45,High
C002587,3,Chris Smith,Male,40,Mass Market,Retired,62256,San Francisco,California,USA,2020-02-06,46,Medium
C002588,7,Rahul Moore,Other,21,Mass Market,Engineer,61878,Munich,Bavaria,Germany,2018-10-12,6,High
C002589,7,Taylor Brown,Other,39,Premium,Healthcare,24970,Hamburg,Hamburg,Germany,2018-01-30,82,Low
C002590,8,Neha Kumar,Other,39,Premium,Student,67533,Delhi,Delhi,India,2018-08-14,41,Low
C002591,6,Alex Martin,Female,29,Mass Market,Consultant,161914,Leeds,England,UK,2025-07-17,95,Low
C002592,9,Rahul Martin,Male,66,Premium,Business Owner,23541,Mumbai,Maharashtra,India,2025-05-20,62,Low
C002593,3,Vikram Johnson,Male,56,Business,Manager,42887,Seattle,Washington,USA,2015-06-01,59,Critical
C002594,8,Ananya Sharma,Other,27,Mass Market,Employee,298050,Ahmedabad,Gujarat,India,2022-11-18,5,Low
C002595,1,Arjun Kumar,Other,45,Affluent,Manager,99321,San Francisco,California,USA,2015-06-21,75,Critical
C002596,2,Riley Singh,Male,64,Business,Other,35688,Los Angeles,California,USA,2018-04-14,25,Medium
C002597,9,Riley Iyer,Other,23,Premium,Business Owner,92198,Pune,Maharashtra,India,2022-06-25,8,Critical
C002598,5,Priya Clark,Male,41,Affluent,Manager,106023,Manchester,England,UK,2023-10-05,35,Medium
C002599,7,Alex Smith,Male,62,Mass Market,Manager,40530,Frankfurt,Hesse,Germany,2015-07-21,19,Low
C002600,7,Taylor Miller,Male,73,Business,Other,95653,Cologne,North Rhine-Westphalia,Germany,2017-12-22,33,High
C002601,7,Noah Anderson,Female,58,Premium,Consultant,96906,Munich,Bavaria,Germany,2022-07-20,85,High
C002602,3,Sam Thomas,Female,70,Affluent,Healthcare,29126,New York,New York,USA,2015-07-18,39,Low
C002603,2,Sam Williams,Other,24,Business,Student,35749,Houston,Texas,USA,2018-09-06,47,Medium
C002604,1,Neha Johnson,Male,70,Mass Market,Consultant,191571,Seattle,Washington,USA,2019-06-26,8,Low
C002605,9,Rahul Thomas,Male,41,Affluent,Healthcare,75198,Chennai,Tamil Nadu,India,2023-03-29,6,Low
C002606,3,Jordan Gupta,Female,57,Business,Engineer,136883,Los Angeles,California,USA,2021-02-19,5,Medium
C002607,6,Daniel Iyer,Female,65,Premium,Retired,41490,London,England,UK,2020-04-10,65,High
C002608,5,Casey Miller,Other,32,Premium,Retired,76700,London,England,UK,2023-09-21,71,High
C002609,2,Sam Wilson,Female,27,Business,Manager,59894,Miami,Florida,USA,2019-01-27,41,Low
C002610,5,Neha Wilson,Other,21,Affluent,Employee,65621,London,England,UK,2020-05-16,21,Medium
C002611,1,Emma Clark,Male,42,Premium,Employee,37653,Houston,Texas,USA,2019-08-04,72,High
C002612,2,Ananya Davis,Male,74,Affluent,Healthcare,42912,Dallas,Texas,USA,2018-11-12,17,Medium
C002613,2,Avery Williams,Female,69,Business,Other,56982,Dallas,Texas,USA,2016-03-17,82,Medium
C002614,9,Casey Gupta,Other,24,Premium,Consultant,27318,Chennai,Tamil Nadu,India,2015-03-01,58,Low
C002615,6,Jordan Johnson,Female,59,Premium,Other,53774,Manchester,England,UK,2022-12-16,49,Low
C002616,10,Olivia Patel,Female,24,Business,Retired,148878,Bengaluru,Karnataka,India,2016-08-14,93,Medium
C002617,5,Noah Lee,Female,34,Premium,Retired,56454,Liverpool,England,UK,2015-04-16,67,Medium
C002618,3,Jamie Iyer,Other,24,Affluent,Retired,34233,Seattle,Washington,USA,2022-04-01,90,Low
C002619,7,Morgan Martin,Other,63,Business,Healthcare,58660,Frankfurt,Hesse,Germany,2024-02-12,41,Medium
C002620,10,Avery Thomas,Male,29,Premium,Retired,46981,Kolkata,West Bengal,India,2022-05-20,63,Medium
C002621,6,Noah Anderson,Female,34,Business,Consultant,158948,Manchester,England,UK,2024-06-29,9,High
C002622,1,Morgan Thomas,Female,60,Mass Market,Healthcare,50267,Dallas,Texas,USA,2022-11-30,9,Low
C002623,4,Rahul Taylor,Other,50,Affluent,Healthcare,103625,New York,New York,USA,2025-02-20,17,Low
C002624,10,Alex Singh,Other,56,Affluent,Student,200846,Bengaluru,Karnataka,India,2019-12-13,23,High
C002625,6,Avery Miller,Male,64,Business,Other,29050,London,England,UK,2022-08-14,18,Low
C002626,10,Neha Singh,Female,42,Affluent,Healthcare,31115,Ahmedabad,Gujarat,India,2020-12-29,69,Low
C002627,6,Morgan Williams,Male,32,Affluent,Business Owner,49290,Manchester,England,UK,2017-01-08,57,High
C002628,1,Jordan Kumar,Other,22,Premium,Employee,47493,New York,New York,USA,2018-10-16,62,Low
C002629,9,Noah Gupta,Female,66,Affluent,Manager,100952,Kolkata,West Bengal,India,2024-01-18,31,Low
C002630,8,Jordan Johnson,Male,45,Premium,Engineer,112132,Pune,Maharashtra,India,2024-09-06,89,Critical
C002631,8,Arjun Iyer,Female,28,Affluent,Other,43272,Mumbai,Maharashtra,India,2025-07-02,45,Medium
C002632,10,Chris Kumar,Other,26,Premium,Business Owner,134936,Pune,Maharashtra,India,2024-06-16,7,Low
C002633,2,Arjun Lee,Other,47,Affluent,Other,66945,San Francisco,California,USA,2024-10-12,62,Low
C002634,10,Morgan Singh,Other,32,Premium,Retired,56593,Hyderabad,Telangana,India,2023-07-12,45,High
C002635,3,Arjun Singh,Female,66,Business,Manager,25216,Chicago,Illinois,USA,2023-11-22,87,Low
C002636,10,Jamie Moore,Male,57,Mass Market,Consultant,64614,Mumbai,Maharashtra,India,2025-05-16,51,Low
C002637,2,Rahul Moore,Other,53,Business,Retired,42736,Seattle,Washington,USA,2024-10-16,70,High
C002638,6,Emma Brown,Other,54,Mass Market,Engineer,178212,Manchester,England,UK,2016-08-09,11,High
C002639,8,Olivia Johnson,Male,48,Mass Market,Retired,20796,Kolkata,West Bengal,India,2015-12-31,90,Critical
C002640,1,Avery Lee,Male,27,Business,Engineer,35264,Los Angeles,California,USA,2021-02-18,87,Low
C002641,1,Riley Williams,Male,36,Mass Market,Manager,26054,Houston,Texas,USA,2025-08-17,27,Medium
C002642,9,Taylor Johnson,Female,35,Premium,Healthcare,38943,Chennai,Tamil Nadu,India,2024-12-31,31,High
C002643,1,Daniel Anderson,Female,63,Premium,Consultant,43852,New York,New York,USA,2023-01-18,83,High
C002644,7,Casey Miller,Other,41,Premium,Employee,34118,Berlin,Berlin,Germany,2024-06-23,39,Low
C002645,10,Riley Williams,Female,50,Premium,Employee,85796,Hyderabad,Telangana,India,2025-05-15,59,Low
C002646,7,Noah Brown,Female,32,Affluent,Employee,214881,Cologne,North Rhine-Westphalia,Germany,2015-08-20,26,Low
C002647,5,Chris Iyer,Other,71,Premium,Engineer,34030,London,England,UK,2019-04-26,89,Low
C002648,5,Casey Patel,Male,56,Business,Healthcare,78547,London,England,UK,2016-06-05,80,High
C002649,7,Priya Singh,Other,37,Premium,Engineer,45323,Munich,Bavaria,Germany,2023-07-25,53,High
C002650,6,Rahul Brown,Other,34,Mass Market,Consultant,40631,Manchester,England,UK,2020-08-16,8,Low
C002651,6,Jordan Martin,Other,69,Affluent,Employee,66658,Leeds,England,UK,2020-07-20,86,Medium
C002652,2,Sam Williams,Other,25,Premium,Retired,79624,Miami,Florida,USA,2021-04-14,45,Low
C002653,7,Emma Brown,Male,32,Mass Market,Business Owner,89654,Hamburg,Hamburg,Germany,2024-04-23,28,High
C002654,8,Casey Kumar,Female,57,Affluent,Business Owner,36940,Bengaluru,Karnataka,India,2016-01-26,68,High
C002655,8,Priya Martin,Male,62,Business,Student,43211,Delhi,Delhi,India,2021-04-03,54,Low
C002656,1,Jordan Patel,Other,44,Affluent,Engineer,236614,San Francisco,California,USA,2025-03-04,91,Low
C002657,8,Neha Wilson,Female,61,Business,Retired,27509,Hyderabad,Telangana,India,2024-02-03,94,Critical
C002658,8,Ananya Kumar,Male,22,Premium,Employee,110284,Pune,Maharashtra,India,2024-09-06,39,High
C002659,2,Priya Davis,Female,72,Premium,Other,34718,New York,New York,USA,2021-05-02,41,Medium
C002660,9,Sam Thomas,Male,41,Mass Market,Retired,116009,Delhi,Delhi,India,2024-03-15,86,Medium
C002661,6,Neha Clark,Male,32,Mass Market,Engineer,59813,Liverpool,England,UK,2016-04-15,5,Medium
C002662,5,Vikram Brown,Female,52,Affluent,Retired,87628,Leeds,England,UK,2018-05-15,34,Low
C002663,8,Emma Miller,Other,21,Business,Student,139385,Kolkata,West Bengal,India,2018-02-13,22,Critical
C002664,6,Noah Iyer,Other,52,Business,Business Owner,92362,London,England,UK,2021-06-08,46,Low
C002665,6,Riley Thomas,Male,47,Mass Market,Student,51239,Leeds,England,UK,2019-04-15,16,Medium
C002666,4,Avery Kumar,Male,35,Premium,Student,56203,Seattle,Washington,USA,2023-08-21,45,Low
C002667,10,Avery Smith,Female,46,Mass Market,Employee,62813,Pune,Maharashtra,India,2019-01-31,31,Medium
C002668,10,Taylor Taylor,Female,51,Mass Market,Student,169201,Ahmedabad,Gujarat,India,2021-08-30,68,Critical
C002669,2,Daniel Sharma,Male,26,Premium,Other,58264,Seattle,Washington,USA,2016-11-01,45,Low
C002670,8,Vikram Kumar,Male,57,Mass Market,Other,85947,Pune,Maharashtra,India,2017-04-01,80,Low
C002671,1,Neha Williams,Other,75,Premium,Business Owner,33714,New York,New York,USA,2021-05-22,61,High
C002672,4,Casey Taylor,Female,34,Business,Retired,27419,San Francisco,California,USA,2023-10-08,37,Low
C002673,10,Neha Johnson,Other,37,Affluent,Manager,124992,Kolkata,West Bengal,India,2016-06-18,70,Low
C002674,2,Taylor Lee,Male,60,Affluent,Business Owner,136182,Houston,Texas,USA,2024-09-05,58,Low
C002675,4,Sam Moore,Male,22,Premium,Manager,101804,San Francisco,California,USA,2025-12-05,76,Medium
C002676,3,Olivia Patel,Other,48,Premium,Student,302356,Houston,Texas,USA,2016-12-11,62,High
C002677,8,Olivia Anderson,Male,21,Premium,Retired,81387,Ahmedabad,Gujarat,India,2019-12-14,94,Low
C002678,5,Olivia Taylor,Other,67,Mass Market,Engineer,25140,Manchester,England,UK,2016-06-10,30,Low
C002679,6,Chris Lee,Other,33,Business,Employee,227989,Birmingham,England,UK,2020-06-12,77,Medium
C002680,10,Rahul Kumar,Female,21,Premium,Employee,29461,Bengaluru,Karnataka,India,2025-10-17,11,Critical
C002681,6,Arjun Wilson,Other,62,Premium,Manager,123644,Liverpool,England,UK,2018-07-17,15,Low
C002682,8,Ananya Davis,Male,60,Business,Business Owner,39696,Ahmedabad,Gujarat,India,2023-12-04,53,High
C002683,1,Riley Sharma,Other,75,Business,Engineer,232548,Los Angeles,California,USA,2015-09-14,30,Medium
C002684,3,Arjun Iyer,Male,48,Affluent,Manager,48986,Miami,Florida,USA,2021-12-18,90,Medium
C002685,10,Noah Gupta,Female,49,Affluent,Other,331238,Kolkata,West Bengal,India,2016-01-15,89,Low
C002686,9,Riley Clark,Male,56,Mass Market,Other,105521,Pune,Maharashtra,India,2025-01-05,82,Critical
C002687,7,Casey Moore,Female,74,Premium,Engineer,31784,Cologne,North Rhine-Westphalia,Germany,2015-03-05,59,Low
C002688,4,Arjun Taylor,Other,53,Business,Consultant,51749,Seattle,Washington,USA,2020-01-17,59,Low
C002689,2,Ananya Johnson,Other,53,Affluent,Employee,49887,Miami,Florida,USA,2025-07-23,22,Medium
C002690,9,Arjun Martin,Male,68,Mass Market,Engineer,27077,Bengaluru,Karnataka,India,2022-01-08,83,Medium
C002691,8,Morgan Taylor,Other,50,Business,Consultant,76955,Delhi,Delhi,India,2022-05-20,43,Critical
C002692,3,Arjun Singh,Female,68,Mass Market,Retired,18000,Seattle,Washington,USA,2018-12-28,64,Low
C002693,6,Priya Martin,Female,72,Affluent,Employee,49035,Manchester,England,UK,2020-03-22,58,Medium
C002694,7,Jordan Clark,Other,46,Business,Other,33671,Hamburg,Hamburg,Germany,2016-06-19,6,Low
C002695,5,Riley Smith,Male,46,Premium,Other,37335,Leeds,England,UK,2022-02-22,13,Low
C002696,10,Noah Singh,Other,51,Business,Engineer,28981,Chennai,Tamil Nadu,India,2020-02-19,80,High
C002697,2,Avery Kumar,Female,35,Affluent,Manager,71937,San Francisco,California,USA,2023-07-07,47,Low
C002698,3,Noah Clark,Male,54,Business,Business Owner,90074,Chicago,Illinois,USA,2019-01-01,95,Low
C002699,1,Noah Gupta,Other,31,Premium,Consultant,129270,Dallas,Texas,USA,2025-10-23,50,Medium
C002700,7,Rahul Kumar,Other,68,Affluent,Student,97019,Berlin,Berlin,Germany,2019-09-14,27,Low
C002701,7,Taylor Miller,Other,26,Business,Other,52603,Frankfurt,Hesse,Germany,2016-04-27,26,High
C002702,10,Taylor Martin,Other,21,Affluent,Employee,226627,Ahmedabad,Gujarat,India,2016-03-02,28,High
C002703,6,Jordan Martin,Other,70,Premium,Consultant,71217,Birmingham,England,UK,2023-07-30,58,Medium
C002704,2,Ananya Williams,Other,28,Premium,Student,78575,Chicago,Illinois,USA,2020-07-17,61,Low
C002705,5,Morgan Clark,Female,35,Affluent,Manager,82391,Liverpool,England,UK,2022-06-22,14,High
C002706,1,Neha Anderson,Female,64,Premium,Healthcare,40051,Dallas,Texas,USA,2019-05-15,19,Low
C002707,7,Rahul Clark,Other,38,Business,Consultant,39560,Munich,Bavaria,Germany,2023-03-23,10,Critical
C002708,7,Rahul Wilson,Male,70,Business,Business Owner,26083,Munich,Bavaria,Germany,2018-04-26,66,High
C002709,9,Jordan Patel,Female,30,Business,Student,51615,Delhi,Delhi,India,2023-10-19,53,Medium
C002710,4,Emma Patel,Male,73,Mass Market,Healthcare,70516,Seattle,Washington,USA,2015-10-16,59,Low
C002711,4,Noah Thomas,Female,36,Affluent,Retired,45107,Miami,Florida,USA,2025-03-16,30,Low
C002712,1,Morgan Singh,Male,38,Premium,Healthcare,156561,Chicago,Illinois,USA,2022-08-01,77,Low
C002713,5,Alex Taylor,Other,70,Mass Market,Consultant,28519,Birmingham,England,UK,2017-07-18,11,Low
C002714,5,Ananya Gupta,Female,38,Mass Market,Business Owner,78238,Liverpool,England,UK,2025-11-27,31,Low
C002715,8,Priya Singh,Other,66,Premium,Business Owner,89261,Ahmedabad,Gujarat,India,2020-07-14,79,Low
C002716,8,Taylor Lee,Male,60,Affluent,Retired,23295,Mumbai,Maharashtra,India,2019-03-06,15,Low
C002717,2,Olivia Davis,Other,27,Mass Market,Business Owner,54739,Houston,Texas,USA,2018-01-15,85,Low
C002718,3,Chris Kumar,Male,38,Mass Market,Consultant,28735,Seattle,Washington,USA,2017-09-02,41,High
C002719,6,Noah Davis,Other,72,Affluent,Retired,86818,Birmingham,England,UK,2018-05-12,92,Low
C002720,4,Ananya Thomas,Female,25,Affluent,Engineer,151567,Miami,Florida,USA,2025-10-19,38,Medium
C002721,1,Neha Smith,Other,53,Business,Business Owner,231926,New York,New York,USA,2020-06-01,22,Low
C002722,9,Rahul Anderson,Male,73,Mass Market,Student,64647,Hyderabad,Telangana,India,2020-07-17,50,Low
C002723,8,Jamie Johnson,Male,62,Business,Consultant,109264,Pune,Maharashtra,India,2024-07-08,67,Medium
C002724,6,Alex Johnson,Female,31,Business,Retired,38001,Manchester,England,UK,2023-12-28,40,Low
C002725,4,Priya Brown,Female,67,Affluent,Student,55662,San Francisco,California,USA,2021-07-24,63,Medium
C002726,9,Sam Moore,Other,48,Premium,Manager,67956,Mumbai,Maharashtra,India,2015-05-08,55,Low
C002727,1,Jamie Martin,Female,27,Business,Consultant,87793,San Francisco,California,USA,2025-06-04,53,Medium
C002728,5,Morgan Gupta,Female,74,Business,Engineer,332557,Birmingham,England,UK,2021-12-22,78,Medium
C002729,9,Rahul Martin,Female,73,Premium,Retired,56234,Chennai,Tamil Nadu,India,2020-09-09,27,Low
C002730,10,Jordan Miller,Other,41,Premium,Other,25437,Kolkata,West Bengal,India,2016-10-15,10,Low
C002731,3,Neha Anderson,Male,70,Affluent,Student,53027,Dallas,Texas,USA,2024-09-05,25,Low
C002732,7,Arjun Johnson,Other,35,Affluent,Consultant,29911,Frankfurt,Hesse,Germany,2015-11-05,59,Low
C002733,2,Casey Lee,Male,37,Affluent,Retired,52170,Dallas,Texas,USA,2020-06-15,74,Critical
C002734,2,Neha Brown,Female,53,Affluent,Student,27038,Houston,Texas,USA,2020-04-26,77,Critical
C002735,4,Jamie Sharma,Female,61,Affluent,Engineer,20116,New York,New York,USA,2022-01-28,6,Low
C002736,9,Arjun Taylor,Male,32,Business,Retired,140306,Pune,Maharashtra,India,2015-12-05,18,High
C002737,7,Emma Lee,Female,41,Business,Other,77996,Cologne,North Rhine-Westphalia,Germany,2024-02-01,48,Low
C002738,5,Vikram Anderson,Other,75,Premium,Healthcare,51177,Manchester,England,UK,2018-04-23,26,Low
C002739,3,Olivia Gupta,Female,72,Premium,Engineer,30681,Seattle,Washington,USA,2025-03-03,12,Low
C002740,2,Emma Johnson,Female,49,Affluent,Retired,99018,Miami,Florida,USA,2024-06-22,34,Low
C002741,3,Riley Iyer,Female,57,Premium,Employee,18000,Houston,Texas,USA,2019-07-08,60,Medium
C002742,2,Neha Kumar,Other,33,Business,Retired,18000,San Francisco,California,USA,2018-09-09,11,Medium
C002743,2,Priya Singh,Male,56,Business,Manager,125032,Seattle,Washington,USA,2017-03-03,68,Low
C002744,7,Jamie Anderson,Male,55,Affluent,Healthcare,65475,Frankfurt,Hesse,Germany,2017-10-28,75,Low
C002745,2,Daniel Brown,Female,50,Premium,Healthcare,69364,Los Angeles,California,USA,2017-06-21,35,Medium
C002746,1,Jordan Miller,Other,42,Business,Engineer,21829,Miami,Florida,USA,2020-10-05,70,Low
C002747,6,Vikram Anderson,Other,72,Premium,Other,41367,Birmingham,England,UK,2018-12-31,89,Low
C002748,3,Morgan Thomas,Female,65,Affluent,Other,93517,San Francisco,California,USA,2019-04-09,10,High
C002749,5,Noah Williams,Other,66,Affluent,Student,32122,Manchester,England,UK,2016-04-05,29,Low
C002750,2,Jamie Anderson,Male,72,Affluent,Retired,52569,Miami,Florida,USA,2018-05-13,64,Low
C002751,3,Olivia Taylor,Other,50,Business,Retired,64316,Seattle,Washington,USA,2025-10-04,7,Medium
C002752,5,Priya Williams,Other,29,Affluent,Student,129103,Birmingham,England,UK,2017-10-27,86,Medium
C002753,7,Jamie Brown,Other,26,Mass Market,Retired,41303,Cologne,North Rhine-Westphalia,Germany,2022-11-13,75,Critical
C002754,5,Jamie Iyer,Male,42,Premium,Consultant,54795,London,England,UK,2017-07-11,36,Medium
C002755,6,Daniel Anderson,Female,51,Affluent,Other,114800,Liverpool,England,UK,2017-08-21,74,Low
C002756,6,Avery Taylor,Female,34,Business,Other,53933,Liverpool,England,UK,2015-04-13,81,Medium
C002757,3,Jordan Smith,Female,49,Business,Manager,42749,Seattle,Washington,USA,2019-09-27,53,Medium
C002758,3,Neha Kumar,Male,67,Mass Market,Other,54205,Chicago,Illinois,USA,2021-08-24,15,Critical
C002759,5,Sam Lee,Other,45,Affluent,Retired,43213,London,England,UK,2023-10-20,30,Low
C002760,1,Sam Smith,Male,63,Premium,Student,121009,New York,New York,USA,2015-06-25,93,High
C002761,7,Rahul Brown,Male,33,Affluent,Manager,51744,Berlin,Berlin,Germany,2025-02-25,47,Low
C002762,7,Chris Iyer,Female,26,Premium,Employee,71859,Cologne,North Rhine-Westphalia,Germany,2025-06-01,18,Low
C002763,4,Daniel Gupta,Male,33,Premium,Healthcare,92431,San Francisco,California,USA,2019-10-05,21,Low
C002764,4,Emma Kumar,Other,59,Affluent,Business Owner,49615,Miami,Florida,USA,2017-10-11,78,Low
C002765,4,Chris Smith,Female,65,Business,Healthcare,33418,Dallas,Texas,USA,2016-02-13,21,Low
C002766,7,Neha Williams,Female,44,Premium,Healthcare,26770,Frankfurt,Hesse,Germany,2020-09-01,88,Medium
C002767,8,Alex Davis,Other,38,Affluent,Other,39980,Chennai,Tamil Nadu,India,2017-09-14,93,Medium
C002768,2,Rahul Brown,Male,75,Affluent,Retired,46487,Miami,Florida,USA,2025-08-09,54,High
C002769,5,Ananya Kumar,Female,50,Premium,Healthcare,31465,Birmingham,England,UK,2015-09-21,80,Low
C002770,1,Avery Davis,Female,73,Affluent,Healthcare,70387,San Francisco,California,USA,2017-07-21,25,Medium
C002771,5,Jamie Johnson,Male,62,Affluent,Student,55797,Birmingham,England,UK,2016-10-26,29,High
C002772,3,Jordan Miller,Male,50,Premium,Employee,62924,Seattle,Washington,USA,2025-03-18,34,Low
C002773,4,Alex Taylor,Female,33,Affluent,Other,30579,Seattle,Washington,USA,2020-09-21,75,Low
C002774,5,Jamie Johnson,Male,51,Affluent,Consultant,96266,Manchester,England,UK,2015-06-20,22,Low
C002775,4,Jamie Clark,Other,51,Affluent,Retired,59894,Miami,Florida,USA,2017-10-29,23,Low
C002776,4,Arjun Brown,Female,62,Affluent,Consultant,31276,Miami,Florida,USA,2016-09-26,15,Low
C002777,8,Olivia Wilson,Male,75,Premium,Student,42995,Chennai,Tamil Nadu,India,2019-02-13,43,Low
C002778,9,Casey Martin,Other,72,Premium,Engineer,50697,Mumbai,Maharashtra,India,2018-05-24,90,Low
C002779,1,Emma Thomas,Female,39,Affluent,Other,90080,Chicago,Illinois,USA,2019-05-08,24,Low
C002780,4,Avery Miller,Other,70,Premium,Consultant,56322,Miami,Florida,USA,2017-03-14,49,Critical
C002781,9,Arjun Williams,Male,27,Premium,Student,48643,Kolkata,West Bengal,India,2020-12-22,29,Low
C002782,6,Emma Davis,Male,46,Affluent,Employee,23241,Manchester,England,UK,2019-02-04,62,Medium
C002783,3,Arjun Iyer,Female,43,Affluent,Healthcare,48223,Chicago,Illinois,USA,2015-10-25,29,Low
C002784,6,Noah Iyer,Male,55,Affluent,Retired,22996,Birmingham,England,UK,2016-12-06,31,Critical
C002785,2,Alex Martin,Other,38,Business,Employee,99141,Chicago,Illinois,USA,2015-06-08,35,Medium
C002786,1,Riley Gupta,Female,34,Mass Market,Other,20811,Miami,Florida,USA,2025-05-29,75,Low
C002787,7,Jordan Taylor,Other,56,Business,Retired,36865,Munich,Bavaria,Germany,2021-09-03,83,Low
C002788,6,Sam Kumar,Other,25,Premium,Other,77424,Liverpool,England,UK,2015-09-24,85,High
C002789,8,Priya Thomas,Male,49,Affluent,Other,39141,Ahmedabad,Gujarat,India,2024-05-07,54,High
C002790,4,Arjun Kumar,Female,39,Business,Consultant,98337,Los Angeles,California,USA,2020-04-28,89,Low
C002791,9,Vikram Patel,Other,33,Premium,Employee,196465,Chennai,Tamil Nadu,India,2021-10-29,20,Low
C002792,5,Emma Moore,Male,43,Mass Market,Employee,121662,London,England,UK,2016-08-29,19,High
C002793,8,Chris Singh,Female,60,Business,Retired,56141,Bengaluru,Karnataka,India,2018-09-01,8,Low
C002794,2,Noah Brown,Female,52,Premium,Retired,89632,Chicago,Illinois,USA,2021-02-28,21,Low
C002795,1,Alex Brown,Other,56,Affluent,Other,117212,Houston,Texas,USA,2024-12-17,95,Medium
C002796,8,Avery Anderson,Female,58,Business,Engineer,89921,Pune,Maharashtra,India,2017-04-09,78,Medium
C002797,9,Noah Wilson,Other,66,Business,Manager,95143,Ahmedabad,Gujarat,India,2016-10-19,47,Low
C002798,10,Morgan Clark,Male,49,Affluent,Retired,133900,Delhi,Delhi,India,2022-03-13,10,Medium
C002799,4,Morgan Sharma,Other,51,Mass Market,Manager,54989,Seattle,Washington,USA,2015-07-10,81,Critical
C002800,1,Jamie Clark,Other,66,Mass Market,Retired,36104,Dallas,Texas,USA,2022-09-05,75,Low
C002801,10,Taylor Kumar,Female,70,Business,Employee,136717,Delhi,Delhi,India,2019-06-22,37,Critical
C002802,7,Priya Smith,Other,71,Premium,Engineer,169109,Cologne,North Rhine-Westphalia,Germany,2023-01-17,57,Low
C002803,3,Emma Johnson,Female,65,Premium,Business Owner,24586,Los Angeles,California,USA,2024-06-20,13,Low
C002804,8,Sam Brown,Female,56,Mass Market,Business Owner,32118,Mumbai,Maharashtra,India,2017-04-04,28,Low
C002805,10,Noah Smith,Male,23,Business,Healthcare,61921,Delhi,Delhi,India,2023-01-27,20,Low
C002806,3,Rahul Patel,Female,27,Premium,Business Owner,55807,Miami,Florida,USA,2019-01-06,14,Medium
C002807,8,Rahul Thomas,Female,48,Premium,Engineer,46748,Kolkata,West Bengal,India,2025-10-22,21,Low
C002808,8,Jordan Williams,Female,63,Premium,Other,80711,Pune,Maharashtra,India,2019-03-15,15,Low
C002809,6,Olivia Martin,Male,63,Mass Market,Healthcare,18000,Leeds,England,UK,2019-03-15,19,High
C002810,7,Chris Miller,Male,52,Premium,Healthcare,102013,Hamburg,Hamburg,Germany,2024-03-12,16,Critical
C002811,3,Casey Gupta,Female,26,Affluent,Retired,94840,San Francisco,California,USA,2017-10-20,25,Medium
C002812,10,Vikram Taylor,Male,51,Affluent,Other,127345,Hyderabad,Telangana,India,2024-01-25,20,Medium
C002813,10,Jordan Brown,Other,71,Mass Market,Student,48066,Mumbai,Maharashtra,India,2021-08-15,91,Medium
C002814,10,Arjun Patel,Female,59,Mass Market,Healthcare,55585,Bengaluru,Karnataka,India,2020-01-28,76,Low
C002815,8,Vikram Singh,Male,26,Business,Consultant,296008,Mumbai,Maharashtra,India,2024-09-04,91,Low
C002816,1,Emma Singh,Female,22,Premium,Student,57201,Seattle,Washington,USA,2025-10-29,74,Medium
C002817,4,Alex Martin,Other,36,Business,Healthcare,58180,Los Angeles,California,USA,2020-01-13,78,Medium
C002818,5,Ananya Sharma,Other,63,Affluent,Healthcare,32269,Leeds,England,UK,2016-03-19,58,Critical
C002819,10,Olivia Wilson,Other,34,Affluent,Manager,61439,Kolkata,West Bengal,India,2018-09-23,29,Low
C002820,6,Jordan Brown,Other,36,Mass Market,Engineer,49159,Manchester,England,UK,2022-07-12,6,Low
C002821,6,Jordan Lee,Female,31,Premium,Employee,40255,London,England,UK,2019-05-03,57,Low
C002822,2,Vikram Wilson,Male,75,Business,Business Owner,84355,Dallas,Texas,USA,2015-09-02,62,Low
C002823,8,Daniel Singh,Female,27,Mass Market,Other,113754,Mumbai,Maharashtra,India,2024-01-21,53,Low
C002824,4,Vikram Johnson,Female,32,Business,Healthcare,41998,New York,New York,USA,2017-12-02,63,High
C002825,1,Taylor Gupta,Other,52,Affluent,Retired,61751,Miami,Florida,USA,2023-05-11,90,Low
C002826,10,Vikram Brown,Male,35,Business,Student,66400,Bengaluru,Karnataka,India,2016-07-13,78,Critical
C002827,2,Jamie Moore,Female,46,Affluent,Consultant,171142,Houston,Texas,USA,2015-10-23,37,Low
C002828,1,Jamie Lee,Male,41,Premium,Student,52955,Miami,Florida,USA,2019-12-20,48,Low
C002829,1,Arjun Patel,Male,57,Business,Other,55287,Chicago,Illinois,USA,2019-01-02,74,High
C002830,5,Sam Miller,Other,35,Affluent,Consultant,87608,Manchester,England,UK,2022-04-27,89,Low
C002831,2,Riley Brown,Male,47,Premium,Student,103488,Seattle,Washington,USA,2017-01-21,47,Low
C002832,9,Alex Brown,Female,60,Premium,Manager,109118,Chennai,Tamil Nadu,India,2017-07-14,75,Low
C002833,6,Arjun Lee,Other,26,Affluent,Healthcare,23131,London,England,UK,2019-08-15,92,Low
C002834,4,Taylor Sharma,Male,49,Affluent,Retired,34230,Miami,Florida,USA,2018-05-24,59,Low
C002835,1,Emma Iyer,Male,29,Business,Manager,121197,Los Angeles,California,USA,2020-11-03,68,Low
C002836,5,Priya Anderson,Male,39,Premium,Student,42441,Liverpool,England,UK,2022-01-02,82,Low
C002837,2,Priya Gupta,Other,47,Affluent,Other,35083,Miami,Florida,USA,2016-11-19,84,Low
C002838,10,Avery Singh,Other,23,Affluent,Student,64013,Kolkata,West Bengal,India,2015-04-01,93,Medium
C002839,3,Vikram Brown,Other,54,Premium,Student,86406,Seattle,Washington,USA,2022-12-06,70,Low
C002840,5,Sam Davis,Male,29,Business,Business Owner,110880,Manchester,England,UK,2016-04-30,34,High
C002841,1,Priya Johnson,Male,65,Affluent,Healthcare,129714,Seattle,Washington,USA,2018-01-19,28,Low
C002842,2,Emma Williams,Other,36,Business,Healthcare,207583,Miami,Florida,USA,2015-11-08,71,High
C002843,3,Vikram Anderson,Male,46,Business,Engineer,75157,Houston,Texas,USA,2024-06-15,29,Medium
C002844,1,Chris Anderson,Female,31,Business,Manager,127326,Houston,Texas,USA,2019-07-06,19,Medium
C002845,8,Daniel Brown,Female,50,Mass Market,Employee,61448,Pune,Maharashtra,India,2022-08-15,69,Low
C002846,10,Daniel Lee,Other,52,Affluent,Consultant,50854,Kolkata,West Bengal,India,2021-12-28,37,Medium
C002847,10,Chris Taylor,Male,47,Affluent,Manager,79845,Hyderabad,Telangana,India,2020-07-23,47,Low
C002848,3,Avery Moore,Male,61,Mass Market,Employee,115894,Seattle,Washington,USA,2018-02-15,82,Critical
C002849,8,Noah Sharma,Male,58,Business,Other,54381,Ahmedabad,Gujarat,India,2024-09-27,42,High
C002850,6,Rahul Singh,Male,67,Premium,Employee,75611,London,England,UK,2021-07-18,91,Low
C002851,1,Arjun Gupta,Male,60,Affluent,Business Owner,64731,New York,New York,USA,2025-02-28,51,Medium
C002852,1,Rahul Thomas,Other,38,Business,Student,76196,Dallas,Texas,USA,2024-11-05,86,Low
C002853,6,Chris Martin,Other,57,Affluent,Manager,37436,London,England,UK,2020-03-11,66,Low
C002854,5,Olivia Davis,Male,27,Affluent,Healthcare,65279,Leeds,England,UK,2018-07-22,41,Low
C002855,1,Daniel Patel,Female,38,Business,Student,245901,San Francisco,California,USA,2018-10-12,59,Low
C002856,10,Jamie Thomas,Male,23,Premium,Student,169825,Chennai,Tamil Nadu,India,2016-10-03,72,Low
C002857,8,Ananya Sharma,Other,49,Business,Business Owner,88947,Hyderabad,Telangana,India,2023-11-04,86,Low
C002858,6,Casey Brown,Other,56,Premium,Student,47885,Leeds,England,UK,2019-11-28,49,Medium
C002859,10,Priya Brown,Female,75,Business,Healthcare,89747,Hyderabad,Telangana,India,2022-10-25,19,Low
C002860,10,Priya Williams,Other,21,Affluent,Business Owner,128566,Delhi,Delhi,India,2020-03-11,24,Medium
C002861,10,Noah Sharma,Female,27,Affluent,Engineer,208838,Pune,Maharashtra,India,2023-10-05,80,Medium
C002862,3,Rahul Patel,Other,29,Mass Market,Business Owner,69050,New York,New York,USA,2018-10-18,77,Low
C002863,9,Jamie Patel,Male,75,Mass Market,Employee,51903,Mumbai,Maharashtra,India,2019-06-28,91,Low
C002864,6,Jordan Singh,Other,58,Mass Market,Student,60252,London,England,UK,2018-03-24,9,High
C002865,8,Neha Taylor,Male,57,Affluent,Student,74160,Pune,Maharashtra,India,2021-04-08,53,Medium
C002866,9,Noah Williams,Other,69,Mass Market,Student,200108,Kolkata,West Bengal,India,2019-11-30,66,Medium
C002867,2,Rahul Williams,Female,62,Mass Market,Manager,91087,Los Angeles,California,USA,2017-12-26,83,Medium
C002868,5,Taylor Miller,Male,40,Mass Market,Retired,86051,Leeds,England,UK,2018-07-15,88,Low
C002869,2,Olivia Kumar,Male,43,Business,Consultant,99134,New York,New York,USA,2018-12-08,85,Medium
C002870,3,Taylor Anderson,Other,70,Business,Engineer,18000,Los Angeles,California,USA,2018-08-24,50,Medium
C002871,5,Jordan Gupta,Female,72,Mass Market,Manager,18000,London,England,UK,2024-12-09,67,Low
C002872,9,Vikram Moore,Other,73,Business,Manager,123919,Pune,Maharashtra,India,2015-02-03,72,High
C002873,9,Priya Martin,Other,40,Premium,Student,23421,Ahmedabad,Gujarat,India,2020-01-24,83,Low
C002874,4,Daniel Sharma,Male,65,Premium,Other,214214,Seattle,Washington,USA,2017-04-29,75,Low
C002875,4,Noah Thomas,Female,71,Mass Market,Retired,112969,Dallas,Texas,USA,2017-01-18,52,High
C002876,6,Chris Anderson,Male,37,Mass Market,Student,206464,Liverpool,England,UK,2017-06-28,63,Low
C002877,10,Casey Anderson,Female,56,Business,Business Owner,58677,Mumbai,Maharashtra,India,2016-06-25,68,Low
C002878,10,Arjun Smith,Other,42,Business,Engineer,76241,Mumbai,Maharashtra,India,2015-05-27,29,High
C002879,3,Neha Smith,Female,71,Affluent,Business Owner,84579,San Francisco,California,USA,2017-06-18,93,Medium
C002880,2,Sam Lee,Other,53,Affluent,Engineer,55715,Dallas,Texas,USA,2016-03-12,22,High
C002881,8,Rahul Smith,Female,23,Premium,Other,58655,Hyderabad,Telangana,India,2021-08-08,49,Low
C002882,4,Arjun Iyer,Other,60,Premium,Other,127443,Dallas,Texas,USA,2019-10-11,54,Low
C002883,2,Daniel Wilson,Other,64,Business,Retired,39866,Los Angeles,California,USA,2017-01-18,21,Low
C002884,1,Priya Singh,Male,29,Affluent,Healthcare,18000,New York,New York,USA,2024-12-31,27,High
C002885,5,Casey Patel,Male,33,Mass Market,Other,55653,Liverpool,England,UK,2021-11-30,46,Low
C002886,4,Morgan Johnson,Male,51,Business,Manager,84058,Los Angeles,California,USA,2019-02-07,23,High
C002887,6,Neha Johnson,Other,61,Mass Market,Engineer,41048,Manchester,England,UK,2017-06-29,26,Low
C002888,3,Noah Moore,Male,49,Affluent,Business Owner,51258,Houston,Texas,USA,2024-12-23,7,Low
C002889,8,Neha Johnson,Female,50,Mass Market,Employee,24836,Delhi,Delhi,India,2022-05-13,40,Critical
C002890,7,Sam Singh,Female,51,Premium,Student,178801,Berlin,Berlin,Germany,2020-04-19,43,Low
C002891,5,Sam Smith,Male,39,Premium,Other,146303,London,England,UK,2021-10-16,69,High
C002892,2,Casey Sharma,Female,27,Mass Market,Student,62106,San Francisco,California,USA,2020-07-27,62,Low
C002893,6,Avery Johnson,Female,32,Mass Market,Retired,73151,Leeds,England,UK,2023-09-23,43,Low
C002894,7,Jordan Williams,Other,41,Business,Consultant,50347,Frankfurt,Hesse,Germany,2023-03-01,21,Low
C002895,4,Rahul Sharma,Female,37,Business,Healthcare,88617,Miami,Florida,USA,2018-12-19,16,Low
C002896,3,Jamie Iyer,Female,70,Affluent,Other,191652,Miami,Florida,USA,2020-02-22,46,High
C002897,6,Avery Miller,Female,42,Mass Market,Student,32255,Leeds,England,UK,2024-05-04,44,Low
C002898,4,Avery Brown,Other,53,Affluent,Retired,18000,New York,New York,USA,2015-11-26,34,Low
C002899,5,Jamie Williams,Male,34,Business,Other,38235,London,England,UK,2023-12-14,83,Medium
C002900,4,Riley Singh,Female,56,Affluent,Business Owner,89650,San Francisco,California,USA,2025-07-12,72,Low
C002901,4,Casey Brown,Other,69,Mass Market,Consultant,63200,Houston,Texas,USA,2019-07-08,36,Medium
C002902,8,Vikram Lee,Female,39,Affluent,Retired,29812,Mumbai,Maharashtra,India,2022-04-17,60,Critical
C002903,5,Riley Williams,Male,65,Business,Retired,31359,Liverpool,England,UK,2018-05-12,22,Low
C002904,5,Riley Kumar,Male,64,Mass Market,Retired,20522,Birmingham,England,UK,2016-01-08,64,High
C002905,7,Noah Gupta,Male,66,Premium,Student,90150,Hamburg,Hamburg,Germany,2018-02-24,46,High
C002906,4,Taylor Iyer,Male,59,Mass Market,Other,104796,Seattle,Washington,USA,2016-09-25,61,Low
C002907,2,Chris Johnson,Other,65,Business,Other,77936,New York,New York,USA,2023-09-03,44,Medium
C002908,9,Alex Smith,Other,26,Affluent,Engineer,32936,Chennai,Tamil Nadu,India,2019-10-13,45,High
C002909,1,Taylor Patel,Other,66,Business,Employee,106095,Seattle,Washington,USA,2024-06-29,52,Low
C002910,6,Morgan Miller,Male,43,Affluent,Consultant,129339,London,England,UK,2025-11-29,77,High
C002911,3,Alex Brown,Other,44,Mass Market,Consultant,55244,Dallas,Texas,USA,2016-02-16,59,Low
C002912,3,Neha Thomas,Female,22,Business,Retired,39116,Seattle,Washington,USA,2022-04-11,90,Low
C002913,1,Chris Thomas,Other,71,Mass Market,Manager,66560,Chicago,Illinois,USA,2020-11-20,26,High
C002914,10,Daniel Wilson,Other,64,Premium,Engineer,37161,Pune,Maharashtra,India,2022-12-08,26,Low
C002915,5,Alex Kumar,Male,33,Mass Market,Engineer,252012,Leeds,England,UK,2021-06-10,6,Medium
C002916,4,Avery Miller,Female,26,Mass Market,Other,41781,Los Angeles,California,USA,2017-09-09,95,Low
C002917,8,Alex Lee,Female,73,Mass Market,Retired,30413,Bengaluru,Karnataka,India,2015-05-14,38,High
C002918,1,Taylor Williams,Female,28,Affluent,Other,54648,New York,New York,USA,2016-10-19,56,Medium
C002919,6,Chris Johnson,Female,31,Affluent,Business Owner,50220,London,England,UK,2019-12-29,86,Medium
C002920,5,Ananya Davis,Male,42,Premium,Employee,32789,Manchester,England,UK,2017-03-08,5,High
C002921,6,Avery Johnson,Male,55,Business,Consultant,76249,London,England,UK,2023-12-03,68,Low
C002922,2,Arjun Williams,Other,43,Premium,Manager,38612,Seattle,Washington,USA,2017-06-11,68,Low
C002923,10,Vikram Thomas,Male,63,Mass Market,Business Owner,38020,Mumbai,Maharashtra,India,2023-09-10,75,Medium
C002924,3,Neha Johnson,Male,70,Premium,Manager,58541,Los Angeles,California,USA,2021-09-03,31,Medium
C002925,7,Morgan Miller,Female,23,Affluent,Employee,39038,Berlin,Berlin,Germany,2016-12-12,85,Low
C002926,8,Olivia Davis,Female,40,Mass Market,Retired,71118,Pune,Maharashtra,India,2016-03-30,61,Medium
C002927,4,Arjun Williams,Male,38,Premium,Consultant,70015,Miami,Florida,USA,2016-04-11,59,Medium
C002928,2,Morgan Patel,Other,56,Business,Engineer,42224,Houston,Texas,USA,2018-09-23,13,Low
C002929,3,Casey Patel,Male,72,Business,Business Owner,126154,Miami,Florida,USA,2022-04-06,88,Medium
C002930,9,Emma Taylor,Male,73,Business,Employee,24045,Kolkata,West Bengal,India,2016-05-30,14,Low
C002931,10,Casey Gupta,Male,74,Premium,Employee,60047,Ahmedabad,Gujarat,India,2024-12-09,93,Low
C002932,10,Casey Thomas,Male,61,Affluent,Engineer,90169,Pune,Maharashtra,India,2022-08-11,30,Low
C002933,3,Noah Wilson,Female,32,Business,Employee,53335,Miami,Florida,USA,2015-09-16,23,Medium
C002934,7,Olivia Iyer,Female,67,Business,Manager,54703,Cologne,North Rhine-Westphalia,Germany,2025-04-09,44,Medium
C002935,2,Priya Martin,Male,23,Mass Market,Retired,81170,Dallas,Texas,USA,2022-12-07,54,Low
C002936,8,Avery Gupta,Other,34,Premium,Retired,18000,Delhi,Delhi,India,2025-08-07,25,Low
C002937,5,Arjun Williams,Male,67,Affluent,Consultant,36486,Liverpool,England,UK,2023-09-10,95,Low
C002938,8,Noah Miller,Female,27,Mass Market,Healthcare,146379,Bengaluru,Karnataka,India,2020-05-01,89,Medium
C002939,7,Casey Davis,Other,64,Business,Employee,210134,Hamburg,Hamburg,Germany,2022-07-12,83,Medium
C002940,10,Daniel Wilson,Other,22,Business,Employee,98310,Bengaluru,Karnataka,India,2018-12-13,61,Critical
C002941,5,Alex Kumar,Female,68,Affluent,Employee,64447,Manchester,England,UK,2022-06-14,61,Medium
C002942,4,Arjun Wilson,Female,58,Affluent,Manager,114597,Chicago,Illinois,USA,2017-08-07,35,Low
C002943,6,Chris Lee,Other,45,Mass Market,Other,22208,Liverpool,England,UK,2024-03-18,17,High
C002944,2,Vikram Thomas,Other,67,Affluent,Healthcare,128694,Los Angeles,California,USA,2022-06-06,18,Low
C002945,2,Rahul Martin,Other,39,Affluent,Healthcare,72347,Dallas,Texas,USA,2022-05-22,90,Medium
C002946,6,Rahul Smith,Other,55,Affluent,Engineer,68456,Manchester,England,UK,2023-12-15,77,Medium
C002947,9,Sam Johnson,Other,36,Premium,Manager,120133,Mumbai,Maharashtra,India,2024-10-07,37,Low
C002948,6,Casey Thomas,Male,24,Business,Consultant,99683,London,England,UK,2017-01-11,42,High
C002949,8,Priya Moore,Female,44,Affluent,Retired,27070,Pune,Maharashtra,India,2020-03-08,47,Critical
C002950,2,Alex Thomas,Female,34,Business,Employee,50414,San Francisco,California,USA,2020-11-29,80,Low
C002951,5,Daniel Brown,Male,69,Premium,Healthcare,44305,Liverpool,England,UK,2016-09-23,59,High
C002952,7,Priya Brown,Female,33,Premium,Student,58711,Hamburg,Hamburg,Germany,2021-08-25,65,Medium
C002953,4,Noah Gupta,Male,43,Premium,Employee,67852,Los Angeles,California,USA,2017-12-29,32,Low
C002954,1,Daniel Johnson,Other,21,Premium,Engineer,139745,Houston,Texas,USA,2023-04-13,73,High
C002955,1,Jordan Williams,Other,30,Premium,Employee,97178,Seattle,Washington,USA,2019-08-22,15,Low
C002956,10,Neha Thomas,Other,25,Business,Retired,18488,Delhi,Delhi,India,2017-05-18,59,High
C002957,7,Avery Martin,Female,43,Premium,Student,142117,Berlin,Berlin,Germany,2019-09-28,32,Low
C002958,3,Taylor Martin,Female,68,Mass Market,Employee,33683,Chicago,Illinois,USA,2025-02-05,85,Medium
C002959,3,Olivia Davis,Other,67,Affluent,Retired,46651,Chicago,Illinois,USA,2024-05-27,56,Medium
C002960,1,Chris Moore,Male,68,Mass Market,Student,24040,New York,New York,USA,2025-08-21,16,High
C002961,10,Riley Smith,Female,26,Business,Other,64696,Mumbai,Maharashtra,India,2022-01-21,66,Low
C002962,2,Emma Johnson,Other,32,Mass Market,Retired,78023,San Francisco,California,USA,2025-10-20,8,Low
C002963,8,Taylor Miller,Other,51,Affluent,Engineer,121903,Bengaluru,Karnataka,India,2016-09-23,93,Low
C002964,3,Rahul Sharma,Female,66,Premium,Student,178257,San Francisco,California,USA,2025-09-05,86,Low
C002965,4,Ananya Singh,Other,56,Mass Market,Retired,53088,Miami,Florida,USA,2016-05-05,77,Medium
C002966,3,Neha Gupta,Male,38,Premium,Healthcare,137958,Dallas,Texas,USA,2020-09-29,60,Critical
C002967,9,Daniel Kumar,Other,63,Premium,Healthcare,117222,Ahmedabad,Gujarat,India,2018-09-17,78,Low
C002968,1,Jordan Miller,Female,35,Premium,Healthcare,22528,Dallas,Texas,USA,2018-05-02,49,High
C002969,4,Daniel Taylor,Male,61,Business,Employee,72654,Miami,Florida,USA,2019-06-17,71,Low
C002970,3,Chris Wilson,Female,71,Affluent,Engineer,62701,Miami,Florida,USA,2025-12-25,39,Low
C002971,3,Priya Brown,Other,75,Business,Retired,53067,Seattle,Washington,USA,2021-08-15,69,Medium
C002972,2,Jordan Taylor,Other,61,Mass Market,Healthcare,126241,San Francisco,California,USA,2017-11-08,73,Low
C002973,10,Alex Kumar,Male,65,Affluent,Student,49209,Delhi,Delhi,India,2023-06-19,50,Low
C002974,4,Neha Moore,Male,31,Premium,Engineer,19316,Seattle,Washington,USA,2025-12-31,71,Low
C002975,5,Ananya Patel,Male,23,Business,Student,159686,London,England,UK,2021-08-20,7,Medium
C002976,4,Alex Anderson,Female,29,Affluent,Other,101592,Dallas,Texas,USA,2024-04-07,40,Critical
C002977,10,Morgan Taylor,Female,62,Mass Market,Consultant,35817,Pune,Maharashtra,India,2021-10-07,81,Low
C002978,4,Chris Johnson,Female,69,Affluent,Student,36154,New York,New York,USA,2025-03-03,39,Low
C002979,4,Chris Singh,Female,40,Affluent,Student,74759,Dallas,Texas,USA,2024-01-11,31,High
C002980,4,Jordan Martin,Other,37,Premium,Retired,31431,New York,New York,USA,2023-07-03,6,Low
C002981,4,Jordan Moore,Male,66,Affluent,Engineer,81894,Houston,Texas,USA,2015-11-21,20,Low
C002982,1,Rahul Kumar,Male,36,Premium,Employee,58235,Houston,Texas,USA,2016-06-26,88,Medium
C002983,7,Chris Singh,Other,56,Affluent,Manager,79109,Munich,Bavaria,Germany,2021-11-26,57,Medium
C002984,1,Chris Iyer,Female,52,Premium,Engineer,47507,Chicago,Illinois,USA,2015-09-01,63,Low
C002985,3,Taylor Gupta,Female,44,Premium,Employee,313816,Miami,Florida,USA,2020-03-05,62,Low
C002986,3,Rahul Moore,Male,21,Premium,Business Owner,112700,Houston,Texas,USA,2023-08-20,6,Low
C002987,3,Morgan Anderson,Male,21,Affluent,Manager,83294,Seattle,Washington,USA,2017-03-12,76,High
C002988,8,Avery Johnson,Female,35,Business,Engineer,85002,Hyderabad,Telangana,India,2022-01-05,35,Low
C002989,6,Chris Thomas,Male,42,Affluent,Engineer,32796,London,England,UK,2019-12-05,75,Low
C002990,10,Noah Brown,Male,49,Affluent,Engineer,70523,Ahmedabad,Gujarat,India,2025-08-24,19,High
C002991,4,Ananya Sharma,Female,37,Business,Healthcare,90654,Dallas,Texas,USA,2023-04-05,30,Low
C002992,10,Arjun Kumar,Other,39,Affluent,Student,137282,Mumbai,Maharashtra,India,2019-10-09,78,Low
C002993,1,Ananya Sharma,Male,24,Business,Other,18000,San Francisco,California,USA,2019-04-25,78,Low
C002994,6,Jamie Anderson,Other,48,Business,Engineer,52710,Birmingham,England,UK,2021-08-08,32,Low
C002995,8,Rahul Kumar,Other,44,Premium,Retired,140918,Pune,Maharashtra,India,2019-08-30,51,Low
C002996,6,Arjun Anderson,Female,67,Premium,Other,64074,Birmingham,England,UK,2017-10-15,19,Medium
C002997,10,Morgan Kumar,Female,59,Mass Market,Business Owner,96211,Mumbai,Maharashtra,India,2023-03-01,56,Low
C002998,4,Jordan Taylor,Other,74,Affluent,Engineer,109524,Houston,Texas,USA,2015-12-06,40,Low
C002999,1,Jordan Lee,Female,55,Premium,Retired,217463,Los Angeles,California,USA,2018-01-12,50,Low
C003000,8,Rahul Davis,Male,31,Affluent,Manager,49466,Mumbai,Maharashtra,India,2022-03-28,65,Medium
C003001,1,Ananya Miller,Other,56,Affluent,Engineer,32442,Miami,Florida,USA,2019-03-14,61,Low
C003002,8,Casey Patel,Female,26,Premium,Engineer,18924,Pune,Maharashtra,India,2019-07-30,90,Low
C003003,8,Sam Martin,Male,62,Mass Market,Manager,18196,Mumbai,Maharashtra,India,2019-05-03,48,Medium
C003004,9,Avery Moore,Male,25,Premium,Engineer,65286,Ahmedabad,Gujarat,India,2022-12-22,52,Low
C003005,5,Neha Lee,Female,71,Premium,Manager,72813,London,England,UK,2019-11-30,76,Low
C003006,9,Chris Miller,Other,71,Business,Engineer,35201,Hyderabad,Telangana,India,2024-11-07,45,Low
C003007,2,Vikram Martin,Other,51,Premium,Healthcare,99132,Chicago,Illinois,USA,2019-07-13,29,High
C003008,5,Daniel Taylor,Female,44,Premium,Consultant,46709,Liverpool,England,UK,2025-05-12,79,Critical
C003009,2,Emma Miller,Other,46,Mass Market,Other,37391,Houston,Texas,USA,2017-10-13,48,Low
C003010,8,Sam Brown,Female,74,Mass Market,Business Owner,84453,Mumbai,Maharashtra,India,2022-01-06,66,Low
C003011,8,Arjun Smith,Other,21,Affluent,Healthcare,18000,Kolkata,West Bengal,India,2022-01-05,38,Low
C003012,9,Vikram Iyer,Female,30,Business,Retired,35886,Bengaluru,Karnataka,India,2025-10-17,14,Low
C003013,8,Priya Clark,Female,34,Premium,Employee,56444,Pune,Maharashtra,India,2017-05-18,66,Low
C003014,4,Ananya Lee,Other,64,Affluent,Business Owner,161223,Houston,Texas,USA,2025-07-31,36,High
C003015,1,Sam Anderson,Male,69,Business,Consultant,51079,Chicago,Illinois,USA,2022-05-18,71,Medium
C003016,10,Olivia Brown,Male,60,Business,Student,60671,Pune,Maharashtra,India,2022-09-30,71,Low
C003017,5,Taylor Anderson,Male,38,Business,Retired,80640,London,England,UK,2018-11-15,31,Medium
C003018,1,Jordan Thomas,Male,24,Mass Market,Retired,31016,San Francisco,California,USA,2025-10-09,71,Low
C003019,10,Chris Miller,Other,48,Business,Manager,43512,Ahmedabad,Gujarat,India,2016-08-30,10,Low
C003020,10,Chris Davis,Other,47,Premium,Healthcare,63713,Mumbai,Maharashtra,India,2015-02-28,66,Medium
C003021,5,Jamie Thomas,Other,62,Premium,Consultant,52452,Leeds,England,UK,2018-11-10,60,Low
C003022,8,Riley Miller,Female,73,Business,Business Owner,32320,Chennai,Tamil Nadu,India,2022-05-07,80,Medium
C003023,1,Morgan Lee,Female,39,Business,Engineer,122235,San Francisco,California,USA,2015-04-29,64,Low
C003024,1,Vikram Kumar,Other,38,Affluent,Healthcare,70468,Chicago,Illinois,USA,2017-06-01,91,Medium
C003025,3,Alex Wilson,Male,70,Business,Student,99606,Los Angeles,California,USA,2016-04-16,60,Critical
C003026,7,Jamie Clark,Other,44,Business,Manager,151089,Berlin,Berlin,Germany,2015-09-20,26,Low
C003027,2,Ananya Johnson,Other,49,Business,Engineer,103476,San Francisco,California,USA,2018-08-13,44,Low
C003028,1,Arjun Kumar,Female,41,Premium,Manager,68631,Dallas,Texas,USA,2017-12-27,33,Low
C003029,7,Morgan Williams,Female,27,Mass Market,Retired,21315,Munich,Bavaria,Germany,2016-10-24,48,Low
C003030,8,Priya Moore,Female,46,Premium,Engineer,155748,Kolkata,West Bengal,India,2022-07-14,39,Low
C003031,8,Avery Lee,Male,40,Premium,Manager,76935,Bengaluru,Karnataka,India,2015-09-24,81,Low
C003032,8,Jordan Martin,Other,72,Mass Market,Business Owner,76162,Ahmedabad,Gujarat,India,2016-03-02,76,Medium
C003033,9,Arjun Johnson,Female,49,Premium,Manager,235985,Hyderabad,Telangana,India,2019-05-06,81,Low
C003034,7,Neha Sharma,Female,72,Premium,Student,96118,Frankfurt,Hesse,Germany,2023-01-10,35,Low
C003035,6,Chris Smith,Other,24,Mass Market,Student,133182,Birmingham,England,UK,2015-05-05,68,Medium
C003036,9,Ananya Wilson,Female,41,Affluent,Consultant,95658,Delhi,Delhi,India,2023-05-30,59,High
C003037,4,Casey Thomas,Other,66,Business,Business Owner,18000,Miami,Florida,USA,2021-02-09,71,Medium
C003038,1,Morgan Moore,Other,22,Mass Market,Student,27437,Dallas,Texas,USA,2018-06-05,9,Low
C003039,8,Priya Sharma,Female,29,Premium,Engineer,136887,Chennai,Tamil Nadu,India,2020-05-24,53,Low
C003040,3,Alex Thomas,Female,37,Affluent,Business Owner,49503,New York,New York,USA,2018-01-09,88,Medium
C003041,10,Ananya Johnson,Other,32,Mass Market,Engineer,73605,Hyderabad,Telangana,India,2025-01-27,63,Medium
C003042,5,Rahul Smith,Other,72,Mass Market,Employee,83297,Liverpool,England,UK,2015-06-18,22,Low
C003043,9,Vikram Miller,Female,39,Business,Healthcare,57258,Mumbai,Maharashtra,India,2015-01-31,60,Low
C003044,1,Alex Sharma,Female,56,Mass Market,Healthcare,145024,Miami,Florida,USA,2025-05-17,84,Low
C003045,7,Priya Johnson,Male,35,Business,Consultant,21167,Munich,Bavaria,Germany,2023-11-11,27,Medium
C003046,5,Olivia Johnson,Male,41,Business,Retired,88388,Manchester,England,UK,2020-04-07,70,Low
C003047,5,Ananya Singh,Male,47,Premium,Business Owner,51932,Leeds,England,UK,2018-01-16,60,Low
C003048,3,Vikram Gupta,Female,36,Premium,Engineer,73274,Miami,Florida,USA,2025-11-15,23,Medium
C003049,10,Morgan Clark,Male,56,Business,Healthcare,74576,Ahmedabad,Gujarat,India,2016-05-24,88,Low
C003050,4,Taylor Johnson,Female,26,Premium,Employee,147330,Los Angeles,California,USA,2016-08-23,45,Low
C003051,9,Ananya Thomas,Female,47,Premium,Business Owner,340731,Chennai,Tamil Nadu,India,2024-12-21,32,Low
C003052,5,Daniel Clark,Other,46,Affluent,Healthcare,18000,London,England,UK,2022-10-16,83,Low
C003053,1,Riley Anderson,Female,53,Mass Market,Consultant,40836,Chicago,Illinois,USA,2024-04-06,34,Medium
C003054,9,Emma Davis,Male,44,Affluent,Consultant,56018,Chennai,Tamil Nadu,India,2015-05-08,50,Low
C003055,2,Noah Gupta,Male,23,Business,Manager,67580,Chicago,Illinois,USA,2018-11-27,82,Low
C003056,3,Noah Anderson,Other,39,Affluent,Student,24679,Houston,Texas,USA,2019-05-05,24,Medium
C003057,9,Chris Johnson,Other,41,Mass Market,Retired,24889,Hyderabad,Telangana,India,2019-03-03,5,Medium
C003058,9,Neha Sharma,Other,51,Premium,Manager,48097,Ahmedabad,Gujarat,India,2022-05-23,10,Low
C003059,10,Olivia Thomas,Female,28,Affluent,Business Owner,84540,Chennai,Tamil Nadu,India,2021-09-24,91,Low
C003060,5,Rahul Wilson,Other,36,Affluent,Business Owner,61533,Manchester,England,UK,2021-04-04,51,Low
C003061,8,Olivia Johnson,Female,25,Affluent,Employee,43644,Chennai,Tamil Nadu,India,2018-12-08,8,Low
C003062,4,Taylor Sharma,Other,45,Business,Business Owner,89446,San Francisco,California,USA,2015-08-01,38,Low
C003063,8,Neha Johnson,Male,73,Premium,Employee,108378,Mumbai,Maharashtra,India,2022-10-30,54,Low
C003064,6,Jamie Thomas,Male,73,Premium,Retired,68484,Manchester,England,UK,2025-03-10,73,Medium
C003065,1,Riley Moore,Male,58,Premium,Employee,74957,Houston,Texas,USA,2016-04-12,31,Low
C003066,5,Vikram Wilson,Female,46,Business,Student,196524,London,England,UK,2022-09-12,80,Low
C003067,5,Rahul Kumar,Other,42,Affluent,Student,60791,Birmingham,England,UK,2017-06-20,71,Low
C003068,3,Emma Wilson,Other,23,Business,Employee,89983,Seattle,Washington,USA,2021-03-19,48,Low
C003069,4,Casey Moore,Other,36,Affluent,Business Owner,59286,New York,New York,USA,2021-12-22,24,Low
C003070,6,Sam Iyer,Male,24,Business,Healthcare,57650,Manchester,England,UK,2016-11-27,35,Medium
C003071,1,Alex Singh,Male,62,Business,Business Owner,74958,Chicago,Illinois,USA,2015-05-01,39,High
C003072,2,Daniel Williams,Male,36,Mass Market,Engineer,18000,Chicago,Illinois,USA,2020-01-22,83,Medium
C003073,8,Ananya Gupta,Female,36,Premium,Manager,65827,Chennai,Tamil Nadu,India,2025-08-07,85,Low
C003074,4,Avery Martin,Male,27,Affluent,Employee,373871,Houston,Texas,USA,2023-08-04,33,Low
C003075,7,Priya Anderson,Other,65,Premium,Employee,18000,Hamburg,Hamburg,Germany,2016-08-22,58,High
C003076,6,Priya Johnson,Other,24,Mass Market,Other,48350,Birmingham,England,UK,2025-03-31,79,Low
C003077,6,Alex Wilson,Male,54,Affluent,Manager,53038,London,England,UK,2024-02-14,25,High
C003078,5,Noah Patel,Male,37,Business,Other,59734,Manchester,England,UK,2018-03-26,20,Medium
C003079,5,Neha Miller,Other,23,Affluent,Other,25747,Liverpool,England,UK,2025-02-10,71,Low
C003080,9,Ananya Wilson,Female,55,Business,Healthcare,43284,Delhi,Delhi,India,2018-06-14,7,High
C003081,10,Casey Singh,Male,60,Business,Retired,68276,Bengaluru,Karnataka,India,2019-04-16,38,Medium
C003082,3,Avery Smith,Other,25,Mass Market,Retired,101447,San Francisco,California,USA,2017-10-14,37,High
C003083,7,Arjun Smith,Other,38,Premium,Student,151111,Frankfurt,Hesse,Germany,2016-03-26,95,Low
C003084,10,Emma Kumar,Female,39,Affluent,Retired,220040,Pune,Maharashtra,India,2020-06-29,66,Low
C003085,1,Daniel Johnson,Female,39,Premium,Engineer,42579,Dallas,Texas,USA,2020-12-09,86,Critical
C003086,8,Alex Lee,Other,71,Mass Market,Healthcare,123145,Chennai,Tamil Nadu,India,2024-04-16,52,Low
C003087,5,Morgan Thomas,Male,68,Mass Market,Employee,147773,Manchester,England,UK,2021-02-05,76,Medium
C003088,10,Neha Brown,Male,46,Mass Market,Employee,56834,Chennai,Tamil Nadu,India,2015-07-31,19,Low
C003089,6,Jamie Kumar,Other,24,Business,Manager,28058,Birmingham,England,UK,2018-10-21,35,Medium
C003090,9,Sam Johnson,Female,36,Affluent,Other,65712,Mumbai,Maharashtra,India,2021-06-27,38,Critical
C003091,2,Arjun Brown,Other,34,Business,Employee,140239,Los Angeles,California,USA,2020-11-30,24,Critical
C003092,2,Arjun Miller,Other,30,Mass Market,Business Owner,101071,Dallas,Texas,USA,2025-07-12,57,High
C003093,10,Sam Patel,Male,47,Mass Market,Business Owner,39970,Hyderabad,Telangana,India,2018-05-20,12,Low
C003094,6,Alex Anderson,Female,23,Business,Manager,22800,Birmingham,England,UK,2021-10-11,95,Low
C003095,6,Priya Williams,Other,29,Business,Manager,65361,Manchester,England,UK,2022-05-23,60,Low
C003096,2,Sam Williams,Male,36,Affluent,Healthcare,18000,Dallas,Texas,USA,2021-03-03,80,Medium
C003097,3,Riley Iyer,Female,23,Mass Market,Healthcare,120083,Dallas,Texas,USA,2024-10-25,45,Critical
C003098,9,Jordan Smith,Other,38,Affluent,Business Owner,182267,Delhi,Delhi,India,2015-08-05,21,Low
C003099,4,Emma Singh,Other,66,Premium,Student,49160,Chicago,Illinois,USA,2020-08-16,5,Low
C003100,6,Noah Davis,Other,67,Premium,Healthcare,41724,Manchester,England,UK,2021-07-17,80,Critical
C003101,4,Jordan Smith,Male,45,Mass Market,Engineer,91097,San Francisco,California,USA,2020-05-24,30,Low
C003102,3,Arjun Johnson,Other,24,Premium,Manager,57297,Houston,Texas,USA,2018-12-15,33,Medium
C003103,2,Priya Wilson,Other,56,Mass Market,Student,103410,Houston,Texas,USA,2025-05-21,74,Medium
C003104,10,Riley Lee,Other,49,Business,Manager,39871,Mumbai,Maharashtra,India,2022-06-15,18,Medium
C003105,10,Olivia Sharma,Female,22,Affluent,Business Owner,80176,Kolkata,West Bengal,India,2021-10-28,60,Low
C003106,2,Riley Anderson,Male,57,Premium,Other,50645,Houston,Texas,USA,2022-10-22,37,Low
C003107,4,Morgan Singh,Female,60,Business,Employee,59061,Miami,Florida,USA,2024-04-23,75,Medium
C003108,6,Sam Brown,Male,23,Business,Employee,62529,Birmingham,England,UK,2025-06-12,54,Low
C003109,4,Rahul Smith,Other,61,Premium,Healthcare,29361,Chicago,Illinois,USA,2020-07-05,61,Low
C003110,8,Taylor Johnson,Female,59,Premium,Employee,77288,Ahmedabad,Gujarat,India,2025-10-23,75,Low
C003111,3,Priya Kumar,Other,71,Mass Market,Employee,57016,Dallas,Texas,USA,2015-12-26,29,Low
C003112,1,Priya Kumar,Male,61,Mass Market,Other,103375,Chicago,Illinois,USA,2015-04-07,29,Low
C003113,4,Emma Taylor,Other,40,Premium,Other,84290,Miami,Florida,USA,2021-08-20,94,Low
C003114,6,Alex Moore,Male,64,Mass Market,Engineer,94460,Liverpool,England,UK,2024-03-20,46,Medium
C003115,2,Taylor Wilson,Other,29,Business,Other,53034,Chicago,Illinois,USA,2018-02-20,86,Low
C003116,9,Daniel Miller,Other,65,Affluent,Healthcare,155532,Pune,Maharashtra,India,2020-08-08,58,Low
C003117,1,Jordan Lee,Male,35,Mass Market,Retired,42208,San Francisco,California,USA,2017-03-30,63,Low
C003118,1,Avery Brown,Male,49,Mass Market,Retired,30708,New York,New York,USA,2020-03-26,93,Low
C003119,6,Neha Davis,Male,46,Premium,Other,92653,Liverpool,England,UK,2021-05-19,15,High
C003120,6,Riley Anderson,Other,54,Premium,Employee,82062,London,England,UK,2017-03-20,10,Low
C003121,3,Vikram Kumar,Other,38,Affluent,Student,83895,Seattle,Washington,USA,2021-02-25,7,Low
C003122,3,Olivia Davis,Other,58,Mass Market,Engineer,76078,New York,New York,USA,2020-03-04,49,High
C003123,1,Vikram Anderson,Female,69,Mass Market,Other,37808,New York,New York,USA,2016-04-24,64,Low
C003124,7,Alex Iyer,Female,47,Affluent,Consultant,32231,Berlin,Berlin,Germany,2017-06-15,55,Low
C003125,4,Casey Taylor,Female,49,Business,Engineer,104092,Los Angeles,California,USA,2019-03-13,38,Low
C003126,2,Ananya Singh,Female,35,Mass Market,Healthcare,78273,Dallas,Texas,USA,2021-09-15,85,Medium
C003127,4,Emma Martin,Female,22,Premium,Manager,64923,New York,New York,USA,2025-07-16,8,Medium
C003128,10,Daniel Miller,Other,34,Mass Market,Business Owner,33853,Bengaluru,Karnataka,India,2022-10-05,66,Medium
C003129,3,Arjun Martin,Female,39,Mass Market,Healthcare,116778,Seattle,Washington,USA,2019-08-24,6,Critical
C003130,9,Ananya Johnson,Male,75,Affluent,Engineer,41129,Hyderabad,Telangana,India,2025-07-26,31,High
C003131,3,Arjun Martin,Female,41,Mass Market,Manager,33872,Miami,Florida,USA,2015-01-13,43,Low
C003132,2,Morgan Iyer,Other,47,Mass Market,Healthcare,380972,Houston,Texas,USA,2024-07-11,66,Low
C003133,3,Jamie Johnson,Male,66,Affluent,Employee,108653,San Francisco,California,USA,2020-07-09,10,Low
C003134,4,Riley Williams,Male,41,Affluent,Consultant,142668,New York,New York,USA,2023-06-15,22,Medium
C003135,2,Priya Singh,Male,34,Premium,Manager,89865,Seattle,Washington,USA,2015-05-03,88,High
C003136,6,Chris Miller,Female,64,Mass Market,Retired,54790,Birmingham,England,UK,2017-12-15,44,High
C003137,4,Priya Miller,Female,56,Premium,Business Owner,107737,Chicago,Illinois,USA,2016-06-11,21,Low
C003138,8,Ananya Taylor,Other,58,Business,Business Owner,55814,Chennai,Tamil Nadu,India,2016-11-20,85,High
C003139,5,Rahul Miller,Other,68,Business,Retired,21962,Birmingham,England,UK,2021-08-05,8,Low
C003140,5,Morgan Moore,Female,25,Premium,Manager,44857,Liverpool,England,UK,2019-12-25,85,Low
C003141,5,Daniel Brown,Male,25,Affluent,Manager,174032,Leeds,England,UK,2022-11-23,63,Low
C003142,2,Avery Iyer,Male,25,Affluent,Healthcare,68694,Seattle,Washington,USA,2025-06-02,58,High
C003143,8,Noah Clark,Other,22,Mass Market,Business Owner,203286,Ahmedabad,Gujarat,India,2020-06-30,59,Low
C003144,2,Noah Williams,Male,54,Premium,Employee,39270,Houston,Texas,USA,2022-10-01,57,High
C003145,8,Sam Johnson,Male,55,Premium,Consultant,78322,Hyderabad,Telangana,India,2019-07-02,72,Medium
C003146,10,Noah Kumar,Other,41,Business,Manager,221094,Chennai,Tamil Nadu,India,2024-01-15,8,Low
C003147,8,Arjun Singh,Female,57,Affluent,Consultant,45367,Mumbai,Maharashtra,India,2017-06-07,74,Medium
C003148,5,Noah Clark,Other,24,Premium,Healthcare,49629,London,England,UK,2022-10-08,19,Low
C003149,4,Priya Smith,Other,32,Premium,Healthcare,105295,Los Angeles,California,USA,2019-02-24,44,Low
C003150,9,Noah Sharma,Other,53,Business,Consultant,105846,Pune,Maharashtra,India,2021-01-06,42,Medium
C003151,3,Noah Iyer,Female,51,Premium,Consultant,61976,Dallas,Texas,USA,2021-03-22,36,Medium
C003152,5,Sam Kumar,Male,49,Mass Market,Consultant,43307,Liverpool,England,UK,2025-09-25,32,Low
C003153,8,Daniel Brown,Female,64,Business,Retired,26351,Chennai,Tamil Nadu,India,2022-09-22,35,Low
C003154,10,Rahul Martin,Male,50,Mass Market,Employee,45059,Kolkata,West Bengal,India,2019-06-20,20,High
C003155,10,Avery Sharma,Male,36,Business,Business Owner,104322,Kolkata,West Bengal,India,2018-04-26,25,Critical
C003156,1,Chris Clark,Male,42,Business,Engineer,303556,Dallas,Texas,USA,2024-12-28,11,Low
C003157,9,Jordan Anderson,Other,32,Affluent,Retired,100153,Bengaluru,Karnataka,India,2022-08-13,77,Low
C003158,2,Jordan Lee,Other,38,Premium,Retired,28009,Seattle,Washington,USA,2018-10-13,48,Low
C003159,6,Rahul Wilson,Male,49,Mass Market,Manager,74448,London,England,UK,2018-07-17,8,Critical
C003160,10,Morgan Patel,Female,27,Business,Consultant,86234,Pune,Maharashtra,India,2025-11-01,83,Medium
C003161,7,Alex Thomas,Female,24,Premium,Retired,52370,Munich,Bavaria,Germany,2018-08-15,79,Low
C003162,10,Chris Williams,Female,64,Premium,Engineer,160131,Hyderabad,Telangana,India,2015-04-23,42,High
C003163,4,Olivia Moore,Other,30,Mass Market,Consultant,38907,Miami,Florida,USA,2015-10-29,55,Low
C003164,4,Rahul Miller,Female,59,Business,Healthcare,33883,New York,New York,USA,2015-05-07,7,Low
C003165,4,Casey Kumar,Female,75,Premium,Engineer,99990,Houston,Texas,USA,2025-08-16,29,Low
C003166,4,Daniel Sharma,Female,40,Premium,Employee,61248,Los Angeles,California,USA,2017-03-27,36,Medium
C003167,7,Sam Brown,Female,51,Affluent,Engineer,100327,Cologne,North Rhine-Westphalia,Germany,2022-10-23,11,Medium
C003168,5,Arjun Moore,Female,67,Premium,Retired,122696,London,England,UK,2022-10-19,39,Low
C003169,8,Chris Gupta,Male,73,Mass Market,Manager,66415,Kolkata,West Bengal,India,2019-01-04,40,Low
C003170,5,Vikram Lee,Female,26,Business,Retired,54432,Birmingham,England,UK,2018-04-20,58,Low
C003171,4,Jamie Lee,Male,39,Premium,Business Owner,60077,San Francisco,California,USA,2021-12-12,21,Low
C003172,2,Alex Davis,Female,72,Business,Engineer,44680,Houston,Texas,USA,2018-12-05,9,Low
C003173,6,Avery Gupta,Male,46,Premium,Retired,83584,London,England,UK,2015-01-06,87,Low
C003174,9,Arjun Moore,Male,58,Affluent,Consultant,58068,Kolkata,West Bengal,India,2023-07-12,30,Low
C003175,9,Olivia Smith,Other,45,Affluent,Student,93233,Hyderabad,Telangana,India,2018-06-04,40,Low
C003176,3,Jamie Sharma,Female,43,Affluent,Healthcare,154602,Houston,Texas,USA,2022-06-07,95,Low
C003177,5,Rahul Singh,Female,42,Business,Healthcare,29760,Birmingham,England,UK,2022-11-06,73,Low
C003178,8,Avery Sharma,Female,43,Premium,Healthcare,102050,Pune,Maharashtra,India,2017-03-21,95,Low
C003179,7,Avery Thomas,Female,44,Business,Healthcare,101002,Hamburg,Hamburg,Germany,2021-10-28,22,Low
C003180,1,Taylor Martin,Female,35,Premium,Retired,69230,Seattle,Washington,USA,2025-07-30,46,Medium
C003181,6,Rahul Brown,Male,40,Premium,Business Owner,119698,Leeds,England,UK,2017-01-13,33,Low
C003182,1,Rahul Williams,Other,66,Affluent,Other,61357,Houston,Texas,USA,2022-02-05,31,Low
C003183,2,Taylor Davis,Male,24,Business,Other,42999,Dallas,Texas,USA,2025-03-05,70,Medium
C003184,7,Daniel Patel,Other,34,Affluent,Other,65856,Munich,Bavaria,Germany,2018-05-03,93,Medium
C003185,2,Ananya Clark,Female,41,Affluent,Healthcare,33814,Dallas,Texas,USA,2019-10-28,88,Low
C003186,4,Taylor Moore,Female,69,Affluent,Manager,33637,Chicago,Illinois,USA,2025-06-14,38,Medium
C003187,6,Vikram Thomas,Female,63,Affluent,Manager,72484,Birmingham,England,UK,2024-03-04,11,Medium
C003188,7,Ananya Smith,Female,74,Mass Market,Healthcare,86466,Frankfurt,Hesse,Germany,2020-11-13,33,Medium
C003189,5,Neha Thomas,Other,40,Mass Market,Other,98179,Liverpool,England,UK,2017-08-23,5,Low
C003190,1,Chris Kumar,Male,32,Mass Market,Consultant,143291,Dallas,Texas,USA,2023-10-31,8,Low
C003191,8,Neha Sharma,Other,42,Affluent,Other,136975,Chennai,Tamil Nadu,India,2019-07-11,40,Medium
C003192,10,Avery Davis,Female,66,Premium,Consultant,133333,Hyderabad,Telangana,India,2016-07-13,79,Medium
C003193,9,Chris Patel,Male,59,Premium,Manager,31228,Pune,Maharashtra,India,2017-08-07,48,Low
C003194,8,Rahul Smith,Other,45,Premium,Business Owner,119122,Ahmedabad,Gujarat,India,2020-02-16,85,Low
C003195,5,Vikram Miller,Male,28,Premium,Consultant,38620,Manchester,England,UK,2020-02-06,43,Medium
C003196,9,Riley Davis,Male,73,Mass Market,Consultant,45961,Ahmedabad,Gujarat,India,2023-05-18,73,Medium
C003197,5,Noah Patel,Female,57,Business,Manager,24443,London,England,UK,2016-08-04,51,Medium
C003198,2,Riley Brown,Other,48,Affluent,Student,35978,Chicago,Illinois,USA,2024-12-29,22,Low
C003199,9,Rahul Williams,Female,37,Business,Healthcare,92502,Chennai,Tamil Nadu,India,2018-02-09,93,Critical
C003200,4,Riley Thomas,Male,31,Mass Market,Consultant,21487,Miami,Florida,USA,2015-08-13,95,High
C003201,10,Taylor Miller,Other,33,Business,Consultant,66159,Ahmedabad,Gujarat,India,2017-09-13,59,Low
C003202,4,Sam Smith,Female,28,Affluent,Consultant,83954,Dallas,Texas,USA,2022-01-22,43,Low
C003203,9,Ananya Gupta,Male,48,Premium,Student,104722,Mumbai,Maharashtra,India,2020-08-08,41,Low
C003204,6,Daniel Martin,Male,23,Affluent,Manager,110684,Manchester,England,UK,2019-05-02,37,Medium
C003205,5,Noah Johnson,Female,31,Business,Business Owner,162819,Birmingham,England,UK,2015-10-04,24,Low
C003206,3,Avery Johnson,Female,39,Premium,Business Owner,27868,Chicago,Illinois,USA,2015-06-28,94,Low
C003207,9,Arjun Anderson,Male,24,Business,Engineer,42126,Bengaluru,Karnataka,India,2015-03-10,14,Low
C003208,1,Chris Singh,Other,34,Mass Market,Consultant,28772,San Francisco,California,USA,2023-05-30,23,Low
C003209,5,Ananya Taylor,Other,61,Mass Market,Retired,223104,Leeds,England,UK,2023-05-20,81,Medium
C003210,4,Ananya Thomas,Female,55,Business,Student,29869,New York,New York,USA,2020-11-29,58,High
C003211,6,Vikram Wilson,Female,51,Premium,Business Owner,40651,Birmingham,England,UK,2018-08-31,8,Low
C003212,3,Taylor Miller,Other,53,Premium,Healthcare,51894,Miami,Florida,USA,2021-08-15,52,Low
C003213,7,Daniel Moore,Other,71,Business,Business Owner,75151,Cologne,North Rhine-Westphalia,Germany,2025-01-18,49,Low
C003214,4,Arjun Davis,Other,39,Affluent,Student,46789,Chicago,Illinois,USA,2017-10-15,24,Low
C003215,2,Alex Wilson,Other,57,Mass Market,Healthcare,78687,Seattle,Washington,USA,2024-01-12,30,Low
C003216,2,Neha Clark,Other,67,Business,Manager,166871,New York,New York,USA,2017-03-05,79,Low
C003217,7,Noah Lee,Male,25,Business,Employee,101265,Berlin,Berlin,Germany,2018-02-22,65,Low
C003218,3,Chris Martin,Other,57,Business,Employee,106045,Los Angeles,California,USA,2017-10-03,85,Low
C003219,4,Morgan Johnson,Male,66,Business,Retired,79445,Los Angeles,California,USA,2017-10-27,93,Medium
C003220,7,Noah Taylor,Male,52,Premium,Manager,99976,Cologne,North Rhine-Westphalia,Germany,2018-11-11,68,Low
C003221,4,Chris Kumar,Female,51,Affluent,Business Owner,262169,Los Angeles,California,USA,2015-08-10,68,High
C003222,4,Riley Wilson,Other,54,Business,Business Owner,66507,Seattle,Washington,USA,2025-01-07,60,Medium
C003223,3,Neha Johnson,Male,35,Affluent,Employee,111148,Seattle,Washington,USA,2021-07-28,78,Critical
C003224,4,Vikram Lee,Female,68,Affluent,Manager,111127,Los Angeles,California,USA,2017-05-26,39,Medium
C003225,7,Sam Williams,Other,26,Mass Market,Business Owner,55518,Munich,Bavaria,Germany,2022-03-17,36,Medium
C003226,6,Noah Thomas,Male,66,Business,Retired,46170,Leeds,England,UK,2019-03-23,11,Low
C003227,10,Emma Lee,Other,73,Mass Market,Engineer,55215,Mumbai,Maharashtra,India,2023-06-14,7,Low
C003228,8,Emma Kumar,Other,30,Affluent,Retired,74858,Delhi,Delhi,India,2018-04-04,84,Low
C003229,1,Morgan Patel,Other,29,Affluent,Employee,113984,Miami,Florida,USA,2015-09-20,52,Critical
C003230,4,Casey Sharma,Male,50,Business,Engineer,77738,New York,New York,USA,2020-07-14,55,High
C003231,3,Casey Patel,Female,36,Mass Market,Healthcare,18000,San Francisco,California,USA,2019-03-02,35,Low
C003232,6,Rahul Iyer,Other,73,Premium,Retired,103460,Birmingham,England,UK,2024-03-23,81,Medium
C003233,3,Ananya Taylor,Other,51,Mass Market,Other,33410,New York,New York,USA,2022-10-12,44,Low
C003234,10,Arjun Singh,Female,52,Affluent,Manager,52632,Mumbai,Maharashtra,India,2023-03-06,58,High
C003235,3,Priya Thomas,Female,57,Mass Market,Other,63313,Los Angeles,California,USA,2017-12-30,38,Low
C003236,6,Rahul Kumar,Other,33,Premium,Consultant,47959,London,England,UK,2015-05-17,26,Low
C003237,2,Taylor Taylor,Male,61,Premium,Consultant,63308,Dallas,Texas,USA,2021-01-11,57,High
C003238,10,Chris Wilson,Other,43,Affluent,Retired,77037,Bengaluru,Karnataka,India,2018-12-13,63,Low
C003239,10,Jamie Taylor,Other,74,Premium,Student,282178,Chennai,Tamil Nadu,India,2019-09-26,41,Critical
C003240,8,Chris Singh,Female,24,Mass Market,Student,58142,Hyderabad,Telangana,India,2020-08-07,69,Critical
C003241,4,Ananya Davis,Female,58,Mass Market,Business Owner,18000,Houston,Texas,USA,2018-05-16,50,Low
C003242,1,Morgan Moore,Male,27,Affluent,Consultant,53338,Miami,Florida,USA,2015-06-28,86,Low
C003243,8,Casey Davis,Other,51,Affluent,Other,40102,Delhi,Delhi,India,2021-05-15,92,Medium
C003244,5,Daniel Williams,Other,47,Mass Market,Healthcare,80497,Birmingham,England,UK,2016-06-24,12,Low
C003245,10,Avery Miller,Female,22,Mass Market,Student,41235,Hyderabad,Telangana,India,2024-11-25,12,Medium
C003246,7,Vikram Sharma,Female,57,Business,Consultant,316427,Cologne,North Rhine-Westphalia,Germany,2019-06-06,88,Medium
C003247,6,Taylor Miller,Female,24,Affluent,Consultant,31908,Liverpool,England,UK,2021-01-07,24,Low
C003248,10,Riley Gupta,Male,73,Mass Market,Retired,43770,Pune,Maharashtra,India,2020-07-18,46,Medium
C003249,9,Morgan Lee,Female,25,Mass Market,Consultant,193047,Pune,Maharashtra,India,2022-04-18,36,Low
C003250,5,Priya Lee,Female,55,Premium,Other,20595,Liverpool,England,UK,2025-07-27,9,High
C003251,1,Rahul Taylor,Female,74,Premium,Healthcare,76778,New York,New York,USA,2024-10-29,42,Low
C003252,1,Neha Johnson,Female,62,Business,Consultant,76198,Los Angeles,California,USA,2018-07-25,93,Low
C003253,5,Noah Lee,Female,73,Mass Market,Other,32653,Manchester,England,UK,2022-01-21,17,Medium
C003254,6,Alex Martin,Male,35,Business,Business Owner,28821,Leeds,England,UK,2025-04-12,69,Critical
C003255,1,Sam Davis,Male,55,Affluent,Consultant,51494,Chicago,Illinois,USA,2016-05-18,73,Low
C003256,2,Taylor Gupta,Male,69,Affluent,Manager,113122,Miami,Florida,USA,2022-12-13,51,Low
C003257,8,Chris Kumar,Male,51,Mass Market,Student,30994,Ahmedabad,Gujarat,India,2018-12-03,86,Low
C003258,8,Taylor Kumar,Male,39,Mass Market,Employee,76302,Pune,Maharashtra,India,2025-02-01,94,Low
C003259,1,Rahul Smith,Female,50,Business,Employee,66585,Chicago,Illinois,USA,2022-12-18,72,Low
C003260,6,Taylor Kumar,Male,25,Mass Market,Employee,21165,Leeds,England,UK,2019-02-11,32,Low
C003261,1,Jordan Singh,Male,67,Affluent,Other,66019,Chicago,Illinois,USA,2023-06-16,51,Medium
C003262,8,Arjun Patel,Male,53,Mass Market,Consultant,157666,Pune,Maharashtra,India,2023-08-10,78,High
C003263,9,Casey Kumar,Male,73,Affluent,Other,53771,Hyderabad,Telangana,India,2022-02-22,62,Low
C003264,9,Olivia Singh,Female,55,Business,Business Owner,93696,Delhi,Delhi,India,2022-06-18,41,Low
C003265,6,Rahul Anderson,Male,24,Mass Market,Business Owner,75993,Liverpool,England,UK,2022-11-19,29,Low
C003266,7,Chris Brown,Female,73,Mass Market,Healthcare,92458,Berlin,Berlin,Germany,2023-12-29,49,High
C003267,10,Vikram Clark,Female,71,Business,Employee,82807,Ahmedabad,Gujarat,India,2024-02-28,35,Low
C003268,7,Vikram Williams,Other,75,Business,Consultant,44803,Munich,Bavaria,Germany,2021-08-09,80,Medium
C003269,5,Morgan Anderson,Other,57,Mass Market,Employee,41324,London,England,UK,2016-01-07,22,Low
C003270,8,Olivia Thomas,Other,65,Mass Market,Business Owner,92184,Hyderabad,Telangana,India,2019-11-27,82,Low
C003271,6,Avery Sharma,Female,51,Premium,Other,79952,Birmingham,England,UK,2023-03-11,71,Low
C003272,9,Olivia Anderson,Male,50,Mass Market,Engineer,186780,Kolkata,West Bengal,India,2016-02-10,37,Low
C003273,6,Arjun Clark,Female,67,Mass Market,Other,39891,Liverpool,England,UK,2021-10-02,65,Low
C003274,9,Sam Smith,Other,65,Mass Market,Engineer,104334,Mumbai,Maharashtra,India,2020-06-21,22,Low
C003275,1,Olivia Sharma,Female,34,Business,Employee,115610,San Francisco,California,USA,2025-10-17,48,High
C003276,1,Neha Brown,Other,72,Mass Market,Student,50759,Houston,Texas,USA,2019-06-27,69,Medium
C003277,1,Vikram Thomas,Female,69,Affluent,Student,63369,Dallas,Texas,USA,2025-09-15,22,Medium
C003278,6,Emma Clark,Female,44,Mass Market,Retired,34618,Liverpool,England,UK,2019-07-22,88,Medium
C003279,8,Vikram Sharma,Male,47,Affluent,Manager,64417,Hyderabad,Telangana,India,2024-09-28,43,Low
C003280,3,Casey Miller,Female,36,Business,Engineer,90759,Dallas,Texas,USA,2019-10-27,50,Low
C003281,2,Daniel Miller,Male,38,Affluent,Business Owner,45901,New York,New York,USA,2019-11-08,54,Medium
C003282,9,Ananya Taylor,Male,29,Affluent,Healthcare,57118,Chennai,Tamil Nadu,India,2021-07-24,87,Low
C003283,8,Noah Williams,Other,25,Business,Retired,35175,Pune,Maharashtra,India,2024-02-10,11,Low
C003284,7,Noah Sharma,Female,34,Affluent,Engineer,62797,Berlin,Berlin,Germany,2019-10-23,59,High
C003285,5,Daniel Patel,Other,57,Premium,Manager,49390,London,England,UK,2017-03-18,39,Medium
C003286,5,Alex Moore,Female,28,Business,Engineer,48651,Liverpool,England,UK,2020-09-27,12,Low
C003287,1,Taylor Gupta,Other,37,Premium,Consultant,40359,San Francisco,California,USA,2016-06-18,51,Medium
C003288,2,Arjun Kumar,Male,39,Premium,Employee,18000,San Francisco,California,USA,2020-10-21,34,Low
C003289,9,Ananya Lee,Other,25,Business,Consultant,130411,Bengaluru,Karnataka,India,2022-05-25,77,Medium
C003290,4,Casey Smith,Male,74,Business,Employee,52429,San Francisco,California,USA,2024-10-08,56,Low
C003291,8,Arjun Gupta,Other,27,Affluent,Consultant,58571,Ahmedabad,Gujarat,India,2019-09-07,50,Low
C003292,8,Neha Kumar,Male,23,Business,Other,84609,Delhi,Delhi,India,2021-01-20,48,Medium
C003293,4,Rahul Moore,Female,56,Affluent,Consultant,49926,Seattle,Washington,USA,2017-07-15,11,Medium
C003294,3,Taylor Patel,Female,65,Mass Market,Student,67157,Los Angeles,California,USA,2015-07-26,60,Low
C003295,7,Priya Sharma,Other,59,Business,Other,38928,Berlin,Berlin,Germany,2019-05-25,48,Low
C003296,1,Jamie Anderson,Female,65,Premium,Engineer,36840,New York,New York,USA,2019-04-09,85,Low
C003297,5,Neha Clark,Male,56,Mass Market,Consultant,146808,Leeds,England,UK,2022-12-18,5,Critical
C003298,9,Noah Moore,Male,60,Affluent,Student,118239,Hyderabad,Telangana,India,2020-07-03,82,Medium
C003299,8,Avery Wilson,Other,69,Mass Market,Consultant,108561,Delhi,Delhi,India,2018-07-20,40,Low
C003300,8,Alex Kumar,Male,56,Business,Manager,22566,Pune,Maharashtra,India,2018-05-05,47,Low
C003301,1,Sam Thomas,Other,28,Premium,Healthcare,157663,Los Angeles,California,USA,2025-06-18,80,Low
C003302,2,Jordan Moore,Male,48,Business,Other,39607,Chicago,Illinois,USA,2017-07-10,59,High
C003303,3,Morgan Taylor,Other,44,Premium,Employee,126728,San Francisco,California,USA,2023-07-06,48,High
C003304,3,Vikram Lee,Male,53,Business,Employee,19935,Los Angeles,California,USA,2019-11-27,11,Medium
C003305,2,Jordan Clark,Other,29,Mass Market,Employee,30982,Miami,Florida,USA,2022-12-23,43,Low
C003306,10,Chris Thomas,Other,74,Business,Employee,126147,Bengaluru,Karnataka,India,2023-06-17,29,Low
C003307,2,Priya Thomas,Other,49,Business,Employee,39044,Seattle,Washington,USA,2019-06-07,60,Medium
C003308,8,Priya Anderson,Female,32,Business,Student,86423,Kolkata,West Bengal,India,2018-11-07,29,Medium
C003309,6,Alex Anderson,Female,29,Affluent,Other,147541,Birmingham,England,UK,2017-08-20,78,High
C003310,7,Priya Taylor,Other,67,Affluent,Retired,64226,Berlin,Berlin,Germany,2025-06-20,15,Medium
C003311,3,Morgan Iyer,Other,37,Mass Market,Business Owner,51181,Dallas,Texas,USA,2020-08-25,72,Low
C003312,4,Taylor Davis,Female,50,Mass Market,Business Owner,39451,Chicago,Illinois,USA,2015-10-13,75,Low
C003313,7,Noah Smith,Male,53,Mass Market,Retired,63799,Hamburg,Hamburg,Germany,2015-11-06,16,Medium
C003314,3,Jordan Anderson,Other,41,Mass Market,Business Owner,18753,San Francisco,California,USA,2025-06-06,32,Medium
C003315,7,Noah Smith,Female,24,Business,Retired,127538,Berlin,Berlin,Germany,2018-12-21,49,Low
C003316,1,Noah Patel,Male,33,Affluent,Other,53543,Los Angeles,California,USA,2016-03-16,18,Low
C003317,1,Noah Brown,Female,23,Mass Market,Business Owner,105124,Seattle,Washington,USA,2025-05-21,35,Low
C003318,8,Priya Singh,Female,40,Business,Manager,33007,Hyderabad,Telangana,India,2019-08-30,61,Medium
C003319,7,Jordan Moore,Male,40,Business,Student,83683,Berlin,Berlin,Germany,2023-08-29,85,Critical
C003320,1,Daniel Wilson,Female,42,Affluent,Engineer,188568,Miami,Florida,USA,2018-08-16,60,Low
C003321,9,Riley Moore,Female,25,Premium,Retired,54696,Ahmedabad,Gujarat,India,2018-12-29,20,High
C003322,1,Priya Thomas,Male,22,Affluent,Business Owner,18000,New York,New York,USA,2024-12-11,87,Low
C003323,10,Alex Gupta,Other,72,Mass Market,Student,77352,Delhi,Delhi,India,2020-04-25,47,Low
C003324,8,Noah Patel,Male,71,Mass Market,Healthcare,204346,Bengaluru,Karnataka,India,2019-01-05,16,High
C003325,10,Taylor Miller,Female,44,Mass Market,Employee,153231,Chennai,Tamil Nadu,India,2025-03-27,84,Low
C003326,10,Daniel Wilson,Male,71,Affluent,Healthcare,37163,Bengaluru,Karnataka,India,2022-12-27,5,High
C003327,4,Emma Anderson,Other,51,Affluent,Business Owner,26087,Miami,Florida,USA,2020-11-11,52,Medium
C003328,8,Casey Williams,Male,37,Premium,Other,41060,Hyderabad,Telangana,India,2019-02-21,21,High
C003329,3,Rahul Moore,Male,48,Business,Other,46855,San Francisco,California,USA,2024-03-07,18,Low
C003330,5,Priya Sharma,Female,31,Premium,Engineer,313195,Liverpool,England,UK,2015-04-26,80,Medium
C003331,3,Daniel Wilson,Male,42,Mass Market,Consultant,47460,Dallas,Texas,USA,2017-08-02,79,Low
C003332,5,Ananya Sharma,Female,45,Affluent,Other,37384,Manchester,England,UK,2023-01-26,86,Low
C003333,9,Casey Davis,Female,46,Affluent,Business Owner,84417,Bengaluru,Karnataka,India,2025-06-01,91,High
C003334,5,Emma Wilson,Other,36,Mass Market,Retired,54300,Liverpool,England,UK,2022-06-21,25,Low
C003335,1,Morgan Kumar,Male,30,Business,Other,181385,Houston,Texas,USA,2018-06-27,49,Low
C003336,4,Olivia Brown,Other,74,Premium,Engineer,89048,Dallas,Texas,USA,2018-05-18,12,Low
C003337,8,Neha Thomas,Male,65,Affluent,Consultant,47276,Hyderabad,Telangana,India,2020-12-14,52,Low
C003338,6,Arjun Moore,Female,68,Mass Market,Consultant,111893,Manchester,England,UK,2017-01-08,33,Medium
C003339,6,Arjun Moore,Male,57,Mass Market,Business Owner,128355,Leeds,England,UK,2015-01-28,44,Medium
C003340,5,Jordan Moore,Other,73,Mass Market,Employee,287170,London,England,UK,2020-06-23,57,Low
C003341,3,Alex Anderson,Female,27,Mass Market,Consultant,18262,Los Angeles,California,USA,2024-05-09,60,Low
C003342,6,Vikram Smith,Other,73,Premium,Student,88513,Leeds,England,UK,2021-03-17,80,Low
C003343,7,Riley Moore,Other,35,Mass Market,Consultant,67030,Hamburg,Hamburg,Germany,2015-09-12,77,High
C003344,9,Taylor Singh,Other,62,Premium,Manager,85295,Chennai,Tamil Nadu,India,2023-03-19,74,Low
C003345,7,Avery Moore,Other,54,Premium,Retired,71236,Hamburg,Hamburg,Germany,2015-04-18,76,Low
C003346,10,Ananya Iyer,Other,68,Premium,Healthcare,57963,Delhi,Delhi,India,2023-09-06,7,High
C003347,9,Sam Anderson,Male,66,Affluent,Healthcare,83487,Bengaluru,Karnataka,India,2024-12-21,91,Low
C003348,1,Olivia Martin,Male,65,Mass Market,Consultant,239858,Houston,Texas,USA,2016-12-20,77,Low
C003349,4,Arjun Sharma,Other,49,Business,Employee,66174,Miami,Florida,USA,2020-07-29,76,Medium
C003350,4,Taylor Iyer,Other,46,Affluent,Healthcare,92292,San Francisco,California,USA,2025-10-22,40,Low
C003351,1,Daniel Moore,Male,30,Premium,Other,70357,San Francisco,California,USA,2016-10-07,33,Critical
C003352,2,Noah Wilson,Female,49,Affluent,Student,41266,San Francisco,California,USA,2017-06-16,50,Low
C003353,8,Casey Singh,Male,67,Mass Market,Engineer,33642,Kolkata,West Bengal,India,2016-09-07,41,Low
C003354,4,Jordan Wilson,Other,51,Mass Market,Business Owner,64795,Miami,Florida,USA,2022-11-13,23,Medium
C003355,2,Ananya Gupta,Female,72,Affluent,Other,105069,San Francisco,California,USA,2022-09-26,84,High
C003356,3,Neha Brown,Male,54,Premium,Retired,45442,Dallas,Texas,USA,2025-09-27,7,Medium
C003357,3,Arjun Kumar,Other,47,Affluent,Consultant,114285,Chicago,Illinois,USA,2024-06-17,44,Low
C003358,2,Taylor Wilson,Female,36,Affluent,Manager,52664,Los Angeles,California,USA,2020-06-28,15,Critical
C003359,2,Morgan Martin,Female,26,Premium,Healthcare,115917,San Francisco,California,USA,2018-07-08,36,Low
C003360,8,Alex Thomas,Other,50,Mass Market,Engineer,68489,Ahmedabad,Gujarat,India,2018-11-16,78,Low
C003361,9,Jordan Clark,Female,29,Mass Market,Business Owner,373255,Hyderabad,Telangana,India,2016-11-04,85,Low
C003362,5,Jamie Gupta,Other,40,Business,Business Owner,90296,Liverpool,England,UK,2019-07-13,29,Low
C003363,7,Priya Wilson,Other,28,Premium,Business Owner,56826,Munich,Bavaria,Germany,2019-01-18,65,High
C003364,10,Arjun Thomas,Male,45,Affluent,Consultant,121811,Mumbai,Maharashtra,India,2017-08-18,76,Medium
C003365,9,Priya Clark,Other,64,Mass Market,Manager,80955,Pune,Maharashtra,India,2017-12-07,75,Low
C003366,1,Jamie Iyer,Other,55,Affluent,Healthcare,45916,Dallas,Texas,USA,2023-02-14,61,Low
C003367,10,Arjun Sharma,Male,38,Affluent,Employee,93095,Kolkata,West Bengal,India,2016-03-31,54,Low
C003368,1,Ananya Anderson,Other,47,Business,Manager,78274,Los Angeles,California,USA,2023-06-03,46,Medium
C003369,1,Ananya Kumar,Male,38,Mass Market,Other,72677,Chicago,Illinois,USA,2018-01-28,84,Medium
C003370,5,Avery Davis,Male,26,Premium,Retired,35461,Manchester,England,UK,2025-04-19,85,High
C003371,8,Alex Johnson,Female,66,Affluent,Consultant,58405,Hyderabad,Telangana,India,2020-09-26,38,Low
C003372,1,Olivia Sharma,Female,35,Premium,Retired,41481,San Francisco,California,USA,2016-03-01,52,Medium
C003373,3,Emma Thomas,Female,62,Affluent,Manager,40718,Dallas,Texas,USA,2018-12-31,60,Medium
C003374,3,Rahul Moore,Male,43,Affluent,Student,58292,Miami,Florida,USA,2016-10-05,93,Low
C003375,4,Rahul Anderson,Male,35,Affluent,Other,73113,Seattle,Washington,USA,2022-07-23,18,Low
C003376,10,Jordan Singh,Other,61,Premium,Other,50440,Delhi,Delhi,India,2022-07-29,74,High
C003377,4,Avery Anderson,Other,25,Business,Employee,77805,San Francisco,California,USA,2021-10-10,88,Low
C003378,3,Taylor Singh,Female,60,Business,Other,74557,Chicago,Illinois,USA,2018-02-15,8,Medium
C003379,2,Neha Wilson,Female,49,Affluent,Employee,88049,Miami,Florida,USA,2020-06-08,39,Low
C003380,2,Avery Anderson,Other,69,Mass Market,Business Owner,27449,Los Angeles,California,USA,2024-11-21,63,High
C003381,2,Jamie Smith,Male,30,Mass Market,Engineer,67429,New York,New York,USA,2023-12-15,30,Low
C003382,6,Riley Martin,Male,50,Premium,Business Owner,99672,Leeds,England,UK,2020-05-23,13,High
C003383,5,Ananya Williams,Female,60,Affluent,Student,188765,Leeds,England,UK,2023-12-16,34,Low
C003384,5,Taylor Miller,Female,22,Business,Engineer,37078,Leeds,England,UK,2023-12-11,15,Low
C003385,9,Priya Davis,Male,54,Mass Market,Business Owner,18000,Mumbai,Maharashtra,India,2020-10-22,89,Low
C003386,6,Chris Davis,Other,26,Premium,Manager,375040,Birmingham,England,UK,2021-11-05,68,High
C003387,2,Chris Anderson,Female,22,Premium,Retired,36727,San Francisco,California,USA,2020-12-09,5,Medium
C003388,4,Vikram Lee,Female,56,Premium,Other,25607,Los Angeles,California,USA,2017-01-03,84,Medium
C003389,4,Alex Brown,Other,31,Business,Consultant,88083,Houston,Texas,USA,2023-07-26,64,Low
C003390,9,Noah Taylor,Other,59,Premium,Retired,28632,Ahmedabad,Gujarat,India,2022-02-13,44,Low
C003391,4,Casey Smith,Male,29,Premium,Employee,73781,New York,New York,USA,2018-09-14,22,Low
C003392,2,Ananya Anderson,Female,25,Business,Healthcare,119470,New York,New York,USA,2019-08-17,93,Medium
C003393,8,Ananya Clark,Other,60,Affluent,Employee,95137,Ahmedabad,Gujarat,India,2023-08-13,49,Low
C003394,5,Vikram Martin,Other,23,Premium,Other,37574,Birmingham,England,UK,2018-10-03,72,Low
C003395,1,Priya Johnson,Male,72,Affluent,Consultant,130391,Chicago,Illinois,USA,2021-05-28,10,High
C003396,7,Alex Gupta,Female,23,Mass Market,Other,52143,Hamburg,Hamburg,Germany,2015-03-24,36,Medium
C003397,3,Daniel Brown,Male,63,Mass Market,Business Owner,53934,Miami,Florida,USA,2016-03-23,80,Medium
C003398,9,Priya Martin,Male,40,Mass Market,Business Owner,37968,Chennai,Tamil Nadu,India,2021-09-09,74,Medium
C003399,9,Morgan Clark,Male,59,Business,Student,24956,Hyderabad,Telangana,India,2022-02-02,19,Low
C003400,4,Rahul Johnson,Male,31,Business,Business Owner,100097,Chicago,Illinois,USA,2021-05-14,90,Low
C003401,6,Neha Kumar,Female,64,Mass Market,Healthcare,81848,Leeds,England,UK,2024-04-21,68,Low
C003402,6,Rahul Johnson,Other,27,Affluent,Other,60366,Liverpool,England,UK,2020-03-10,52,Critical
C003403,7,Neha Gupta,Male,45,Mass Market,Retired,19696,Munich,Bavaria,Germany,2025-01-15,61,Low
C003404,1,Neha Clark,Male,30,Business,Business Owner,18000,Seattle,Washington,USA,2023-08-17,49,Low
C003405,4,Emma Anderson,Other,29,Business,Consultant,94801,Dallas,Texas,USA,2017-04-10,78,Medium
C003406,2,Riley Iyer,Other,52,Business,Engineer,37639,New York,New York,USA,2016-03-22,48,Medium
C003407,7,Ananya Anderson,Female,25,Mass Market,Other,108679,Munich,Bavaria,Germany,2019-09-26,74,Medium
C003408,1,Olivia Lee,Female,40,Mass Market,Other,73037,Houston,Texas,USA,2023-08-24,76,Low
C003409,6,Taylor Johnson,Male,27,Affluent,Manager,223037,Leeds,England,UK,2018-10-01,20,Low
C003410,8,Chris Brown,Female,28,Premium,Employee,131872,Ahmedabad,Gujarat,India,2018-11-11,12,Medium
C003411,10,Olivia Thomas,Male,48,Premium,Engineer,19420,Hyderabad,Telangana,India,2024-06-24,48,Medium
C003412,3,Taylor Williams,Female,72,Mass Market,Student,177499,San Francisco,California,USA,2020-03-12,40,Medium
C003413,1,Olivia Moore,Male,42,Business,Manager,81907,Miami,Florida,USA,2019-02-09,31,Medium
C003414,8,Sam Anderson,Other,40,Business,Healthcare,110443,Pune,Maharashtra,India,2019-12-14,91,Low
C003415,1,Chris Gupta,Male,71,Business,Retired,65838,Chicago,Illinois,USA,2023-01-12,95,Medium
C003416,1,Jamie Brown,Male,23,Business,Healthcare,51340,Dallas,Texas,USA,2018-09-12,50,Low
C003417,10,Ananya Singh,Other,29,Affluent,Engineer,59876,Pune,Maharashtra,India,2015-05-14,83,Low
C003418,9,Chris Miller,Other,39,Premium,Healthcare,83728,Bengaluru,Karnataka,India,2016-02-21,92,Low
C003419,8,Rahul Singh,Other,38,Mass Market,Employee,117353,Mumbai,Maharashtra,India,2017-04-05,44,Low
C003420,9,Arjun Gupta,Other,49,Business,Manager,62930,Hyderabad,Telangana,India,2018-08-11,30,Low
C003421,1,Jamie Anderson,Female,24,Mass Market,Student,41005,Dallas,Texas,USA,2015-01-29,72,High
C003422,1,Taylor Williams,Other,69,Business,Engineer,32201,San Francisco,California,USA,2024-10-18,71,Low
C003423,4,Chris Miller,Female,72,Business,Other,64703,San Francisco,California,USA,2022-05-18,24,Medium
C003424,1,Emma Lee,Male,33,Affluent,Engineer,21298,Los Angeles,California,USA,2016-12-28,90,Low
C003425,9,Vikram Williams,Female,38,Premium,Business Owner,50406,Mumbai,Maharashtra,India,2019-05-13,29,Low
C003426,1,Alex Davis,Male,62,Affluent,Healthcare,52665,New York,New York,USA,2019-08-19,6,Low
C003427,6,Avery Kumar,Male,52,Business,Other,18000,Manchester,England,UK,2018-01-12,26,Low
C003428,9,Jordan Brown,Female,21,Premium,Retired,49841,Mumbai,Maharashtra,India,2022-09-11,94,High
C003429,8,Alex Taylor,Other,43,Mass Market,Manager,65130,Bengaluru,Karnataka,India,2021-01-11,12,Medium
C003430,3,Jamie Sharma,Female,44,Business,Healthcare,308708,Seattle,Washington,USA,2025-10-09,35,Low
C003431,5,Morgan Clark,Female,38,Affluent,Business Owner,65142,Birmingham,England,UK,2016-10-26,47,Medium
C003432,6,Arjun Wilson,Male,47,Premium,Employee,42773,London,England,UK,2022-07-30,88,Medium
C003433,8,Alex Davis,Female,33,Mass Market,Engineer,39864,Ahmedabad,Gujarat,India,2015-07-19,27,Low
C003434,5,Sam Davis,Male,28,Premium,Student,82689,Liverpool,England,UK,2020-01-23,83,Low
C003435,3,Vikram Brown,Female,64,Mass Market,Consultant,74574,San Francisco,California,USA,2022-07-12,45,Medium
C003436,8,Taylor Moore,Male,71,Mass Market,Engineer,88171,Chennai,Tamil Nadu,India,2025-08-23,60,Low
C003437,9,Chris Iyer,Male,41,Premium,Student,109189,Kolkata,West Bengal,India,2016-08-18,61,Low
C003438,5,Chris Miller,Female,57,Mass Market,Manager,90429,London,England,UK,2016-05-09,52,Low
C003439,1,Sam Davis,Other,37,Business,Business Owner,56692,Houston,Texas,USA,2017-10-06,21,High
C003440,6,Sam Patel,Other,46,Premium,Consultant,39559,London,England,UK,2017-11-16,91,High
C003441,9,Taylor Anderson,Female,59,Mass Market,Healthcare,89882,Pune,Maharashtra,India,2021-01-16,59,Low
C003442,10,Emma Anderson,Male,63,Affluent,Retired,83263,Ahmedabad,Gujarat,India,2019-04-23,53,Low
C003443,5,Emma Williams,Other,48,Premium,Consultant,59269,Leeds,England,UK,2024-09-07,63,High
C003444,2,Daniel Lee,Other,33,Business,Healthcare,48708,San Francisco,California,USA,2018-10-20,36,Low
C003445,6,Priya Clark,Male,62,Affluent,Retired,42673,London,England,UK,2023-09-08,75,High
C003446,9,Rahul Miller,Other,41,Premium,Engineer,143748,Chennai,Tamil Nadu,India,2019-01-24,94,Medium
C003447,10,Jamie Kumar,Male,34,Mass Market,Manager,62814,Hyderabad,Telangana,India,2017-07-18,44,Low
C003448,1,Jamie Brown,Male,26,Premium,Consultant,39272,Dallas,Texas,USA,2022-05-23,19,High
C003449,3,Taylor Iyer,Male,42,Business,Business Owner,38631,Dallas,Texas,USA,2020-09-07,41,Low
C003450,5,Arjun Sharma,Female,68,Affluent,Business Owner,44476,Birmingham,England,UK,2015-04-28,54,Low
C003451,1,Olivia Moore,Male,53,Premium,Consultant,46475,Dallas,Texas,USA,2019-05-07,59,Medium
C003452,9,Avery Clark,Other,29,Affluent,Healthcare,63089,Kolkata,West Bengal,India,2025-10-25,5,Low
C003453,2,Emma Williams,Female,37,Business,Business Owner,63421,Miami,Florida,USA,2022-04-11,94,Critical
C003454,7,Casey Williams,Other,40,Mass Market,Retired,30927,Cologne,North Rhine-Westphalia,Germany,2018-08-02,52,Low
C003455,10,Arjun Clark,Male,74,Affluent,Consultant,32018,Mumbai,Maharashtra,India,2020-06-01,18,Medium
C003456,7,Priya Thomas,Male,46,Affluent,Employee,36902,Cologne,North Rhine-Westphalia,Germany,2018-10-25,58,Low
C003457,8,Riley Lee,Female,33,Business,Manager,58072,Bengaluru,Karnataka,India,2019-09-26,71,Low
C003458,3,Riley Johnson,Other,53,Mass Market,Engineer,71737,Seattle,Washington,USA,2017-10-14,25,Critical
C003459,9,Rahul Iyer,Other,61,Premium,Consultant,68527,Bengaluru,Karnataka,India,2016-01-02,51,Low
C003460,5,Taylor Anderson,Male,53,Affluent,Employee,163792,Liverpool,England,UK,2020-01-20,33,High
C003461,1,Olivia Moore,Other,74,Premium,Other,18434,Houston,Texas,USA,2022-02-06,58,Low
C003462,4,Priya Singh,Other,38,Affluent,Engineer,58367,Los Angeles,California,USA,2019-10-04,80,Medium
C003463,4,Taylor Johnson,Female,56,Affluent,Consultant,50377,Houston,Texas,USA,2020-09-27,88,High
C003464,6,Sam Brown,Male,63,Affluent,Employee,54557,Liverpool,England,UK,2019-05-24,27,High
C003465,3,Avery Iyer,Other,50,Mass Market,Retired,19730,Chicago,Illinois,USA,2016-04-20,72,Low
C003466,5,Casey Williams,Other,61,Business,Retired,52201,London,England,UK,2015-09-18,89,Low
C003467,5,Casey Davis,Other,48,Premium,Manager,49527,London,England,UK,2019-08-25,81,High
C003468,4,Jordan Martin,Male,55,Business,Other,135622,San Francisco,California,USA,2016-10-15,63,Low
C003469,7,Arjun Gupta,Other,42,Mass Market,Retired,61743,Cologne,North Rhine-Westphalia,Germany,2024-02-02,10,Critical
C003470,4,Avery Lee,Other,46,Business,Business Owner,30940,Chicago,Illinois,USA,2017-03-30,11,Medium
C003471,8,Arjun Miller,Female,58,Business,Retired,47888,Hyderabad,Telangana,India,2025-01-27,54,Low
C003472,3,Jordan Martin,Female,61,Premium,Other,98212,Miami,Florida,USA,2023-07-20,8,Medium
C003473,9,Emma Gupta,Male,57,Affluent,Engineer,105327,Delhi,Delhi,India,2015-10-13,28,Medium
C003474,4,Sam Lee,Other,48,Mass Market,Healthcare,521077,Seattle,Washington,USA,2016-01-14,85,High
C003475,1,Jamie Thomas,Other,50,Premium,Engineer,71646,Miami,Florida,USA,2021-03-17,80,Low
C003476,2,Alex Wilson,Other,48,Business,Student,406193,Dallas,Texas,USA,2019-10-14,22,Low
C003477,9,Morgan Patel,Female,63,Premium,Engineer,18757,Chennai,Tamil Nadu,India,2019-07-29,45,High
C003478,9,Chris Patel,Male,39,Affluent,Healthcare,70753,Hyderabad,Telangana,India,2019-02-02,86,Medium
C003479,3,Riley Miller,Female,74,Affluent,Employee,156632,New York,New York,USA,2022-05-02,70,Low
C003480,7,Arjun Smith,Female,75,Premium,Consultant,38433,Hamburg,Hamburg,Germany,2022-08-19,73,High
C003481,6,Morgan Wilson,Male,37,Affluent,Business Owner,41927,Liverpool,England,UK,2023-11-13,95,High
C003482,2,Taylor Lee,Other,25,Business,Retired,44044,Seattle,Washington,USA,2022-12-23,50,Low
C003483,5,Rahul Miller,Female,48,Premium,Student,47760,Leeds,England,UK,2016-06-24,95,Medium
C003484,7,Jamie Anderson,Other,29,Mass Market,Student,26467,Hamburg,Hamburg,Germany,2025-05-07,85,Low
C003485,10,Avery Williams,Male,53,Affluent,Engineer,28636,Hyderabad,Telangana,India,2025-01-31,24,Low
C003486,9,Noah Kumar,Female,31,Affluent,Retired,208046,Chennai,Tamil Nadu,India,2023-10-29,76,Low
C003487,1,Chris Thomas,Male,23,Mass Market,Business Owner,366517,Los Angeles,California,USA,2018-09-30,34,Low
C003488,3,Daniel Williams,Male,29,Mass Market,Other,48398,Dallas,Texas,USA,2016-09-30,77,Medium
C003489,5,Vikram Lee,Female,74,Mass Market,Consultant,130691,Birmingham,England,UK,2020-04-04,75,Low
C003490,2,Vikram Kumar,Female,55,Affluent,Consultant,36580,Dallas,Texas,USA,2023-11-04,17,Low
C003491,6,Avery Gupta,Male,30,Premium,Manager,51106,London,England,UK,2022-04-03,94,Low
C003492,1,Jordan Johnson,Male,27,Premium,Retired,111678,San Francisco,California,USA,2025-11-20,26,Medium
C003493,2,Emma Clark,Male,44,Affluent,Employee,310226,Seattle,Washington,USA,2015-06-28,48,Low
C003494,1,Taylor Anderson,Male,22,Affluent,Business Owner,76599,San Francisco,California,USA,2015-05-01,44,Low
C003495,3,Arjun Taylor,Female,71,Premium,Business Owner,89144,Miami,Florida,USA,2024-02-05,29,Medium
C003496,8,Rahul Kumar,Male,59,Affluent,Healthcare,114143,Bengaluru,Karnataka,India,2022-08-13,29,Low
C003497,2,Jordan Davis,Male,52,Affluent,Healthcare,84691,Seattle,Washington,USA,2024-08-30,55,Low
C003498,10,Riley Lee,Female,54,Premium,Healthcare,105840,Kolkata,West Bengal,India,2023-04-14,10,Low
C003499,3,Chris Lee,Female,37,Mass Market,Business Owner,102580,Dallas,Texas,USA,2022-11-09,87,High
C003500,1,Casey Wilson,Other,33,Affluent,Engineer,69356,Miami,Florida,USA,2018-01-03,27,Low
C003501,4,Riley Patel,Other,50,Business,Retired,29991,Chicago,Illinois,USA,2020-07-21,13,High
C003502,8,Neha Kumar,Other,71,Mass Market,Student,23752,Ahmedabad,Gujarat,India,2021-07-22,23,High
C003503,2,Avery Moore,Male,48,Affluent,Other,43334,New York,New York,USA,2023-06-05,43,Low
C003504,1,Emma Smith,Male,37,Mass Market,Healthcare,75275,San Francisco,California,USA,2016-12-06,10,Low
C003505,9,Rahul Clark,Other,31,Mass Market,Healthcare,47679,Hyderabad,Telangana,India,2023-05-03,8,Low
C003506,6,Olivia Taylor,Female,64,Business,Retired,23784,Liverpool,England,UK,2022-05-18,74,Low
C003507,4,Ananya Anderson,Female,67,Premium,Other,34149,Los Angeles,California,USA,2019-01-04,39,Low
C003508,8,Morgan Davis,Male,45,Premium,Employee,113860,Bengaluru,Karnataka,India,2016-08-29,44,Low
C003509,9,Rahul Williams,Other,51,Mass Market,Manager,54683,Hyderabad,Telangana,India,2015-04-09,59,Low
C003510,4,Vikram Iyer,Female,63,Mass Market,Employee,67292,Dallas,Texas,USA,2025-07-03,34,Low
C003511,6,Neha Brown,Female,39,Affluent,Business Owner,97868,Liverpool,England,UK,2024-02-27,94,Low
C003512,1,Arjun Thomas,Other,49,Business,Consultant,41907,Seattle,Washington,USA,2020-01-12,48,Low
C003513,4,Riley Johnson,Female,45,Premium,Engineer,18398,Miami,Florida,USA,2015-05-20,48,Low
C003514,6,Olivia Kumar,Female,44,Business,Manager,18000,Liverpool,England,UK,2020-05-31,51,Low
C003515,2,Daniel Wilson,Male,40,Business,Retired,22459,Chicago,Illinois,USA,2017-09-14,32,High
C003516,10,Ananya Thomas,Female,54,Mass Market,Retired,83313,Kolkata,West Bengal,India,2018-03-25,38,Low
C003517,10,Vikram Johnson,Male,38,Mass Market,Employee,51545,Mumbai,Maharashtra,India,2022-02-12,24,Low
C003518,3,Olivia Iyer,Male,31,Affluent,Business Owner,85148,Houston,Texas,USA,2024-10-23,31,Low
C003519,4,Arjun Martin,Female,24,Affluent,Manager,32326,Houston,Texas,USA,2023-07-13,26,High
C003520,2,Avery Iyer,Male,42,Premium,Employee,160441,Dallas,Texas,USA,2025-11-25,84,Low
C003521,6,Casey Martin,Male,45,Affluent,Engineer,28342,Liverpool,England,UK,2016-12-20,41,Low
C003522,2,Avery Iyer,Other,65,Mass Market,Healthcare,134784,Dallas,Texas,USA,2022-12-18,16,Low
C003523,4,Riley Iyer,Male,64,Affluent,Healthcare,83731,Houston,Texas,USA,2024-09-23,80,High
C003524,6,Jamie Anderson,Male,53,Mass Market,Student,102935,Manchester,England,UK,2016-04-04,33,Low
C003525,7,Casey Clark,Female,45,Business,Healthcare,121421,Cologne,North Rhine-Westphalia,Germany,2023-02-19,38,Low
C003526,6,Riley Anderson,Female,24,Mass Market,Retired,127820,Birmingham,England,UK,2023-06-26,22,Low
C003527,3,Arjun Smith,Female,27,Affluent,Business Owner,133503,Chicago,Illinois,USA,2016-03-22,74,Medium
C003528,8,Noah Kumar,Male,55,Affluent,Engineer,31987,Mumbai,Maharashtra,India,2023-11-23,76,Low
C003529,7,Avery Lee,Male,52,Mass Market,Other,69657,Frankfurt,Hesse,Germany,2016-09-26,52,Low
C003530,8,Taylor Miller,Other,61,Business,Other,69187,Chennai,Tamil Nadu,India,2022-02-16,90,Low
C003531,5,Rahul Moore,Other,67,Premium,Healthcare,252914,London,England,UK,2025-06-25,30,Medium
C003532,9,Chris Moore,Female,29,Affluent,Consultant,26647,Kolkata,West Bengal,India,2025-01-28,66,Low
C003533,4,Emma Davis,Other,30,Affluent,Engineer,128781,New York,New York,USA,2016-05-24,9,Low
C003534,9,Riley Taylor,Female,52,Premium,Other,59256,Hyderabad,Telangana,India,2023-02-14,49,Low
C003535,3,Olivia Clark,Female,62,Affluent,Student,79533,New York,New York,USA,2024-01-17,51,High
C003536,3,Morgan Lee,Male,43,Business,Retired,71814,Houston,Texas,USA,2022-10-25,26,Low
C003537,6,Ananya Gupta,Other,57,Premium,Engineer,90512,London,England,UK,2016-06-07,90,Low
C003538,6,Priya Anderson,Female,29,Affluent,Retired,31289,Liverpool,England,UK,2020-05-05,89,High
C003539,8,Chris Taylor,Female,59,Mass Market,Employee,41711,Pune,Maharashtra,India,2022-09-04,65,Critical
C003540,3,Morgan Smith,Other,75,Business,Business Owner,92491,Los Angeles,California,USA,2020-02-07,7,Low
C003541,9,Vikram Taylor,Other,74,Mass Market,Consultant,58910,Bengaluru,Karnataka,India,2021-02-19,9,Medium
C003542,4,Casey Iyer,Other,45,Affluent,Healthcare,40327,Chicago,Illinois,USA,2017-08-01,49,Low
C003543,6,Noah Brown,Other,38,Mass Market,Student,64316,Liverpool,England,UK,2019-02-05,73,Low
C003544,10,Arjun Miller,Male,71,Affluent,Retired,69712,Delhi,Delhi,India,2024-03-27,6,Critical
C003545,6,Ananya Kumar,Female,49,Affluent,Student,53388,Manchester,England,UK,2019-06-28,16,Critical
C003546,7,Emma Kumar,Other,65,Mass Market,Business Owner,66817,Munich,Bavaria,Germany,2017-12-06,53,Low
C003547,10,Morgan Thomas,Male,38,Business,Engineer,55814,Ahmedabad,Gujarat,India,2021-12-27,69,Medium
C003548,10,Taylor Patel,Male,69,Mass Market,Retired,28129,Chennai,Tamil Nadu,India,2019-08-29,69,Low
C003549,5,Emma Miller,Male,29,Business,Consultant,128597,Birmingham,England,UK,2017-02-13,68,Low
C003550,5,Taylor Iyer,Other,62,Business,Healthcare,67874,Birmingham,England,UK,2015-12-26,88,Low
C003551,2,Sam Anderson,Female,34,Mass Market,Business Owner,50098,Miami,Florida,USA,2015-01-18,25,Low
C003552,6,Priya Lee,Other,50,Premium,Manager,24882,Liverpool,England,UK,2016-03-23,69,Low
C003553,10,Alex Smith,Female,26,Affluent,Student,33065,Bengaluru,Karnataka,India,2023-02-22,53,Low
C003554,5,Taylor Lee,Other,50,Premium,Engineer,43013,Liverpool,England,UK,2018-09-22,44,Low
C003555,4,Emma Johnson,Other,64,Affluent,Manager,97398,Los Angeles,California,USA,2022-11-05,75,Critical
C003556,2,Emma Gupta,Other,21,Mass Market,Retired,52666,Houston,Texas,USA,2022-04-10,38,Medium
C003557,4,Jamie Sharma,Female,48,Business,Retired,85727,Los Angeles,California,USA,2025-02-07,11,Medium
C003558,3,Rahul Patel,Female,41,Premium,Business Owner,76616,Chicago,Illinois,USA,2023-06-24,23,Low
C003559,10,Noah Williams,Other,26,Business,Retired,31156,Mumbai,Maharashtra,India,2018-12-25,9,Medium
C003560,6,Riley Wilson,Other,28,Business,Manager,150591,Manchester,England,UK,2020-11-23,48,Low
C003561,2,Noah Wilson,Other,44,Affluent,Business Owner,163733,Chicago,Illinois,USA,2020-06-16,50,Low
C003562,1,Arjun Patel,Other,64,Affluent,Other,66334,New York,New York,USA,2017-02-27,73,Low
C003563,9,Jamie Kumar,Female,45,Business,Employee,70589,Bengaluru,Karnataka,India,2020-06-03,53,Low
C003564,10,Olivia Iyer,Other,62,Business,Healthcare,67578,Delhi,Delhi,India,2025-01-16,92,Low
C003565,8,Riley Thomas,Male,73,Business,Engineer,59769,Bengaluru,Karnataka,India,2020-10-12,70,Medium
C003566,2,Neha Singh,Other,50,Business,Manager,56488,San Francisco,California,USA,2019-10-03,77,High
C003567,1,Chris Martin,Male,55,Business,Retired,41153,Dallas,Texas,USA,2020-03-01,65,Medium
C003568,2,Ananya Wilson,Male,34,Business,Retired,41754,Dallas,Texas,USA,2018-10-29,90,Low
C003569,8,Chris Brown,Other,71,Premium,Healthcare,76818,Kolkata,West Bengal,India,2015-07-04,92,High
C003570,8,Arjun Williams,Female,34,Business,Consultant,55506,Mumbai,Maharashtra,India,2019-11-14,63,Low
C003571,9,Olivia Singh,Female,42,Business,Engineer,39467,Ahmedabad,Gujarat,India,2019-04-26,70,Critical
C003572,1,Riley Patel,Female,44,Mass Market,Other,84462,Miami,Florida,USA,2020-12-25,9,Low
C003573,2,Noah Johnson,Female,58,Affluent,Manager,110724,San Francisco,California,USA,2017-08-17,26,Medium
C003574,10,Casey Taylor,Female,51,Business,Other,28446,Ahmedabad,Gujarat,India,2017-07-12,26,Low
C003575,10,Arjun Thomas,Female,44,Premium,Business Owner,138677,Pune,Maharashtra,India,2018-03-05,76,Low
C003576,8,Arjun Thomas,Other,36,Business,Consultant,98739,Kolkata,West Bengal,India,2019-07-03,82,Medium
C003577,2,Noah Kumar,Female,48,Mass Market,Retired,61539,Houston,Texas,USA,2025-07-30,79,Low
C003578,1,Priya Clark,Female,22,Affluent,Retired,66346,Los Angeles,California,USA,2019-01-25,73,High
C003579,1,Olivia Martin,Female,46,Affluent,Manager,47531,Dallas,Texas,USA,2017-09-15,21,Medium
C003580,7,Ananya Miller,Male,30,Premium,Employee,44464,Berlin,Berlin,Germany,2019-06-17,49,Low
C003581,9,Jamie Gupta,Male,64,Business,Student,183241,Chennai,Tamil Nadu,India,2025-11-25,68,Medium
C003582,7,Daniel Brown,Female,61,Affluent,Employee,104889,Hamburg,Hamburg,Germany,2025-01-30,63,High
C003583,3,Sam Singh,Other,59,Business,Retired,50105,San Francisco,California,USA,2023-05-29,8,Low
C003584,8,Sam Anderson,Male,68,Premium,Retired,59797,Chennai,Tamil Nadu,India,2019-06-20,22,Critical
C003585,1,Riley Iyer,Other,45,Business,Other,28623,Dallas,Texas,USA,2023-09-07,81,Low
C003586,9,Chris Williams,Other,68,Affluent,Engineer,83251,Mumbai,Maharashtra,India,2025-12-08,77,Low
C003587,9,Rahul Iyer,Male,39,Mass Market,Employee,55365,Pune,Maharashtra,India,2024-12-21,92,Medium
C003588,8,Chris Clark,Other,44,Mass Market,Student,48399,Pune,Maharashtra,India,2020-10-23,31,Low
C003589,9,Rahul Iyer,Male,43,Affluent,Employee,132242,Mumbai,Maharashtra,India,2024-01-13,89,Medium
C003590,6,Olivia Iyer,Male,68,Affluent,Student,203097,Birmingham,England,UK,2017-03-19,50,Medium
C003591,5,Sam Clark,Male,68,Affluent,Other,18000,Leeds,England,UK,2017-08-19,61,Medium
C003592,4,Chris Williams,Other,64,Mass Market,Engineer,32691,Chicago,Illinois,USA,2016-05-01,25,Low
C003593,10,Casey Wilson,Female,29,Affluent,Student,83618,Bengaluru,Karnataka,India,2023-12-03,18,Medium
C003594,7,Vikram Singh,Other,50,Mass Market,Student,44632,Frankfurt,Hesse,Germany,2023-10-28,14,Low
C003595,2,Daniel Patel,Other,31,Mass Market,Engineer,119981,Miami,Florida,USA,2016-06-16,70,Low
C003596,10,Morgan Clark,Other,28,Business,Student,60136,Ahmedabad,Gujarat,India,2017-02-26,47,Medium
C003597,1,Casey Kumar,Male,39,Business,Manager,82646,Chicago,Illinois,USA,2015-02-13,91,Medium
C003598,6,Chris Patel,Female,41,Premium,Engineer,40206,London,England,UK,2025-04-15,26,Medium
C003599,2,Emma Taylor,Other,30,Mass Market,Employee,48466,New York,New York,USA,2022-01-21,77,Medium
C003600,7,Rahul Clark,Other,24,Business,Retired,57561,Cologne,North Rhine-Westphalia,Germany,2021-04-01,79,Low
C003601,5,Riley Miller,Female,27,Mass Market,Retired,32045,Liverpool,England,UK,2024-10-09,72,Low
C003602,5,Emma Kumar,Male,54,Affluent,Engineer,29560,London,England,UK,2015-09-13,77,Critical
C003603,7,Casey Kumar,Female,56,Business,Employee,157125,Cologne,North Rhine-Westphalia,Germany,2016-03-28,91,High
C003604,8,Vikram Davis,Other,27,Mass Market,Healthcare,50866,Chennai,Tamil Nadu,India,2019-03-13,29,Low
C003605,4,Casey Brown,Female,38,Business,Consultant,132785,Chicago,Illinois,USA,2020-11-02,65,Critical
C003606,10,Noah Johnson,Female,70,Business,Engineer,118705,Ahmedabad,Gujarat,India,2023-05-26,34,Medium
C003607,5,Sam Johnson,Male,39,Business,Employee,43816,Leeds,England,UK,2016-03-23,21,Medium
C003608,2,Arjun Martin,Female,66,Mass Market,Retired,75659,Chicago,Illinois,USA,2023-05-03,32,Low
C003609,1,Jamie Thomas,Male,61,Business,Employee,75719,Chicago,Illinois,USA,2018-02-10,7,Low
C003610,3,Avery Gupta,Female,51,Premium,Other,94262,Miami,Florida,USA,2020-07-28,32,Medium
C003611,7,Jordan Singh,Male,39,Business,Retired,66583,Frankfurt,Hesse,Germany,2022-11-22,26,Low
C003612,6,Arjun Lee,Other,37,Mass Market,Employee,45963,Leeds,England,UK,2022-09-20,20,Medium
C003613,4,Rahul Clark,Other,40,Affluent,Consultant,103329,Los Angeles,California,USA,2020-11-11,38,Medium
C003614,5,Morgan Sharma,Female,43,Mass Market,Retired,122603,Leeds,England,UK,2017-11-25,59,Low
C003615,9,Riley Martin,Other,65,Business,Business Owner,63698,Delhi,Delhi,India,2025-09-03,15,Low
C003616,6,Morgan Singh,Female,37,Mass Market,Consultant,25009,London,England,UK,2021-05-29,44,Critical
C003617,1,Morgan Iyer,Male,36,Affluent,Consultant,110640,Dallas,Texas,USA,2022-12-18,95,Medium
C003618,1,Ananya Patel,Other,62,Premium,Employee,31727,San Francisco,California,USA,2016-11-24,50,High
C003619,5,Noah Kumar,Male,21,Mass Market,Engineer,92476,Liverpool,England,UK,2019-05-30,14,Low
C003620,5,Taylor Lee,Other,27,Premium,Consultant,39678,Liverpool,England,UK,2018-05-28,42,Low
C003621,9,Riley Lee,Female,65,Business,Consultant,141963,Kolkata,West Bengal,India,2015-11-22,65,High
C003622,6,Emma Patel,Male,53,Premium,Healthcare,18000,Liverpool,England,UK,2019-07-27,65,Medium
C003623,8,Casey Sharma,Other,35,Affluent,Retired,86435,Chennai,Tamil Nadu,India,2017-10-22,28,Low
C003624,6,Chris Brown,Male,40,Business,Engineer,86439,Manchester,England,UK,2019-05-06,15,Low
C003625,4,Emma Iyer,Female,43,Affluent,Consultant,90283,San Francisco,California,USA,2022-08-16,69,Low
C003626,7,Jordan Taylor,Female,50,Mass Market,Retired,39299,Berlin,Berlin,Germany,2018-04-25,55,Low
C003627,7,Priya Brown,Other,35,Mass Market,Manager,22649,Munich,Bavaria,Germany,2016-05-20,8,High
C003628,8,Riley Kumar,Other,50,Affluent,Engineer,63804,Ahmedabad,Gujarat,India,2015-02-06,7,Low
C003629,2,Neha Kumar,Other,44,Premium,Business Owner,29358,Dallas,Texas,USA,2021-02-24,64,Low
C003630,7,Emma Taylor,Female,30,Business,Employee,83173,Berlin,Berlin,Germany,2024-04-01,25,Low
C003631,3,Ananya Moore,Male,33,Business,Other,83518,Seattle,Washington,USA,2021-08-15,84,High
C003632,8,Olivia Iyer,Other,70,Premium,Consultant,18000,Bengaluru,Karnataka,India,2015-06-14,65,Low
C003633,8,Neha Johnson,Female,22,Affluent,Manager,38280,Kolkata,West Bengal,India,2024-08-06,34,Low
C003634,7,Avery Johnson,Other,73,Business,Retired,50110,Munich,Bavaria,Germany,2023-11-08,43,Low
C003635,10,Sam Wilson,Other,31,Affluent,Healthcare,158394,Kolkata,West Bengal,India,2019-09-24,76,Low
C003636,6,Olivia Anderson,Male,44,Affluent,Business Owner,23458,London,England,UK,2022-01-27,26,Critical
C003637,1,Emma Martin,Female,59,Premium,Retired,100669,San Francisco,California,USA,2021-02-27,16,Medium
C003638,7,Vikram Sharma,Female,68,Mass Market,Healthcare,263443,Frankfurt,Hesse,Germany,2018-11-05,19,Medium
C003639,8,Arjun Sharma,Male,49,Business,Consultant,79626,Hyderabad,Telangana,India,2023-05-02,50,Low
C003640,2,Alex Taylor,Male,45,Affluent,Healthcare,29501,Chicago,Illinois,USA,2022-07-07,77,Low
C003641,2,Arjun Gupta,Male,68,Affluent,Engineer,64796,Dallas,Texas,USA,2022-11-03,27,Low
C003642,3,Avery Gupta,Other,57,Mass Market,Consultant,42978,Chicago,Illinois,USA,2018-08-12,74,Low
C003643,9,Jamie Taylor,Male,62,Affluent,Other,28088,Kolkata,West Bengal,India,2015-07-30,58,Low
C003644,6,Vikram Williams,Male,36,Business,Other,49206,London,England,UK,2022-09-13,81,Medium
C003645,10,Chris Davis,Female,74,Business,Consultant,59326,Chennai,Tamil Nadu,India,2019-11-15,7,Low
C003646,9,Ananya Moore,Female,59,Premium,Consultant,35465,Delhi,Delhi,India,2017-02-07,32,High
C003647,6,Jamie Patel,Other,27,Mass Market,Manager,113028,Birmingham,England,UK,2025-05-07,32,Low
C003648,7,Vikram Williams,Male,24,Affluent,Employee,156931,Cologne,North Rhine-Westphalia,Germany,2018-08-15,67,Medium
C003649,4,Neha Iyer,Female,58,Mass Market,Retired,87826,New York,New York,USA,2017-05-16,50,Low
C003650,1,Neha Thomas,Female,51,Affluent,Consultant,161881,Los Angeles,California,USA,2020-04-11,31,Low
C003651,4,Taylor Gupta,Female,72,Mass Market,Healthcare,73953,Houston,Texas,USA,2018-10-19,20,Medium
C003652,6,Priya Brown,Other,36,Affluent,Consultant,21607,Liverpool,England,UK,2020-07-10,36,Low
C003653,2,Jordan Moore,Male,54,Affluent,Manager,83434,Dallas,Texas,USA,2016-12-11,92,Low
C003654,3,Daniel Miller,Other,59,Mass Market,Healthcare,73325,New York,New York,USA,2016-08-11,26,Medium
C003655,1,Chris Anderson,Female,66,Premium,Employee,68422,San Francisco,California,USA,2015-04-14,7,Low
C003656,8,Jamie Brown,Male,75,Affluent,Employee,59298,Bengaluru,Karnataka,India,2022-06-30,75,High
C003657,9,Olivia Taylor,Other,50,Premium,Engineer,65907,Mumbai,Maharashtra,India,2024-02-22,7,High
C003658,9,Ananya Lee,Male,42,Mass Market,Other,18000,Delhi,Delhi,India,2020-12-28,53,Low
C003659,4,Noah Brown,Other,42,Mass Market,Healthcare,80461,Los Angeles,California,USA,2017-11-28,68,Medium
C003660,6,Vikram Brown,Male,51,Premium,Manager,170224,Birmingham,England,UK,2021-09-11,65,Medium
C003661,10,Jamie Gupta,Other,38,Business,Manager,21924,Ahmedabad,Gujarat,India,2022-05-02,58,High
C003662,6,Olivia Williams,Other,22,Affluent,Other,28330,Birmingham,England,UK,2019-09-15,72,Low
C003663,3,Daniel Gupta,Male,50,Affluent,Business Owner,204816,Los Angeles,California,USA,2020-08-22,53,Low
C003664,4,Taylor Wilson,Female,49,Business,Engineer,26855,Seattle,Washington,USA,2024-12-11,62,Critical
C003665,8,Alex Kumar,Other,38,Affluent,Other,43489,Hyderabad,Telangana,India,2019-09-05,29,Critical
C003666,5,Riley Patel,Other,58,Affluent,Business Owner,37860,Liverpool,England,UK,2019-07-17,79,Low
C003667,9,Vikram Smith,Female,27,Business,Student,51541,Mumbai,Maharashtra,India,2022-06-04,35,Medium
C003668,9,Sam Kumar,Other,73,Affluent,Manager,120796,Kolkata,West Bengal,India,2016-05-13,75,High
C003669,1,Alex Wilson,Female,47,Business,Retired,169997,Chicago,Illinois,USA,2022-11-16,92,High
C003670,8,Chris Smith,Female,71,Affluent,Healthcare,39168,Kolkata,West Bengal,India,2025-07-17,33,Low
C003671,4,Vikram Johnson,Female,40,Affluent,Consultant,27281,San Francisco,California,USA,2022-02-14,71,Low
C003672,6,Alex Wilson,Other,58,Business,Consultant,22583,Leeds,England,UK,2020-10-10,93,Low
C003673,3,Neha Singh,Other,47,Premium,Manager,74113,San Francisco,California,USA,2025-04-06,55,Low
C003674,4,Taylor Taylor,Other,38,Premium,Engineer,107016,Chicago,Illinois,USA,2017-04-29,46,Medium
C003675,4,Olivia Taylor,Male,28,Business,Student,97712,Houston,Texas,USA,2023-05-12,9,Medium
C003676,1,Vikram Brown,Male,58,Mass Market,Retired,125441,Chicago,Illinois,USA,2022-06-15,66,Medium
C003677,8,Emma Iyer,Female,38,Affluent,Manager,18000,Bengaluru,Karnataka,India,2017-12-22,20,Medium
C003678,2,Morgan Miller,Male,70,Business,Retired,177620,Houston,Texas,USA,2021-05-21,19,Medium
C003679,4,Arjun Clark,Male,51,Mass Market,Business Owner,49773,Houston,Texas,USA,2016-08-22,50,Low
C003680,2,Daniel Iyer,Other,70,Business,Manager,89219,New York,New York,USA,2015-08-23,90,Low
C003681,2,Arjun Clark,Other,75,Premium,Employee,135271,Houston,Texas,USA,2018-10-23,65,Low
C003682,4,Riley Kumar,Other,57,Business,Healthcare,18000,Miami,Florida,USA,2023-06-13,20,High
C003683,10,Morgan Williams,Female,44,Mass Market,Employee,83622,Hyderabad,Telangana,India,2022-06-11,71,Low
C003684,10,Sam Johnson,Female,43,Affluent,Student,25337,Bengaluru,Karnataka,India,2017-03-19,71,Low
C003685,4,Casey Smith,Female,69,Affluent,Consultant,94926,Chicago,Illinois,USA,2015-08-23,21,Medium
C003686,6,Jamie Williams,Female,27,Premium,Healthcare,66901,London,England,UK,2020-02-18,87,Low
C003687,10,Noah Patel,Other,68,Affluent,Retired,136389,Pune,Maharashtra,India,2020-01-14,32,Medium
C003688,3,Vikram Singh,Male,64,Premium,Other,140851,Los Angeles,California,USA,2023-03-29,47,Medium
C003689,10,Taylor Singh,Female,73,Business,Business Owner,31442,Chennai,Tamil Nadu,India,2018-07-07,15,High
C003690,2,Jordan Williams,Female,48,Business,Retired,90563,Chicago,Illinois,USA,2018-12-15,46,Low
C003691,3,Daniel Iyer,Female,44,Business,Retired,43265,San Francisco,California,USA,2018-07-14,30,Medium
C003692,4,Neha Sharma,Male,44,Premium,Consultant,111593,San Francisco,California,USA,2019-06-17,60,Medium
C003693,1,Taylor Brown,Other,36,Mass Market,Manager,115276,Los Angeles,California,USA,2016-11-28,43,Low
C003694,9,Avery Anderson,Female,48,Business,Manager,175652,Delhi,Delhi,India,2016-07-20,70,Low
C003695,9,Arjun Wilson,Male,22,Premium,Consultant,36280,Chennai,Tamil Nadu,India,2016-11-26,15,Low
C003696,4,Avery Brown,Male,56,Affluent,Manager,34948,Houston,Texas,USA,2021-02-27,11,Medium
C003697,9,Vikram Sharma,Female,50,Business,Healthcare,36327,Kolkata,West Bengal,India,2017-08-26,46,Low
C003698,8,Sam Martin,Other,54,Premium,Healthcare,139171,Pune,Maharashtra,India,2023-06-30,35,Low
C003699,9,Priya Taylor,Male,32,Mass Market,Healthcare,407107,Kolkata,West Bengal,India,2015-03-26,15,Low
C003700,9,Riley Clark,Female,28,Premium,Business Owner,56564,Ahmedabad,Gujarat,India,2018-05-21,71,Low
C003701,6,Noah Miller,Female,31,Premium,Employee,98210,Birmingham,England,UK,2017-04-22,94,Low
C003702,2,Morgan Kumar,Female,68,Premium,Manager,44146,San Francisco,California,USA,2018-08-10,51,High
C003703,10,Olivia Taylor,Male,23,Affluent,Business Owner,54489,Kolkata,West Bengal,India,2019-11-11,29,Medium
C003704,7,Ananya Johnson,Female,54,Premium,Healthcare,47155,Frankfurt,Hesse,Germany,2017-06-30,46,Medium
C003705,10,Arjun Johnson,Other,53,Premium,Healthcare,130553,Hyderabad,Telangana,India,2020-11-17,89,Low
C003706,10,Jordan Kumar,Male,69,Affluent,Retired,102449,Mumbai,Maharashtra,India,2017-01-05,91,Critical
C003707,2,Avery Martin,Female,33,Premium,Consultant,181719,Seattle,Washington,USA,2018-04-15,94,Medium
C003708,5,Vikram Patel,Other,24,Business,Student,38955,Leeds,England,UK,2023-10-21,19,Medium
C003709,2,Sam Taylor,Female,56,Premium,Engineer,51877,Houston,Texas,USA,2020-11-15,31,High
C003710,1,Sam Singh,Female,41,Business,Student,87073,Seattle,Washington,USA,2024-01-12,10,Medium
C003711,10,Priya Lee,Other,61,Business,Employee,41941,Chennai,Tamil Nadu,India,2023-12-11,86,Low
C003712,10,Olivia Clark,Female,53,Affluent,Business Owner,44732,Ahmedabad,Gujarat,India,2024-11-15,18,Low
C003713,10,Emma Gupta,Other,61,Business,Employee,66124,Pune,Maharashtra,India,2017-03-29,20,Medium
C003714,9,Riley Williams,Other,71,Mass Market,Student,116480,Delhi,Delhi,India,2016-12-27,57,High
C003715,7,Vikram Clark,Female,68,Premium,Engineer,115076,Frankfurt,Hesse,Germany,2015-06-15,84,Medium
C003716,6,Noah Anderson,Female,66,Mass Market,Consultant,36246,Birmingham,England,UK,2019-07-22,85,Medium
C003717,10,Sam Kumar,Female,33,Business,Consultant,84615,Hyderabad,Telangana,India,2024-03-06,87,Critical
C003718,6,Casey Moore,Male,22,Mass Market,Retired,25589,London,England,UK,2015-08-25,32,Low
C003719,7,Emma Johnson,Male,75,Business,Healthcare,40218,Berlin,Berlin,Germany,2019-10-02,94,Critical
C003720,3,Casey Taylor,Other,48,Affluent,Healthcare,41001,Dallas,Texas,USA,2019-06-09,22,Low
C003721,8,Jamie Wilson,Male,41,Business,Other,111066,Delhi,Delhi,India,2018-04-21,85,High
C003722,9,Sam Lee,Other,26,Business,Student,50758,Delhi,Delhi,India,2018-07-22,40,Low
C003723,7,Ananya Anderson,Male,31,Affluent,Healthcare,20959,Cologne,North Rhine-Westphalia,Germany,2023-10-21,31,Low
C003724,5,Taylor Williams,Other,24,Affluent,Healthcare,75811,Manchester,England,UK,2015-01-08,41,Medium
C003725,2,Sam Moore,Male,46,Premium,Employee,68418,Seattle,Washington,USA,2017-05-28,43,Low
C003726,1,Taylor Wilson,Female,74,Affluent,Business Owner,125532,Houston,Texas,USA,2024-03-30,95,Low
C003727,7,Emma Davis,Female,70,Mass Market,Student,144681,Berlin,Berlin,Germany,2022-09-11,92,Medium
C003728,7,Jamie Smith,Other,55,Affluent,Retired,50027,Hamburg,Hamburg,Germany,2016-05-04,40,High
C003729,8,Jamie Singh,Female,55,Mass Market,Employee,58612,Chennai,Tamil Nadu,India,2016-05-18,24,Critical
C003730,10,Arjun Sharma,Male,25,Business,Student,35482,Pune,Maharashtra,India,2024-07-06,64,Low
C003731,5,Sam Williams,Male,22,Affluent,Business Owner,278815,London,England,UK,2023-01-28,35,Low
C003732,9,Taylor Iyer,Other,23,Mass Market,Healthcare,232257,Delhi,Delhi,India,2024-03-01,7,Low
C003733,8,Chris Iyer,Male,37,Premium,Healthcare,76039,Mumbai,Maharashtra,India,2016-09-05,44,High
C003734,3,Chris Clark,Female,44,Premium,Consultant,70677,Seattle,Washington,USA,2019-02-01,39,Low
C003735,9,Daniel Taylor,Female,57,Affluent,Consultant,31651,Chennai,Tamil Nadu,India,2015-07-23,61,High
C003736,1,Priya Singh,Other,29,Premium,Healthcare,76299,Houston,Texas,USA,2025-09-26,46,Low
C003737,6,Chris Lee,Male,71,Premium,Engineer,77242,Leeds,England,UK,2020-01-01,13,Low
C003738,10,Priya Singh,Other,69,Business,Student,54114,Delhi,Delhi,India,2016-12-21,45,Low
C003739,7,Emma Iyer,Male,40,Premium,Student,18000,Cologne,North Rhine-Westphalia,Germany,2024-06-26,8,Critical
C003740,10,Ananya Kumar,Other,50,Affluent,Employee,72879,Mumbai,Maharashtra,India,2020-05-21,63,Low
C003741,1,Alex Taylor,Female,32,Mass Market,Consultant,63930,San Francisco,California,USA,2024-01-18,93,Medium
C003742,6,Rahul Smith,Other,53,Affluent,Student,49573,Manchester,England,UK,2021-11-20,23,Low
C003743,8,Rahul Wilson,Other,54,Premium,Employee,64010,Mumbai,Maharashtra,India,2022-08-22,8,Low
C003744,7,Chris Lee,Other,42,Business,Manager,112705,Munich,Bavaria,Germany,2025-06-14,30,Low
C003745,9,Noah Taylor,Other,54,Premium,Other,38884,Hyderabad,Telangana,India,2022-01-26,47,Low
C003746,5,Chris Brown,Male,71,Business,Engineer,41405,London,England,UK,2025-07-14,53,Low
C003747,7,Vikram Miller,Female,65,Premium,Consultant,57827,Berlin,Berlin,Germany,2023-01-05,12,Medium
C003748,5,Casey Lee,Other,69,Mass Market,Healthcare,62588,Leeds,England,UK,2022-04-08,20,Low
C003749,9,Rahul Iyer,Female,51,Premium,Healthcare,142680,Delhi,Delhi,India,2017-07-28,14,High
C003750,2,Avery Lee,Other,35,Affluent,Manager,92874,Seattle,Washington,USA,2022-05-14,91,Low
C003751,3,Neha Wilson,Female,60,Premium,Consultant,195082,Chicago,Illinois,USA,2015-04-08,58,Low
C003752,1,Taylor Kumar,Female,74,Mass Market,Business Owner,76087,Los Angeles,California,USA,2015-06-04,17,Low
C003753,8,Noah Iyer,Male,66,Mass Market,Consultant,121838,Ahmedabad,Gujarat,India,2015-06-13,60,Low
C003754,3,Arjun Kumar,Male,45,Affluent,Business Owner,72961,Houston,Texas,USA,2019-04-23,79,Low
C003755,4,Ananya Miller,Female,64,Affluent,Employee,262888,Dallas,Texas,USA,2019-01-29,24,Critical
C003756,9,Riley Sharma,Male,69,Business,Business Owner,47222,Hyderabad,Telangana,India,2018-12-21,53,Critical
C003757,4,Emma Anderson,Female,47,Business,Business Owner,105612,Miami,Florida,USA,2023-12-10,51,Medium
C003758,2,Arjun Kumar,Female,35,Affluent,Manager,74972,San Francisco,California,USA,2022-03-05,85,Medium
C003759,1,Riley Wilson,Female,51,Affluent,Engineer,105358,Chicago,Illinois,USA,2017-02-24,50,Medium
C003760,3,Daniel Williams,Other,65,Premium,Manager,40535,Miami,Florida,USA,2024-05-16,37,Critical
C003761,10,Jamie Singh,Female,57,Mass Market,Consultant,41353,Kolkata,West Bengal,India,2019-04-19,36,Low
C003762,6,Vikram Gupta,Female,22,Premium,Retired,85443,Leeds,England,UK,2022-09-14,90,Low
C003763,10,Sam Williams,Male,30,Business,Healthcare,86127,Mumbai,Maharashtra,India,2020-01-05,56,Medium
C003764,3,Neha Martin,Other,49,Mass Market,Student,20267,Chicago,Illinois,USA,2023-07-01,28,High
C003765,4,Emma Singh,Male,29,Business,Business Owner,139835,Los Angeles,California,USA,2016-12-19,70,High
C003766,2,Daniel Lee,Male,65,Affluent,Consultant,177235,Houston,Texas,USA,2024-06-14,40,Low
C003767,4,Ananya Sharma,Female,49,Mass Market,Business Owner,156037,Miami,Florida,USA,2023-11-19,66,Low
C003768,6,Daniel Brown,Male,46,Affluent,Healthcare,116602,Leeds,England,UK,2018-11-22,90,Medium
C003769,9,Morgan Gupta,Male,22,Premium,Consultant,50521,Kolkata,West Bengal,India,2015-04-26,39,High
C003770,4,Casey Wilson,Female,75,Mass Market,Retired,28700,New York,New York,USA,2016-04-26,8,High
C003771,8,Neha Wilson,Other,68,Business,Other,25320,Kolkata,West Bengal,India,2023-07-22,77,Low
C003772,7,Olivia Wilson,Female,73,Premium,Student,161071,Frankfurt,Hesse,Germany,2021-08-25,13,High
C003773,3,Avery Wilson,Female,67,Affluent,Manager,21251,Dallas,Texas,USA,2016-11-27,40,Medium
C003774,10,Jamie Moore,Male,44,Mass Market,Healthcare,45648,Ahmedabad,Gujarat,India,2016-12-02,23,Low
C003775,5,Arjun Thomas,Other,73,Mass Market,Employee,27958,London,England,UK,2018-08-20,32,High
C003776,2,Vikram Gupta,Male,57,Affluent,Consultant,118828,Seattle,Washington,USA,2024-12-01,9,Low
C003777,10,Rahul Davis,Male,49,Mass Market,Business Owner,65310,Ahmedabad,Gujarat,India,2018-10-20,70,High
C003778,10,Morgan Clark,Other,64,Mass Market,Business Owner,171033,Kolkata,West Bengal,India,2019-11-09,72,Low
C003779,1,Alex Iyer,Other,56,Premium,Healthcare,58132,San Francisco,California,USA,2016-12-19,16,Low
C003780,10,Noah Kumar,Male,56,Affluent,Student,142641,Chennai,Tamil Nadu,India,2018-05-05,25,High
C003781,10,Olivia Patel,Female,66,Premium,Employee,66545,Chennai,Tamil Nadu,India,2017-10-08,77,Low
C003782,9,Casey Miller,Female,55,Premium,Healthcare,134723,Pune,Maharashtra,India,2021-10-28,46,Medium
C003783,3,Casey Miller,Other,47,Premium,Student,48958,Chicago,Illinois,USA,2020-02-24,74,Low
C003784,7,Arjun Kumar,Female,21,Mass Market,Manager,61800,Munich,Bavaria,Germany,2022-02-11,62,Critical
C003785,6,Neha Clark,Male,68,Mass Market,Other,27906,London,England,UK,2018-02-06,39,Low
C003786,7,Daniel Davis,Female,28,Affluent,Other,59449,Munich,Bavaria,Germany,2015-06-12,70,Low
C003787,7,Casey Kumar,Other,29,Affluent,Employee,44858,Frankfurt,Hesse,Germany,2016-05-31,86,High
C003788,7,Arjun Lee,Female,69,Premium,Healthcare,151511,Hamburg,Hamburg,Germany,2018-03-06,88,High
C003789,6,Casey Sharma,Female,36,Mass Market,Student,18690,Leeds,England,UK,2022-05-31,56,Low
C003790,7,Jamie Martin,Male,72,Affluent,Healthcare,37473,Frankfurt,Hesse,Germany,2016-12-18,26,Medium
C003791,6,Jamie Miller,Other,50,Affluent,Retired,168018,Manchester,England,UK,2024-09-06,20,Low
C003792,1,Alex Patel,Female,29,Business,Student,169811,Seattle,Washington,USA,2020-11-19,45,Medium
C003793,1,Chris Taylor,Male,37,Affluent,Student,75781,Miami,Florida,USA,2025-02-25,6,Low
C003794,10,Morgan Singh,Female,48,Premium,Student,26761,Bengaluru,Karnataka,India,2021-09-28,12,Low
C003795,10,Noah Moore,Female,42,Premium,Healthcare,36102,Hyderabad,Telangana,India,2023-01-26,94,Medium
C003796,6,Priya Moore,Female,50,Premium,Business Owner,34224,Liverpool,England,UK,2023-11-03,69,Low
C003797,2,Morgan Moore,Female,52,Mass Market,Employee,118181,Dallas,Texas,USA,2024-10-21,75,Low
C003798,8,Avery Patel,Female,59,Mass Market,Retired,41973,Bengaluru,Karnataka,India,2021-12-12,70,Low
C003799,2,Vikram Johnson,Female,63,Premium,Student,45816,Dallas,Texas,USA,2015-06-23,29,Medium
C003800,4,Neha Lee,Female,41,Mass Market,Employee,67854,Chicago,Illinois,USA,2021-11-12,16,Low
C003801,4,Noah Singh,Other,41,Mass Market,Business Owner,47574,Chicago,Illinois,USA,2017-01-29,82,Medium
C003802,1,Riley Martin,Female,66,Affluent,Engineer,44716,Los Angeles,California,USA,2018-12-02,38,High
C003803,9,Jordan Davis,Male,39,Mass Market,Engineer,81515,Chennai,Tamil Nadu,India,2024-11-29,21,Low
C003804,6,Priya Iyer,Female,54,Affluent,Engineer,67109,Liverpool,England,UK,2025-12-19,80,Medium
C003805,4,Avery Johnson,Female,36,Mass Market,Consultant,57990,Seattle,Washington,USA,2016-03-03,48,Low
C003806,6,Olivia Singh,Female,34,Mass Market,Employee,31217,Manchester,England,UK,2024-10-18,11,Low
C003807,1,Arjun Brown,Male,28,Mass Market,Consultant,205329,Miami,Florida,USA,2022-02-14,87,Low
C003808,5,Vikram Kumar,Female,59,Premium,Healthcare,93187,Leeds,England,UK,2015-06-24,51,High
C003809,6,Ananya Kumar,Male,29,Business,Consultant,118320,Leeds,England,UK,2020-05-12,60,Medium
C003810,4,Ananya Martin,Other,69,Mass Market,Student,44780,Seattle,Washington,USA,2015-08-06,75,Low
C003811,9,Chris Singh,Other,72,Mass Market,Engineer,34851,Mumbai,Maharashtra,India,2018-03-31,54,Low
C003812,3,Ananya Patel,Other,24,Affluent,Manager,64546,Chicago,Illinois,USA,2019-07-16,93,High
C003813,2,Emma Kumar,Female,58,Affluent,Retired,53499,Chicago,Illinois,USA,2016-09-15,82,Medium
C003814,6,Riley Wilson,Other,75,Business,Consultant,47202,Liverpool,England,UK,2015-11-27,10,Low
C003815,9,Taylor Sharma,Female,56,Mass Market,Student,40653,Kolkata,West Bengal,India,2016-08-04,9,Medium
C003816,4,Casey Gupta,Female,64,Affluent,Retired,120063,Los Angeles,California,USA,2018-06-14,44,Low
C003817,1,Riley Williams,Female,52,Mass Market,Healthcare,50000,Dallas,Texas,USA,2021-03-27,73,High
C003818,10,Vikram Clark,Other,71,Business,Consultant,53586,Bengaluru,Karnataka,India,2024-06-04,49,Low
C003819,5,Neha Smith,Male,56,Affluent,Employee,45853,Leeds,England,UK,2025-04-17,25,Low
C003820,2,Taylor Wilson,Other,55,Affluent,Business Owner,114656,Houston,Texas,USA,2015-02-08,24,Medium
C003821,7,Ananya Anderson,Female,58,Premium,Employee,45674,Munich,Bavaria,Germany,2015-07-19,14,High
C003822,4,Emma Taylor,Other,64,Affluent,Consultant,137103,Los Angeles,California,USA,2016-08-04,94,Critical
C003823,10,Riley Williams,Female,54,Premium,Business Owner,34246,Bengaluru,Karnataka,India,2019-05-20,13,Low
C003824,3,Daniel Brown,Male,49,Business,Consultant,28954,San Francisco,California,USA,2020-12-22,77,Medium
C003825,6,Daniel Miller,Male,72,Affluent,Consultant,60584,Birmingham,England,UK,2020-05-14,69,Medium
C003826,6,Rahul Anderson,Female,67,Mass Market,Manager,22087,Manchester,England,UK,2018-04-12,45,Low
C003827,3,Morgan Lee,Female,39,Premium,Manager,142346,Miami,Florida,USA,2022-10-29,64,Low
C003828,5,Morgan Williams,Female,36,Affluent,Engineer,130898,Leeds,England,UK,2021-08-23,56,Low
C003829,2,Taylor Smith,Female,31,Premium,Engineer,56861,Seattle,Washington,USA,2017-12-25,13,Low
C003830,7,Vikram Moore,Female,59,Mass Market,Retired,21700,Berlin,Berlin,Germany,2018-10-01,50,Low
C003831,8,Jordan Thomas,Female,54,Business,Retired,126661,Ahmedabad,Gujarat,India,2019-06-04,33,Medium
C003832,10,Priya Sharma,Other,40,Business,Manager,73875,Bengaluru,Karnataka,India,2017-08-16,86,High
C003833,4,Neha Moore,Male,36,Business,Manager,68218,Chicago,Illinois,USA,2016-06-08,77,Medium
C003834,3,Alex Wilson,Other,25,Mass Market,Student,41927,Chicago,Illinois,USA,2016-04-09,55,Low
C003835,6,Vikram Taylor,Male,50,Business,Retired,28995,Manchester,England,UK,2015-07-17,30,High
C003836,7,Chris Davis,Female,30,Premium,Business Owner,136615,Frankfurt,Hesse,Germany,2015-12-24,13,Low
C003837,10,Alex Patel,Female,71,Mass Market,Student,78983,Ahmedabad,Gujarat,India,2020-01-09,74,Low
C003838,1,Jordan Miller,Female,46,Business,Healthcare,67340,Houston,Texas,USA,2024-05-17,40,Low
C003839,3,Casey Kumar,Other,22,Mass Market,Healthcare,30397,San Francisco,California,USA,2024-07-12,58,Low
C003840,3,Avery Johnson,Female,74,Premium,Engineer,42146,San Francisco,California,USA,2022-05-16,52,Low
C003841,3,Vikram Thomas,Other,64,Premium,Manager,49655,Chicago,Illinois,USA,2022-08-20,90,High
C003842,5,Taylor Anderson,Other,53,Business,Other,67489,Manchester,England,UK,2023-02-27,51,Low
C003843,9,Avery Smith,Male,27,Affluent,Retired,51931,Mumbai,Maharashtra,India,2019-08-09,93,Critical
C003844,1,Noah Brown,Male,34,Premium,Employee,37901,Seattle,Washington,USA,2024-01-15,43,Low
C003845,9,Rahul Martin,Female,57,Affluent,Employee,257832,Chennai,Tamil Nadu,India,2019-02-27,30,Medium
C003846,7,Avery Patel,Female,63,Business,Employee,101352,Hamburg,Hamburg,Germany,2017-03-05,47,High
C003847,7,Emma Miller,Other,32,Premium,Consultant,39679,Hamburg,Hamburg,Germany,2025-09-23,19,High
C003848,7,Daniel Taylor,Other,67,Business,Other,70625,Munich,Bavaria,Germany,2023-08-18,91,Medium
C003849,2,Emma Miller,Male,29,Premium,Student,18704,Dallas,Texas,USA,2019-04-01,87,Medium
C003850,8,Morgan Thomas,Male,65,Mass Market,Engineer,57363,Pune,Maharashtra,India,2020-08-24,79,Low
C003851,3,Rahul Lee,Female,33,Business,Other,21149,Dallas,Texas,USA,2016-11-29,65,Low
C003852,6,Morgan Taylor,Male,28,Affluent,Healthcare,37043,Manchester,England,UK,2021-12-14,9,Low
C003853,7,Casey Davis,Female,24,Business,Business Owner,116410,Cologne,North Rhine-Westphalia,Germany,2022-01-10,35,Low
C003854,7,Vikram Brown,Female,73,Business,Healthcare,41218,Hamburg,Hamburg,Germany,2020-09-21,83,Critical
C003855,4,Casey Smith,Male,75,Mass Market,Healthcare,121810,Los Angeles,California,USA,2017-03-01,78,Low
C003856,4,Ananya Moore,Female,62,Mass Market,Other,57770,Chicago,Illinois,USA,2022-06-17,9,Low
C003857,5,Casey Anderson,Female,57,Business,Other,108611,Liverpool,England,UK,2016-09-30,90,High
C003858,1,Jamie Williams,Male,41,Business,Manager,139985,Dallas,Texas,USA,2016-02-05,8,Medium
C003859,8,Rahul Singh,Other,53,Mass Market,Engineer,77241,Hyderabad,Telangana,India,2024-03-01,13,Medium
C003860,1,Avery Lee,Other,67,Affluent,Employee,70076,Chicago,Illinois,USA,2023-03-11,54,Low
C003861,5,Casey Kumar,Male,36,Affluent,Healthcare,29961,Liverpool,England,UK,2015-05-04,77,Medium
C003862,7,Avery Martin,Other,47,Mass Market,Other,36095,Hamburg,Hamburg,Germany,2021-11-20,51,Low
C003863,1,Noah Martin,Male,30,Premium,Retired,44851,Chicago,Illinois,USA,2020-08-13,55,Medium
C003864,10,Alex Clark,Other,55,Premium,Healthcare,51011,Chennai,Tamil Nadu,India,2017-09-18,46,Medium
C003865,4,Chris Williams,Female,26,Affluent,Consultant,204424,Chicago,Illinois,USA,2018-10-14,73,Low
C003866,1,Jamie Williams,Other,21,Premium,Business Owner,91381,Chicago,Illinois,USA,2025-10-05,36,Low
C003867,7,Sam Martin,Other,22,Affluent,Consultant,491054,Munich,Bavaria,Germany,2019-06-03,29,Low
C003868,6,Emma Clark,Other,57,Affluent,Retired,170346,Manchester,England,UK,2015-06-20,58,Low
C003869,7,Avery Taylor,Male,60,Premium,Retired,115554,Frankfurt,Hesse,Germany,2020-04-30,33,Medium
C003870,8,Chris Johnson,Female,47,Business,Consultant,18000,Bengaluru,Karnataka,India,2016-06-20,82,Medium
C003871,5,Neha Patel,Female,60,Mass Market,Consultant,52508,Birmingham,England,UK,2020-02-05,47,Low
C003872,9,Olivia Clark,Other,37,Business,Student,46548,Pune,Maharashtra,India,2016-10-18,71,Medium
C003873,4,Morgan Kumar,Female,27,Affluent,Other,37735,Houston,Texas,USA,2022-06-11,92,Medium
C003874,6,Jamie Iyer,Male,71,Affluent,Retired,56536,Manchester,England,UK,2021-04-07,87,Critical
C003875,2,Jamie Sharma,Other,63,Mass Market,Engineer,36955,Chicago,Illinois,USA,2021-02-27,42,Low
C003876,7,Ananya Brown,Female,72,Mass Market,Student,84786,Frankfurt,Hesse,Germany,2024-10-13,84,Low
C003877,3,Vikram Anderson,Other,30,Mass Market,Manager,77495,New York,New York,USA,2021-10-01,9,Medium
C003878,7,Chris Williams,Female,59,Business,Healthcare,28788,Cologne,North Rhine-Westphalia,Germany,2024-09-11,94,Low
C003879,9,Ananya Williams,Other,51,Business,Engineer,199551,Ahmedabad,Gujarat,India,2020-02-01,14,Low
C003880,9,Daniel Smith,Male,56,Mass Market,Healthcare,95192,Pune,Maharashtra,India,2018-12-24,6,Low
C003881,10,Emma Moore,Other,51,Affluent,Engineer,28411,Pune,Maharashtra,India,2016-11-20,24,Low
C003882,2,Avery Sharma,Male,50,Premium,Other,23360,Los Angeles,California,USA,2018-02-10,27,Low
C003883,2,Avery Singh,Female,30,Affluent,Other,81393,San Francisco,California,USA,2018-10-18,66,Medium
C003884,10,Sam Taylor,Male,40,Affluent,Consultant,36238,Chennai,Tamil Nadu,India,2019-09-20,95,Low
C003885,4,Noah Lee,Male,38,Mass Market,Employee,19389,San Francisco,California,USA,2023-09-25,25,Low
C003886,1,Neha Iyer,Male,54,Premium,Engineer,116325,San Francisco,California,USA,2016-09-14,34,Low
C003887,3,Vikram Thomas,Male,62,Premium,Manager,73191,New York,New York,USA,2018-11-09,78,Medium
C003888,9,Jordan Davis,Other,42,Mass Market,Healthcare,38443,Mumbai,Maharashtra,India,2018-06-05,11,Medium
C003889,4,Emma Iyer,Female,28,Premium,Engineer,68032,San Francisco,California,USA,2015-09-14,56,Low
C003890,1,Casey Sharma,Male,69,Affluent,Consultant,25864,Dallas,Texas,USA,2017-07-14,20,Low
C003891,8,Ananya Singh,Female,49,Business,Consultant,120834,Mumbai,Maharashtra,India,2023-11-10,63,Low
C003892,2,Noah Taylor,Male,30,Business,Manager,40460,Seattle,Washington,USA,2019-03-26,27,Medium
C003893,4,Jordan Miller,Female,25,Mass Market,Other,59774,Los Angeles,California,USA,2024-08-19,85,Low
C003894,1,Vikram Williams,Female,51,Business,Business Owner,107432,Dallas,Texas,USA,2019-03-28,95,Low
C003895,7,Chris Williams,Other,32,Business,Employee,301648,Munich,Bavaria,Germany,2025-05-31,88,Medium
C003896,5,Daniel Martin,Other,49,Premium,Other,32589,Birmingham,England,UK,2020-05-21,20,Low
C003897,9,Jamie Brown,Male,62,Affluent,Other,26772,Hyderabad,Telangana,India,2022-07-16,42,High
C003898,4,Daniel Singh,Other,45,Mass Market,Consultant,186399,Houston,Texas,USA,2024-03-26,13,Low
C003899,3,Rahul Martin,Other,45,Mass Market,Manager,49443,Chicago,Illinois,USA,2024-04-18,45,Low
C003900,2,Sam Williams,Female,52,Affluent,Healthcare,59941,Dallas,Texas,USA,2019-05-11,56,Medium
C003901,3,Noah Lee,Male,47,Affluent,Business Owner,27068,New York,New York,USA,2017-02-08,38,Medium
C003902,5,Casey Davis,Male,29,Business,Consultant,105155,Birmingham,England,UK,2024-09-04,83,Low
C003903,1,Emma Iyer,Male,56,Affluent,Consultant,44666,Chicago,Illinois,USA,2021-11-23,83,Low
C003904,5,Casey Davis,Male,29,Premium,Healthcare,70038,Birmingham,England,UK,2016-06-13,58,Low
C003905,9,Taylor Sharma,Male,35,Premium,Engineer,18000,Hyderabad,Telangana,India,2020-05-19,68,Low
C003906,8,Rahul Wilson,Male,35,Business,Other,163003,Kolkata,West Bengal,India,2024-11-14,83,Low
C003907,7,Alex Brown,Male,24,Business,Retired,18000,Munich,Bavaria,Germany,2018-01-19,9,Low
C003908,9,Arjun Brown,Female,46,Affluent,Other,27924,Chennai,Tamil Nadu,India,2023-08-29,27,Medium
C003909,8,Emma Miller,Female,32,Premium,Manager,132941,Kolkata,West Bengal,India,2023-06-24,51,High
C003910,7,Chris Miller,Male,68,Mass Market,Healthcare,66433,Cologne,North Rhine-Westphalia,Germany,2016-03-22,22,High
C003911,9,Sam Miller,Male,74,Premium,Student,87545,Kolkata,West Bengal,India,2019-09-26,7,Low
C003912,2,Emma Kumar,Male,64,Affluent,Employee,39718,Houston,Texas,USA,2021-02-25,74,Low
C003913,9,Avery Lee,Female,69,Business,Student,55347,Hyderabad,Telangana,India,2024-11-02,31,Medium
C003914,3,Morgan Taylor,Female,58,Premium,Student,35924,San Francisco,California,USA,2021-12-26,55,Low
C003915,8,Emma Taylor,Male,43,Affluent,Retired,18000,Mumbai,Maharashtra,India,2024-06-08,60,High
C003916,10,Noah Smith,Female,64,Business,Engineer,97116,Hyderabad,Telangana,India,2025-08-18,82,Low
C003917,5,Priya Kumar,Female,25,Mass Market,Employee,139040,Manchester,England,UK,2019-03-04,8,Low
C003918,1,Ananya Wilson,Male,28,Premium,Business Owner,110358,Miami,Florida,USA,2019-05-04,14,Critical
C003919,4,Vikram Thomas,Female,58,Mass Market,Healthcare,64503,Miami,Florida,USA,2016-05-24,34,Medium
C003920,5,Jamie Sharma,Male,56,Affluent,Healthcare,76406,London,England,UK,2021-01-27,77,Low
C003921,10,Avery Miller,Male,32,Mass Market,Employee,62907,Pune,Maharashtra,India,2021-10-10,16,Medium
C003922,10,Avery Singh,Female,58,Affluent,Healthcare,256659,Hyderabad,Telangana,India,2025-06-05,42,Low
C003923,6,Noah Clark,Male,27,Mass Market,Business Owner,195938,Birmingham,England,UK,2021-04-01,37,Low
C003924,10,Neha Kumar,Male,67,Business,Student,40887,Mumbai,Maharashtra,India,2015-01-18,12,Low
C003925,5,Ananya Anderson,Other,63,Premium,Healthcare,63486,Manchester,England,UK,2024-05-21,12,Medium
C003926,5,Alex Anderson,Male,34,Affluent,Healthcare,31362,London,England,UK,2020-08-07,8,High
C003927,9,Avery Davis,Female,44,Affluent,Healthcare,53127,Bengaluru,Karnataka,India,2022-12-31,28,Low
C003928,7,Daniel Anderson,Other,51,Mass Market,Employee,73542,Munich,Bavaria,Germany,2022-06-10,60,Medium
C003929,6,Riley Iyer,Male,54,Business,Student,30201,London,England,UK,2017-07-11,92,Low
C003930,5,Morgan Martin,Female,70,Affluent,Manager,78990,London,England,UK,2025-02-03,87,High
C003931,8,Neha Miller,Female,50,Affluent,Employee,43448,Kolkata,West Bengal,India,2019-07-10,17,Medium
C003932,8,Jamie Singh,Female,75,Affluent,Student,218282,Mumbai,Maharashtra,India,2022-05-16,33,Low
C003933,5,Daniel Moore,Male,24,Mass Market,Student,64086,Birmingham,England,UK,2023-12-09,86,Low
C003934,1,Daniel Johnson,Male,69,Premium,Student,23700,Miami,Florida,USA,2021-04-29,33,Low
C003935,2,Arjun Davis,Female,74,Mass Market,Student,172300,Seattle,Washington,USA,2024-09-21,89,High
C003936,2,Jordan Clark,Male,63,Affluent,Engineer,66522,New York,New York,USA,2024-11-04,21,Low
C003937,5,Jamie Patel,Other,24,Premium,Manager,88566,Leeds,England,UK,2018-02-03,78,Medium
C003938,7,Noah Davis,Female,33,Affluent,Other,34529,Hamburg,Hamburg,Germany,2018-03-06,90,High
C003939,9,Olivia Lee,Female,54,Affluent,Manager,267501,Ahmedabad,Gujarat,India,2017-05-07,64,High
C003940,3,Jordan Taylor,Other,26,Affluent,Engineer,381885,Seattle,Washington,USA,2015-06-13,68,Low
C003941,8,Noah Clark,Other,30,Premium,Business Owner,146768,Chennai,Tamil Nadu,India,2015-06-22,13,Low
C003942,7,Olivia Wilson,Other,26,Affluent,Retired,87067,Munich,Bavaria,Germany,2025-11-30,46,Low
C003943,1,Alex Martin,Male,74,Affluent,Manager,69679,Miami,Florida,USA,2018-04-25,20,Low
C003944,4,Ananya Moore,Male,65,Affluent,Student,32628,Houston,Texas,USA,2019-06-12,41,High
C003945,4,Jordan Clark,Female,70,Affluent,Manager,186168,San Francisco,California,USA,2015-12-20,65,High
C003946,9,Sam Johnson,Female,44,Affluent,Employee,27477,Mumbai,Maharashtra,India,2015-02-04,53,Medium
C003947,10,Taylor Singh,Female,45,Affluent,Manager,43581,Delhi,Delhi,India,2022-11-28,90,High
C003948,9,Avery Davis,Female,23,Mass Market,Employee,91283,Bengaluru,Karnataka,India,2019-10-14,62,Low
C003949,6,Jordan Smith,Female,55,Mass Market,Student,80042,Birmingham,England,UK,2022-09-15,27,Low
C003950,5,Alex Iyer,Other,41,Mass Market,Retired,43679,Birmingham,England,UK,2015-03-31,57,Low
C003951,4,Noah Gupta,Male,46,Mass Market,Retired,81284,Dallas,Texas,USA,2022-11-08,38,Low
C003952,8,Jordan Patel,Male,25,Business,Business Owner,42208,Delhi,Delhi,India,2025-01-05,12,Low
C003953,1,Jamie Thomas,Male,23,Premium,Engineer,24698,New York,New York,USA,2015-09-19,95,Low
C003954,3,Morgan Clark,Female,68,Business,Student,22890,Chicago,Illinois,USA,2019-05-30,68,Low
C003955,2,Rahul Martin,Other,25,Premium,Engineer,77247,New York,New York,USA,2022-03-25,21,Low
C003956,5,Jordan Patel,Male,47,Mass Market,Consultant,41401,Leeds,England,UK,2022-04-08,41,Low
C003957,3,Chris Patel,Other,24,Mass Market,Consultant,72819,Los Angeles,California,USA,2016-03-04,59,High
C003958,2,Neha Iyer,Female,31,Premium,Manager,46614,Houston,Texas,USA,2021-09-01,25,Low
C003959,4,Sam Anderson,Other,21,Mass Market,Healthcare,18000,Houston,Texas,USA,2020-10-27,36,Low
C003960,9,Ananya Miller,Other,42,Premium,Other,19287,Bengaluru,Karnataka,India,2019-05-28,26,Medium
C003961,6,Jamie Singh,Male,69,Mass Market,Healthcare,40052,Birmingham,England,UK,2017-11-14,15,High
C003962,9,Alex Singh,Male,30,Business,Manager,116094,Pune,Maharashtra,India,2022-10-20,74,Low
C003963,10,Chris Sharma,Other,49,Premium,Other,215445,Delhi,Delhi,India,2016-03-06,64,High
C003964,10,Casey Williams,Female,26,Premium,Consultant,85845,Mumbai,Maharashtra,India,2025-04-04,16,Low
C003965,4,Priya Patel,Female,27,Business,Student,18000,New York,New York,USA,2022-12-06,33,Low
C003966,9,Taylor Brown,Other,34,Business,Retired,89113,Kolkata,West Bengal,India,2015-01-25,95,Medium
C003967,10,Riley Williams,Female,49,Business,Employee,45514,Bengaluru,Karnataka,India,2023-12-08,78,Low
C003968,10,Ananya Davis,Male,28,Premium,Engineer,47356,Hyderabad,Telangana,India,2017-01-12,66,High
C003969,4,Riley Johnson,Female,56,Affluent,Other,412301,Chicago,Illinois,USA,2024-10-16,11,Low
C003970,3,Sam Gupta,Female,60,Affluent,Healthcare,396325,Chicago,Illinois,USA,2015-09-23,46,Medium
C003971,6,Vikram Brown,Male,45,Mass Market,Manager,365209,Leeds,England,UK,2019-06-27,24,Medium
C003972,10,Rahul Williams,Male,56,Mass Market,Other,71268,Ahmedabad,Gujarat,India,2021-03-28,43,Medium
C003973,10,Sam Davis,Male,65,Affluent,Healthcare,83982,Pune,Maharashtra,India,2015-04-03,91,High
C003974,6,Jamie Gupta,Male,38,Business,Employee,55223,Leeds,England,UK,2023-06-11,17,High
C003975,2,Daniel Brown,Female,29,Affluent,Manager,129868,Seattle,Washington,USA,2020-06-17,36,High
C003976,5,Noah Taylor,Other,27,Business,Retired,107431,Manchester,England,UK,2017-06-04,85,Low
C003977,8,Sam Smith,Other,66,Business,Engineer,84402,Chennai,Tamil Nadu,India,2017-08-29,52,Medium
C003978,6,Casey Brown,Other,67,Affluent,Business Owner,75567,Liverpool,England,UK,2024-12-14,80,Medium
C003979,4,Daniel Clark,Other,24,Business,Engineer,51352,Chicago,Illinois,USA,2016-08-10,15,Low
C003980,4,Neha Brown,Male,44,Mass Market,Manager,118380,Los Angeles,California,USA,2018-06-17,92,Low
C003981,1,Jamie Singh,Male,60,Premium,Engineer,59865,Houston,Texas,USA,2024-12-11,85,Low
C003982,3,Jamie Brown,Male,56,Premium,Other,65336,San Francisco,California,USA,2024-11-10,46,High
C003983,7,Emma Martin,Other,22,Premium,Consultant,60928,Frankfurt,Hesse,Germany,2016-04-12,62,High
C003984,3,Chris Sharma,Other,30,Premium,Business Owner,132122,Seattle,Washington,USA,2020-07-29,40,Low
C003985,10,Alex Martin,Male,48,Mass Market,Manager,54987,Delhi,Delhi,India,2021-01-23,89,Low
C003986,1,Vikram Iyer,Male,71,Premium,Manager,53943,Dallas,Texas,USA,2016-12-28,85,Low
C003987,6,Neha Martin,Other,45,Premium,Retired,130399,London,England,UK,2018-05-06,70,Medium
C003988,5,Jamie Wilson,Female,60,Business,Student,86505,Liverpool,England,UK,2025-04-06,91,Medium
C003989,9,Vikram Sharma,Male,26,Affluent,Manager,90528,Delhi,Delhi,India,2015-01-21,54,High
C003990,9,Olivia Sharma,Other,70,Affluent,Healthcare,46211,Ahmedabad,Gujarat,India,2023-08-05,51,Low
C003991,6,Emma Martin,Other,30,Premium,Business Owner,26531,Birmingham,England,UK,2025-10-24,10,Low
C003992,7,Casey Lee,Other,48,Mass Market,Engineer,28454,Frankfurt,Hesse,Germany,2019-04-26,22,Low
C003993,7,Riley Smith,Other,65,Premium,Consultant,61637,Frankfurt,Hesse,Germany,2015-05-17,68,Medium
C003994,6,Chris Martin,Male,27,Affluent,Engineer,44479,Liverpool,England,UK,2025-04-24,61,Low
C003995,2,Daniel Iyer,Male,23,Business,Engineer,37822,Dallas,Texas,USA,2024-08-18,31,Low
C003996,5,Priya Moore,Female,57,Affluent,Other,45046,Birmingham,England,UK,2021-01-21,63,Low
C003997,3,Morgan Lee,Female,64,Affluent,Business Owner,79413,Dallas,Texas,USA,2022-07-15,52,Low
C003998,5,Vikram Patel,Female,58,Business,Employee,101542,Liverpool,England,UK,2016-11-09,78,High
C003999,7,Daniel Martin,Male,28,Mass Market,Engineer,103243,Berlin,Berlin,Germany,2025-12-21,52,High
C004000,3,Priya Singh,Female,27,Business,Manager,79262,New York,New York,USA,2021-12-19,81,Medium
C004001,3,Jamie Kumar,Male,54,Mass Market,Student,73951,Miami,Florida,USA,2016-04-18,71,Low
C004002,9,Daniel Lee,Female,71,Business,Employee,75387,Delhi,Delhi,India,2019-09-21,84,Low
C004003,4,Emma Williams,Female,25,Business,Manager,41431,San Francisco,California,USA,2018-11-08,54,Low
C004004,2,Riley Wilson,Male,26,Business,Consultant,32457,Miami,Florida,USA,2015-07-12,18,Medium
C004005,8,Casey Johnson,Male,72,Business,Manager,47057,Pune,Maharashtra,India,2024-09-06,51,Low
C004006,8,Neha Thomas,Other,38,Mass Market,Retired,28809,Pune,Maharashtra,India,2015-12-16,85,High
C004007,9,Daniel Lee,Male,72,Mass Market,Consultant,32638,Bengaluru,Karnataka,India,2018-12-14,63,Low
C004008,8,Jamie Gupta,Male,57,Mass Market,Manager,70555,Bengaluru,Karnataka,India,2025-03-14,36,Medium
C004009,10,Jordan Gupta,Male,52,Premium,Consultant,111176,Ahmedabad,Gujarat,India,2017-08-27,48,Low
C004010,6,Jordan Taylor,Male,24,Mass Market,Other,60394,Birmingham,England,UK,2022-09-26,7,Medium
C004011,3,Olivia Thomas,Female,36,Mass Market,Manager,96676,San Francisco,California,USA,2015-03-30,56,Low
C004012,9,Alex Lee,Female,49,Affluent,Employee,41034,Hyderabad,Telangana,India,2022-02-24,49,Low
C004013,3,Casey Moore,Other,65,Mass Market,Employee,73937,Miami,Florida,USA,2025-10-16,26,Medium
C004014,3,Casey Moore,Male,35,Mass Market,Retired,91435,New York,New York,USA,2023-12-16,91,Low
C004015,9,Ananya Taylor,Other,34,Business,Manager,39212,Delhi,Delhi,India,2024-04-07,6,Low
C004016,9,Sam Taylor,Female,32,Mass Market,Healthcare,37180,Bengaluru,Karnataka,India,2023-04-22,54,High
C004017,4,Jordan Smith,Male,26,Mass Market,Engineer,28638,Miami,Florida,USA,2018-08-24,79,Low
C004018,8,Avery Taylor,Other,48,Mass Market,Student,90739,Ahmedabad,Gujarat,India,2018-06-01,31,Low
C004019,10,Arjun Brown,Other,31,Premium,Healthcare,210514,Kolkata,West Bengal,India,2024-11-03,95,Low
C004020,8,Emma Anderson,Other,48,Affluent,Other,136314,Bengaluru,Karnataka,India,2021-02-24,65,Medium
C004021,1,Taylor Iyer,Other,42,Mass Market,Consultant,28979,Houston,Texas,USA,2021-07-19,35,Low
C004022,7,Jordan Taylor,Female,62,Business,Student,65217,Berlin,Berlin,Germany,2021-05-20,64,Low
C004023,2,Alex Patel,Female,38,Business,Consultant,244672,Miami,Florida,USA,2018-11-14,63,High
C004024,9,Vikram Taylor,Female,26,Affluent,Retired,28478,Hyderabad,Telangana,India,2018-08-03,44,Low
C004025,1,Alex Patel,Other,49,Business,Consultant,31097,San Francisco,California,USA,2025-08-30,94,High
C004026,10,Daniel Taylor,Other,55,Affluent,Other,42478,Hyderabad,Telangana,India,2022-05-27,25,Low
C004027,2,Vikram Lee,Other,23,Business,Consultant,71689,Chicago,Illinois,USA,2024-05-17,75,Low
C004028,5,Casey Brown,Male,71,Premium,Retired,72209,Leeds,England,UK,2021-05-29,64,Low
C004029,3,Alex Gupta,Male,55,Business,Engineer,85496,San Francisco,California,USA,2017-10-15,89,Low
C004030,9,Sam Martin,Other,27,Affluent,Other,45455,Kolkata,West Bengal,India,2020-01-30,6,Medium
C004031,4,Olivia Miller,Female,69,Mass Market,Healthcare,152854,Chicago,Illinois,USA,2020-06-27,85,Low
C004032,8,Arjun Thomas,Female,22,Premium,Consultant,162461,Ahmedabad,Gujarat,India,2024-12-07,95,Low
C004033,1,Riley Singh,Other,36,Mass Market,Employee,77106,San Francisco,California,USA,2016-10-23,87,Low
C004034,5,Daniel Taylor,Other,36,Mass Market,Other,78488,Manchester,England,UK,2023-09-20,72,Medium
C004035,10,Sam Miller,Female,21,Premium,Healthcare,156259,Delhi,Delhi,India,2025-06-18,81,Low
C004036,10,Daniel Taylor,Other,52,Affluent,Business Owner,23056,Bengaluru,Karnataka,India,2020-08-22,55,Low
C004037,3,Riley Thomas,Female,55,Mass Market,Business Owner,74493,San Francisco,California,USA,2025-08-12,70,Low
C004038,4,Daniel Brown,Female,66,Premium,Engineer,180316,Los Angeles,California,USA,2019-02-26,9,Low
C004039,5,Ananya Clark,Female,62,Business,Other,153289,Leeds,England,UK,2024-05-02,19,Medium
C004040,6,Casey Williams,Female,33,Premium,Employee,43276,Leeds,England,UK,2017-09-15,59,Low
C004041,6,Riley Kumar,Female,57,Mass Market,Student,18000,Birmingham,England,UK,2016-07-07,15,Low
C004042,2,Priya Johnson,Female,23,Mass Market,Consultant,91822,Chicago,Illinois,USA,2016-07-27,44,Low
C004043,8,Taylor Wilson,Male,56,Premium,Engineer,59613,Delhi,Delhi,India,2019-03-01,28,Low
C004044,3,Avery Iyer,Male,52,Business,Retired,180147,Los Angeles,California,USA,2024-05-03,46,Low
C004045,4,Morgan Sharma,Female,28,Business,Student,40469,Dallas,Texas,USA,2024-09-16,36,Low
C004046,9,Ananya Thomas,Female,25,Business,Other,22027,Bengaluru,Karnataka,India,2023-01-09,60,High
C004047,7,Sam Brown,Other,25,Business,Consultant,111565,Frankfurt,Hesse,Germany,2017-08-02,5,Low
C004048,4,Chris Brown,Other,31,Business,Engineer,39074,San Francisco,California,USA,2019-01-20,79,Medium
C004049,10,Alex Singh,Male,75,Premium,Consultant,30235,Hyderabad,Telangana,India,2016-03-16,46,High
C004050,4,Alex Taylor,Female,72,Mass Market,Retired,64497,Dallas,Texas,USA,2018-06-01,32,High
C004051,6,Jamie Clark,Male,39,Affluent,Engineer,50203,Manchester,England,UK,2021-08-05,76,Low
C004052,3,Jordan Martin,Female,74,Affluent,Other,19480,Seattle,Washington,USA,2025-07-17,83,Medium
C004053,2,Emma Brown,Male,46,Affluent,Business Owner,144625,Chicago,Illinois,USA,2024-01-15,82,Critical
C004054,5,Noah Thomas,Female,26,Affluent,Business Owner,72438,Leeds,England,UK,2019-07-29,60,High
C004055,6,Emma Moore,Female,69,Premium,Retired,31591,Liverpool,England,UK,2018-02-06,88,Low
C004056,9,Daniel Moore,Other,28,Business,Retired,18000,Hyderabad,Telangana,India,2025-11-20,32,Medium
C004057,4,Noah Brown,Male,67,Premium,Healthcare,24678,Chicago,Illinois,USA,2019-10-15,19,Low
C004058,9,Priya Sharma,Other,31,Mass Market,Engineer,23935,Bengaluru,Karnataka,India,2017-03-19,5,Medium
C004059,7,Taylor Davis,Other,29,Affluent,Healthcare,64117,Cologne,North Rhine-Westphalia,Germany,2020-05-04,44,Medium
C004060,1,Taylor Brown,Other,67,Affluent,Engineer,112812,Miami,Florida,USA,2015-04-20,24,Low
C004061,8,Arjun Wilson,Female,63,Mass Market,Retired,250210,Ahmedabad,Gujarat,India,2023-08-23,21,Low
C004062,6,Daniel Patel,Female,63,Business,Consultant,160897,London,England,UK,2018-07-20,66,Low
C004063,4,Priya Anderson,Female,44,Affluent,Business Owner,42630,San Francisco,California,USA,2017-10-27,37,Low
C004064,5,Sam Anderson,Female,34,Affluent,Other,155601,Manchester,England,UK,2020-05-01,60,Medium
C004065,4,Jamie Sharma,Male,26,Business,Retired,54781,Dallas,Texas,USA,2025-09-06,59,High
C004066,7,Ananya Patel,Female,23,Premium,Manager,362032,Munich,Bavaria,Germany,2021-04-22,77,Low
C004067,6,Jordan Miller,Other,50,Premium,Manager,41049,Leeds,England,UK,2023-04-21,40,Medium
C004068,5,Ananya Miller,Female,45,Premium,Consultant,39573,Leeds,England,UK,2021-02-06,83,Medium
C004069,3,Olivia Sharma,Other,63,Premium,Employee,57603,Los Angeles,California,USA,2022-09-15,50,Low
C004070,4,Chris Iyer,Male,61,Affluent,Manager,168243,Dallas,Texas,USA,2025-02-27,18,Low
C004071,5,Casey Gupta,Other,67,Mass Market,Engineer,93600,Birmingham,England,UK,2018-02-21,80,Low
C004072,5,Alex Wilson,Male,73,Affluent,Retired,51867,London,England,UK,2018-03-06,51,Low
C004073,4,Daniel Moore,Other,67,Premium,Retired,62797,New York,New York,USA,2022-05-26,89,High
C004074,6,Sam Kumar,Other,62,Business,Consultant,82733,Birmingham,England,UK,2020-11-25,92,Medium
C004075,3,Noah Taylor,Male,49,Mass Market,Business Owner,61639,Dallas,Texas,USA,2019-06-24,5,Medium
C004076,6,Ananya Miller,Male,57,Business,Student,42078,Manchester,England,UK,2018-10-24,41,Low
C004077,2,Noah Kumar,Other,27,Affluent,Retired,18000,New York,New York,USA,2022-02-26,73,Low
C004078,5,Olivia Davis,Male,70,Mass Market,Other,75196,Manchester,England,UK,2020-02-16,18,Low
C004079,8,Chris Singh,Other,45,Premium,Other,52988,Delhi,Delhi,India,2025-05-06,50,Low
C004080,9,Noah Lee,Other,30,Premium,Other,63586,Chennai,Tamil Nadu,India,2025-09-05,91,Low
C004081,7,Rahul Wilson,Other,52,Premium,Healthcare,140492,Berlin,Berlin,Germany,2017-10-27,74,High
C004082,8,Noah Davis,Male,58,Affluent,Consultant,103401,Delhi,Delhi,India,2016-07-31,12,Medium
C004083,1,Jordan Gupta,Female,60,Mass Market,Business Owner,103814,Chicago,Illinois,USA,2018-04-25,21,Low
C004084,4,Avery Clark,Male,34,Mass Market,Student,96797,Miami,Florida,USA,2023-12-28,81,Low
C004085,7,Olivia Iyer,Male,44,Affluent,Manager,59672,Berlin,Berlin,Germany,2024-06-17,70,Medium
C004086,9,Daniel Sharma,Other,40,Affluent,Engineer,54296,Mumbai,Maharashtra,India,2024-09-14,42,Low
C004087,6,Sam Kumar,Female,34,Affluent,Other,136693,Birmingham,England,UK,2025-09-20,48,Low
C004088,9,Jamie Anderson,Female,45,Premium,Business Owner,135416,Pune,Maharashtra,India,2017-09-15,52,Medium
C004089,3,Neha Davis,Female,40,Affluent,Healthcare,77768,Seattle,Washington,USA,2017-09-08,23,Medium
C004090,2,Avery Williams,Female,64,Affluent,Business Owner,167951,Miami,Florida,USA,2025-06-27,80,Medium
C004091,1,Jordan Thomas,Female,48,Mass Market,Other,20626,Miami,Florida,USA,2019-08-07,83,High
C004092,6,Rahul Brown,Male,46,Premium,Retired,71455,Leeds,England,UK,2016-12-11,70,High
C004093,7,Rahul Davis,Other,24,Affluent,Engineer,52363,Cologne,North Rhine-Westphalia,Germany,2024-03-31,92,Medium
C004094,3,Priya Thomas,Male,33,Premium,Employee,25102,Houston,Texas,USA,2015-12-19,62,High
C004095,8,Riley Iyer,Female,71,Affluent,Manager,48943,Bengaluru,Karnataka,India,2018-07-05,41,Low
C004096,8,Morgan Brown,Male,45,Business,Retired,57927,Mumbai,Maharashtra,India,2023-09-09,23,High
C004097,4,Riley Iyer,Male,68,Affluent,Healthcare,39324,San Francisco,California,USA,2015-03-13,28,Medium
C004098,3,Casey Iyer,Other,43,Business,Manager,48109,San Francisco,California,USA,2016-02-20,9,High
C004099,8,Jordan Gupta,Other,75,Premium,Other,70157,Chennai,Tamil Nadu,India,2017-08-08,49,Medium
C004100,7,Arjun Johnson,Female,43,Business,Employee,42124,Cologne,North Rhine-Westphalia,Germany,2019-12-18,65,Low
C004101,2,Rahul Wilson,Female,33,Business,Retired,73471,Los Angeles,California,USA,2015-11-17,13,Medium
C004102,3,Emma Clark,Other,55,Premium,Healthcare,22980,Chicago,Illinois,USA,2017-06-17,72,Low
C004103,5,Jordan Gupta,Female,37,Premium,Healthcare,103380,London,England,UK,2023-06-29,66,Medium
C004104,6,Morgan Brown,Female,47,Business,Employee,19951,Liverpool,England,UK,2016-06-26,88,Low
C004105,2,Chris Brown,Other,25,Premium,Healthcare,46788,Chicago,Illinois,USA,2017-09-27,95,Medium
C004106,10,Sam Taylor,Male,52,Premium,Student,35032,Delhi,Delhi,India,2024-11-02,43,Low
C004107,4,Chris Lee,Other,60,Business,Healthcare,89185,Chicago,Illinois,USA,2021-04-13,5,Medium
C004108,4,Arjun Patel,Female,28,Mass Market,Employee,20289,New York,New York,USA,2018-06-23,79,Medium
C004109,1,Alex Sharma,Other,26,Premium,Manager,31378,Chicago,Illinois,USA,2024-10-13,11,Low
C004110,9,Chris Clark,Male,73,Affluent,Healthcare,54388,Delhi,Delhi,India,2019-09-14,76,High
C004111,3,Daniel Clark,Male,21,Premium,Manager,69745,Dallas,Texas,USA,2015-09-13,66,High
C004112,10,Olivia Taylor,Female,36,Mass Market,Healthcare,57086,Mumbai,Maharashtra,India,2021-09-01,7,High
C004113,5,Emma Wilson,Male,35,Mass Market,Other,107008,Birmingham,England,UK,2019-04-15,69,Low
C004114,9,Ananya Brown,Female,26,Premium,Student,29322,Pune,Maharashtra,India,2015-09-05,57,Low
C004115,2,Olivia Johnson,Male,65,Mass Market,Healthcare,23997,Houston,Texas,USA,2022-03-13,26,Low
C004116,2,Casey Wilson,Male,71,Affluent,Consultant,21632,New York,New York,USA,2020-03-13,63,Low
C004117,9,Sam Clark,Female,33,Business,Other,127407,Pune,Maharashtra,India,2018-09-16,21,Low
C004118,9,Sam Smith,Other,61,Affluent,Student,120669,Ahmedabad,Gujarat,India,2025-01-04,59,Critical
C004119,6,Vikram Taylor,Male,29,Business,Business Owner,18928,Liverpool,England,UK,2015-12-05,39,Low
C004120,1,Morgan Kumar,Female,71,Business,Retired,33783,New York,New York,USA,2021-09-23,73,Low
C004121,10,Casey Patel,Male,67,Premium,Employee,140822,Hyderabad,Telangana,India,2017-09-15,46,Low
C004122,4,Arjun Kumar,Male,52,Premium,Business Owner,86704,New York,New York,USA,2015-03-28,93,Low
C004123,10,Morgan Singh,Other,75,Affluent,Engineer,156880,Bengaluru,Karnataka,India,2024-07-18,16,Medium
C004124,9,Vikram Davis,Male,41,Business,Other,123361,Ahmedabad,Gujarat,India,2022-03-01,6,Low
C004125,9,Priya Iyer,Other,41,Premium,Engineer,91908,Delhi,Delhi,India,2015-10-28,16,Low
C004126,7,Noah Martin,Other,27,Premium,Business Owner,63639,Munich,Bavaria,Germany,2021-11-26,83,Medium
C004127,7,Ananya Gupta,Female,66,Premium,Consultant,68434,Cologne,North Rhine-Westphalia,Germany,2017-11-11,49,Medium
C004128,6,Chris Clark,Female,38,Affluent,Retired,97397,Leeds,England,UK,2019-01-22,77,Low
C004129,1,Avery Wilson,Other,58,Business,Business Owner,64523,Seattle,Washington,USA,2016-08-30,66,Low
C004130,4,Alex Brown,Male,49,Mass Market,Student,76649,Chicago,Illinois,USA,2021-10-17,86,Low
C004131,8,Jamie Brown,Male,68,Affluent,Employee,38094,Chennai,Tamil Nadu,India,2017-02-19,54,Medium
C004132,9,Riley Patel,Male,25,Affluent,Consultant,95117,Kolkata,West Bengal,India,2025-11-07,13,Low
C004133,6,Chris Williams,Male,54,Affluent,Engineer,93850,London,England,UK,2020-02-05,86,Low
C004134,8,Jamie Wilson,Other,27,Business,Consultant,140183,Kolkata,West Bengal,India,2017-11-01,70,Medium
C004135,1,Avery Wilson,Male,69,Mass Market,Student,66979,Miami,Florida,USA,2025-03-11,25,Critical
C004136,5,Casey Taylor,Male,49,Premium,Consultant,146524,Liverpool,England,UK,2023-03-17,50,Low
C004137,6,Chris Johnson,Female,31,Business,Engineer,115977,Leeds,England,UK,2025-08-14,62,Critical
C004138,9,Daniel Smith,Male,51,Premium,Engineer,120413,Ahmedabad,Gujarat,India,2015-06-18,83,Low
C004139,4,Taylor Wilson,Male,60,Affluent,Manager,30202,Chicago,Illinois,USA,2023-03-26,79,Low
C004140,3,Rahul Martin,Female,48,Business,Healthcare,85981,Dallas,Texas,USA,2016-11-13,46,High
C004141,4,Arjun Thomas,Male,47,Business,Business Owner,152327,Chicago,Illinois,USA,2023-05-25,53,Low
C004142,2,Priya Anderson,Male,25,Mass Market,Employee,24287,Dallas,Texas,USA,2018-10-03,72,Low
C004143,6,Chris Johnson,Male,53,Premium,Retired,61071,Birmingham,England,UK,2024-08-09,66,High
C004144,7,Alex Kumar,Male,40,Premium,Engineer,111315,Munich,Bavaria,Germany,2020-06-13,7,Low
C004145,9,Noah Davis,Male,60,Business,Consultant,56070,Kolkata,West Bengal,India,2022-07-27,31,Low
C004146,10,Avery Wilson,Female,25,Premium,Business Owner,126201,Bengaluru,Karnataka,India,2021-05-27,23,Low
C004147,1,Vikram Clark,Other,43,Affluent,Consultant,183626,Chicago,Illinois,USA,2018-08-12,78,Low
C004148,3,Ananya Miller,Other,61,Business,Business Owner,205299,New York,New York,USA,2025-02-01,85,High
C004149,4,Taylor Iyer,Male,31,Business,Other,126005,New York,New York,USA,2020-01-19,14,Medium
C004150,3,Casey Gupta,Male,49,Mass Market,Manager,27373,Los Angeles,California,USA,2017-12-24,71,Medium
C004151,9,Avery Iyer,Female,44,Premium,Engineer,35450,Ahmedabad,Gujarat,India,2018-07-06,83,Low
C004152,2,Neha Smith,Female,55,Mass Market,Employee,84926,Dallas,Texas,USA,2025-02-27,20,Low
C004153,1,Morgan Clark,Other,54,Premium,Employee,38218,Houston,Texas,USA,2023-01-07,69,Low
C004154,9,Rahul Lee,Female,43,Premium,Other,52905,Hyderabad,Telangana,India,2025-05-24,56,Low
C004155,10,Sam Williams,Other,49,Business,Business Owner,124842,Kolkata,West Bengal,India,2025-11-12,54,Low
C004156,3,Alex Smith,Female,61,Affluent,Retired,76089,Dallas,Texas,USA,2024-10-22,90,Low
C004157,4,Emma Moore,Other,47,Premium,Healthcare,64403,San Francisco,California,USA,2025-03-05,79,Low
C004158,6,Ananya Anderson,Other,41,Business,Other,44387,Birmingham,England,UK,2025-07-12,13,Medium
C004159,6,Rahul Anderson,Female,64,Business,Retired,31892,Birmingham,England,UK,2017-07-15,83,Low
C004160,10,Riley Williams,Other,45,Premium,Consultant,25388,Hyderabad,Telangana,India,2024-03-30,15,High
C004161,5,Chris Davis,Other,37,Premium,Other,56602,London,England,UK,2021-03-08,65,Low
C004162,1,Jamie Sharma,Female,61,Mass Market,Retired,44396,Chicago,Illinois,USA,2015-08-28,9,Low
C004163,5,Avery Sharma,Female,31,Mass Market,Employee,18000,Birmingham,England,UK,2015-03-06,22,Low
C004164,6,Vikram Gupta,Other,69,Premium,Business Owner,43108,Manchester,England,UK,2024-07-17,51,Low
C004165,6,Vikram Clark,Other,65,Premium,Retired,35769,Birmingham,England,UK,2021-02-15,60,Low
C004166,6,Alex Davis,Other,63,Premium,Business Owner,96679,Birmingham,England,UK,2016-03-03,16,Low
C004167,10,Neha Kumar,Male,62,Mass Market,Consultant,66223,Ahmedabad,Gujarat,India,2025-02-28,9,Low
C004168,9,Olivia Smith,Female,69,Premium,Retired,29284,Delhi,Delhi,India,2024-01-15,10,Low
C004169,3,Vikram Iyer,Other,29,Premium,Other,59819,New York,New York,USA,2019-09-08,76,Low
C004170,4,Jordan Davis,Other,29,Mass Market,Student,58638,Miami,Florida,USA,2019-09-19,93,High
C004171,7,Jamie Patel,Female,64,Business,Engineer,49647,Hamburg,Hamburg,Germany,2021-06-28,24,Low
C004172,5,Daniel Smith,Other,69,Premium,Other,35840,Manchester,England,UK,2018-03-17,41,Low
C004173,5,Neha Kumar,Female,30,Affluent,Engineer,25519,Manchester,England,UK,2020-05-05,17,Low
C004174,2,Alex Gupta,Other,55,Mass Market,Engineer,242158,Dallas,Texas,USA,2015-08-16,6,Low
C004175,3,Chris Taylor,Female,58,Premium,Business Owner,64049,Miami,Florida,USA,2023-03-15,81,Medium
C004176,8,Ananya Brown,Female,64,Premium,Other,19722,Ahmedabad,Gujarat,India,2016-01-16,19,Low
C004177,9,Emma Johnson,Male,58,Business,Healthcare,57876,Mumbai,Maharashtra,India,2017-06-04,40,High
C004178,8,Neha Davis,Other,46,Mass Market,Other,108193,Kolkata,West Bengal,India,2020-10-17,51,Low
C004179,4,Alex Kumar,Other,26,Mass Market,Healthcare,188464,Seattle,Washington,USA,2025-05-14,68,Low
C004180,2,Chris Taylor,Male,55,Affluent,Consultant,35737,Los Angeles,California,USA,2025-07-27,31,High
C004181,2,Neha Iyer,Female,43,Mass Market,Engineer,199737,Seattle,Washington,USA,2015-08-16,40,Medium
C004182,4,Morgan Gupta,Male,44,Business,Employee,102822,Miami,Florida,USA,2021-04-28,25,Medium
C004183,6,Casey Williams,Female,42,Mass Market,Engineer,77820,London,England,UK,2017-08-19,64,High
C004184,9,Neha Iyer,Male,42,Premium,Engineer,45227,Chennai,Tamil Nadu,India,2017-10-25,82,Low
C004185,9,Priya Patel,Male,65,Premium,Employee,107156,Kolkata,West Bengal,India,2021-11-23,71,Low
C004186,1,Jamie Taylor,Male,58,Business,Healthcare,35316,Houston,Texas,USA,2016-10-22,90,Medium
C004187,8,Avery Gupta,Other,47,Business,Healthcare,26725,Delhi,Delhi,India,2025-10-15,20,High
C004188,3,Sam Wilson,Male,64,Mass Market,Engineer,18000,Los Angeles,California,USA,2018-07-05,61,Low
C004189,2,Taylor Martin,Female,74,Affluent,Manager,59155,Seattle,Washington,USA,2016-06-24,70,Medium
C004190,6,Daniel Taylor,Female,60,Affluent,Student,51257,Manchester,England,UK,2020-06-20,60,Medium
C004191,1,Priya Williams,Other,66,Mass Market,Engineer,55675,Seattle,Washington,USA,2025-04-22,16,Low
C004192,4,Neha Sharma,Female,42,Premium,Employee,32650,Dallas,Texas,USA,2015-10-10,76,Medium
C004193,6,Noah Miller,Female,35,Premium,Consultant,59356,London,England,UK,2018-03-28,74,Low
C004194,3,Noah Taylor,Female,67,Affluent,Student,120117,Chicago,Illinois,USA,2020-05-05,70,High
C004195,6,Jamie Anderson,Male,75,Affluent,Manager,180549,Liverpool,England,UK,2023-07-28,28,Low
C004196,5,Arjun Sharma,Other,24,Affluent,Engineer,112587,Liverpool,England,UK,2024-11-14,36,Low
C004197,8,Morgan Iyer,Female,33,Premium,Consultant,39351,Bengaluru,Karnataka,India,2020-12-02,47,High
C004198,2,Emma Thomas,Female,43,Business,Retired,38177,Houston,Texas,USA,2022-02-08,70,Low
C004199,1,Neha Thomas,Female,48,Premium,Retired,51075,Seattle,Washington,USA,2025-10-08,80,Low
C004200,6,Vikram Brown,Other,64,Affluent,Business Owner,29277,London,England,UK,2022-12-03,94,Critical
C004201,3,Arjun Thomas,Female,74,Mass Market,Business Owner,36106,Chicago,Illinois,USA,2017-10-23,84,Low
C004202,8,Noah Thomas,Female,52,Business,Retired,53409,Mumbai,Maharashtra,India,2025-09-30,55,Low
C004203,1,Taylor Singh,Other,55,Business,Business Owner,56983,Seattle,Washington,USA,2020-02-01,37,Medium
C004204,6,Olivia Sharma,Other,45,Affluent,Consultant,31256,Birmingham,England,UK,2016-12-19,6,Low
C004205,10,Ananya Davis,Male,32,Premium,Student,38804,Pune,Maharashtra,India,2021-11-25,90,Low
C004206,1,Sam Sharma,Other,40,Affluent,Healthcare,72955,Dallas,Texas,USA,2016-04-08,31,High
C004207,4,Ananya Iyer,Male,66,Premium,Consultant,38146,Chicago,Illinois,USA,2017-12-08,75,Low
C004208,9,Ananya Kumar,Male,41,Business,Consultant,60323,Delhi,Delhi,India,2017-05-05,95,Low
C004209,6,Chris Davis,Male,50,Business,Engineer,64897,Liverpool,England,UK,2025-07-15,25,Low
C004210,2,Jordan Gupta,Male,62,Business,Student,234205,Chicago,Illinois,USA,2017-05-01,18,Medium
C004211,3,Emma Gupta,Female,72,Business,Healthcare,155874,Los Angeles,California,USA,2016-12-08,42,Medium
C004212,8,Arjun Davis,Male,30,Premium,Employee,92187,Ahmedabad,Gujarat,India,2022-09-11,45,Medium
C004213,9,Jordan Miller,Female,71,Mass Market,Student,78858,Kolkata,West Bengal,India,2025-04-16,11,High
C004214,4,Morgan Gupta,Male,61,Premium,Student,73713,Los Angeles,California,USA,2023-01-26,36,High
C004215,5,Vikram Singh,Male,50,Affluent,Manager,18000,Leeds,England,UK,2022-06-20,61,Critical
C004216,8,Priya Williams,Female,66,Business,Manager,38473,Kolkata,West Bengal,India,2023-12-29,45,Low
C004217,2,Chris Lee,Other,34,Mass Market,Manager,246325,San Francisco,California,USA,2025-10-10,46,Low
C004218,3,Olivia Kumar,Female,61,Mass Market,Retired,150170,Miami,Florida,USA,2024-05-30,35,Medium
C004219,8,Jamie Wilson,Other,61,Premium,Healthcare,123926,Ahmedabad,Gujarat,India,2024-03-22,94,Low
C004220,2,Jamie Martin,Female,51,Mass Market,Engineer,101252,Miami,Florida,USA,2015-09-08,89,Medium
C004221,8,Taylor Davis,Other,43,Mass Market,Other,189894,Hyderabad,Telangana,India,2015-12-18,49,High
C004222,5,Chris Moore,Male,73,Business,Manager,75087,Birmingham,England,UK,2019-06-25,64,High
C004223,10,Priya Anderson,Female,72,Mass Market,Manager,63027,Kolkata,West Bengal,India,2018-01-12,55,Medium
C004224,1,Riley Martin,Male,43,Mass Market,Healthcare,18000,Seattle,Washington,USA,2015-11-29,42,High
C004225,10,Arjun Williams,Other,45,Mass Market,Healthcare,111394,Delhi,Delhi,India,2018-01-02,16,Critical
C004226,3,Daniel Gupta,Female,54,Mass Market,Student,18000,Los Angeles,California,USA,2015-07-04,60,Low
C004227,1,Jordan Lee,Female,40,Affluent,Consultant,50856,San Francisco,California,USA,2022-12-31,15,Low
C004228,8,Jordan Davis,Other,35,Affluent,Student,178027,Ahmedabad,Gujarat,India,2021-02-22,11,Low
C004229,6,Daniel Williams,Male,59,Business,Engineer,186229,Liverpool,England,UK,2018-10-20,58,Low
C004230,9,Vikram Taylor,Female,66,Premium,Engineer,81252,Mumbai,Maharashtra,India,2021-05-12,43,Low
C004231,2,Chris Anderson,Other,42,Mass Market,Employee,161746,Seattle,Washington,USA,2018-03-11,44,Medium
C004232,1,Jamie Lee,Male,59,Premium,Manager,58418,Los Angeles,California,USA,2017-02-13,21,Low
C004233,6,Vikram Brown,Other,63,Affluent,Employee,66280,Birmingham,England,UK,2018-03-22,80,Critical
C004234,9,Jamie Moore,Female,33,Premium,Student,38637,Ahmedabad,Gujarat,India,2016-02-20,47,Low
C004235,5,Avery Moore,Other,28,Premium,Consultant,69676,Leeds,England,UK,2024-08-28,16,Medium
C004236,8,Chris Patel,Female,24,Affluent,Business Owner,73948,Delhi,Delhi,India,2019-09-06,88,High
C004237,10,Arjun Davis,Male,26,Business,Employee,148133,Hyderabad,Telangana,India,2015-11-10,40,Low
C004238,9,Priya Martin,Other,36,Affluent,Healthcare,47304,Kolkata,West Bengal,India,2021-12-01,6,Low
C004239,6,Jordan Thomas,Male,46,Affluent,Consultant,50398,London,England,UK,2025-03-13,73,High
C004240,7,Olivia Kumar,Other,34,Premium,Manager,66079,Berlin,Berlin,Germany,2021-06-28,68,Low
C004241,6,Taylor Martin,Male,36,Business,Other,51744,Leeds,England,UK,2021-05-17,91,Medium
C004242,7,Neha Taylor,Female,72,Business,Student,149277,Cologne,North Rhine-Westphalia,Germany,2019-11-03,76,Medium
C004243,6,Alex Patel,Male,66,Business,Business Owner,38916,Leeds,England,UK,2021-03-02,76,Low
C004244,6,Noah Wilson,Other,63,Mass Market,Engineer,136122,Liverpool,England,UK,2018-02-12,49,High
C004245,5,Emma Iyer,Male,72,Premium,Healthcare,111332,Leeds,England,UK,2016-01-13,23,Low
C004246,7,Emma Martin,Other,54,Business,Student,72983,Hamburg,Hamburg,Germany,2022-12-03,16,Medium
C004247,8,Alex Iyer,Other,59,Premium,Consultant,49701,Pune,Maharashtra,India,2015-11-26,28,Critical
C004248,10,Neha Singh,Other,33,Mass Market,Engineer,69976,Kolkata,West Bengal,India,2018-05-08,92,Low
C004249,7,Avery Gupta,Male,26,Premium,Consultant,46832,Cologne,North Rhine-Westphalia,Germany,2023-01-01,19,High
C004250,2,Jamie Martin,Other,75,Mass Market,Student,59152,Chicago,Illinois,USA,2016-11-20,59,Low
C004251,6,Jamie Anderson,Male,60,Affluent,Employee,73060,Birmingham,England,UK,2023-03-19,74,Low
C004252,4,Riley Singh,Male,42,Business,Healthcare,25228,Chicago,Illinois,USA,2016-03-01,35,Low
C004253,1,Daniel Iyer,Other,51,Premium,Consultant,64067,Miami,Florida,USA,2023-04-29,26,Low
C004254,1,Chris Anderson,Other,37,Affluent,Business Owner,113219,Dallas,Texas,USA,2023-09-14,24,Medium
C004255,6,Sam Smith,Male,52,Business,Consultant,84374,Manchester,England,UK,2022-12-25,70,Low
C004256,10,Riley Williams,Other,33,Premium,Business Owner,74844,Kolkata,West Bengal,India,2015-05-27,25,Low
C004257,6,Daniel Taylor,Male,68,Premium,Student,41639,Leeds,England,UK,2024-10-25,84,Low
C004258,5,Alex Lee,Male,51,Premium,Manager,80126,Liverpool,England,UK,2023-06-01,37,Low
C004259,1,Riley Johnson,Other,43,Business,Engineer,111521,Los Angeles,California,USA,2024-04-10,8,Low
C004260,7,Noah Kumar,Female,54,Business,Employee,35331,Munich,Bavaria,Germany,2023-12-19,94,Medium
C004261,1,Rahul Thomas,Male,59,Premium,Other,55377,Seattle,Washington,USA,2020-03-04,79,Low
C004262,9,Jamie Taylor,Female,47,Premium,Other,48206,Pune,Maharashtra,India,2023-12-24,56,Low
C004263,9,Noah Williams,Other,36,Premium,Healthcare,75340,Bengaluru,Karnataka,India,2019-04-18,52,Low
C004264,10,Casey Brown,Female,57,Affluent,Engineer,44791,Bengaluru,Karnataka,India,2025-04-06,87,Low
C004265,3,Ananya Martin,Other,63,Business,Employee,184253,San Francisco,California,USA,2017-06-24,53,Medium
C004266,2,Arjun Taylor,Other,75,Business,Business Owner,52516,Chicago,Illinois,USA,2018-01-11,20,Medium
C004267,3,Morgan Kumar,Other,55,Mass Market,Healthcare,48341,San Francisco,California,USA,2015-10-09,19,Low
C004268,8,Neha Smith,Other,44,Affluent,Student,51204,Chennai,Tamil Nadu,India,2023-01-19,31,Low
C004269,3,Sam Anderson,Female,32,Affluent,Other,79307,Los Angeles,California,USA,2015-05-10,94,Medium
C004270,9,Jordan Lee,Male,72,Premium,Student,121839,Pune,Maharashtra,India,2016-01-15,61,Low
C004271,2,Noah Davis,Female,62,Affluent,Engineer,69578,San Francisco,California,USA,2018-10-07,89,Low
C004272,1,Chris Taylor,Female,25,Affluent,Retired,25002,Los Angeles,California,USA,2019-01-13,82,Medium
C004273,3,Riley Iyer,Female,70,Business,Consultant,39389,New York,New York,USA,2024-01-28,93,High
C004274,8,Casey Sharma,Female,66,Premium,Employee,119306,Kolkata,West Bengal,India,2024-01-31,21,Medium
C004275,7,Noah Moore,Female,21,Premium,Business Owner,53906,Hamburg,Hamburg,Germany,2016-10-27,92,Medium
C004276,4,Neha Martin,Male,70,Business,Other,50070,Dallas,Texas,USA,2018-10-18,85,Low
C004277,7,Sam Martin,Male,22,Business,Consultant,48429,Munich,Bavaria,Germany,2024-11-15,5,Medium
C004278,7,Morgan Williams,Male,62,Business,Business Owner,40802,Cologne,North Rhine-Westphalia,Germany,2023-11-10,10,Low
C004279,6,Chris Thomas,Female,64,Business,Retired,62275,Birmingham,England,UK,2016-09-02,10,Low
C004280,6,Emma Martin,Male,21,Affluent,Healthcare,318463,London,England,UK,2025-12-19,79,Low
C004281,2,Olivia Davis,Male,56,Business,Healthcare,455531,Miami,Florida,USA,2017-06-15,31,Medium
C004282,3,Chris Thomas,Male,48,Business,Engineer,20327,Miami,Florida,USA,2022-02-19,30,High
C004283,6,Alex Anderson,Female,71,Business,Engineer,46957,Liverpool,England,UK,2022-04-29,95,Low
C004284,2,Jamie Davis,Female,22,Affluent,Healthcare,115872,New York,New York,USA,2018-11-21,67,Low
C004285,5,Neha Gupta,Other,61,Mass Market,Engineer,46465,Leeds,England,UK,2019-06-15,57,Low
C004286,2,Ananya Iyer,Female,50,Business,Student,81199,Houston,Texas,USA,2023-08-27,69,Medium
C004287,8,Arjun Iyer,Male,62,Mass Market,Consultant,25050,Hyderabad,Telangana,India,2024-04-24,71,Medium
C004288,2,Noah Johnson,Male,51,Mass Market,Business Owner,96999,Chicago,Illinois,USA,2020-09-30,94,Low
C004289,1,Casey Brown,Female,64,Mass Market,Business Owner,73640,Los Angeles,California,USA,2023-12-22,20,High
C004290,7,Ananya Miller,Female,73,Mass Market,Student,85638,Berlin,Berlin,Germany,2025-03-08,7,Low
C004291,3,Priya Clark,Male,53,Mass Market,Other,18000,Seattle,Washington,USA,2017-12-10,60,Low
C004292,4,Chris Smith,Male,58,Premium,Consultant,149606,Dallas,Texas,USA,2018-07-18,15,Low
C004293,4,Casey Sharma,Other,47,Affluent,Consultant,126394,Dallas,Texas,USA,2015-03-09,90,Low
C004294,3,Priya Moore,Male,64,Business,Business Owner,66519,Seattle,Washington,USA,2015-06-05,15,Low
C004295,8,Chris Williams,Other,42,Affluent,Business Owner,38781,Mumbai,Maharashtra,India,2019-09-17,43,Low
C004296,7,Alex Thomas,Female,67,Business,Employee,77065,Munich,Bavaria,Germany,2018-08-27,40,Low
C004297,3,Chris Anderson,Female,45,Affluent,Student,84931,Houston,Texas,USA,2025-11-19,63,Low
C004298,7,Daniel Iyer,Male,69,Business,Retired,53103,Berlin,Berlin,Germany,2016-12-23,53,Medium
C004299,8,Casey Miller,Other,21,Business,Other,62180,Pune,Maharashtra,India,2019-03-30,56,High
C004300,6,Noah Brown,Female,68,Business,Healthcare,64554,Birmingham,England,UK,2023-01-22,76,High
C004301,6,Jordan Johnson,Male,61,Premium,Other,100833,Manchester,England,UK,2021-08-02,56,Medium
C004302,10,Jamie Martin,Other,61,Business,Engineer,40374,Pune,Maharashtra,India,2019-02-09,76,Medium
C004303,5,Rahul Sharma,Other,45,Business,Retired,56785,Liverpool,England,UK,2016-05-05,27,Medium
C004304,4,Riley Martin,Male,55,Premium,Business Owner,69507,Seattle,Washington,USA,2019-05-14,14,Low
C004305,6,Olivia Thomas,Other,73,Premium,Manager,87412,Liverpool,England,UK,2021-10-25,14,Low
C004306,9,Ananya Iyer,Other,62,Affluent,Manager,60946,Ahmedabad,Gujarat,India,2016-08-21,82,Low
C004307,8,Arjun Anderson,Female,35,Affluent,Student,64566,Delhi,Delhi,India,2015-05-01,52,High
C004308,1,Emma Sharma,Female,43,Affluent,Other,33352,New York,New York,USA,2022-10-09,50,Low
C004309,5,Priya Singh,Female,47,Affluent,Employee,67582,Leeds,England,UK,2025-09-21,24,Low
C004310,8,Sam Iyer,Other,62,Premium,Consultant,101019,Delhi,Delhi,India,2021-09-28,37,Medium
C004311,3,Casey Moore,Female,45,Affluent,Other,319641,New York,New York,USA,2022-01-05,62,Low
C004312,10,Rahul Lee,Female,30,Affluent,Student,32790,Kolkata,West Bengal,India,2020-05-19,37,Low
C004313,9,Rahul Anderson,Male,45,Business,Retired,33100,Chennai,Tamil Nadu,India,2019-05-04,52,Low
C004314,9,Jamie Miller,Female,40,Mass Market,Other,27329,Ahmedabad,Gujarat,India,2018-03-30,34,Low
C004315,1,Riley Gupta,Female,53,Business,Other,118426,Seattle,Washington,USA,2015-02-13,20,Medium
C004316,6,Priya Martin,Other,34,Mass Market,Healthcare,50701,Liverpool,England,UK,2022-05-28,28,Low
C004317,6,Sam Anderson,Other,60,Business,Healthcare,91508,Manchester,England,UK,2019-03-16,73,Medium
C004318,7,Jordan Johnson,Other,51,Mass Market,Engineer,69097,Munich,Bavaria,Germany,2018-06-16,20,Low
C004319,9,Morgan Wilson,Male,33,Business,Retired,64875,Delhi,Delhi,India,2022-02-03,58,Low
C004320,4,Morgan Singh,Female,50,Mass Market,Retired,72206,San Francisco,California,USA,2022-11-11,37,Medium
C004321,6,Ananya Thomas,Other,48,Affluent,Student,98544,Liverpool,England,UK,2020-02-19,33,Medium
C004322,7,Neha Moore,Other,33,Mass Market,Engineer,76462,Berlin,Berlin,Germany,2022-08-07,84,Medium
C004323,8,Vikram Taylor,Other,71,Business,Business Owner,83094,Delhi,Delhi,India,2024-03-30,39,Medium
C004324,8,Casey Taylor,Male,44,Mass Market,Consultant,25699,Hyderabad,Telangana,India,2018-01-22,65,Medium
C004325,4,Jamie Davis,Male,51,Mass Market,Employee,22332,Houston,Texas,USA,2016-08-17,74,Medium
C004326,10,Olivia Sharma,Other,62,Mass Market,Consultant,27071,Pune,Maharashtra,India,2015-12-31,32,Medium
C004327,1,Jamie Singh,Male,75,Affluent,Healthcare,63826,Chicago,Illinois,USA,2017-04-03,17,Low
C004328,5,Vikram Miller,Other,22,Business,Retired,73307,London,England,UK,2017-05-23,82,Low
C004329,7,Priya Brown,Male,27,Affluent,Other,106980,Frankfurt,Hesse,Germany,2021-04-04,54,Low
C004330,1,Chris Kumar,Other,75,Mass Market,Consultant,18000,San Francisco,California,USA,2016-01-06,55,Medium
C004331,5,Morgan Davis,Male,28,Premium,Other,46849,Manchester,England,UK,2017-06-10,46,Medium
C004332,6,Vikram Moore,Female,62,Mass Market,Consultant,82730,Liverpool,England,UK,2015-05-11,70,Low
C004333,7,Olivia Brown,Male,48,Premium,Business Owner,42955,Munich,Bavaria,Germany,2016-08-18,30,Low
C004334,2,Daniel Miller,Female,26,Affluent,Business Owner,44287,San Francisco,California,USA,2020-02-18,84,Low
C004335,3,Jordan Gupta,Male,47,Affluent,Healthcare,18000,Houston,Texas,USA,2021-07-14,7,Low
C004336,3,Taylor Clark,Male,75,Business,Other,41045,Los Angeles,California,USA,2019-07-31,42,Medium
C004337,7,Sam Thomas,Female,36,Business,Other,66045,Frankfurt,Hesse,Germany,2022-01-28,19,Low
C004338,4,Olivia Clark,Other,27,Business,Healthcare,142111,Miami,Florida,USA,2020-04-01,31,Medium
C004339,6,Rahul Taylor,Female,74,Premium,Consultant,47834,Manchester,England,UK,2018-09-27,27,Medium
C004340,8,Olivia Thomas,Other,42,Premium,Employee,92568,Bengaluru,Karnataka,India,2019-09-28,25,Low
C004341,8,Arjun Davis,Other,44,Affluent,Business Owner,63450,Chennai,Tamil Nadu,India,2022-07-12,40,Medium
C004342,2,Rahul Sharma,Other,72,Affluent,Other,227140,San Francisco,California,USA,2025-05-04,91,High
C004343,10,Arjun Moore,Other,26,Mass Market,Manager,53227,Pune,Maharashtra,India,2021-03-16,22,Medium
C004344,2,Daniel Thomas,Other,65,Mass Market,Healthcare,81729,Los Angeles,California,USA,2017-07-22,78,Low
C004345,1,Olivia Thomas,Female,72,Mass Market,Manager,91069,Los Angeles,California,USA,2016-10-14,38,Medium
C004346,1,Emma Gupta,Other,30,Business,Engineer,91199,Chicago,Illinois,USA,2022-07-22,93,Low
C004347,3,Emma Moore,Female,71,Affluent,Manager,50112,San Francisco,California,USA,2022-06-23,49,Medium
C004348,9,Emma Martin,Male,73,Mass Market,Student,176415,Ahmedabad,Gujarat,India,2025-12-28,60,Low
C004349,3,Emma Iyer,Female,64,Premium,Business Owner,58495,Seattle,Washington,USA,2024-03-15,62,Medium
C004350,7,Morgan Johnson,Female,44,Business,Consultant,58721,Frankfurt,Hesse,Germany,2015-04-10,81,Low
C004351,5,Emma Patel,Female,36,Affluent,Student,52992,London,England,UK,2018-09-22,78,Low
C004352,1,Casey Iyer,Female,35,Mass Market,Consultant,51365,Los Angeles,California,USA,2015-04-13,38,High
C004353,5,Sam Patel,Male,49,Affluent,Student,43102,Leeds,England,UK,2023-02-15,86,Critical
C004354,1,Priya Kumar,Female,21,Premium,Healthcare,101594,Los Angeles,California,USA,2016-08-03,11,Low
C004355,5,Rahul Brown,Male,71,Mass Market,Manager,227960,Manchester,England,UK,2021-10-23,51,Medium
C004356,6,Noah Anderson,Male,51,Mass Market,Engineer,109449,Birmingham,England,UK,2022-06-25,43,Low
C004357,6,Casey Brown,Male,43,Business,Employee,105283,Leeds,England,UK,2025-01-09,66,High
C004358,3,Vikram Johnson,Female,22,Mass Market,Business Owner,28457,Dallas,Texas,USA,2018-08-14,50,High
C004359,8,Neha Kumar,Other,53,Business,Manager,62329,Chennai,Tamil Nadu,India,2015-09-29,53,Low
C004360,6,Noah Brown,Male,50,Business,Consultant,43067,Manchester,England,UK,2017-01-31,50,Low
C004361,3,Rahul Smith,Other,68,Business,Healthcare,39708,Chicago,Illinois,USA,2016-10-01,81,Low
C004362,5,Taylor Miller,Male,59,Premium,Business Owner,130919,London,England,UK,2018-04-07,94,Low
C004363,2,Taylor Thomas,Male,43,Mass Market,Consultant,89583,Dallas,Texas,USA,2016-05-27,92,Low
C004364,10,Emma Williams,Other,28,Premium,Employee,114888,Ahmedabad,Gujarat,India,2015-11-02,92,Low
C004365,8,Riley Brown,Male,24,Affluent,Healthcare,58899,Mumbai,Maharashtra,India,2021-07-17,45,Low
C004366,3,Casey Wilson,Female,32,Mass Market,Healthcare,85989,New York,New York,USA,2015-08-12,37,Low
C004367,7,Chris Johnson,Male,35,Premium,Employee,29377,Hamburg,Hamburg,Germany,2016-11-25,36,Low
C004368,7,Jordan Williams,Female,23,Premium,Healthcare,46854,Hamburg,Hamburg,Germany,2025-12-13,67,Critical
C004369,7,Emma Martin,Male,40,Premium,Student,34482,Cologne,North Rhine-Westphalia,Germany,2015-10-01,64,Low
C004370,1,Riley Johnson,Male,24,Business,Other,22536,New York,New York,USA,2025-02-10,51,Medium
C004371,9,Taylor Martin,Male,27,Mass Market,Manager,18000,Ahmedabad,Gujarat,India,2020-12-09,43,Low
C004372,10,Daniel Moore,Other,27,Affluent,Business Owner,29328,Delhi,Delhi,India,2015-10-26,80,Medium
C004373,10,Avery Johnson,Other,24,Mass Market,Healthcare,119771,Hyderabad,Telangana,India,2024-03-03,72,Low
C004374,10,Alex Miller,Male,67,Mass Market,Manager,61591,Mumbai,Maharashtra,India,2018-12-19,24,Low
C004375,10,Neha Gupta,Female,36,Business,Manager,70455,Hyderabad,Telangana,India,2022-12-03,73,Low
C004376,8,Arjun Iyer,Female,42,Business,Employee,132706,Bengaluru,Karnataka,India,2020-08-24,69,Low
C004377,1,Jamie Davis,Male,46,Mass Market,Student,18000,Dallas,Texas,USA,2017-04-23,14,Low
C004378,5,Noah Brown,Other,24,Mass Market,Healthcare,160961,Manchester,England,UK,2023-10-11,30,High
C004379,3,Ananya Clark,Female,50,Premium,Student,110780,Los Angeles,California,USA,2016-09-16,23,Low
C004380,3,Morgan Iyer,Female,22,Mass Market,Engineer,57180,San Francisco,California,USA,2015-05-24,8,Low
C004381,9,Avery Anderson,Male,33,Mass Market,Retired,58835,Ahmedabad,Gujarat,India,2017-09-12,14,Low
C004382,9,Daniel Williams,Male,63,Mass Market,Employee,176653,Bengaluru,Karnataka,India,2019-08-08,60,Low
C004383,6,Morgan Smith,Female,57,Affluent,Engineer,165609,Manchester,England,UK,2025-08-25,19,Low
C004384,8,Arjun Kumar,Other,33,Mass Market,Employee,58364,Bengaluru,Karnataka,India,2024-12-08,25,Medium
C004385,2,Morgan Singh,Female,71,Mass Market,Student,74760,Chicago,Illinois,USA,2021-11-07,95,Low
C004386,3,Noah Thomas,Male,57,Business,Other,91070,Houston,Texas,USA,2025-09-15,28,Medium
C004387,9,Rahul Moore,Male,58,Premium,Student,142102,Mumbai,Maharashtra,India,2021-11-20,6,High
C004388,5,Avery Martin,Female,40,Business,Business Owner,54656,Birmingham,England,UK,2015-12-04,80,Low
C004389,6,Jordan Martin,Female,44,Premium,Manager,41882,Manchester,England,UK,2016-01-14,43,Medium
C004390,5,Olivia Sharma,Female,68,Business,Manager,71945,Manchester,England,UK,2018-01-09,48,Low
C004391,3,Casey Singh,Female,24,Premium,Engineer,52934,Chicago,Illinois,USA,2017-09-10,81,Low
C004392,9,Vikram Smith,Other,40,Mass Market,Retired,93210,Ahmedabad,Gujarat,India,2025-05-19,77,Low
C004393,8,Vikram Taylor,Male,55,Premium,Other,24742,Pune,Maharashtra,India,2016-10-03,88,Low
C004394,7,Ananya Singh,Male,26,Affluent,Manager,66437,Frankfurt,Hesse,Germany,2018-11-18,68,High
C004395,4,Morgan Iyer,Male,21,Premium,Engineer,44906,San Francisco,California,USA,2018-07-06,66,High
C004396,7,Avery Kumar,Male,53,Affluent,Other,32768,Hamburg,Hamburg,Germany,2016-02-07,77,Low
C004397,10,Jordan Iyer,Female,75,Business,Other,20141,Kolkata,West Bengal,India,2024-02-21,50,Low
C004398,7,Jordan Martin,Other,37,Premium,Manager,39063,Hamburg,Hamburg,Germany,2015-01-31,54,Low
C004399,5,Neha Sharma,Other,48,Affluent,Engineer,44180,London,England,UK,2015-10-31,24,High
C004400,3,Rahul Patel,Other,50,Business,Student,71323,New York,New York,USA,2023-08-07,61,Low
C004401,6,Daniel Martin,Female,30,Affluent,Student,95112,Leeds,England,UK,2017-03-31,53,Low
C004402,4,Rahul Iyer,Male,40,Affluent,Business Owner,101185,Miami,Florida,USA,2022-11-20,45,Medium
C004403,7,Priya Williams,Female,69,Mass Market,Engineer,44676,Cologne,North Rhine-Westphalia,Germany,2021-10-15,41,Low
C004404,1,Taylor Johnson,Female,66,Business,Healthcare,126022,San Francisco,California,USA,2019-11-12,90,Low
C004405,2,Riley Moore,Other,48,Mass Market,Employee,23510,New York,New York,USA,2018-03-04,72,Medium
C004406,8,Rahul Patel,Female,54,Business,Manager,54945,Bengaluru,Karnataka,India,2018-07-18,27,Low
C004407,4,Arjun Clark,Female,29,Business,Engineer,46599,Los Angeles,California,USA,2023-06-12,17,Medium
C004408,5,Rahul Moore,Male,72,Business,Other,49769,Liverpool,England,UK,2025-03-31,73,Low
C004409,6,Jordan Lee,Female,49,Affluent,Student,51822,Manchester,England,UK,2020-04-27,55,Low
C004410,5,Chris Taylor,Female,29,Mass Market,Student,83059,Manchester,England,UK,2022-04-12,75,Low
C004411,8,Noah Gupta,Other,38,Affluent,Employee,41482,Mumbai,Maharashtra,India,2021-02-08,91,Low
C004412,3,Olivia Thomas,Female,54,Premium,Business Owner,73580,Los Angeles,California,USA,2022-05-24,51,Medium
C004413,8,Priya Miller,Other,58,Affluent,Other,21039,Chennai,Tamil Nadu,India,2025-08-15,55,High
C004414,3,Rahul Brown,Other,35,Business,Engineer,40546,Houston,Texas,USA,2017-07-22,63,Low
C004415,4,Ananya Miller,Female,52,Business,Student,47422,Los Angeles,California,USA,2016-07-19,71,Low
C004416,6,Ananya Anderson,Female,60,Premium,Healthcare,193723,Birmingham,England,UK,2025-01-18,74,Critical
C004417,9,Vikram Iyer,Male,68,Mass Market,Healthcare,154717,Chennai,Tamil Nadu,India,2016-07-01,46,Low
C004418,3,Arjun Anderson,Female,73,Mass Market,Other,23698,Houston,Texas,USA,2025-04-02,20,Low
C004419,6,Sam Clark,Female,25,Mass Market,Engineer,42517,London,England,UK,2017-05-08,55,Low
C004420,1,Arjun Anderson,Other,46,Premium,Manager,88252,Houston,Texas,USA,2015-04-24,67,High
C004421,1,Vikram Singh,Male,33,Premium,Consultant,49152,Miami,Florida,USA,2015-12-05,54,Medium
C004422,8,Ananya Thomas,Male,35,Business,Healthcare,23521,Pune,Maharashtra,India,2025-07-29,63,Critical
C004423,8,Ananya Gupta,Female,46,Premium,Healthcare,36012,Chennai,Tamil Nadu,India,2020-10-01,13,Low
C004424,4,Chris Patel,Male,66,Premium,Consultant,65708,San Francisco,California,USA,2019-09-11,28,High
C004425,7,Casey Sharma,Other,34,Mass Market,Other,88412,Munich,Bavaria,Germany,2021-02-12,16,High
C004426,4,Avery Sharma,Male,59,Affluent,Student,77765,Seattle,Washington,USA,2020-10-24,34,High
C004427,3,Jordan Clark,Male,55,Premium,Consultant,73821,Houston,Texas,USA,2016-06-25,20,Medium
C004428,5,Jamie Johnson,Male,39,Mass Market,Business Owner,42136,Liverpool,England,UK,2020-02-07,78,Low
C004429,4,Olivia Clark,Female,46,Business,Healthcare,163657,Houston,Texas,USA,2023-10-16,19,Medium
C004430,9,Casey Clark,Male,52,Affluent,Student,114558,Ahmedabad,Gujarat,India,2022-06-10,29,Low
C004431,5,Jamie Moore,Other,24,Affluent,Retired,42083,Manchester,England,UK,2021-09-18,64,Low
C004432,4,Chris Lee,Other,48,Mass Market,Employee,42960,Chicago,Illinois,USA,2025-06-24,79,High
C004433,6,Sam Patel,Male,74,Mass Market,Healthcare,124403,Liverpool,England,UK,2015-10-27,47,Low
C004434,8,Noah Moore,Female,31,Business,Other,98563,Delhi,Delhi,India,2024-04-01,6,Low
C004435,3,Jamie Anderson,Other,35,Affluent,Employee,24337,Chicago,Illinois,USA,2021-06-03,32,Medium
C004436,10,Chris Clark,Male,40,Mass Market,Retired,138779,Delhi,Delhi,India,2025-06-07,62,Low
C004437,5,Taylor Thomas,Male,54,Business,Business Owner,76603,Leeds,England,UK,2016-05-15,11,Low
C004438,7,Vikram Brown,Female,64,Affluent,Retired,52850,Frankfurt,Hesse,Germany,2020-04-25,40,High
C004439,10,Daniel Gupta,Male,29,Affluent,Retired,53621,Kolkata,West Bengal,India,2016-06-08,70,Medium
C004440,5,Taylor Lee,Other,26,Mass Market,Other,81243,Birmingham,England,UK,2022-11-22,32,Low
C004441,2,Avery Williams,Male,34,Premium,Other,63292,Houston,Texas,USA,2016-09-22,25,Low
C004442,8,Vikram Johnson,Female,41,Mass Market,Business Owner,80355,Delhi,Delhi,India,2021-11-15,57,Medium
C004443,1,Noah Lee,Female,35,Mass Market,Manager,51361,Miami,Florida,USA,2018-01-18,57,High
C004444,5,Arjun Lee,Other,68,Mass Market,Healthcare,40700,Manchester,England,UK,2025-02-08,21,Low
C004445,10,Morgan Martin,Other,66,Business,Engineer,23952,Kolkata,West Bengal,India,2022-01-22,30,Low
C004446,5,Casey Kumar,Male,63,Affluent,Employee,60483,Birmingham,England,UK,2024-01-12,13,Low
C004447,7,Morgan Patel,Male,57,Premium,Student,18000,Cologne,North Rhine-Westphalia,Germany,2019-08-26,84,Low
C004448,6,Jordan Davis,Other,65,Mass Market,Engineer,146386,Birmingham,England,UK,2021-06-21,82,Low
C004449,3,Olivia Patel,Other,49,Premium,Consultant,27408,Seattle,Washington,USA,2016-03-13,21,Medium
C004450,4,Jordan Wilson,Other,32,Affluent,Engineer,32645,San Francisco,California,USA,2018-08-12,41,Medium
C004451,6,Sam Sharma,Male,55,Affluent,Healthcare,61132,Birmingham,England,UK,2018-08-18,54,Low
C004452,2,Neha Clark,Male,63,Premium,Business Owner,123459,Chicago,Illinois,USA,2025-12-25,92,Low
C004453,5,Avery Moore,Other,42,Affluent,Manager,88609,Leeds,England,UK,2024-11-28,57,Medium
C004454,5,Chris Clark,Other,23,Affluent,Other,56978,Birmingham,England,UK,2022-11-13,78,Low
C004455,9,Daniel Patel,Female,66,Premium,Healthcare,81087,Hyderabad,Telangana,India,2019-09-10,60,Medium
C004456,2,Emma Thomas,Male,41,Business,Consultant,117471,Houston,Texas,USA,2020-04-19,25,Low
C004457,9,Rahul Anderson,Female,32,Business,Manager,124470,Kolkata,West Bengal,India,2024-02-10,16,Low
C004458,5,Ananya Miller,Other,58,Mass Market,Student,33879,Birmingham,England,UK,2025-05-15,65,Low
C004459,7,Daniel Moore,Male,66,Business,Engineer,78233,Berlin,Berlin,Germany,2016-10-06,56,Medium
C004460,6,Rahul Lee,Male,25,Premium,Business Owner,33958,London,England,UK,2021-06-29,20,Low
C004461,3,Riley Singh,Other,23,Premium,Healthcare,55411,New York,New York,USA,2025-05-29,23,Low
C004462,10,Taylor Davis,Female,37,Affluent,Employee,94513,Mumbai,Maharashtra,India,2025-07-23,68,Critical
C004463,3,Sam Gupta,Other,34,Business,Healthcare,68983,Seattle,Washington,USA,2015-06-24,58,Low
C004464,1,Rahul Clark,Male,47,Affluent,Engineer,24767,Dallas,Texas,USA,2024-10-19,60,Medium
C004465,8,Vikram Gupta,Female,69,Premium,Retired,69490,Bengaluru,Karnataka,India,2022-04-28,15,Low
C004466,7,Priya Johnson,Male,30,Premium,Other,60375,Berlin,Berlin,Germany,2022-12-21,67,High
C004467,9,Casey Sharma,Male,73,Affluent,Business Owner,42280,Hyderabad,Telangana,India,2023-03-17,69,High
C004468,5,Casey Miller,Female,69,Mass Market,Manager,87117,Leeds,England,UK,2018-12-19,32,Low
C004469,1,Emma Brown,Female,32,Business,Consultant,108387,Houston,Texas,USA,2015-11-12,75,Low
C004470,1,Chris Lee,Male,50,Affluent,Student,266144,New York,New York,USA,2020-09-05,28,Medium
C004471,5,Jordan Smith,Other,29,Mass Market,Business Owner,68171,London,England,UK,2023-10-04,44,Medium
C004472,3,Emma Sharma,Other,43,Business,Healthcare,28437,Houston,Texas,USA,2015-01-15,71,High
C004473,10,Riley Anderson,Other,27,Premium,Healthcare,90330,Mumbai,Maharashtra,India,2017-08-14,55,Critical
C004474,2,Casey Johnson,Male,23,Premium,Consultant,35465,Los Angeles,California,USA,2021-02-18,18,Low
C004475,9,Priya Brown,Male,73,Premium,Consultant,49874,Bengaluru,Karnataka,India,2017-05-21,72,Medium
C004476,3,Ananya Iyer,Other,27,Affluent,Retired,124094,Los Angeles,California,USA,2015-07-31,61,Medium
C004477,2,Noah Sharma,Male,65,Mass Market,Employee,74463,Dallas,Texas,USA,2017-06-09,29,Low
C004478,3,Riley Miller,Female,39,Premium,Retired,51789,Seattle,Washington,USA,2025-03-06,40,High
C004479,2,Neha Thomas,Other,45,Mass Market,Business Owner,42645,Chicago,Illinois,USA,2024-09-26,45,Low
C004480,5,Morgan Davis,Other,51,Mass Market,Healthcare,69600,London,England,UK,2018-03-23,55,High
C004481,4,Vikram Thomas,Male,40,Mass Market,Student,43708,Seattle,Washington,USA,2023-11-07,74,Low
C004482,6,Sam Singh,Male,33,Mass Market,Employee,74296,London,England,UK,2019-10-31,5,Medium
C004483,6,Taylor Johnson,Female,46,Affluent,Consultant,76448,Birmingham,England,UK,2018-11-24,34,Low
C004484,1,Noah Taylor,Female,22,Premium,Healthcare,72641,Houston,Texas,USA,2021-09-02,33,Low
C004485,2,Jordan Thomas,Male,41,Affluent,Consultant,83682,Chicago,Illinois,USA,2024-10-14,55,Medium
C004486,2,Alex Martin,Male,51,Premium,Engineer,56875,Dallas,Texas,USA,2023-05-17,52,Critical
C004487,2,Morgan Clark,Female,40,Business,Employee,23769,Los Angeles,California,USA,2022-04-19,14,Low
C004488,1,Noah Anderson,Other,42,Affluent,Consultant,118467,Houston,Texas,USA,2020-08-22,93,Medium
C004489,4,Sam Clark,Male,36,Business,Employee,54132,Seattle,Washington,USA,2018-03-30,32,Medium
C004490,6,Priya Moore,Male,44,Mass Market,Employee,62623,Manchester,England,UK,2018-01-01,21,Low
C004491,4,Ananya Johnson,Female,74,Premium,Other,55107,Chicago,Illinois,USA,2019-10-21,29,High
C004492,4,Jordan Taylor,Male,40,Affluent,Healthcare,112371,Miami,Florida,USA,2015-08-07,87,Medium
C004493,5,Morgan Smith,Male,29,Mass Market,Retired,143690,Liverpool,England,UK,2015-09-03,63,Medium
C004494,6,Jordan Williams,Other,49,Business,Employee,55823,London,England,UK,2017-03-22,63,Medium
C004495,4,Jordan Iyer,Female,50,Premium,Retired,190346,Dallas,Texas,USA,2020-08-08,41,High
C004496,3,Sam Thomas,Other,49,Mass Market,Student,75329,Miami,Florida,USA,2022-05-12,67,Low
C004497,5,Jamie Thomas,Other,26,Affluent,Retired,44452,Birmingham,England,UK,2025-07-26,9,Medium
C004498,1,Daniel Kumar,Male,58,Mass Market,Business Owner,68222,Miami,Florida,USA,2024-07-29,39,Low
C004499,5,Priya Davis,Other,62,Affluent,Manager,44079,London,England,UK,2022-05-24,64,Critical
C004500,10,Chris Gupta,Other,43,Affluent,Employee,129470,Pune,Maharashtra,India,2022-12-03,76,Low
C004501,4,Casey Gupta,Other,46,Mass Market,Student,140750,Chicago,Illinois,USA,2024-01-25,5,Medium
C004502,2,Olivia Patel,Other,54,Business,Consultant,131692,Miami,Florida,USA,2019-12-24,78,Critical
C004503,8,Vikram Davis,Female,56,Business,Student,160168,Pune,Maharashtra,India,2025-11-19,19,Critical
C004504,2,Avery Miller,Other,50,Mass Market,Other,51584,Los Angeles,California,USA,2015-07-03,56,Critical
C004505,2,Arjun Martin,Other,67,Affluent,Retired,38098,Seattle,Washington,USA,2015-05-04,14,Low
C004506,2,Chris Davis,Male,33,Business,Consultant,149385,Los Angeles,California,USA,2018-06-18,17,Low
C004507,9,Daniel Kumar,Other,33,Business,Student,105036,Pune,Maharashtra,India,2022-11-16,53,Critical
C004508,10,Vikram Iyer,Male,38,Mass Market,Consultant,48988,Pune,Maharashtra,India,2021-09-24,63,High
C004509,6,Vikram Sharma,Other,29,Business,Employee,35190,London,England,UK,2020-10-27,91,Low
C004510,7,Chris Iyer,Other,74,Mass Market,Manager,60037,Berlin,Berlin,Germany,2021-05-15,21,Low
C004511,7,Morgan Johnson,Female,54,Business,Engineer,44175,Berlin,Berlin,Germany,2017-08-19,78,Low
C004512,7,Ananya Lee,Male,62,Mass Market,Consultant,85448,Cologne,North Rhine-Westphalia,Germany,2023-03-25,40,Low
C004513,6,Arjun Brown,Female,69,Premium,Business Owner,168498,London,England,UK,2016-09-13,95,Low
C004514,10,Rahul Thomas,Female,22,Mass Market,Other,32503,Mumbai,Maharashtra,India,2019-02-04,74,Low
C004515,8,Taylor Wilson,Male,32,Mass Market,Other,178011,Pune,Maharashtra,India,2015-04-08,80,Low
C004516,1,Ananya Gupta,Other,71,Mass Market,Retired,69084,Houston,Texas,USA,2019-01-27,37,Low
C004517,4,Chris Sharma,Male,32,Mass Market,Retired,86435,Los Angeles,California,USA,2022-12-19,48,Critical
C004518,10,Jordan Kumar,Other,73,Affluent,Student,100053,Chennai,Tamil Nadu,India,2021-11-20,33,Medium
C004519,5,Taylor Miller,Male,57,Affluent,Manager,117008,Manchester,England,UK,2017-09-14,53,Low
C004520,3,Vikram Williams,Female,21,Business,Business Owner,165335,Houston,Texas,USA,2025-10-28,43,Low
C004521,9,Sam Martin,Other,73,Premium,Retired,38793,Chennai,Tamil Nadu,India,2023-12-02,43,High
C004522,7,Priya Brown,Female,52,Premium,Employee,74445,Cologne,North Rhine-Westphalia,Germany,2020-07-01,39,High
C004523,6,Olivia Martin,Male,52,Mass Market,Consultant,73495,London,England,UK,2024-09-17,67,Low
C004524,5,Jordan Thomas,Male,24,Business,Other,78115,Liverpool,England,UK,2023-08-20,43,Low
C004525,2,Alex Moore,Other,56,Premium,Employee,119098,Los Angeles,California,USA,2018-11-07,37,High
C004526,4,Arjun Wilson,Female,28,Premium,Consultant,34042,New York,New York,USA,2024-03-21,24,High
C004527,5,Emma Thomas,Female,45,Premium,Consultant,80120,Liverpool,England,UK,2020-01-23,66,Low
C004528,10,Ananya Brown,Male,50,Business,Student,31633,Mumbai,Maharashtra,India,2022-06-21,19,Low
C004529,4,Olivia Williams,Female,48,Mass Market,Other,88447,Houston,Texas,USA,2021-07-05,91,Low
C004530,2,Vikram Lee,Female,27,Affluent,Business Owner,126887,Seattle,Washington,USA,2024-04-18,81,Medium
C004531,5,Neha Thomas,Other,58,Mass Market,Student,54210,Manchester,England,UK,2020-11-13,77,Medium
C004532,10,Daniel Johnson,Other,72,Mass Market,Engineer,94333,Kolkata,West Bengal,India,2021-04-25,39,Low
C004533,5,Noah Patel,Female,53,Premium,Employee,25203,Liverpool,England,UK,2016-08-28,55,High
C004534,4,Chris Johnson,Other,64,Premium,Business Owner,82654,Houston,Texas,USA,2022-10-02,46,Medium
C004535,7,Arjun Martin,Female,47,Premium,Business Owner,76439,Munich,Bavaria,Germany,2025-07-27,66,Low
C004536,7,Ananya Iyer,Male,26,Affluent,Manager,25627,Munich,Bavaria,Germany,2017-04-13,26,Low
C004537,3,Alex Thomas,Male,41,Premium,Business Owner,46277,Dallas,Texas,USA,2020-04-03,86,Low
C004538,10,Rahul Davis,Female,45,Affluent,Other,43635,Mumbai,Maharashtra,India,2020-11-13,81,Low
C004539,6,Taylor Lee,Male,70,Premium,Manager,107838,Birmingham,England,UK,2019-07-14,69,Medium
C004540,1,Daniel Taylor,Female,22,Premium,Retired,114501,Houston,Texas,USA,2023-04-15,47,Low
C004541,5,Chris Singh,Male,34,Affluent,Engineer,40015,Liverpool,England,UK,2022-04-15,73,Low
C004542,10,Sam Thomas,Male,72,Mass Market,Manager,62224,Kolkata,West Bengal,India,2019-07-26,74,Low
C004543,4,Riley Davis,Male,65,Affluent,Business Owner,27582,New York,New York,USA,2016-06-11,77,Low
C004544,6,Priya Smith,Other,48,Business,Student,46310,Liverpool,England,UK,2018-04-01,85,High
C004545,7,Jordan Gupta,Other,55,Business,Consultant,94583,Berlin,Berlin,Germany,2021-02-14,21,Low
C004546,8,Arjun Miller,Other,59,Business,Business Owner,46244,Pune,Maharashtra,India,2020-08-16,6,Low
C004547,9,Neha Smith,Female,42,Business,Employee,58334,Pune,Maharashtra,India,2020-11-24,49,Low
C004548,2,Neha Taylor,Female,43,Premium,Consultant,126930,San Francisco,California,USA,2024-11-22,45,Low
C004549,6,Priya Brown,Other,71,Premium,Manager,19954,Leeds,England,UK,2017-10-11,65,Low
C004550,6,Taylor Brown,Female,49,Premium,Engineer,46477,Birmingham,England,UK,2025-05-02,11,Low
C004551,2,Avery Miller,Male,34,Premium,Healthcare,46699,Seattle,Washington,USA,2020-03-04,85,Medium
C004552,7,Ananya Miller,Female,25,Business,Engineer,25030,Munich,Bavaria,Germany,2020-03-26,58,Critical
C004553,2,Jordan Taylor,Female,44,Business,Retired,49083,San Francisco,California,USA,2017-11-29,64,Low
C004554,5,Vikram Miller,Other,56,Affluent,Healthcare,235327,Birmingham,England,UK,2025-06-11,47,Low
C004555,4,Arjun Williams,Other,68,Mass Market,Consultant,34167,Houston,Texas,USA,2020-06-10,61,Medium
C004556,2,Rahul Miller,Male,70,Mass Market,Other,31086,Houston,Texas,USA,2023-02-10,74,High
C004557,9,Vikram Martin,Female,22,Affluent,Business Owner,48024,Delhi,Delhi,India,2022-05-30,31,Medium
C004558,3,Neha Clark,Male,45,Affluent,Manager,271127,Chicago,Illinois,USA,2016-05-06,70,Medium
C004559,3,Vikram Williams,Other,47,Mass Market,Consultant,193457,Miami,Florida,USA,2017-11-03,62,Medium
C004560,9,Neha Gupta,Female,59,Affluent,Engineer,68904,Kolkata,West Bengal,India,2021-09-28,59,Low
C004561,9,Riley Moore,Other,49,Affluent,Manager,82276,Pune,Maharashtra,India,2015-12-18,10,Low
C004562,1,Olivia Taylor,Other,45,Affluent,Student,78864,Seattle,Washington,USA,2018-07-21,22,Low
C004563,3,Priya Williams,Male,40,Mass Market,Healthcare,126078,Dallas,Texas,USA,2022-08-15,18,Low
C004564,8,Jordan Miller,Male,68,Mass Market,Consultant,70912,Hyderabad,Telangana,India,2022-03-17,29,Critical
C004565,8,Sam Thomas,Male,53,Business,Other,33827,Pune,Maharashtra,India,2023-07-28,50,High
C004566,10,Morgan Williams,Other,65,Affluent,Consultant,78493,Hyderabad,Telangana,India,2025-02-05,83,Medium
C004567,6,Avery Kumar,Female,60,Affluent,Retired,47220,London,England,UK,2017-01-07,86,Low
C004568,1,Ananya Clark,Male,21,Premium,Other,92746,Dallas,Texas,USA,2021-03-28,72,Critical
C004569,9,Morgan Singh,Other,31,Business,Manager,248363,Bengaluru,Karnataka,India,2025-01-12,8,Low
C004570,2,Jamie Williams,Male,38,Mass Market,Other,149008,Seattle,Washington,USA,2015-07-13,72,High
C004571,2,Olivia Taylor,Male,70,Premium,Engineer,54617,Houston,Texas,USA,2024-01-18,18,Low
C004572,7,Rahul Anderson,Female,53,Affluent,Other,43640,Hamburg,Hamburg,Germany,2022-03-19,19,Low
C004573,7,Emma Brown,Female,43,Mass Market,Consultant,28753,Cologne,North Rhine-Westphalia,Germany,2019-08-10,95,Low
C004574,1,Daniel Singh,Female,36,Affluent,Employee,234094,San Francisco,California,USA,2017-06-27,51,Low
C004575,2,Taylor Johnson,Male,45,Mass Market,Manager,70904,Miami,Florida,USA,2016-06-20,65,Low
C004576,6,Jamie Moore,Male,53,Business,Manager,88505,London,England,UK,2020-11-30,89,Medium
C004577,3,Riley Johnson,Male,66,Mass Market,Employee,20941,Chicago,Illinois,USA,2023-05-04,69,Low
C004578,7,Casey Williams,Male,57,Premium,Employee,170999,Cologne,North Rhine-Westphalia,Germany,2018-04-16,95,Low
C004579,5,Jordan Taylor,Male,40,Business,Engineer,49392,Birmingham,England,UK,2015-05-12,61,Low
C004580,6,Chris Thomas,Other,61,Premium,Manager,89856,Leeds,England,UK,2021-06-12,31,Low
C004581,5,Vikram Lee,Female,26,Premium,Business Owner,43731,London,England,UK,2019-11-22,14,Medium
C004582,4,Jordan Iyer,Female,67,Premium,Retired,72553,Dallas,Texas,USA,2018-04-12,37,High
C004583,4,Casey Clark,Female,62,Mass Market,Engineer,107348,Houston,Texas,USA,2019-10-24,17,High
C004584,7,Jordan Martin,Other,74,Mass Market,Engineer,38135,Hamburg,Hamburg,Germany,2017-03-09,36,Low
C004585,6,Avery Johnson,Male,42,Business,Healthcare,42640,Liverpool,England,UK,2016-05-08,39,Low
C004586,6,Neha Johnson,Female,64,Business,Business Owner,24275,Leeds,England,UK,2018-11-14,53,Low
C004587,6,Jordan Williams,Male,21,Business,Consultant,192343,Manchester,England,UK,2020-12-24,12,High
C004588,3,Taylor Sharma,Male,50,Mass Market,Consultant,45974,New York,New York,USA,2024-08-29,81,Low
C004589,10,Emma Iyer,Other,58,Mass Market,Retired,55099,Kolkata,West Bengal,India,2015-03-30,25,Medium
C004590,6,Noah Williams,Other,71,Mass Market,Retired,37936,London,England,UK,2018-11-04,84,Low
C004591,8,Taylor Williams,Female,33,Business,Manager,76163,Chennai,Tamil Nadu,India,2019-07-14,92,High
C004592,9,Taylor Thomas,Other,49,Affluent,Consultant,27462,Bengaluru,Karnataka,India,2016-07-06,69,Low
C004593,10,Jamie Smith,Male,45,Affluent,Engineer,61375,Kolkata,West Bengal,India,2018-11-22,91,Medium
C004594,7,Jordan Taylor,Other,24,Affluent,Business Owner,186312,Hamburg,Hamburg,Germany,2025-12-29,31,Low
C004595,8,Noah Wilson,Other,62,Premium,Healthcare,51899,Delhi,Delhi,India,2015-01-25,19,High
C004596,5,Rahul Iyer,Male,27,Affluent,Student,126561,Leeds,England,UK,2018-12-17,26,Medium
C004597,8,Taylor Wilson,Male,29,Premium,Business Owner,284706,Mumbai,Maharashtra,India,2016-10-12,34,Low
C004598,4,Casey Sharma,Male,48,Business,Student,157871,Chicago,Illinois,USA,2022-08-30,34,High
C004599,8,Ananya Kumar,Female,32,Mass Market,Healthcare,21356,Hyderabad,Telangana,India,2019-06-17,25,Low
C004600,1,Sam Moore,Other,51,Mass Market,Student,105637,Houston,Texas,USA,2016-07-18,59,High
C004601,10,Chris Davis,Other,48,Mass Market,Healthcare,35695,Mumbai,Maharashtra,India,2018-03-20,6,Medium
C004602,3,Chris Kumar,Male,63,Mass Market,Business Owner,31775,Houston,Texas,USA,2023-12-31,34,Low
C004603,7,Noah Patel,Male,30,Affluent,Healthcare,21763,Cologne,North Rhine-Westphalia,Germany,2019-07-30,11,Low
C004604,1,Morgan Martin,Female,47,Affluent,Student,58331,Chicago,Illinois,USA,2023-12-09,87,High
C004605,2,Neha Martin,Female,21,Affluent,Retired,120966,Miami,Florida,USA,2020-04-03,74,Low
C004606,10,Alex Sharma,Male,32,Premium,Business Owner,81380,Pune,Maharashtra,India,2017-09-26,18,Medium
C004607,9,Jamie Johnson,Other,43,Business,Healthcare,130194,Pune,Maharashtra,India,2016-09-13,76,Medium
C004608,3,Morgan Iyer,Male,45,Business,Other,154621,Chicago,Illinois,USA,2023-03-19,60,Low
C004609,2,Arjun Miller,Female,69,Affluent,Employee,154926,Dallas,Texas,USA,2020-04-02,20,Medium
C004610,9,Taylor Anderson,Female,73,Affluent,Employee,53483,Chennai,Tamil Nadu,India,2024-07-31,94,Low
C004611,10,Vikram Gupta,Male,23,Affluent,Student,111515,Pune,Maharashtra,India,2020-04-14,54,Low
C004612,2,Priya Sharma,Other,57,Affluent,Other,69345,San Francisco,California,USA,2020-11-25,90,Low
C004613,7,Alex Moore,Female,65,Business,Employee,84561,Munich,Bavaria,Germany,2024-06-17,38,Low
C004614,3,Morgan Davis,Other,58,Affluent,Engineer,40648,Miami,Florida,USA,2019-12-31,30,Medium
C004615,8,Casey Clark,Other,25,Affluent,Student,48648,Pune,Maharashtra,India,2023-03-04,42,Low
C004616,5,Jamie Martin,Other,26,Premium,Student,162488,Birmingham,England,UK,2024-10-08,89,Low
C004617,2,Rahul Moore,Other,73,Mass Market,Business Owner,37350,Chicago,Illinois,USA,2018-04-05,20,High
C004618,4,Neha Moore,Male,47,Business,Student,104362,Houston,Texas,USA,2020-05-12,82,Medium
C004619,6,Daniel Williams,Female,32,Premium,Consultant,55066,Birmingham,England,UK,2015-12-28,52,High
C004620,8,Jamie Patel,Other,46,Affluent,Engineer,23460,Delhi,Delhi,India,2018-01-02,5,Low
C004621,1,Jamie Lee,Other,59,Business,Engineer,275648,Chicago,Illinois,USA,2020-09-21,94,Low
C004622,10,Casey Martin,Other,61,Premium,Manager,65273,Mumbai,Maharashtra,India,2016-09-01,23,Medium
C004623,7,Vikram Sharma,Male,54,Premium,Other,32248,Cologne,North Rhine-Westphalia,Germany,2019-12-07,28,Medium
C004624,9,Ananya Moore,Male,32,Business,Consultant,51096,Bengaluru,Karnataka,India,2020-11-13,25,Critical
C004625,10,Avery Clark,Female,29,Affluent,Other,184070,Ahmedabad,Gujarat,India,2021-08-20,10,Medium
C004626,2,Noah Clark,Female,68,Premium,Retired,216694,New York,New York,USA,2025-06-04,80,Low
C004627,1,Neha Clark,Female,66,Business,Manager,40544,Houston,Texas,USA,2020-08-13,93,High
C004628,8,Jordan Miller,Female,61,Affluent,Manager,18000,Chennai,Tamil Nadu,India,2022-06-15,15,Low
C004629,2,Riley Thomas,Female,75,Premium,Employee,117422,Miami,Florida,USA,2022-04-13,76,Medium
C004630,2,Emma Miller,Other,55,Mass Market,Other,139236,Dallas,Texas,USA,2016-09-11,43,Critical
C004631,5,Arjun Smith,Female,69,Premium,Student,90927,Birmingham,England,UK,2023-08-15,14,Low
C004632,10,Arjun Gupta,Male,42,Business,Business Owner,113922,Delhi,Delhi,India,2024-07-21,79,Low
C004633,8,Daniel Clark,Female,55,Business,Engineer,67729,Chennai,Tamil Nadu,India,2025-05-25,17,Low
C004634,6,Avery Williams,Male,45,Mass Market,Employee,35157,Birmingham,England,UK,2020-05-02,34,Low
C004635,2,Sam Moore,Female,52,Mass Market,Healthcare,38002,Houston,Texas,USA,2020-12-09,41,High
C004636,4,Jamie Iyer,Other,42,Business,Student,117381,Chicago,Illinois,USA,2024-11-25,55,Low
C004637,7,Rahul Gupta,Male,41,Mass Market,Student,119720,Frankfurt,Hesse,Germany,2016-04-29,81,Medium
C004638,2,Riley Thomas,Female,29,Affluent,Other,83414,Dallas,Texas,USA,2016-05-31,32,Medium
C004639,6,Rahul Smith,Male,43,Mass Market,Employee,39969,Liverpool,England,UK,2024-07-24,61,Low
C004640,1,Alex Davis,Female,39,Business,Engineer,175338,Miami,Florida,USA,2025-10-23,74,Low
C004641,4,Arjun Smith,Other,60,Business,Healthcare,66991,New York,New York,USA,2025-02-04,30,Low
C004642,3,Priya Anderson,Other,75,Mass Market,Student,48132,Dallas,Texas,USA,2023-10-05,77,Medium
C004643,7,Sam Martin,Female,36,Affluent,Manager,65075,Berlin,Berlin,Germany,2018-10-03,51,Low
C004644,10,Emma Sharma,Other,41,Affluent,Consultant,39982,Ahmedabad,Gujarat,India,2023-07-11,15,Low
C004645,2,Arjun Moore,Other,37,Affluent,Retired,82246,New York,New York,USA,2021-05-26,68,Low
C004646,8,Rahul Iyer,Female,64,Mass Market,Other,83925,Ahmedabad,Gujarat,India,2020-10-11,59,Medium
C004647,7,Jamie Patel,Male,64,Premium,Other,52904,Cologne,North Rhine-Westphalia,Germany,2016-04-27,27,Medium
C004648,10,Alex Iyer,Male,24,Business,Business Owner,45959,Chennai,Tamil Nadu,India,2025-06-09,51,Low
C004649,10,Rahul Lee,Other,44,Business,Healthcare,67983,Pune,Maharashtra,India,2017-04-30,38,Low
C004650,2,Alex Kumar,Female,57,Affluent,Student,40363,New York,New York,USA,2022-01-05,82,High
C004651,8,Sam Taylor,Female,43,Premium,Manager,138134,Chennai,Tamil Nadu,India,2016-08-31,86,Low
C004652,6,Morgan Singh,Other,68,Mass Market,Manager,56006,Manchester,England,UK,2023-09-13,94,Low
C004653,2,Rahul Wilson,Male,73,Mass Market,Manager,96074,Los Angeles,California,USA,2017-08-13,76,Medium
C004654,3,Chris Miller,Male,44,Premium,Healthcare,136376,Los Angeles,California,USA,2016-10-27,44,Low
C004655,10,Chris Iyer,Male,24,Affluent,Other,29412,Chennai,Tamil Nadu,India,2020-10-21,79,Low
C004656,6,Vikram Smith,Female,34,Mass Market,Healthcare,84321,Manchester,England,UK,2017-04-07,49,Medium
C004657,4,Rahul Brown,Male,58,Affluent,Other,65192,Chicago,Illinois,USA,2017-11-30,48,Low
C004658,4,Ananya Wilson,Female,30,Premium,Consultant,47547,Houston,Texas,USA,2021-08-29,29,Low
C004659,9,Rahul Johnson,Male,32,Affluent,Consultant,57202,Chennai,Tamil Nadu,India,2018-01-31,95,High
C004660,3,Emma Sharma,Female,26,Premium,Employee,116088,Dallas,Texas,USA,2016-03-08,77,Low
C004661,2,Daniel Taylor,Female,32,Business,Employee,179619,Los Angeles,California,USA,2015-05-14,95,Low
C004662,6,Taylor Thomas,Female,27,Premium,Other,206505,Leeds,England,UK,2018-12-07,54,Low
C004663,10,Avery Kumar,Female,32,Premium,Business Owner,28575,Delhi,Delhi,India,2023-09-10,76,High
C004664,2,Arjun Moore,Other,34,Business,Student,118498,New York,New York,USA,2025-09-18,75,Medium
C004665,3,Olivia Sharma,Female,21,Business,Other,120788,Los Angeles,California,USA,2023-11-28,80,Low
C004666,5,Morgan Wilson,Other,62,Affluent,Healthcare,25196,London,England,UK,2022-01-30,79,Medium
C004667,2,Morgan Johnson,Female,48,Affluent,Other,23358,Chicago,Illinois,USA,2018-01-22,18,Medium
C004668,7,Avery Brown,Male,74,Business,Manager,31706,Berlin,Berlin,Germany,2015-10-09,23,High
C004669,3,Morgan Anderson,Female,49,Mass Market,Student,120031,San Francisco,California,USA,2022-08-22,65,Low
C004670,2,Arjun Gupta,Other,29,Affluent,Business Owner,49857,New York,New York,USA,2020-12-15,65,Low
C004671,3,Alex Sharma,Male,63,Affluent,Retired,120486,Seattle,Washington,USA,2023-10-14,49,High
C004672,10,Priya Davis,Male,22,Business,Healthcare,28158,Hyderabad,Telangana,India,2024-12-01,36,Medium
C004673,10,Daniel Iyer,Female,72,Mass Market,Consultant,51020,Ahmedabad,Gujarat,India,2016-11-16,46,Low
C004674,6,Taylor Martin,Other,38,Mass Market,Employee,36960,Birmingham,England,UK,2024-01-17,9,Low
C004675,5,Casey Taylor,Male,55,Mass Market,Retired,52442,London,England,UK,2024-03-30,94,Medium
C004676,9,Jamie Johnson,Other,69,Affluent,Employee,45311,Mumbai,Maharashtra,India,2020-10-13,38,Low
C004677,2,Morgan Sharma,Female,36,Business,Other,86401,San Francisco,California,USA,2015-12-14,8,High
C004678,7,Jamie Sharma,Other,65,Premium,Healthcare,59491,Frankfurt,Hesse,Germany,2017-08-19,51,Critical
C004679,7,Ananya Taylor,Other,22,Mass Market,Employee,104467,Berlin,Berlin,Germany,2017-05-19,10,Medium
C004680,8,Jamie Martin,Male,55,Business,Consultant,174766,Delhi,Delhi,India,2018-10-21,24,Low
C004681,3,Morgan Kumar,Other,58,Premium,Business Owner,57825,Chicago,Illinois,USA,2022-05-08,30,High
C004682,8,Jordan Wilson,Male,66,Mass Market,Student,168530,Hyderabad,Telangana,India,2024-10-10,89,Low
C004683,7,Casey Martin,Female,67,Mass Market,Retired,43806,Hamburg,Hamburg,Germany,2021-02-11,44,Low
C004684,9,Ananya Iyer,Other,30,Affluent,Student,166068,Delhi,Delhi,India,2015-10-09,36,Medium
C004685,2,Arjun Taylor,Other,57,Mass Market,Consultant,99092,Seattle,Washington,USA,2023-07-27,44,Medium
C004686,7,Vikram Brown,Female,55,Affluent,Retired,38062,Munich,Bavaria,Germany,2016-04-18,65,Low
C004687,9,Morgan Williams,Male,42,Affluent,Engineer,91587,Hyderabad,Telangana,India,2016-04-12,33,Low
C004688,3,Morgan Smith,Other,49,Business,Other,21682,Miami,Florida,USA,2017-04-28,86,High
C004689,8,Chris Moore,Male,40,Business,Manager,60728,Delhi,Delhi,India,2016-01-08,20,Low
C004690,1,Emma Moore,Other,54,Business,Other,111056,Dallas,Texas,USA,2021-10-30,20,Medium
C004691,8,Riley Miller,Female,40,Premium,Engineer,48055,Pune,Maharashtra,India,2018-10-10,25,Medium
C004692,7,Sam Smith,Male,33,Business,Engineer,68394,Hamburg,Hamburg,Germany,2020-11-06,91,Low
C004693,2,Taylor Wilson,Other,61,Premium,Consultant,87272,San Francisco,California,USA,2024-05-17,45,Low
C004694,1,Neha Clark,Other,37,Mass Market,Healthcare,69447,Dallas,Texas,USA,2025-10-17,73,Medium
C004695,8,Jordan Williams,Other,34,Business,Student,99267,Chennai,Tamil Nadu,India,2018-12-14,15,High
C004696,3,Neha Gupta,Female,40,Affluent,Business Owner,85651,San Francisco,California,USA,2016-09-14,15,Low
C004697,5,Neha Patel,Other,75,Business,Retired,152317,Birmingham,England,UK,2017-09-30,70,Medium
C004698,1,Neha Williams,Male,48,Mass Market,Manager,176654,Los Angeles,California,USA,2024-01-08,9,Medium
C004699,10,Rahul Patel,Other,38,Mass Market,Engineer,27843,Bengaluru,Karnataka,India,2018-11-23,40,Low
C004700,6,Priya Smith,Male,24,Premium,Engineer,249284,Liverpool,England,UK,2017-07-17,67,Medium
C004701,10,Rahul Anderson,Male,74,Mass Market,Consultant,67566,Mumbai,Maharashtra,India,2020-07-15,60,Low
C004702,2,Chris Gupta,Female,37,Affluent,Employee,104855,Houston,Texas,USA,2016-05-05,13,Low
C004703,3,Emma Smith,Other,59,Business,Retired,128336,New York,New York,USA,2022-07-19,17,Low
C004704,7,Casey Iyer,Female,71,Business,Other,85745,Cologne,North Rhine-Westphalia,Germany,2022-02-19,86,Low
C004705,7,Taylor Kumar,Other,52,Premium,Retired,26604,Hamburg,Hamburg,Germany,2022-02-27,39,Critical
C004706,8,Riley Gupta,Male,63,Premium,Employee,168192,Mumbai,Maharashtra,India,2022-07-06,46,Low
C004707,10,Olivia Brown,Female,29,Business,Manager,63397,Bengaluru,Karnataka,India,2020-12-15,92,Medium
C004708,9,Rahul Miller,Female,60,Business,Consultant,58734,Mumbai,Maharashtra,India,2022-07-04,17,Low
C004709,2,Ananya Williams,Female,75,Mass Market,Student,48840,Seattle,Washington,USA,2022-12-19,72,Low
C004710,4,Riley Wilson,Female,60,Mass Market,Employee,198353,New York,New York,USA,2016-07-26,46,Low
C004711,10,Morgan Johnson,Male,74,Mass Market,Business Owner,167808,Kolkata,West Bengal,India,2023-02-07,75,Low
C004712,6,Taylor Davis,Male,40,Affluent,Employee,39207,Liverpool,England,UK,2021-06-24,36,Medium
C004713,9,Morgan Williams,Male,40,Premium,Engineer,54343,Bengaluru,Karnataka,India,2020-09-29,67,Medium
C004714,6,Casey Moore,Other,45,Business,Retired,25269,Liverpool,England,UK,2024-01-11,39,Medium
C004715,1,Noah Wilson,Male,22,Business,Retired,82710,Seattle,Washington,USA,2025-03-07,57,Medium
C004716,5,Alex Smith,Male,49,Business,Other,34580,Liverpool,England,UK,2019-11-30,17,Low
C004717,9,Rahul Smith,Female,51,Premium,Employee,158499,Bengaluru,Karnataka,India,2023-02-14,94,Low
C004718,7,Priya Miller,Female,71,Business,Consultant,58288,Munich,Bavaria,Germany,2017-05-01,85,Low
C004719,2,Daniel Iyer,Male,59,Business,Consultant,65945,Houston,Texas,USA,2020-11-01,60,High
C004720,3,Rahul Miller,Female,75,Business,Business Owner,182371,New York,New York,USA,2020-01-02,49,Low
C004721,9,Vikram Gupta,Male,42,Affluent,Healthcare,52885,Bengaluru,Karnataka,India,2022-09-16,12,Low
C004722,10,Jordan Clark,Female,71,Business,Student,192973,Mumbai,Maharashtra,India,2017-12-01,93,Low
C004723,8,Alex Sharma,Other,44,Premium,Healthcare,154054,Pune,Maharashtra,India,2025-09-27,36,Low
C004724,1,Chris Martin,Male,59,Affluent,Student,21683,San Francisco,California,USA,2015-03-06,87,Medium
C004725,7,Olivia Moore,Male,27,Business,Employee,18605,Munich,Bavaria,Germany,2021-04-20,47,Low
C004726,9,Chris Miller,Other,55,Affluent,Student,78642,Hyderabad,Telangana,India,2020-05-03,82,Low
C004727,7,Neha Kumar,Male,38,Premium,Engineer,156524,Cologne,North Rhine-Westphalia,Germany,2019-05-22,54,Medium
C004728,6,Olivia Anderson,Other,25,Mass Market,Consultant,55994,London,England,UK,2018-06-02,75,Medium
C004729,5,Arjun Martin,Female,21,Business,Healthcare,180630,Leeds,England,UK,2022-10-23,87,Medium
C004730,3,Chris Clark,Female,74,Business,Consultant,30505,Chicago,Illinois,USA,2015-10-31,36,Medium
C004731,3,Jordan Miller,Male,60,Premium,Other,99650,Dallas,Texas,USA,2025-03-14,56,Low
C004732,8,Priya Clark,Male,53,Mass Market,Consultant,39391,Ahmedabad,Gujarat,India,2016-03-20,43,Medium
C004733,1,Jordan Wilson,Other,22,Affluent,Other,115418,Seattle,Washington,USA,2016-04-05,64,Low
C004734,1,Alex Thomas,Male,54,Affluent,Other,96045,Houston,Texas,USA,2017-09-19,16,Medium
C004735,4,Jordan Martin,Male,43,Premium,Engineer,44706,Dallas,Texas,USA,2021-10-28,13,Low
C004736,8,Avery Brown,Other,38,Premium,Manager,116377,Mumbai,Maharashtra,India,2020-08-09,34,Low
C004737,7,Jordan Moore,Male,42,Business,Employee,134852,Cologne,North Rhine-Westphalia,Germany,2021-02-12,36,Low
C004738,6,Priya Williams,Other,23,Mass Market,Consultant,56290,Manchester,England,UK,2019-07-04,49,Medium
C004739,6,Priya Singh,Other,32,Mass Market,Engineer,75644,Birmingham,England,UK,2015-02-19,27,Medium
C004740,2,Taylor Iyer,Male,72,Business,Retired,73830,Seattle,Washington,USA,2018-06-06,42,Low
C004741,4,Olivia Lee,Female,57,Mass Market,Engineer,106072,Miami,Florida,USA,2025-05-11,5,Low
C004742,1,Jordan Sharma,Female,64,Business,Consultant,76555,New York,New York,USA,2015-09-02,80,Low
C004743,8,Neha Kumar,Other,49,Business,Consultant,25021,Kolkata,West Bengal,India,2018-11-28,58,Low
C004744,8,Chris Williams,Male,47,Business,Retired,28459,Bengaluru,Karnataka,India,2018-06-13,17,Low
C004745,3,Casey Gupta,Male,24,Business,Other,66747,Seattle,Washington,USA,2019-10-11,40,Medium
C004746,3,Ananya Thomas,Female,45,Premium,Consultant,45779,Los Angeles,California,USA,2015-10-19,10,Low
C004747,4,Olivia Wilson,Other,71,Mass Market,Employee,82343,Los Angeles,California,USA,2016-06-07,40,Low
C004748,9,Casey Smith,Male,38,Premium,Employee,36398,Ahmedabad,Gujarat,India,2022-07-07,36,Low
C004749,5,Morgan Brown,Male,31,Premium,Healthcare,102556,Liverpool,England,UK,2025-01-26,94,Low
C004750,8,Alex Smith,Female,31,Business,Student,58115,Delhi,Delhi,India,2019-05-17,21,Low
C004751,5,Sam Moore,Other,28,Premium,Employee,87779,Leeds,England,UK,2021-01-20,72,Medium
C004752,7,Alex Gupta,Female,39,Affluent,Student,130232,Munich,Bavaria,Germany,2024-09-18,52,Medium
C004753,6,Jordan Anderson,Other,59,Mass Market,Healthcare,46433,London,England,UK,2017-07-29,21,Medium
C004754,3,Rahul Iyer,Female,46,Mass Market,Healthcare,35549,Los Angeles,California,USA,2022-05-28,85,Low
C004755,9,Emma Miller,Female,60,Business,Business Owner,317123,Hyderabad,Telangana,India,2017-04-09,81,High
C004756,8,Emma Davis,Female,53,Affluent,Manager,39685,Ahmedabad,Gujarat,India,2018-01-29,41,High
C004757,8,Vikram Clark,Other,42,Affluent,Student,163022,Chennai,Tamil Nadu,India,2024-01-19,50,Low
C004758,10,Priya Smith,Other,69,Premium,Employee,32098,Bengaluru,Karnataka,India,2020-01-21,11,High
C004759,3,Jordan Davis,Other,47,Business,Business Owner,60560,San Francisco,California,USA,2025-01-22,7,Low
C004760,1,Noah Johnson,Female,73,Affluent,Consultant,75617,Dallas,Texas,USA,2017-10-04,45,Low
C004761,6,Riley Sharma,Female,58,Business,Manager,50717,Leeds,England,UK,2019-12-21,45,Low
C004762,4,Noah Williams,Male,26,Mass Market,Consultant,126751,Miami,Florida,USA,2020-08-10,13,Low
C004763,5,Emma Thomas,Other,61,Mass Market,Engineer,43246,Birmingham,England,UK,2019-03-29,20,Low
C004764,3,Jamie Anderson,Male,59,Mass Market,Employee,79668,Houston,Texas,USA,2017-01-06,61,Low
C004765,4,Arjun Martin,Female,41,Mass Market,Retired,39988,Los Angeles,California,USA,2025-02-17,73,Critical
C004766,4,Jamie Martin,Male,69,Premium,Other,86626,Los Angeles,California,USA,2018-04-17,30,Medium
C004767,4,Alex Iyer,Female,22,Affluent,Manager,97683,Chicago,Illinois,USA,2022-01-28,73,Low
C004768,8,Chris Miller,Other,34,Premium,Engineer,58074,Kolkata,West Bengal,India,2016-12-02,62,Low
C004769,6,Riley Anderson,Male,72,Business,Student,27537,Manchester,England,UK,2023-10-09,84,Low
C004770,5,Casey Kumar,Male,39,Premium,Manager,28861,London,England,UK,2018-07-30,17,Low
C004771,2,Jamie Sharma,Other,35,Mass Market,Retired,18000,Dallas,Texas,USA,2015-09-29,31,Medium
C004772,6,Emma Davis,Female,42,Affluent,Retired,42340,Leeds,England,UK,2022-10-01,19,Medium
C004773,2,Olivia Williams,Other,51,Business,Business Owner,93679,Dallas,Texas,USA,2019-08-05,56,Critical
C004774,4,Emma Kumar,Female,51,Premium,Consultant,120996,Miami,Florida,USA,2015-10-24,53,Low
C004775,5,Vikram Wilson,Female,56,Mass Market,Manager,92457,Liverpool,England,UK,2022-06-08,85,High
C004776,2,Vikram Smith,Female,50,Business,Retired,77363,Dallas,Texas,USA,2024-06-17,36,Low
C004777,4,Morgan Lee,Female,55,Mass Market,Consultant,53667,Chicago,Illinois,USA,2019-02-12,40,Low
C004778,3,Alex Miller,Other,72,Mass Market,Other,38703,Seattle,Washington,USA,2018-03-21,39,Medium
C004779,9,Avery Davis,Female,61,Business,Consultant,97572,Bengaluru,Karnataka,India,2016-10-27,60,Low
C004780,9,Priya Williams,Male,60,Premium,Employee,145519,Hyderabad,Telangana,India,2015-10-16,95,Low
C004781,1,Alex Wilson,Other,43,Business,Manager,114768,Seattle,Washington,USA,2018-09-18,58,Low
C004782,7,Emma Thomas,Male,25,Premium,Healthcare,92851,Hamburg,Hamburg,Germany,2018-12-08,77,High
C004783,7,Neha Taylor,Male,73,Affluent,Student,99855,Cologne,North Rhine-Westphalia,Germany,2024-07-06,88,Low
C004784,4,Priya Miller,Male,75,Mass Market,Manager,66341,Seattle,Washington,USA,2021-01-04,33,Medium
C004785,5,Sam Patel,Other,25,Business,Consultant,175730,Manchester,England,UK,2016-01-24,72,Medium
C004786,8,Vikram Moore,Female,66,Business,Other,127283,Bengaluru,Karnataka,India,2019-04-20,34,Low
C004787,4,Emma Davis,Male,73,Business,Student,31886,Houston,Texas,USA,2017-10-10,48,Medium
C004788,1,Casey Taylor,Other,49,Premium,Business Owner,143007,Miami,Florida,USA,2024-04-25,69,Medium
C004789,4,Taylor Davis,Female,50,Business,Healthcare,83303,Seattle,Washington,USA,2019-10-22,49,Medium
C004790,3,Taylor Martin,Male,72,Premium,Employee,49452,Dallas,Texas,USA,2020-03-31,86,Low
C004791,4,Neha Martin,Female,33,Mass Market,Engineer,45778,San Francisco,California,USA,2017-05-17,16,Low
C004792,3,Priya Sharma,Other,50,Mass Market,Consultant,55390,San Francisco,California,USA,2015-01-31,80,Critical
C004793,2,Neha Iyer,Female,61,Premium,Retired,46452,Chicago,Illinois,USA,2016-02-21,40,Low
C004794,10,Olivia Davis,Other,24,Business,Healthcare,49277,Bengaluru,Karnataka,India,2018-03-29,59,High
C004795,2,Vikram Patel,Female,33,Business,Business Owner,65404,Chicago,Illinois,USA,2024-03-12,56,Medium
C004796,8,Chris Smith,Female,31,Affluent,Consultant,81349,Ahmedabad,Gujarat,India,2021-05-06,51,Low
C004797,8,Riley Davis,Other,47,Premium,Business Owner,36425,Kolkata,West Bengal,India,2017-12-19,82,Medium
C004798,7,Chris Patel,Other,32,Affluent,Engineer,39776,Frankfurt,Hesse,Germany,2024-01-23,86,Medium
C004799,10,Riley Taylor,Male,49,Affluent,Other,31259,Kolkata,West Bengal,India,2017-11-20,40,High
C004800,1,Taylor Martin,Female,65,Business,Healthcare,129219,San Francisco,California,USA,2018-11-11,81,Low
C004801,4,Chris Miller,Female,52,Premium,Retired,48807,Dallas,Texas,USA,2015-01-30,80,Low
C004802,2,Taylor Wilson,Male,21,Affluent,Business Owner,68966,Los Angeles,California,USA,2022-07-10,65,Medium
C004803,6,Jamie Martin,Male,72,Premium,Retired,53159,Leeds,England,UK,2017-12-07,72,High
C004804,7,Noah Wilson,Female,37,Business,Employee,66926,Berlin,Berlin,Germany,2024-07-12,18,Low
C004805,9,Neha Gupta,Other,30,Business,Healthcare,31998,Ahmedabad,Gujarat,India,2024-06-24,20,Low
C004806,4,Rahul Kumar,Other,35,Mass Market,Engineer,138802,Los Angeles,California,USA,2019-08-05,11,Low
C004807,3,Rahul Wilson,Other,49,Affluent,Business Owner,77634,Los Angeles,California,USA,2019-09-14,22,Low
C004808,10,Emma Lee,Male,39,Premium,Employee,69075,Pune,Maharashtra,India,2021-08-07,9,Low
C004809,7,Noah Williams,Other,56,Affluent,Retired,118818,Munich,Bavaria,Germany,2024-07-10,88,Low
C004810,8,Casey Williams,Male,25,Business,Other,185871,Hyderabad,Telangana,India,2024-05-09,63,Low
C004811,5,Avery Williams,Male,73,Business,Business Owner,77603,Leeds,England,UK,2022-04-29,84,Low
C004812,5,Avery Davis,Male,44,Business,Retired,44492,Liverpool,England,UK,2025-10-25,75,Low
C004813,4,Priya Martin,Male,69,Affluent,Employee,43514,New York,New York,USA,2021-06-17,5,Low
C004814,8,Olivia Moore,Male,25,Mass Market,Healthcare,206429,Bengaluru,Karnataka,India,2015-02-21,91,Medium
C004815,3,Neha Sharma,Male,23,Business,Business Owner,72085,Houston,Texas,USA,2018-01-25,63,Medium
C004816,10,Daniel Taylor,Other,71,Affluent,Consultant,50172,Bengaluru,Karnataka,India,2025-08-11,90,Medium
C004817,2,Olivia Anderson,Other,54,Mass Market,Engineer,71946,New York,New York,USA,2024-11-20,90,Low
C004818,5,Noah Williams,Other,32,Affluent,Healthcare,43317,London,England,UK,2022-03-19,9,Low
C004819,4,Casey Moore,Other,64,Affluent,Consultant,61295,Chicago,Illinois,USA,2017-08-05,24,Low
C004820,7,Alex Johnson,Female,60,Mass Market,Consultant,79503,Frankfurt,Hesse,Germany,2015-06-23,36,Low
C004821,7,Casey Miller,Female,36,Business,Student,176278,Berlin,Berlin,Germany,2018-02-05,41,Low
C004822,10,Rahul Lee,Male,46,Affluent,Manager,46445,Kolkata,West Bengal,India,2015-12-21,16,Low
C004823,8,Noah Iyer,Other,71,Affluent,Other,171310,Bengaluru,Karnataka,India,2020-02-25,32,Low
C004824,3,Taylor Wilson,Male,22,Business,Other,28364,San Francisco,California,USA,2025-09-11,19,Low
C004825,3,Casey Moore,Female,28,Mass Market,Student,41946,San Francisco,California,USA,2015-12-19,8,Medium
C004826,9,Arjun Patel,Male,39,Premium,Engineer,96708,Delhi,Delhi,India,2021-07-03,94,Low
C004827,5,Olivia Smith,Female,45,Premium,Healthcare,90007,Manchester,England,UK,2021-01-18,17,Low
C004828,1,Sam Brown,Other,71,Premium,Healthcare,186484,Chicago,Illinois,USA,2018-11-06,30,Low
C004829,9,Rahul Lee,Other,60,Business,Other,21302,Mumbai,Maharashtra,India,2017-10-11,11,Low
C004830,7,Alex Moore,Other,70,Mass Market,Student,49309,Cologne,North Rhine-Westphalia,Germany,2023-08-07,81,Low
C004831,1,Riley Thomas,Other,61,Affluent,Employee,76174,Dallas,Texas,USA,2018-10-23,74,Low
C004832,8,Olivia Gupta,Male,63,Business,Engineer,135204,Ahmedabad,Gujarat,India,2020-05-08,52,Low
C004833,7,Ananya Johnson,Other,41,Premium,Business Owner,47102,Berlin,Berlin,Germany,2019-06-11,72,Low
C004834,7,Emma Thomas,Female,58,Mass Market,Business Owner,86838,Hamburg,Hamburg,Germany,2023-01-01,49,Low
C004835,9,Avery Gupta,Male,53,Affluent,Retired,106122,Hyderabad,Telangana,India,2021-12-08,8,Medium
C004836,5,Noah Davis,Male,46,Mass Market,Consultant,75863,London,England,UK,2018-09-07,18,Low
C004837,5,Jordan Martin,Male,22,Mass Market,Business Owner,92850,Birmingham,England,UK,2020-06-25,69,Low
C004838,7,Rahul Patel,Other,31,Business,Engineer,23872,Munich,Bavaria,Germany,2021-11-24,11,Low
C004839,2,Rahul Gupta,Female,53,Business,Manager,304084,San Francisco,California,USA,2015-05-06,59,Critical
C004840,2,Alex Kumar,Other,63,Affluent,Student,26442,Seattle,Washington,USA,2015-06-10,5,Low
C004841,9,Jordan Thomas,Male,52,Business,Consultant,64184,Ahmedabad,Gujarat,India,2020-02-24,64,Low
C004842,3,Arjun Smith,Other,74,Mass Market,Consultant,84840,Miami,Florida,USA,2015-06-02,18,Low
C004843,6,Ananya Wilson,Male,58,Business,Student,36991,London,England,UK,2015-03-24,68,Low
C004844,3,Alex Brown,Male,38,Premium,Student,25530,Houston,Texas,USA,2023-12-12,44,Low
C004845,3,Emma Singh,Other,69,Premium,Healthcare,26891,Dallas,Texas,USA,2020-09-07,82,High
C004846,6,Jamie Wilson,Female,32,Mass Market,Retired,114405,Manchester,England,UK,2025-11-02,53,Low
C004847,9,Ananya Wilson,Female,46,Business,Manager,85716,Bengaluru,Karnataka,India,2024-04-24,48,Low
C004848,5,Olivia Kumar,Male,53,Affluent,Business Owner,89482,London,England,UK,2018-03-29,9,Low
C004849,2,Taylor Smith,Male,62,Premium,Business Owner,44726,Los Angeles,California,USA,2018-08-20,53,Low
C004850,3,Noah Lee,Other,26,Business,Student,176068,San Francisco,California,USA,2021-03-01,58,Low
C004851,2,Vikram Clark,Female,64,Premium,Manager,75588,Chicago,Illinois,USA,2022-07-02,57,Low
C004852,9,Vikram Sharma,Other,33,Mass Market,Retired,86183,Chennai,Tamil Nadu,India,2025-08-08,41,Medium
C004853,4,Olivia Brown,Male,56,Premium,Healthcare,42316,New York,New York,USA,2018-04-14,19,High
C004854,4,Vikram Kumar,Female,68,Mass Market,Consultant,59804,San Francisco,California,USA,2023-05-10,71,Low
C004855,1,Taylor Smith,Other,49,Premium,Employee,32098,Seattle,Washington,USA,2024-09-07,81,High
C004856,5,Neha Wilson,Female,28,Mass Market,Employee,75542,Liverpool,England,UK,2018-09-19,6,Medium
C004857,10,Arjun Thomas,Female,36,Mass Market,Retired,36296,Kolkata,West Bengal,India,2018-02-14,24,Low
C004858,5,Arjun Martin,Female,71,Mass Market,Business Owner,60171,Liverpool,England,UK,2019-03-26,70,Low
C004859,7,Olivia Johnson,Male,52,Mass Market,Manager,167670,Frankfurt,Hesse,Germany,2017-05-17,79,Low
C004860,2,Emma Moore,Female,56,Premium,Engineer,51135,Los Angeles,California,USA,2021-08-26,10,Critical
C004861,2,Chris Kumar,Female,23,Affluent,Engineer,132526,Seattle,Washington,USA,2023-03-19,28,High
C004862,8,Arjun Singh,Female,59,Mass Market,Employee,208816,Kolkata,West Bengal,India,2021-09-03,39,Medium
C004863,1,Olivia Clark,Male,34,Mass Market,Retired,136425,Miami,Florida,USA,2017-04-07,31,Low
C004864,5,Jordan Williams,Male,56,Affluent,Engineer,79693,Birmingham,England,UK,2017-09-14,43,Low
C004865,4,Noah Moore,Male,65,Mass Market,Other,94559,Seattle,Washington,USA,2024-10-25,68,Low
C004866,1,Sam Taylor,Male,41,Premium,Student,77389,San Francisco,California,USA,2015-07-21,67,Low
C004867,6,Avery Gupta,Female,58,Premium,Healthcare,31241,Leeds,England,UK,2017-01-10,17,High
C004868,10,Jordan Johnson,Other,44,Affluent,Healthcare,76900,Pune,Maharashtra,India,2017-12-06,15,Medium
C004869,1,Ananya Smith,Other,40,Premium,Manager,90415,Chicago,Illinois,USA,2021-03-26,20,Low
C004870,9,Jamie Johnson,Female,65,Premium,Employee,24417,Chennai,Tamil Nadu,India,2015-09-12,39,Low
C004871,6,Taylor Gupta,Female,63,Affluent,Consultant,57163,Manchester,England,UK,2016-09-07,66,Low
C004872,8,Jamie Miller,Male,41,Mass Market,Manager,35224,Bengaluru,Karnataka,India,2015-06-29,13,Low
C004873,1,Taylor Johnson,Female,53,Premium,Manager,118484,Seattle,Washington,USA,2019-06-26,59,Medium
C004874,9,Jordan Kumar,Other,75,Affluent,Manager,237618,Bengaluru,Karnataka,India,2023-04-14,47,Low
C004875,1,Jamie Kumar,Male,64,Affluent,Other,104479,New York,New York,USA,2023-07-30,84,Low
C004876,10,Jamie Sharma,Female,73,Business,Business Owner,43256,Ahmedabad,Gujarat,India,2019-11-08,58,Medium
C004877,7,Morgan Singh,Male,72,Mass Market,Manager,173253,Munich,Bavaria,Germany,2016-01-29,34,Medium
C004878,4,Daniel Thomas,Male,46,Premium,Engineer,102240,San Francisco,California,USA,2019-12-16,48,Low
C004879,1,Casey Taylor,Other,30,Affluent,Consultant,47285,San Francisco,California,USA,2025-08-14,61,Low
C004880,7,Neha Sharma,Other,45,Business,Consultant,99733,Cologne,North Rhine-Westphalia,Germany,2017-04-30,23,Low
C004881,1,Alex Anderson,Female,74,Premium,Student,39305,San Francisco,California,USA,2021-01-07,15,Low
C004882,7,Taylor Kumar,Female,68,Mass Market,Manager,133437,Hamburg,Hamburg,Germany,2019-10-13,79,High
C004883,8,Priya Iyer,Other,34,Premium,Engineer,55095,Mumbai,Maharashtra,India,2016-06-07,44,Critical
C004884,3,Rahul Kumar,Male,28,Affluent,Engineer,120434,Houston,Texas,USA,2020-05-13,49,Medium
C004885,3,Olivia Miller,Male,68,Affluent,Retired,30763,Los Angeles,California,USA,2016-07-07,32,Low
C004886,3,Neha Sharma,Other,65,Premium,Other,60804,Los Angeles,California,USA,2025-10-15,11,Medium
C004887,3,Ananya Miller,Other,25,Mass Market,Student,36383,New York,New York,USA,2022-04-17,37,Medium
C004888,2,Priya Johnson,Other,54,Mass Market,Retired,35902,San Francisco,California,USA,2018-07-27,68,Low
C004889,3,Riley Williams,Other,49,Business,Retired,265019,Seattle,Washington,USA,2025-01-15,60,Low
C004890,7,Jordan Gupta,Other,45,Affluent,Consultant,84952,Cologne,North Rhine-Westphalia,Germany,2025-06-10,73,High
C004891,4,Ananya Gupta,Male,33,Affluent,Retired,191628,New York,New York,USA,2020-07-26,33,Medium
C004892,8,Noah Taylor,Female,66,Premium,Other,109207,Chennai,Tamil Nadu,India,2019-12-01,36,Medium
C004893,9,Alex Johnson,Other,72,Mass Market,Healthcare,18000,Chennai,Tamil Nadu,India,2015-10-21,25,Low
C004894,8,Jamie Lee,Male,75,Affluent,Student,62387,Bengaluru,Karnataka,India,2017-11-13,16,Medium
C004895,6,Taylor Clark,Male,38,Business,Engineer,61758,Liverpool,England,UK,2022-03-06,60,Low
C004896,4,Avery Kumar,Female,68,Affluent,Manager,164214,San Francisco,California,USA,2015-01-25,70,Medium
C004897,10,Ananya Williams,Female,34,Affluent,Other,148852,Pune,Maharashtra,India,2023-05-23,90,Medium
C004898,3,Riley Taylor,Other,34,Business,Consultant,98927,Chicago,Illinois,USA,2022-05-13,80,Medium
C004899,5,Jordan Singh,Male,65,Affluent,Student,60248,Liverpool,England,UK,2023-03-19,37,Low
C004900,5,Arjun Johnson,Male,59,Mass Market,Consultant,19656,Birmingham,England,UK,2025-11-21,81,Low
C004901,8,Morgan Williams,Female,52,Affluent,Engineer,70937,Kolkata,West Bengal,India,2021-11-19,32,Medium
C004902,6,Rahul Anderson,Female,74,Affluent,Employee,163445,Birmingham,England,UK,2017-09-17,58,Low
C004903,8,Riley Johnson,Other,75,Business,Business Owner,40103,Hyderabad,Telangana,India,2016-02-11,54,High
C004904,10,Neha Clark,Male,39,Mass Market,Consultant,18557,Chennai,Tamil Nadu,India,2021-07-21,49,Low
C004905,4,Riley Wilson,Other,29,Business,Healthcare,51956,Miami,Florida,USA,2017-02-01,30,Low
C004906,9,Riley Patel,Male,61,Affluent,Retired,277235,Hyderabad,Telangana,India,2020-11-13,72,Low
C004907,2,Morgan Taylor,Male,52,Affluent,Consultant,80822,Los Angeles,California,USA,2023-10-16,81,Medium
C004908,10,Chris Davis,Female,32,Business,Employee,74400,Mumbai,Maharashtra,India,2020-08-16,84,Low
C004909,2,Avery Anderson,Female,38,Mass Market,Business Owner,77688,Dallas,Texas,USA,2022-02-25,49,Low
C004910,9,Emma Miller,Male,75,Mass Market,Healthcare,30072,Ahmedabad,Gujarat,India,2021-04-12,45,Medium
C004911,4,Riley Williams,Other,55,Affluent,Engineer,67504,San Francisco,California,USA,2020-04-20,48,High
C004912,10,Daniel Iyer,Male,32,Business,Healthcare,90417,Ahmedabad,Gujarat,India,2017-03-08,12,Low
C004913,2,Daniel Iyer,Female,35,Mass Market,Other,48174,Dallas,Texas,USA,2025-02-09,10,Medium
C004914,5,Taylor Wilson,Male,34,Affluent,Consultant,49058,Liverpool,England,UK,2020-02-08,58,Low
C004915,10,Ananya Thomas,Male,38,Mass Market,Retired,69840,Delhi,Delhi,India,2022-12-26,33,Medium
C004916,1,Jamie Thomas,Other,40,Affluent,Healthcare,234218,Seattle,Washington,USA,2022-07-09,6,Low
C004917,3,Arjun Iyer,Female,26,Affluent,Manager,45656,Los Angeles,California,USA,2022-12-10,35,Low
C004918,1,Jordan Anderson,Male,41,Premium,Other,34057,San Francisco,California,USA,2024-08-30,33,Low
C004919,4,Alex Singh,Other,21,Business,Other,139794,Houston,Texas,USA,2018-03-05,63,Medium
C004920,4,Riley Iyer,Other,32,Premium,Consultant,184982,New York,New York,USA,2023-01-19,41,Critical
C004921,7,Neha Davis,Other,35,Mass Market,Retired,56776,Munich,Bavaria,Germany,2019-06-27,79,Critical
C004922,3,Vikram Clark,Female,73,Affluent,Engineer,43922,Miami,Florida,USA,2025-04-15,19,Low
C004923,2,Daniel Lee,Female,38,Mass Market,Employee,46035,Seattle,Washington,USA,2023-02-20,16,Low
C004924,2,Ananya Sharma,Male,53,Affluent,Consultant,181131,New York,New York,USA,2025-05-16,59,Low
C004925,10,Emma Miller,Other,41,Business,Consultant,92213,Mumbai,Maharashtra,India,2016-11-19,28,Medium
C004926,10,Daniel Patel,Female,54,Affluent,Consultant,23801,Chennai,Tamil Nadu,India,2016-09-07,22,Low
C004927,3,Riley Johnson,Male,67,Premium,Student,39464,Dallas,Texas,USA,2019-02-23,31,Low
C004928,2,Riley Williams,Female,71,Premium,Employee,26004,New York,New York,USA,2025-02-25,62,Medium
C004929,1,Morgan Williams,Other,48,Business,Consultant,135741,Seattle,Washington,USA,2017-01-30,94,Medium
C004930,10,Neha Singh,Female,45,Mass Market,Other,47379,Bengaluru,Karnataka,India,2023-08-02,14,High
C004931,8,Sam Martin,Female,35,Business,Engineer,25839,Pune,Maharashtra,India,2021-08-22,55,Low
C004932,8,Alex Clark,Male,56,Mass Market,Engineer,126761,Delhi,Delhi,India,2015-06-21,27,Medium
C004933,3,Noah Davis,Female,43,Affluent,Manager,89309,San Francisco,California,USA,2020-08-18,20,Medium
C004934,7,Jamie Gupta,Male,70,Business,Manager,241671,Berlin,Berlin,Germany,2025-07-21,89,High
C004935,1,Alex Taylor,Female,47,Premium,Other,135254,Los Angeles,California,USA,2017-10-18,69,Low
C004936,7,Morgan Davis,Other,44,Mass Market,Student,89125,Berlin,Berlin,Germany,2018-03-09,94,Medium
C004937,6,Jamie Williams,Male,29,Premium,Business Owner,31822,London,England,UK,2016-11-08,81,High
C004938,4,Jamie Williams,Other,74,Mass Market,Healthcare,77963,San Francisco,California,USA,2021-05-07,16,Low
C004939,8,Taylor Sharma,Female,50,Business,Consultant,57942,Ahmedabad,Gujarat,India,2019-12-26,38,Low
C004940,7,Olivia Patel,Male,21,Premium,Student,18000,Munich,Bavaria,Germany,2015-10-29,47,Low
C004941,5,Casey Johnson,Female,52,Affluent,Retired,91702,Liverpool,England,UK,2022-12-06,57,Critical
C004942,2,Chris Kumar,Other,67,Business,Student,30001,Houston,Texas,USA,2024-01-26,8,Low
C004943,1,Priya Williams,Female,74,Mass Market,Business Owner,45738,Dallas,Texas,USA,2019-07-15,5,High
C004944,10,Noah Anderson,Female,52,Business,Student,25850,Delhi,Delhi,India,2021-08-13,33,Low
C004945,3,Priya Johnson,Female,51,Business,Manager,49527,Los Angeles,California,USA,2023-10-14,40,Low
C004946,4,Emma Patel,Male,35,Mass Market,Student,75088,Seattle,Washington,USA,2018-03-15,55,Low
C004947,7,Rahul Lee,Female,64,Mass Market,Consultant,116138,Hamburg,Hamburg,Germany,2022-12-04,90,Medium
C004948,3,Emma Iyer,Male,30,Affluent,Healthcare,41076,Seattle,Washington,USA,2020-03-17,64,Low
C004949,4,Alex Miller,Other,43,Business,Retired,90339,Chicago,Illinois,USA,2025-05-06,89,Low
C004950,8,Sam Wilson,Female,61,Business,Retired,51382,Pune,Maharashtra,India,2016-03-30,52,Low
C004951,6,Vikram Miller,Other,26,Affluent,Retired,41486,Leeds,England,UK,2018-08-21,35,Medium
C004952,7,Rahul Taylor,Male,65,Affluent,Other,223651,Munich,Bavaria,Germany,2018-11-01,69,High
C004953,1,Olivia Iyer,Other,29,Premium,Business Owner,94674,Miami,Florida,USA,2015-04-03,31,High
C004954,5,Sam Martin,Other,38,Premium,Healthcare,38279,Manchester,England,UK,2024-10-31,39,High
C004955,5,Olivia Taylor,Male,37,Mass Market,Consultant,97674,London,England,UK,2018-10-11,73,Medium
C004956,7,Taylor Smith,Other,24,Mass Market,Engineer,25781,Hamburg,Hamburg,Germany,2022-12-08,23,Medium
C004957,2,Ananya Taylor,Male,38,Premium,Employee,110271,New York,New York,USA,2021-08-13,47,Low
C004958,2,Sam Moore,Male,24,Mass Market,Engineer,58227,New York,New York,USA,2017-12-26,63,Low
C004959,8,Casey Moore,Male,73,Premium,Manager,215253,Pune,Maharashtra,India,2021-12-27,32,Low
C004960,7,Noah Iyer,Female,50,Affluent,Consultant,63061,Berlin,Berlin,Germany,2025-02-26,20,Low
C004961,9,Alex Brown,Female,71,Affluent,Retired,304733,Kolkata,West Bengal,India,2023-04-06,37,Low
C004962,3,Neha Lee,Male,36,Premium,Retired,386573,Dallas,Texas,USA,2024-04-13,38,Low
C004963,10,Ananya Martin,Female,35,Affluent,Healthcare,57747,Bengaluru,Karnataka,India,2021-10-04,45,Low
C004964,3,Olivia Anderson,Female,54,Premium,Business Owner,36450,New York,New York,USA,2025-10-15,8,Critical
C004965,7,Avery Kumar,Female,21,Business,Student,220253,Cologne,North Rhine-Westphalia,Germany,2016-04-15,26,Low
C004966,2,Ananya Patel,Other,33,Affluent,Healthcare,229618,Miami,Florida,USA,2019-11-30,91,Low
C004967,10,Avery Sharma,Other,69,Mass Market,Employee,105619,Delhi,Delhi,India,2023-12-16,68,Medium
C004968,4,Ananya Kumar,Female,35,Mass Market,Consultant,47428,Houston,Texas,USA,2022-09-06,52,Medium
C004969,9,Taylor Thomas,Female,45,Premium,Student,49022,Delhi,Delhi,India,2016-08-12,64,High
C004970,4,Olivia Miller,Other,71,Business,Engineer,76039,Chicago,Illinois,USA,2022-02-17,88,High
C004971,8,Noah Sharma,Other,48,Affluent,Consultant,119772,Bengaluru,Karnataka,India,2023-11-30,85,Low
C004972,5,Chris Johnson,Other,26,Business,Retired,104571,London,England,UK,2024-05-30,86,High
C004973,1,Jordan Miller,Other,58,Premium,Retired,42562,Miami,Florida,USA,2015-11-05,76,Low
C004974,2,Taylor Sharma,Female,52,Affluent,Other,21727,Los Angeles,California,USA,2023-08-13,48,Medium
C004975,7,Chris Smith,Female,38,Premium,Consultant,45122,Munich,Bavaria,Germany,2025-06-15,23,High
C004976,2,Avery Wilson,Male,70,Affluent,Manager,35960,Miami,Florida,USA,2023-05-05,5,Medium
C004977,3,Neha Thomas,Female,73,Premium,Consultant,36237,Los Angeles,California,USA,2017-02-09,10,Low
C004978,6,Casey Anderson,Female,26,Business,Engineer,60259,Liverpool,England,UK,2015-02-14,7,Medium
C004979,3,Casey Moore,Female,32,Business,Business Owner,67996,Los Angeles,California,USA,2024-10-15,26,Medium
C004980,2,Morgan Moore,Female,21,Premium,Engineer,59738,Los Angeles,California,USA,2020-12-02,94,High
C004981,7,Olivia Iyer,Female,69,Premium,Other,70557,Munich,Bavaria,Germany,2016-02-03,8,High
C004982,7,Olivia Singh,Male,63,Mass Market,Retired,31988,Hamburg,Hamburg,Germany,2018-03-17,91,Medium
C004983,8,Jamie Johnson,Female,31,Mass Market,Business Owner,74931,Delhi,Delhi,India,2025-02-13,73,High
C004984,10,Avery Davis,Female,43,Business,Manager,45471,Ahmedabad,Gujarat,India,2020-09-10,90,Medium
C004985,2,Sam Taylor,Male,67,Premium,Other,92979,New York,New York,USA,2022-03-31,92,Low
C004986,5,Jordan Williams,Female,56,Mass Market,Student,57436,Leeds,England,UK,2019-12-19,85,Medium
C004987,3,Alex Singh,Male,61,Affluent,Student,79437,San Francisco,California,USA,2021-09-21,6,Low
C004988,10,Riley Williams,Female,42,Mass Market,Employee,115447,Hyderabad,Telangana,India,2020-11-26,86,Low
C004989,6,Taylor Iyer,Female,47,Affluent,Manager,84573,Manchester,England,UK,2016-06-02,26,Low
C004990,1,Chris Taylor,Female,28,Premium,Business Owner,26470,Los Angeles,California,USA,2015-01-30,67,Low
C004991,7,Riley Patel,Male,71,Affluent,Manager,45037,Cologne,North Rhine-Westphalia,Germany,2020-08-17,29,Critical
C004992,1,Jordan Sharma,Other,66,Affluent,Student,100607,Houston,Texas,USA,2024-10-04,56,High
C004993,3,Casey Lee,Other,41,Mass Market,Retired,66118,New York,New York,USA,2023-10-09,84,Low
C004994,8,Sam Singh,Male,22,Business,Engineer,243008,Delhi,Delhi,India,2023-03-12,30,Low
C004995,6,Morgan Kumar,Female,26,Affluent,Engineer,81539,Leeds,England,UK,2017-08-15,92,Low
C004996,8,Riley Kumar,Male,44,Business,Manager,97016,Mumbai,Maharashtra,India,2018-05-30,67,Low
C004997,6,Casey Smith,Female,63,Business,Other,251406,Manchester,England,UK,2019-01-02,68,Medium
C004998,9,Vikram Patel,Female,23,Premium,Other,119038,Mumbai,Maharashtra,India,2015-11-21,65,Low
C004999,6,Riley Kumar,Female,48,Mass Market,Consultant,270630,Birmingham,England,UK,2018-09-04,18,Medium
C005000,1,Vikram Clark,Female,44,Premium,Manager,23607,Dallas,Texas,USA,2022-06-06,80,High
