FraudCaseID,TransactionID,CustomerID,FraudType,FraudStatus,RiskLevel,InvestigatorID,InvestigationDate,ResolutionDate,InvestigationDurationHours,FraudAmount,RecoveredAmount,FinancialLoss,CasePriority,InvestigationResult
FC000001,T00000019,C002410,Phishing,Closed,High,E00029,26-09-2025,02-10-2025,144,1659.59,674.61,984.98,High,Law Enforcement Referred
FC000002,T00000024,C004120,Online Banking Fraud,Under Investigation,High,E00009,03-01-2025,,NULL,185.73,0,185.73,Medium,False Positive
FC000003,T00000087,C000517,Identity Theft,Closed,High,E00050,21-12-2025,21-12-2025,0,173.36,0,173.36,Critical,Confirmed Fraud
FC000004,T00000098,C000075,Account Takeover,Closed,Medium,E00052,02-03-2025,02-03-2025,0,706.25,197.34,508.91,Medium,Law Enforcement Referred
FC000005,T00000131,C002080,ATM Fraud,Closed,Medium,E00084,18-01-2026,18-01-2026,0,1202.63,0,1202.63,Critical,Account Secured
FC000006,T00000144,C000025,Money Laundering,Closed,Critical,E00084,24-03-2026,02-04-2026,216,2337.31,666.59,1670.72,Critical,Account Secured
FC000007,T00000150,C003060,Identity Theft,Closed,High,E00098,25-04-2025,04-05-2025,216,753.23,654.15,99.09,High,False Positive
FC000008,T00000171,C000758,Merchant Fraud,Open,High,E00052,04-03-2025,,168,280.15,197.26,82.89,High,Customer Reimbursed
FC000009,T00000220,C001617,ATM Fraud,Closed,High,E00049,23-01-2025,23-01-2025,0,1462,0,1462,Critical,Law Enforcement Referred
FC000010,T00000268,C002204,UPI Fraud,Closed,High,E00028,27-03-2025,05-04-2025,216,440.78,53.39,387.38,Medium,False Positive
FC000011,T00000298,C000486,Online Banking Fraud,Open,Medium,E00100,03-11-2025,,NULL,1613.84,0,1613.84,Low,Account Secured
FC000012,T00000306,C000879,Online Banking Fraud,Escalated,Critical,E00031,06-04-2026,,24,1071.14,192.07,879.07,High,Account Secured
FC000013,T00000407,C000439,ATM Fraud,Closed,High,E00111,04-02-2025,04-02-2025,0,1047.27,0,1047.27,High,Account Secured
FC000014,T00000410,C001639,Card Theft,Closed,Medium,E00145,13-05-2025,19-05-2025,144,721.02,618.33,102.7,High,Account Secured
FC000015,T00000417,C000553,Phishing,Closed,Critical,E00046,11-09-2025,16-09-2025,120,155.1,118.02,37.08,Low,False Positive
FC000016,T00000432,C000340,Online Banking Fraud,Closed,High,E00028,30-05-2026,30-05-2026,0,2227.8,0,2227.8,High,Customer Reimbursed
FC000017,T00000438,C003290,Online Banking Fraud,Closed,High,E00077,28-02-2025,28-02-2025,0,82.9,0,82.9,Critical,Customer Reimbursed
FC000018,T00000445,C001964,Account Takeover,Closed,High,E00149,13-10-2025,15-10-2025,48,1507.06,657.59,849.48,Low,Customer Reimbursed
FC000019,T00000473,C003318,Online Banking Fraud,Closed,High,E00147,17-07-2026,25-07-2026,192,206.98,158.12,48.86,High,Confirmed Fraud
FC000020,T00000477,C003057,Card Theft,Closed,High,E00001,14-01-2025,21-01-2025,168,205.23,95.03,110.2,High,False Positive
FC000021,T00000488,C004847,Account Takeover,Under Investigation,Medium,E00053,22-03-2026,,NULL,1437.89,0,1437.89,Low,Law Enforcement Referred
FC000022,T00000498,C002918,Card Theft,Closed,Critical,E00034,24-03-2026,24-03-2026,0,180.3,0,180.3,Medium,False Positive
FC000023,T00000528,C003818,Identity Theft,Closed,Medium,E00122,12-04-2025,21-04-2025,216,265.14,89.69,175.45,High,Law Enforcement Referred
FC000024,T00000538,C002654,Suspicious Transfer,Open,High,E00080,28-11-2025,,96,145.74,120.72,25.02,High,Account Secured
FC000025,T00000568,C000949,Online Banking Fraud,Closed,Critical,E00098,19-04-2026,19-04-2026,0,994.92,0,994.92,Critical,Confirmed Fraud
FC000026,T00000569,C002959,Money Laundering,Under Investigation,High,E00120,26-04-2025,,144,197.86,142.76,55.11,Low,Law Enforcement Referred
FC000027,T00000589,C001861,Card Theft,Closed,Medium,E00035,30-05-2025,05-06-2025,144,255.56,172.87,82.69,Medium,Law Enforcement Referred
FC000028,T00000621,C004961,Account Takeover,Closed,Critical,E00145,12-03-2026,19-03-2026,168,122.4,59.56,62.84,Low,False Positive
FC000029,T00000622,C001260,Account Takeover,Closed,Critical,E00120,12-01-2026,14-01-2026,48,614.53,300.16,314.37,Medium,Confirmed Fraud
FC000030,T00000641,C000942,Money Laundering,Under Investigation,High,E00076,22-01-2026,,144,1406.18,309.46,1096.72,High,Confirmed Fraud
FC000031,T00000646,C002558,Card Theft,Closed,High,E00112,13-04-2026,19-04-2026,144,1595.65,313.99,1281.66,High,Account Secured
FC000032,T00000663,C001611,ATM Fraud,Closed,Medium,E00115,15-02-2026,15-02-2026,0,465.46,0,465.46,Medium,Account Secured
FC000033,T00000691,C001472,UPI Fraud,Escalated,Medium,E00063,06-01-2025,,24,1254.48,454.04,800.44,Critical,Law Enforcement Referred
FC000034,T00000703,C003515,UPI Fraud,Closed,High,E00094,07-12-2025,11-12-2025,96,620.67,172.49,448.19,High,Law Enforcement Referred
FC000035,T00000709,C002296,Phishing,Open,Medium,E00065,23-11-2025,,168,554.41,186.89,367.53,High,Customer Reimbursed
FC000036,T00000726,C000628,Money Laundering,Escalated,Critical,E00051,21-11-2025,,NULL,225.56,0,225.56,Medium,Law Enforcement Referred
FC000037,T00000756,C003083,Card Theft,Closed,High,E00127,26-06-2026,26-06-2026,0,397.37,0,397.37,Low,False Positive
FC000038,T00000855,C004129,ATM Fraud,Closed,High,E00100,04-05-2025,04-05-2025,0,398.36,0,398.36,Medium,Law Enforcement Referred
FC000039,T00000883,C002996,UPI Fraud,Closed,High,E00088,07-05-2025,10-05-2025,72,6291.53,1124.31,5167.22,High,Customer Reimbursed
FC000040,T00000894,C004036,UPI Fraud,Closed,High,E00012,14-06-2026,14-06-2026,0,763.5,0,763.5,Medium,False Positive
FC000041,T00000899,C002070,UPI Fraud,Open,High,E00068,23-12-2025,,120,86.11,63.7,22.41,Medium,Customer Reimbursed
FC000042,T00000915,C002312,Account Takeover,Closed,Critical,E00034,13-06-2025,15-06-2025,48,5146.82,1803.01,3343.81,High,False Positive
FC000043,T00000937,C002790,ATM Fraud,Closed,High,E00134,15-05-2026,15-05-2026,0,29144.45,0,29144.45,Low,Confirmed Fraud
FC000044,T00000939,C004516,Card Theft,Closed,Critical,E00026,29-03-2026,01-04-2026,72,385.51,304.54,80.97,High,Customer Reimbursed
FC000045,T00000957,C004664,Merchant Fraud,Escalated,Medium,E00074,16-06-2026,,240,1977.54,951.23,1026.31,High,Confirmed Fraud
FC000046,T00000992,C001393,Money Laundering,Closed,High,E00132,04-07-2025,06-07-2025,48,141.44,126.89,14.56,Medium,Account Secured
FC000047,T00001008,C003762,ATM Fraud,Escalated,Critical,E00030,31-07-2026,,NULL,142.71,0,142.71,High,Law Enforcement Referred
FC000048,T00001033,C003644,Phishing,Closed,High,E00127,15-07-2025,15-07-2025,0,418.29,0,418.29,Medium,Law Enforcement Referred
FC000049,T00001056,C002126,Card Theft,Closed,Critical,E00143,24-06-2025,26-06-2025,48,9023.63,5756.77,3266.87,Low,Account Secured
FC000050,T00001081,C002002,Account Takeover,Under Investigation,High,E00137,16-03-2026,,NULL,418.06,0,418.06,High,Confirmed Fraud
FC000051,T00001106,C001761,Merchant Fraud,Closed,High,E00049,25-06-2026,02-07-2026,168,1315.98,763.05,552.93,High,False Positive
FC000052,T00001152,C003810,Phishing,Closed,High,E00122,11-03-2026,18-03-2026,168,775.51,345.62,429.89,Medium,Confirmed Fraud
FC000053,T00001201,C002404,Identity Theft,Escalated,High,E00117,09-10-2025,,72,5556.14,916.28,4639.86,Medium,Law Enforcement Referred
FC000054,T00001257,C004376,Phishing,Closed,High,E00010,09-04-2026,09-04-2026,0,389.51,0,389.51,High,False Positive
FC000055,T00001264,C000864,Card Theft,Closed,Critical,E00078,24-11-2025,02-12-2025,192,2335.15,1879.2,455.95,Medium,Account Secured
FC000056,T00001284,C002523,Merchant Fraud,Closed,Medium,E00141,16-06-2025,23-06-2025,168,629.09,555.68,73.41,High,Customer Reimbursed
FC000057,T00001311,C000682,Card Theft,Closed,High,E00061,29-04-2025,04-05-2025,120,287.6,101.29,186.31,High,Confirmed Fraud
FC000058,T00001328,C004121,ATM Fraud,Under Investigation,Medium,E00023,24-03-2026,,72,441.2,194.54,246.66,High,Law Enforcement Referred
FC000059,T00001332,C002968,International Fraud,Closed,Critical,E00079,25-04-2025,26-04-2025,24,322.72,253.81,68.91,Medium,Customer Reimbursed
FC000060,T00001381,C002775,Online Banking Fraud,Open,High,E00143,31-08-2025,,96,3495.71,2025.76,1469.95,Critical,Account Secured
FC000061,T00001442,C004707,Identity Theft,Closed,High,E00114,07-02-2026,07-02-2026,0,363.93,0,363.93,Medium,Law Enforcement Referred
FC000062,T00001455,C001260,Identity Theft,Closed,Medium,E00123,25-06-2026,25-06-2026,0,2274.4,0,2274.4,High,Confirmed Fraud
FC000063,T00001459,C003449,Identity Theft,Closed,High,E00142,28-01-2025,03-02-2025,144,3112.07,947.85,2164.22,Low,Customer Reimbursed
FC000064,T00001473,C001050,Online Banking Fraud,Closed,High,E00014,22-12-2025,27-12-2025,120,209.55,21.8,187.75,High,Confirmed Fraud
FC000065,T00001508,C003790,Card Theft,Escalated,High,E00024,28-03-2026,,NULL,422.02,0,422.02,High,False Positive
FC000066,T00001514,C000269,Account Takeover,Closed,High,E00048,09-07-2026,11-07-2026,48,138.7,84.12,54.58,Critical,Customer Reimbursed
FC000067,T00001531,C002908,Identity Theft,Under Investigation,High,E00068,17-03-2025,,168,961.37,231.48,729.89,Medium,Account Secured
FC000068,T00001547,C002279,Account Takeover,Closed,Critical,E00008,11-08-2025,12-08-2025,24,770.77,158.94,611.83,Low,Confirmed Fraud
FC000069,T00001549,C000057,Identity Theft,Closed,Critical,E00125,30-03-2025,30-03-2025,0,380.8,0,380.8,High,Confirmed Fraud
FC000070,T00001553,C001469,Merchant Fraud,Under Investigation,High,E00053,15-07-2025,,NULL,636.28,0,636.28,High,False Positive
FC000071,T00001567,C002764,International Fraud,Closed,Critical,E00134,11-02-2026,11-02-2026,0,5425.27,0,5425.27,Medium,False Positive
FC000072,T00001581,C004639,Online Banking Fraud,Closed,High,E00094,22-05-2026,22-05-2026,0,560.67,0,560.67,Medium,Confirmed Fraud
FC000073,T00001595,C000580,Merchant Fraud,Closed,Critical,E00065,11-08-2025,11-08-2025,0,1751.4,0,1751.4,Low,Customer Reimbursed
FC000074,T00001616,C002279,Money Laundering,Closed,Critical,E00066,27-01-2026,27-01-2026,0,1101.83,0,1101.83,Medium,Account Secured
FC000075,T00001638,C004017,Money Laundering,Under Investigation,High,E00146,10-09-2025,,216,280.3,79.23,201.07,Low,Customer Reimbursed
FC000076,T00001687,C004469,Identity Theft,Open,High,E00078,25-06-2025,,24,2270.04,1627.55,642.48,High,Confirmed Fraud
FC000077,T00001692,C003297,Money Laundering,Closed,Critical,E00073,02-07-2025,03-07-2025,24,460.29,101.42,358.88,Critical,Account Secured
FC000078,T00001706,C003698,Suspicious Transfer,Closed,Critical,E00129,21-04-2026,24-04-2026,72,625.58,376.97,248.62,Critical,Law Enforcement Referred
FC000079,T00001716,C002466,Money Laundering,Closed,Critical,E00066,04-05-2025,12-05-2025,192,471.52,309.84,161.69,High,False Positive
FC000080,T00001717,C002681,Online Banking Fraud,Closed,Critical,E00005,19-03-2025,20-03-2025,24,254.9,197,57.91,Critical,Account Secured
FC000081,T00001723,C003086,Money Laundering,Closed,High,E00072,16-01-2025,16-01-2025,0,1227.79,0,1227.79,Medium,Law Enforcement Referred
FC000082,T00001739,C000456,Online Banking Fraud,Closed,Critical,E00095,20-06-2026,21-06-2026,24,357.32,134.42,222.9,High,Account Secured
FC000083,T00001791,C002248,ATM Fraud,Under Investigation,Critical,E00055,15-10-2025,,120,1170.73,579.9,590.82,High,Law Enforcement Referred
FC000084,T00001808,C004311,Suspicious Transfer,Closed,High,E00024,18-07-2026,23-07-2026,120,855.05,148.48,706.57,High,Confirmed Fraud
FC000085,T00001825,C001044,Card Theft,Closed,Medium,E00101,27-11-2025,28-11-2025,24,318,205.22,112.78,Low,False Positive
FC000086,T00001837,C003718,Suspicious Transfer,Closed,Critical,E00053,20-01-2026,20-01-2026,0,1957.29,0,1957.29,Medium,Account Secured
FC000087,T00001843,C001543,Card Theft,Closed,Medium,E00088,23-02-2025,23-02-2025,0,6538.15,0,6538.15,Critical,Account Secured
FC000088,T00001853,C003569,UPI Fraud,Open,High,E00012,10-12-2025,,144,1782.33,1034.5,747.83,High,Account Secured
FC000089,T00001888,C002194,International Fraud,Closed,High,E00062,13-10-2025,20-10-2025,168,723.04,595.64,127.39,High,False Positive
FC000090,T00001901,C003667,Account Takeover,Closed,High,E00113,20-06-2026,21-06-2026,24,2205.93,1954.33,251.6,Medium,False Positive
FC000091,T00001902,C001807,Online Banking Fraud,Closed,High,E00082,19-01-2026,26-01-2026,168,2405.76,526.95,1878.81,High,False Positive
FC000092,T00001907,C000366,Card Theft,Closed,Critical,E00016,11-06-2026,11-06-2026,0,188.2,0,188.2,High,False Positive
FC000093,T00001914,C002682,Phishing,Closed,Critical,E00131,08-09-2025,09-09-2025,24,4743.63,2106.78,2636.85,Medium,Customer Reimbursed
FC000094,T00001982,C000857,International Fraud,Closed,Critical,E00076,21-07-2026,25-07-2026,96,280.62,223.1,57.52,High,Account Secured
FC000095,T00001989,C003766,Phishing,Closed,High,E00076,01-06-2026,09-06-2026,192,685.88,197.82,488.06,Medium,Law Enforcement Referred
FC000096,T00001994,C001621,Identity Theft,Closed,High,E00009,20-12-2025,22-12-2025,48,677.91,188.06,489.85,Critical,Law Enforcement Referred
FC000097,T00002021,C000165,Phishing,Open,Medium,E00141,17-01-2025,,48,3045.22,2093.42,951.8,Medium,Account Secured
FC000098,T00002044,C003386,Phishing,Closed,Critical,E00056,28-01-2025,06-02-2025,216,330.94,152.25,178.69,Medium,Law Enforcement Referred
FC000099,T00002051,C002316,ATM Fraud,Closed,High,E00141,04-08-2025,04-08-2025,0,317.8,0,317.8,Critical,Customer Reimbursed
FC000100,T00002079,C003094,Account Takeover,Closed,High,E00121,24-07-2025,31-07-2025,168,599.41,60.31,539.09,High,Account Secured
FC000101,T00002081,C000848,UPI Fraud,Open,Critical,E00112,06-07-2025,,72,723.03,598.25,124.78,High,False Positive
FC000102,T00002083,C002438,ATM Fraud,Open,High,E00149,22-02-2025,,72,45.39,27.6,17.8,Medium,Customer Reimbursed
FC000103,T00002104,C003916,Account Takeover,Under Investigation,High,E00105,09-06-2025,,96,142.25,56.65,85.6,Critical,Account Secured
FC000104,T00002109,C001566,Phishing,Escalated,High,E00038,16-07-2025,,24,2150.54,1214.43,936.11,Critical,False Positive
FC000105,T00002123,C004546,Phishing,Open,High,E00110,04-12-2025,,144,274.33,200.76,73.57,High,Customer Reimbursed
FC000106,T00002125,C001358,Account Takeover,Closed,Medium,E00064,03-12-2025,12-12-2025,216,296.7,82.62,214.09,Low,Law Enforcement Referred
FC000107,T00002136,C003884,Identity Theft,Closed,High,E00018,08-11-2025,10-11-2025,48,144.35,64.03,80.32,Medium,Confirmed Fraud
FC000108,T00002157,C000640,Account Takeover,Closed,Critical,E00119,26-06-2026,03-07-2026,168,363.86,95.94,267.92,Medium,Account Secured
FC000109,T00002203,C004660,Money Laundering,Closed,High,E00089,13-06-2025,19-06-2025,144,157.23,100.47,56.76,Medium,Customer Reimbursed
FC000110,T00002241,C001675,Account Takeover,Closed,High,E00144,18-03-2026,21-03-2026,72,216.77,54.53,162.24,Medium,Account Secured
FC000111,T00002288,C001756,Money Laundering,Closed,High,E00098,04-08-2025,06-08-2025,48,402.48,271.97,130.51,High,Customer Reimbursed
FC000112,T00002353,C000824,Phishing,Closed,Medium,E00100,23-01-2026,31-01-2026,192,920.24,211.24,709,Critical,False Positive
FC000113,T00002400,C004494,Account Takeover,Closed,Critical,E00059,28-05-2026,06-06-2026,216,154.8,94.71,60.09,Critical,Law Enforcement Referred
FC000114,T00002433,C004132,Identity Theft,Under Investigation,Critical,E00129,13-02-2026,,240,263.52,157.5,106.02,Critical,Confirmed Fraud
FC000115,T00002434,C004878,ATM Fraud,Closed,Critical,E00101,01-09-2025,09-09-2025,192,309.87,152,157.87,Critical,Customer Reimbursed
FC000116,T00002446,C001152,ATM Fraud,Open,High,E00107,23-04-2025,,NULL,154.61,0,154.61,Medium,False Positive
FC000117,T00002462,C003953,Suspicious Transfer,Under Investigation,Medium,E00060,26-07-2026,,168,636.12,65.96,570.16,Medium,Account Secured
FC000118,T00002465,C004692,Phishing,Closed,Critical,E00039,27-06-2025,27-06-2025,0,146.09,0,146.09,High,False Positive
FC000119,T00002477,C003128,Suspicious Transfer,Closed,Critical,E00058,29-12-2025,01-01-2026,72,2482.86,784.61,1698.25,Critical,False Positive
FC000120,T00002487,C004832,Phishing,Closed,Medium,E00050,26-12-2025,29-12-2025,72,178.7,146.25,32.45,Critical,False Positive
FC000121,T00002496,C001080,Identity Theft,Under Investigation,High,E00127,24-10-2025,,216,346.71,299.04,47.68,Low,Customer Reimbursed
FC000122,T00002621,C000973,Identity Theft,Closed,High,E00140,11-07-2026,13-07-2026,48,457.74,57.91,399.82,Low,Customer Reimbursed
FC000123,T00002649,C002627,Card Theft,Escalated,High,E00040,03-07-2025,,72,4415.07,1369.02,3046.06,High,Account Secured
FC000124,T00002668,C003152,Online Banking Fraud,Escalated,High,E00132,22-06-2025,,216,2031.29,764.26,1267.03,Low,Customer Reimbursed
FC000125,T00002685,C003322,Account Takeover,Under Investigation,Critical,E00082,02-11-2025,,96,9375.1,5312.4,4062.7,Medium,Account Secured
FC000126,T00002728,C004482,Money Laundering,Closed,High,E00108,25-04-2026,25-04-2026,0,1157.19,0,1157.19,Critical,False Positive
FC000127,T00002734,C003501,ATM Fraud,Closed,High,E00010,30-07-2025,30-07-2025,0,892.25,0,892.25,High,Confirmed Fraud
FC000128,T00002749,C004022,UPI Fraud,Closed,Critical,E00107,19-11-2025,23-11-2025,96,321.1,189.77,131.32,High,Law Enforcement Referred
FC000129,T00002765,C002507,UPI Fraud,Open,Medium,E00042,02-09-2025,,168,1127.51,470.67,656.84,High,Customer Reimbursed
FC000130,T00002770,C002645,Money Laundering,Open,Critical,E00001,24-06-2026,,72,930.04,515.19,414.85,High,Customer Reimbursed
FC000131,T00002778,C001320,Phishing,Closed,Medium,E00096,17-05-2026,17-05-2026,0,346.95,0,346.95,Critical,Account Secured
FC000132,T00002785,C003039,Card Theft,Closed,High,E00073,20-06-2025,25-06-2025,120,12135.73,10843.35,1292.38,High,Law Enforcement Referred
FC000133,T00002819,C001984,Suspicious Transfer,Under Investigation,High,E00107,15-08-2025,,0,2218.04,1179.52,1038.52,High,Confirmed Fraud
FC000134,T00002849,C003757,ATM Fraud,Closed,Medium,E00035,17-04-2026,17-04-2026,0,1493.66,0,1493.66,Medium,Account Secured
FC000135,T00002922,C003378,ATM Fraud,Under Investigation,High,E00087,20-04-2025,,120,93.11,63.57,29.54,High,Account Secured
FC000136,T00002923,C002201,Account Takeover,Closed,High,E00027,08-09-2025,12-09-2025,96,928.58,530.3,398.28,High,Customer Reimbursed
FC000137,T00002956,C001713,Online Banking Fraud,Closed,High,E00004,02-03-2025,03-03-2025,24,156.15,31.47,124.69,High,False Positive
FC000138,T00003000,C002752,Identity Theft,Closed,Critical,E00074,06-07-2025,10-07-2025,96,1689.58,1276.9,412.68,Medium,False Positive
FC000139,T00003001,C003397,Online Banking Fraud,Open,High,E00065,11-10-2025,,NULL,665.38,0,665.38,Medium,Confirmed Fraud
FC000140,T00003013,C003502,International Fraud,Closed,Critical,E00006,06-02-2025,06-02-2025,0,94.68,27.88,66.8,Medium,Law Enforcement Referred
FC000141,T00003050,C000734,International Fraud,Closed,High,E00145,10-12-2025,10-12-2025,0,1791.29,0,1791.29,High,Customer Reimbursed
FC000142,T00003055,C001314,Card Theft,Under Investigation,Critical,E00082,18-12-2025,,192,859.91,669.62,190.29,High,Account Secured
FC000143,T00003065,C001012,Suspicious Transfer,Closed,Medium,E00146,31-07-2026,02-08-2026,48,479.23,255.77,223.46,High,Law Enforcement Referred
FC000144,T00003087,C001165,Account Takeover,Closed,High,E00097,18-02-2026,21-02-2026,72,2052.11,250.86,1801.25,High,Confirmed Fraud
FC000145,T00003117,C002802,Suspicious Transfer,Closed,High,E00134,05-11-2025,11-11-2025,144,66.85,22.47,44.38,Medium,Customer Reimbursed
FC000146,T00003125,C002516,ATM Fraud,Closed,Critical,E00078,17-05-2025,17-05-2025,0,1447.76,0,1447.76,Medium,Account Secured
FC000147,T00003157,C000133,Merchant Fraud,Closed,Medium,E00044,23-04-2025,29-04-2025,144,3389.99,567.81,2822.18,High,Account Secured
FC000148,T00003169,C003045,International Fraud,Open,High,E00129,09-02-2026,,192,810.04,365.89,444.16,High,Confirmed Fraud
FC000149,T00003189,C004473,Phishing,Closed,High,E00054,12-02-2026,19-02-2026,168,6478.67,3183.07,3295.6,Critical,Account Secured
FC000150,T00003221,C004696,Suspicious Transfer,Escalated,Medium,E00013,31-07-2026,,72,327.96,270.36,57.6,High,Account Secured
FC000151,T00003258,C001154,Money Laundering,Closed,Medium,E00138,11-06-2026,12-06-2026,24,279.06,213.63,65.43,Medium,Confirmed Fraud
FC000152,T00003291,C001883,Money Laundering,Escalated,High,E00068,08-01-2025,,144,304.17,111.42,192.75,Medium,Confirmed Fraud
FC000153,T00003310,C003001,Online Banking Fraud,Closed,Critical,E00045,15-03-2026,21-03-2026,144,700.26,339.5,360.76,High,Law Enforcement Referred
FC000154,T00003393,C002171,Card Theft,Under Investigation,Critical,E00026,15-12-2025,,192,173.43,143.08,30.36,High,Law Enforcement Referred
FC000155,T00003394,C000423,Online Banking Fraud,Closed,High,E00051,30-12-2025,06-01-2026,168,757.71,437.74,319.97,High,Confirmed Fraud
FC000156,T00003413,C002639,Online Banking Fraud,Closed,Critical,E00100,22-06-2025,22-06-2025,0,238.78,0,238.78,High,Customer Reimbursed
FC000157,T00003415,C004505,Merchant Fraud,Escalated,High,E00081,04-04-2025,,NULL,1281.56,0,1281.56,High,Law Enforcement Referred
FC000158,T00003484,C001654,Money Laundering,Closed,Critical,E00016,06-01-2026,10-01-2026,96,518.8,460.48,58.32,Medium,Confirmed Fraud
FC000159,T00003488,C004853,Account Takeover,Closed,Medium,E00054,19-01-2025,19-01-2025,0,52.51,0,52.51,Critical,Customer Reimbursed
FC000160,T00003489,C004952,Account Takeover,Closed,High,E00046,10-07-2026,10-07-2026,0,1195.06,548.41,646.65,Low,False Positive
FC000161,T00003526,C003467,UPI Fraud,Closed,Critical,E00112,22-04-2026,24-04-2026,48,1172.1,271.4,900.7,High,Customer Reimbursed
FC000162,T00003549,C004047,ATM Fraud,Closed,Medium,E00120,31-05-2025,02-06-2025,48,1146.92,925.62,221.3,Low,Law Enforcement Referred
FC000163,T00003556,C000388,UPI Fraud,Under Investigation,Medium,E00142,16-06-2025,,96,2190.44,839.13,1351.32,High,Customer Reimbursed
FC000164,T00003583,C001565,International Fraud,Closed,Critical,E00052,18-09-2025,25-09-2025,168,901.4,272.37,629.03,High,Law Enforcement Referred
FC000165,T00003623,C004174,Money Laundering,Open,Medium,E00066,23-03-2025,,120,1714.04,1528.97,185.07,High,Confirmed Fraud
FC000166,T00003643,C003872,Card Theft,Closed,Critical,E00043,04-04-2026,04-04-2026,0,492.13,0,492.13,High,Account Secured
FC000167,T00003652,C000020,Phishing,Under Investigation,Critical,E00066,14-02-2025,,216,371.28,274.7,96.58,Medium,Law Enforcement Referred
FC000168,T00003657,C001180,International Fraud,Closed,High,E00130,17-04-2026,17-04-2026,0,366.23,0,366.23,Critical,False Positive
FC000169,T00003712,C002959,Money Laundering,Open,High,E00116,05-12-2025,,144,795.45,541.81,253.65,High,Customer Reimbursed
FC000170,T00003796,C000950,Money Laundering,Closed,High,E00010,08-04-2026,10-04-2026,48,2998.55,2629.05,369.5,High,Account Secured
FC000171,T00003800,C001275,Account Takeover,Open,Critical,E00057,26-02-2025,,120,365.69,317.39,48.3,Medium,Account Secured
FC000172,T00003809,C001982,ATM Fraud,Under Investigation,Medium,E00105,09-04-2026,,24,846.89,735.23,111.67,High,Law Enforcement Referred
FC000173,T00003848,C000465,Identity Theft,Closed,High,E00046,09-07-2025,17-07-2025,192,2787.4,878.88,1908.52,Medium,False Positive
FC000174,T00003859,C000419,Phishing,Closed,Medium,E00006,21-11-2025,27-11-2025,144,1712.78,1505.49,207.29,Medium,Law Enforcement Referred
FC000175,T00003875,C003755,UPI Fraud,Escalated,Critical,E00025,14-06-2025,,144,1868.87,629.93,1238.95,High,Customer Reimbursed
FC000176,T00003877,C004405,UPI Fraud,Closed,High,E00147,21-07-2025,25-07-2025,96,822.47,667.59,154.88,High,Law Enforcement Referred
FC000177,T00003900,C002722,Money Laundering,Closed,Critical,E00025,22-02-2026,22-02-2026,0,365.54,0,365.54,Critical,Confirmed Fraud
FC000178,T00003930,C003647,UPI Fraud,Under Investigation,High,E00115,29-09-2025,,NULL,7704.9,0,7704.9,High,Confirmed Fraud
FC000179,T00003962,C002726,Identity Theft,Closed,High,E00077,17-03-2026,23-03-2026,144,119.13,53.33,65.8,High,Account Secured
FC000180,T00003988,C004376,Account Takeover,Open,Critical,E00074,18-09-2025,,120,65.51,38.48,27.03,Medium,False Positive
FC000181,T00003990,C004734,Suspicious Transfer,Closed,High,E00044,04-04-2026,12-04-2026,192,1577.34,754.55,822.79,High,Customer Reimbursed
FC000182,T00003994,C002037,UPI Fraud,Open,High,E00060,03-01-2026,,72,1794.82,1405,389.82,Critical,Customer Reimbursed
FC000183,T00004014,C004858,Card Theft,Closed,Critical,E00102,20-03-2025,24-03-2025,96,965.29,863.03,102.27,High,False Positive
FC000184,T00004035,C000669,ATM Fraud,Closed,High,E00116,02-01-2025,02-01-2025,0,409.49,0,409.49,High,False Positive
FC000185,T00004062,C004751,International Fraud,Closed,Medium,E00055,04-11-2025,06-11-2025,48,262.11,141.23,120.88,Critical,Confirmed Fraud
FC000186,T00004069,C001347,Online Banking Fraud,Escalated,Critical,E00011,12-11-2025,,192,282.62,247.18,35.44,Medium,Account Secured
FC000187,T00004078,C001990,Phishing,Escalated,Critical,E00078,18-05-2026,,192,262,40.91,221.09,High,False Positive
FC000188,T00004103,C002367,Account Takeover,Closed,Medium,E00046,27-10-2025,02-11-2025,144,99.18,40.69,58.49,Medium,Confirmed Fraud
FC000189,T00004149,C000052,International Fraud,Open,High,E00100,03-06-2026,,NULL,1579.85,0,1579.85,High,Confirmed Fraud
FC000190,T00004170,C003585,Merchant Fraud,Under Investigation,High,E00138,18-04-2026,,NULL,290.21,0,290.21,High,Confirmed Fraud
FC000191,T00004187,C003654,Card Theft,Closed,High,E00136,10-04-2026,10-04-2026,0,369.59,0,369.59,High,Customer Reimbursed
FC000192,T00004197,C001332,Money Laundering,Closed,Medium,E00093,13-06-2026,17-06-2026,96,216.26,67.09,149.17,High,False Positive
FC000193,T00004207,C000411,ATM Fraud,Closed,High,E00083,18-02-2025,18-02-2025,0,226.77,0,226.77,High,Law Enforcement Referred
FC000194,T00004215,C000455,UPI Fraud,Under Investigation,Medium,E00047,16-05-2025,,216,584.47,432.51,151.96,Critical,Account Secured
FC000195,T00004217,C000905,ATM Fraud,Closed,High,E00029,04-11-2025,07-11-2025,72,9694.44,7463.03,2231.41,Low,Law Enforcement Referred
FC000196,T00004218,C004322,Merchant Fraud,Closed,Critical,E00138,17-01-2026,18-01-2026,24,81.85,66.21,15.63,High,Customer Reimbursed
FC000197,T00004253,C004495,International Fraud,Under Investigation,High,E00086,06-06-2025,,48,581.81,379.51,202.3,High,Law Enforcement Referred
FC000198,T00004302,C002046,Card Theft,Closed,High,E00027,22-01-2025,01-02-2025,240,37.4,17.69,19.7,Critical,Law Enforcement Referred
FC000199,T00004397,C001338,Account Takeover,Closed,High,E00077,06-03-2026,12-03-2026,144,794.83,220.03,574.8,High,Account Secured
FC000200,T00004404,C004936,Online Banking Fraud,Escalated,Critical,E00019,17-09-2025,,72,264.69,88.37,176.32,Medium,Confirmed Fraud
FC000201,T00004406,C001974,Card Theft,Escalated,Critical,E00072,21-09-2025,,192,808.11,626.68,181.43,Medium,Confirmed Fraud
FC000202,T00004411,C003814,Online Banking Fraud,Open,Critical,E00013,07-10-2025,,24,622.96,403.35,219.61,Medium,Law Enforcement Referred
FC000203,T00004421,C001720,Account Takeover,Closed,High,E00049,09-03-2026,09-03-2026,0,1056.12,852.93,203.19,High,Law Enforcement Referred
FC000204,T00004438,C003964,International Fraud,Closed,Medium,E00043,21-03-2026,25-03-2026,96,2281.46,1535.43,746.03,Medium,Account Secured
FC000205,T00004456,C000238,Suspicious Transfer,Closed,High,E00007,14-05-2026,23-05-2026,216,480.6,201.44,279.16,High,Account Secured
FC000206,T00004482,C003134,Phishing,Open,High,E00065,13-12-2025,,NULL,474.64,0,474.64,High,Customer Reimbursed
FC000207,T00004489,C000059,Account Takeover,Under Investigation,High,E00028,24-02-2026,,144,2640.31,840.47,1799.84,High,Confirmed Fraud
FC000208,T00004497,C000800,Money Laundering,Closed,High,E00001,29-07-2026,31-07-2026,48,949.3,611.16,338.14,High,False Positive
FC000209,T00004531,C004594,Phishing,Escalated,High,E00070,08-07-2025,,168,685.08,237.21,447.87,Critical,Customer Reimbursed
FC000210,T00004544,C000401,UPI Fraud,Closed,High,E00003,19-01-2025,28-01-2025,216,714.01,605.22,108.8,High,Account Secured
FC000211,T00004576,C000192,ATM Fraud,Closed,Critical,E00150,21-02-2025,27-02-2025,144,176.83,90.17,86.66,High,Customer Reimbursed
FC000212,T00004676,C000247,Online Banking Fraud,Closed,High,E00055,28-06-2026,28-06-2026,0,64.76,0,64.76,Critical,Law Enforcement Referred
FC000213,T00004729,C002740,Identity Theft,Closed,High,E00110,07-09-2025,11-09-2025,96,2359.18,1349.86,1009.31,High,False Positive
FC000214,T00004743,C003464,ATM Fraud,Closed,High,E00013,21-03-2026,27-03-2026,144,10139.4,7580.15,2559.25,High,Account Secured
FC000215,T00004749,C003383,International Fraud,Under Investigation,Critical,E00087,07-04-2026,,48,3947.65,3204.22,743.43,High,False Positive
FC000216,T00004762,C004835,Phishing,Closed,High,E00075,11-01-2026,17-01-2026,144,817.92,284.49,533.44,Low,Account Secured
FC000217,T00004779,C000510,Phishing,Closed,High,E00112,08-10-2025,12-10-2025,96,2309.34,619.93,1689.41,Critical,Confirmed Fraud
FC000218,T00004790,C002161,Money Laundering,Closed,Critical,E00086,23-01-2025,01-02-2025,216,902.24,422.68,479.56,Medium,False Positive
FC000219,T00004841,C002886,Account Takeover,Closed,Medium,E00140,16-02-2025,18-02-2025,48,275.18,118.18,157,Critical,Account Secured
FC000220,T00004887,C004658,Account Takeover,Open,High,E00112,26-11-2025,,168,1000.25,309.13,691.12,Low,Account Secured
FC000221,T00004897,C002588,Money Laundering,Closed,High,E00081,16-04-2025,25-04-2025,216,157.22,94.25,62.96,High,Law Enforcement Referred
FC000222,T00004899,C000916,Money Laundering,Under Investigation,High,E00090,14-03-2025,,NULL,541.47,0,541.47,High,Confirmed Fraud
FC000223,T00004940,C004826,Account Takeover,Closed,Critical,E00071,06-01-2026,11-01-2026,120,248.88,25.06,223.81,Medium,Confirmed Fraud
FC000224,T00004948,C004269,ATM Fraud,Closed,Medium,E00072,22-03-2025,01-04-2025,240,507.62,146.97,360.66,High,Law Enforcement Referred
FC000225,T00004973,C003869,Money Laundering,Closed,High,E00100,08-03-2026,11-03-2026,72,310.17,268.76,41.41,Medium,Customer Reimbursed
FC000226,T00005075,C003266,Merchant Fraud,Under Investigation,High,E00141,28-06-2025,,72,4874.39,2934.9,1939.49,High,Customer Reimbursed
FC000227,T00005095,C003727,Account Takeover,Closed,Medium,E00004,12-11-2025,16-11-2025,96,727.24,648.69,78.55,High,False Positive
FC000228,T00005117,C001068,Suspicious Transfer,Closed,Medium,E00124,05-02-2025,07-02-2025,48,2669.52,1494.66,1174.86,High,Customer Reimbursed
FC000229,T00005143,C001791,Identity Theft,Closed,Medium,E00138,02-06-2026,02-06-2026,0,404.22,0,404.22,High,Customer Reimbursed
FC000230,T00005197,C002099,Suspicious Transfer,Closed,Critical,E00138,19-08-2025,19-08-2025,0,3793.9,0,3793.9,Medium,Account Secured
FC000231,T00005235,C001894,Suspicious Transfer,Closed,Critical,E00107,02-05-2026,07-05-2026,120,964.02,274.86,689.17,Medium,Customer Reimbursed
FC000232,T00005245,C001368,Card Theft,Closed,Medium,E00021,11-11-2025,18-11-2025,168,469.89,259.95,209.94,Critical,Law Enforcement Referred
FC000233,T00005246,C003755,Online Banking Fraud,Escalated,High,E00055,10-05-2026,,192,90.03,9.31,80.72,High,Law Enforcement Referred
FC000234,T00005249,C000721,Phishing,Under Investigation,High,E00040,24-03-2026,,NULL,326.82,0,326.82,Critical,False Positive
FC000235,T00005276,C000325,International Fraud,Closed,High,E00071,06-12-2025,12-12-2025,144,354.95,126.78,228.17,Low,Law Enforcement Referred
FC000236,T00005298,C004564,UPI Fraud,Open,Critical,E00112,02-04-2025,,NULL,1061.37,0,1061.37,High,False Positive
FC000237,T00005355,C003547,International Fraud,Open,High,E00067,09-02-2026,,24,1704.33,1222.33,482,High,Law Enforcement Referred
FC000238,T00005378,C004025,Money Laundering,Closed,High,E00148,21-03-2025,21-03-2025,0,2919.67,0,2919.67,High,Law Enforcement Referred
FC000239,T00005398,C004285,UPI Fraud,Closed,Critical,E00015,19-02-2025,22-02-2025,72,162.13,28.31,133.83,Critical,False Positive
FC000240,T00005446,C004453,Card Theft,Escalated,Critical,E00031,02-01-2026,,168,457.95,206.55,251.4,High,Account Secured
FC000241,T00005495,C000165,UPI Fraud,Closed,High,E00046,27-03-2025,30-03-2025,72,280.44,162.81,117.63,Medium,False Positive
FC000242,T00005533,C003148,Identity Theft,Closed,High,E00110,20-12-2025,30-12-2025,240,119.22,84.63,34.6,Low,False Positive
FC000243,T00005561,C002287,Account Takeover,Escalated,High,E00098,17-12-2025,,24,865.63,542.07,323.56,Low,Confirmed Fraud
FC000244,T00005566,C002117,UPI Fraud,Closed,Critical,E00114,04-03-2025,04-03-2025,0,129.83,38.12,91.72,High,Account Secured
FC000245,T00005598,C002738,ATM Fraud,Closed,Critical,E00115,02-12-2025,04-12-2025,48,420.52,212.85,207.67,High,Account Secured
FC000246,T00005609,C002098,Suspicious Transfer,Closed,High,E00129,20-02-2025,23-02-2025,72,2811.18,286.78,2524.4,High,Customer Reimbursed
FC000247,T00005611,C002224,Money Laundering,Closed,High,E00008,16-06-2026,25-06-2026,216,199.96,63.87,136.09,Medium,Customer Reimbursed
FC000248,T00005630,C003728,Suspicious Transfer,Closed,Critical,E00148,27-07-2026,28-07-2026,24,40.53,18.36,22.17,High,Confirmed Fraud
FC000249,T00005632,C003481,Account Takeover,Closed,High,E00127,14-07-2026,23-07-2026,216,270.41,137.21,133.2,Medium,False Positive
FC000250,T00005643,C000962,Merchant Fraud,Closed,High,E00113,16-06-2026,20-06-2026,96,251.6,200.76,50.83,Medium,False Positive
FC000251,T00005657,C003741,Phishing,Closed,High,E00048,14-04-2025,14-04-2025,0,177.19,0,177.19,High,Customer Reimbursed
FC000252,T00005690,C002370,Identity Theft,Closed,High,E00072,25-10-2025,25-10-2025,0,699.43,0,699.43,High,Confirmed Fraud
FC000253,T00005729,C004187,International Fraud,Closed,Medium,E00028,12-01-2025,16-01-2025,96,122.2,25.59,96.61,Medium,Law Enforcement Referred
FC000254,T00005747,C004242,Card Theft,Under Investigation,High,E00008,21-04-2025,,120,237.62,153.22,84.4,Critical,Account Secured
FC000255,T00005748,C004019,Phishing,Closed,High,E00098,05-04-2026,05-04-2026,0,40546.79,0,40546.79,High,Law Enforcement Referred
FC000256,T00005758,C000942,Card Theft,Under Investigation,Medium,E00011,19-07-2026,,216,279.72,161.79,117.94,Medium,Customer Reimbursed
FC000257,T00005790,C002445,Money Laundering,Closed,Medium,E00065,17-06-2025,17-06-2025,0,607.95,0,607.95,Critical,Customer Reimbursed
FC000258,T00005798,C004830,Money Laundering,Closed,High,E00085,22-02-2026,02-03-2026,192,6156.98,4746.36,1410.62,Medium,Confirmed Fraud
FC000259,T00005815,C000841,International Fraud,Closed,Medium,E00013,25-10-2025,25-10-2025,0,360.35,0,360.35,Medium,False Positive
FC000260,T00005842,C002203,Identity Theft,Closed,High,E00052,03-03-2026,07-03-2026,96,1958.31,1094.83,863.48,High,Law Enforcement Referred
FC000261,T00005849,C000500,Suspicious Transfer,Closed,Critical,E00143,24-01-2025,03-02-2025,240,499.73,151.67,348.07,High,Confirmed Fraud
FC000262,T00005851,C000073,Identity Theft,Closed,Medium,E00108,05-07-2025,10-07-2025,120,9365.07,1563.37,7801.7,High,Customer Reimbursed
FC000263,T00005854,C003518,Account Takeover,Closed,High,E00087,02-04-2025,08-04-2025,144,1023.45,878.29,145.16,High,Customer Reimbursed
FC000264,T00005868,C000912,Merchant Fraud,Closed,High,E00126,05-05-2025,05-05-2025,0,771.19,0,771.19,Medium,False Positive
FC000265,T00005871,C000124,International Fraud,Closed,Critical,E00056,28-06-2025,03-07-2025,120,787.16,91.15,696.01,High,Account Secured
FC000266,T00005886,C000835,Money Laundering,Closed,High,E00027,15-08-2025,17-08-2025,48,1701.89,1058.35,643.53,Medium,Account Secured
FC000267,T00005952,C001373,Card Theft,Open,Critical,E00001,07-05-2026,,96,199.1,149.42,49.67,Medium,False Positive
FC000268,T00005965,C002206,Phishing,Closed,High,E00136,28-06-2026,29-06-2026,24,656.25,129.95,526.3,High,Confirmed Fraud
FC000269,T00006012,C001184,Identity Theft,Under Investigation,High,E00047,23-06-2025,,NULL,8541.45,0,8541.45,High,Account Secured
FC000270,T00006067,C004097,Account Takeover,Open,High,E00005,15-09-2025,,120,629.24,552.09,77.16,High,Customer Reimbursed
FC000271,T00006069,C004892,Merchant Fraud,Open,Critical,E00046,03-04-2026,,0,458.14,358.55,99.59,Medium,Customer Reimbursed
FC000272,T00006129,C003840,Phishing,Closed,High,E00074,09-03-2025,10-03-2025,24,762.6,234.91,527.7,High,Confirmed Fraud
FC000273,T00006167,C004047,Phishing,Escalated,Critical,E00144,11-10-2025,,72,1611.26,540.46,1070.79,Critical,Law Enforcement Referred
FC000274,T00006181,C003510,International Fraud,Closed,High,E00047,09-03-2026,12-03-2026,72,520.23,94.34,425.9,High,False Positive
FC000275,T00006191,C001247,Account Takeover,Open,Medium,E00018,23-07-2025,,NULL,155.87,0,155.87,High,Law Enforcement Referred
FC000276,T00006193,C000638,Account Takeover,Closed,High,E00132,11-04-2025,11-04-2025,0,2349.43,0,2349.43,Low,Confirmed Fraud
FC000277,T00006202,C004689,Money Laundering,Closed,Medium,E00110,22-05-2025,30-05-2025,192,43.7,8.29,35.41,Medium,Confirmed Fraud
FC000278,T00006203,C004490,Money Laundering,Closed,Critical,E00100,01-05-2026,06-05-2026,120,304.54,54.23,250.31,Critical,Confirmed Fraud
FC000279,T00006221,C003183,Card Theft,Closed,High,E00039,29-06-2025,30-06-2025,24,1592.93,753.99,838.94,High,Law Enforcement Referred
FC000280,T00006254,C002286,Account Takeover,Closed,High,E00093,12-09-2025,12-09-2025,0,913.36,0,913.36,High,Account Secured
FC000281,T00006256,C003836,Card Theft,Closed,High,E00106,02-06-2025,02-06-2025,0,5705.75,0,5705.75,Medium,Law Enforcement Referred
FC000282,T00006273,C002081,Card Theft,Open,High,E00078,12-10-2025,,240,178.17,57.67,120.51,Critical,Law Enforcement Referred
FC000283,T00006390,C000211,Card Theft,Closed,High,E00133,23-11-2025,29-11-2025,144,4516.29,3469.77,1046.51,Critical,Law Enforcement Referred
FC000284,T00006399,C003525,Phishing,Closed,Critical,E00038,09-07-2026,09-07-2026,0,185.22,0,185.22,High,Law Enforcement Referred
FC000285,T00006421,C003898,Money Laundering,Escalated,Medium,E00133,23-04-2026,,NULL,961.55,0,961.55,High,Customer Reimbursed
FC000286,T00006424,C003715,International Fraud,Under Investigation,High,E00119,31-12-2025,,216,1313.44,136.49,1176.95,High,Customer Reimbursed
FC000287,T00006432,C003974,Merchant Fraud,Closed,High,E00135,17-03-2025,22-03-2025,120,9587.98,6386.33,3201.65,High,Law Enforcement Referred
FC000288,T00006449,C003708,Card Theft,Open,Medium,E00099,03-06-2025,,120,732.16,464.5,267.67,Medium,False Positive
FC000289,T00006453,C003217,Card Theft,Open,High,E00062,10-01-2026,,NULL,2807.75,0,2807.75,High,Law Enforcement Referred
FC000290,T00006454,C002027,Phishing,Closed,Medium,E00123,27-10-2025,01-11-2025,120,288.59,169.92,118.67,High,Law Enforcement Referred
FC000291,T00006469,C000254,ATM Fraud,Under Investigation,High,E00091,02-03-2025,,24,2615.91,594.79,2021.13,High,Confirmed Fraud
FC000292,T00006473,C002261,Merchant Fraud,Under Investigation,Medium,E00090,05-07-2025,,24,376.86,256.62,120.24,Critical,Customer Reimbursed
FC000293,T00006487,C001395,International Fraud,Closed,Medium,E00068,29-04-2026,02-05-2026,72,122.41,67.85,54.55,High,False Positive
FC000294,T00006520,C003610,Money Laundering,Closed,High,E00117,13-03-2026,15-03-2026,48,277.67,149.12,128.55,Critical,False Positive
FC000295,T00006521,C002291,Card Theft,Under Investigation,Critical,E00018,06-10-2025,,48,2685.88,1139.1,1546.78,Medium,False Positive
FC000296,T00006557,C002589,ATM Fraud,Under Investigation,High,E00086,26-03-2025,,240,509.59,435.09,74.5,Critical,Confirmed Fraud
FC000297,T00006561,C003067,UPI Fraud,Closed,Critical,E00056,26-10-2025,04-11-2025,216,3378.04,2516,862.04,Medium,Law Enforcement Referred
FC000298,T00006562,C001233,Card Theft,Closed,Medium,E00118,18-07-2025,25-07-2025,168,383.95,332.59,51.35,Critical,False Positive
FC000299,T00006576,C001243,ATM Fraud,Closed,High,E00150,21-03-2025,23-03-2025,48,603.22,516,87.22,Critical,Customer Reimbursed
FC000300,T00006579,C000855,Online Banking Fraud,Open,High,E00021,14-10-2025,,192,532.81,325.7,207.11,Medium,Law Enforcement Referred
FC000301,T00006605,C004170,Suspicious Transfer,Closed,High,E00122,22-07-2026,25-07-2026,72,4090.56,2017.17,2073.39,Medium,Law Enforcement Referred
FC000302,T00006642,C000510,Phishing,Closed,Critical,E00112,09-08-2025,10-08-2025,24,3243.45,2882.71,360.75,Critical,Confirmed Fraud
FC000303,T00006669,C002747,International Fraud,Closed,Critical,E00015,06-01-2026,09-01-2026,72,128.99,94.88,34.11,Low,False Positive
FC000304,T00006678,C000163,Online Banking Fraud,Closed,Critical,E00091,09-05-2025,09-05-2025,0,291,217.22,73.78,High,Law Enforcement Referred
FC000305,T00006681,C003781,Account Takeover,Closed,Medium,E00109,05-04-2026,06-04-2026,24,12186.98,7178.7,5008.28,Critical,False Positive
FC000306,T00006709,C000718,ATM Fraud,Closed,High,E00136,16-09-2025,16-09-2025,0,51.4,0,51.4,High,False Positive
FC000307,T00006722,C003259,Card Theft,Closed,High,E00003,18-02-2025,20-02-2025,48,170.25,138.04,32.21,Medium,Confirmed Fraud
FC000308,T00006750,C002787,Phishing,Closed,High,E00106,05-12-2025,14-12-2025,216,727.65,328.43,399.22,High,Confirmed Fraud
FC000309,T00006751,C004756,Phishing,Closed,Critical,E00032,04-04-2026,04-04-2026,0,288.32,0,288.32,Critical,Account Secured
FC000310,T00006767,C002583,Online Banking Fraud,Closed,High,E00029,09-03-2025,19-03-2025,240,817.58,180.2,637.38,Low,Account Secured
FC000311,T00006807,C004115,Phishing,Closed,Medium,E00125,13-09-2025,14-09-2025,24,434.57,260.9,173.68,Critical,Account Secured
FC000312,T00006808,C001441,UPI Fraud,Closed,Medium,E00070,11-02-2026,13-02-2026,48,2608.43,1039.13,1569.3,Medium,Account Secured
FC000313,T00006830,C002902,UPI Fraud,Closed,High,E00103,29-05-2026,08-06-2026,240,3070.09,1994.84,1075.25,Medium,False Positive
FC000314,T00006848,C002415,Card Theft,Closed,Critical,E00048,25-01-2025,28-01-2025,72,655.01,304.35,350.65,High,Customer Reimbursed
FC000315,T00006860,C001798,Online Banking Fraud,Closed,High,E00082,14-07-2025,20-07-2025,144,615.26,139.69,475.57,Critical,Confirmed Fraud
FC000316,T00006904,C004671,Account Takeover,Closed,High,E00086,12-06-2025,20-06-2025,192,610.39,426.05,184.34,High,Law Enforcement Referred
FC000317,T00006907,C004939,Merchant Fraud,Closed,Critical,E00010,06-06-2025,11-06-2025,120,230.4,204.57,25.83,Medium,Law Enforcement Referred
FC000318,T00006922,C001470,UPI Fraud,Closed,Critical,E00052,22-07-2025,22-07-2025,0,582.53,0,582.53,High,Confirmed Fraud
FC000319,T00006963,C001443,Card Theft,Closed,High,E00012,17-04-2025,21-04-2025,96,584.64,167.15,417.49,Medium,Account Secured
FC000320,T00006975,C004659,Identity Theft,Open,Critical,E00074,23-02-2025,,72,97.63,41.84,55.79,High,Account Secured
FC000321,T00006998,C001273,Card Theft,Closed,High,E00042,07-02-2025,11-02-2025,96,285.1,206.75,78.35,Low,False Positive
FC000322,T00007042,C000938,Suspicious Transfer,Open,Medium,E00076,12-12-2025,,NULL,45.68,0,45.68,Critical,Account Secured
FC000323,T00007061,C003778,Money Laundering,Closed,High,E00091,07-06-2025,14-06-2025,168,716.54,174.66,541.89,High,Account Secured
FC000324,T00007075,C004465,Money Laundering,Closed,High,E00094,17-05-2025,17-05-2025,0,268.09,164.94,103.14,High,Customer Reimbursed
FC000325,T00007107,C002271,Account Takeover,Closed,High,E00059,08-07-2025,08-07-2025,0,2191.18,0,2191.18,High,Account Secured
FC000326,T00007115,C002073,Phishing,Closed,Critical,E00124,11-01-2025,13-01-2025,48,225.7,138.61,87.09,Critical,False Positive
FC000327,T00007118,C000848,Phishing,Closed,High,E00026,02-01-2026,05-01-2026,72,994.57,615.96,378.61,High,Law Enforcement Referred
FC000328,T00007119,C004654,Account Takeover,Under Investigation,High,E00096,11-06-2025,,216,701.13,630.26,70.87,Medium,Customer Reimbursed
FC000329,T00007127,C002802,UPI Fraud,Closed,Critical,E00147,27-06-2025,01-07-2025,96,949.12,251.83,697.3,High,Customer Reimbursed
FC000330,T00007137,C004980,ATM Fraud,Open,Medium,E00008,08-08-2025,,24,1056.17,641.54,414.63,Critical,Customer Reimbursed
FC000331,T00007157,C001933,UPI Fraud,Closed,High,E00115,16-09-2025,24-09-2025,192,1502.62,829.73,672.89,Medium,False Positive
FC000332,T00007184,C000449,Account Takeover,Under Investigation,Critical,E00118,25-10-2025,,48,645.93,387.74,258.19,Medium,Confirmed Fraud
FC000333,T00007230,C003611,ATM Fraud,Closed,High,E00089,25-03-2025,03-04-2025,216,2205.82,1310.89,894.93,Medium,False Positive
FC000334,T00007236,C001751,Identity Theft,Under Investigation,High,E00107,18-07-2026,,168,136.62,16.95,119.67,Low,Law Enforcement Referred
FC000335,T00007271,C004872,Card Theft,Closed,High,E00111,11-08-2025,13-08-2025,48,690.51,438.68,251.83,High,Customer Reimbursed
FC000336,T00007291,C004011,International Fraud,Closed,High,E00136,11-03-2025,11-03-2025,0,4470.91,0,4470.91,Critical,Customer Reimbursed
FC000337,T00007305,C000303,ATM Fraud,Closed,Medium,E00026,14-11-2025,23-11-2025,216,1612.69,569.45,1043.24,High,Customer Reimbursed
FC000338,T00007321,C001100,Money Laundering,Escalated,Critical,E00043,10-02-2026,,120,1352,1138.35,213.66,High,Account Secured
FC000339,T00007347,C000271,Online Banking Fraud,Closed,High,E00041,20-06-2026,29-06-2026,216,805.44,120.06,685.38,Medium,False Positive
FC000340,T00007373,C004462,Merchant Fraud,Closed,High,E00102,17-04-2025,22-04-2025,120,673.05,103.73,569.32,High,False Positive
FC000341,T00007391,C003407,Card Theft,Escalated,High,E00087,07-04-2025,,216,498.22,404.46,93.76,High,Confirmed Fraud
FC000342,T00007408,C004007,Card Theft,Open,High,E00021,09-05-2025,,168,2809.79,2021.59,788.19,Medium,False Positive
FC000343,T00007437,C003796,Phishing,Escalated,High,E00111,07-02-2026,,192,6299.49,5285.9,1013.59,Critical,Confirmed Fraud
FC000344,T00007469,C002265,Money Laundering,Closed,High,E00109,28-02-2025,01-03-2025,24,538.64,378.23,160.41,High,False Positive
FC000345,T00007475,C004523,Money Laundering,Open,High,E00018,07-11-2025,,96,455.93,213.12,242.81,Low,Law Enforcement Referred
FC000346,T00007510,C002510,Money Laundering,Closed,Critical,E00068,03-05-2025,03-05-2025,0,668.04,0,668.04,High,Account Secured
FC000347,T00007530,C004111,Money Laundering,Closed,Medium,E00100,15-05-2025,25-05-2025,240,300.57,138.5,162.07,High,Account Secured
FC000348,T00007540,C001152,Money Laundering,Escalated,Critical,E00032,26-06-2026,,NULL,415.97,0,415.97,Low,Confirmed Fraud
FC000349,T00007559,C002995,Account Takeover,Closed,Critical,E00064,12-02-2026,19-02-2026,168,48.06,25.97,22.09,High,Customer Reimbursed
FC000350,T00007569,C001532,Money Laundering,Open,High,E00052,30-11-2025,,48,435.27,356.28,79,Critical,Account Secured
FC000351,T00007577,C004191,Online Banking Fraud,Closed,Medium,E00084,23-02-2025,26-02-2025,72,54.3,7.98,46.32,Critical,Law Enforcement Referred
FC000352,T00007582,C004671,Account Takeover,Closed,High,E00054,20-03-2026,25-03-2026,120,1455.01,434.55,1020.46,Critical,Law Enforcement Referred
FC000353,T00007596,C004630,ATM Fraud,Escalated,Critical,E00106,21-08-2025,,96,558.66,133.68,424.98,Medium,Account Secured
FC000354,T00007610,C001556,UPI Fraud,Open,High,E00027,31-03-2025,,216,1006.56,615.29,391.26,High,Law Enforcement Referred
FC000355,T00007625,C000076,ATM Fraud,Closed,Medium,E00028,26-08-2025,30-08-2025,96,1665.93,1319.04,346.89,Medium,Account Secured
FC000356,T00007640,C004728,Online Banking Fraud,Closed,High,E00136,12-11-2025,19-11-2025,168,693.81,257.18,436.63,High,Confirmed Fraud
FC000357,T00007649,C001250,Suspicious Transfer,Under Investigation,High,E00113,27-05-2026,,96,4513.87,906.63,3607.25,High,False Positive
FC000358,T00007659,C002117,Identity Theft,Open,Critical,E00112,13-05-2026,,144,494.33,367.28,127.05,Medium,Account Secured
FC000359,T00007679,C003255,Card Theft,Escalated,High,E00093,10-08-2025,,120,6338.79,751.79,5587.01,High,Account Secured
FC000360,T00007685,C004879,UPI Fraud,Closed,Medium,E00146,02-08-2026,07-08-2026,120,25.98,6.6,19.38,Critical,False Positive
FC000361,T00007700,C004231,UPI Fraud,Closed,Medium,E00079,04-01-2025,11-01-2025,168,16059.86,1782.55,14277.3,Medium,Law Enforcement Referred
FC000362,T00007713,C003367,Account Takeover,Closed,High,E00063,21-02-2026,28-02-2026,168,250.19,214.11,36.08,Critical,Confirmed Fraud
FC000363,T00007731,C000695,Online Banking Fraud,Closed,High,E00141,25-06-2025,26-06-2025,24,3909.69,578.79,3330.9,High,Law Enforcement Referred
FC000364,T00007747,C001560,UPI Fraud,Closed,Medium,E00053,15-04-2025,21-04-2025,144,608.82,200.08,408.74,Medium,Account Secured
FC000365,T00007777,C004523,ATM Fraud,Closed,High,E00025,20-08-2025,29-08-2025,216,616.5,207.87,408.63,Low,Confirmed Fraud
FC000366,T00007814,C000231,Identity Theft,Closed,High,E00046,08-06-2026,08-06-2026,0,440.78,0,440.78,Critical,False Positive
FC000367,T00007825,C000340,Online Banking Fraud,Closed,Critical,E00030,02-04-2026,07-04-2026,120,297.69,33.15,264.54,Low,False Positive
FC000368,T00007834,C003220,Account Takeover,Closed,High,E00071,09-07-2025,09-07-2025,0,608.9,0,608.9,Medium,Confirmed Fraud
FC000369,T00007879,C003762,Account Takeover,Under Investigation,Medium,E00069,27-02-2025,,96,870.76,284.84,585.93,High,Customer Reimbursed
FC000370,T00007892,C000263,International Fraud,Under Investigation,High,E00083,06-01-2025,,216,344.1,137.14,206.96,Medium,Account Secured
FC000371,T00007898,C002449,UPI Fraud,Closed,High,E00139,07-02-2026,07-02-2026,0,1882.34,0,1882.34,Critical,Account Secured
FC000372,T00007923,C001538,Card Theft,Open,High,E00127,13-12-2025,,168,707.66,91.66,616,High,False Positive
FC000373,T00007939,C003442,Account Takeover,Open,High,E00010,27-05-2026,,144,144.6,83.23,61.38,Critical,False Positive
FC000374,T00007962,C002069,Card Theft,Closed,High,E00141,17-12-2025,17-12-2025,0,514.62,0,514.62,High,False Positive
FC000375,T00007967,C004029,Money Laundering,Escalated,Critical,E00005,23-07-2026,,216,231.24,104.09,127.16,High,Account Secured
FC000376,T00007969,C001852,Online Banking Fraud,Closed,High,E00033,08-01-2025,11-01-2025,72,545.06,380.11,164.94,Low,False Positive
FC000377,T00008050,C000034,Online Banking Fraud,Under Investigation,High,E00050,02-03-2026,,72,240.91,203.61,37.3,High,Confirmed Fraud
FC000378,T00008100,C002030,UPI Fraud,Closed,Medium,E00051,10-07-2025,12-07-2025,48,81.04,32.41,48.63,Medium,Customer Reimbursed
FC000379,T00008131,C004164,Card Theft,Closed,High,E00080,20-01-2026,20-01-2026,0,535.84,0,535.84,High,Confirmed Fraud
FC000380,T00008138,C002730,Suspicious Transfer,Closed,Critical,E00019,04-03-2026,09-03-2026,120,778.6,479.72,298.89,Critical,False Positive
FC000381,T00008150,C004909,ATM Fraud,Escalated,High,E00021,09-10-2025,,120,63.88,51.19,12.69,High,Law Enforcement Referred
FC000382,T00008157,C003658,UPI Fraud,Open,High,E00132,23-05-2025,,NULL,557.59,0,557.59,Low,Confirmed Fraud
FC000383,T00008169,C003360,Phishing,Closed,Critical,E00113,17-05-2025,19-05-2025,48,2494.63,777.23,1717.39,Critical,Confirmed Fraud
FC000384,T00008174,C004395,UPI Fraud,Under Investigation,Medium,E00038,03-02-2026,,168,285.02,109.15,175.87,Medium,Account Secured
FC000385,T00008175,C001020,ATM Fraud,Open,Medium,E00090,31-01-2026,,192,1713.39,1084.5,628.89,Medium,Customer Reimbursed
FC000386,T00008190,C001293,Online Banking Fraud,Under Investigation,Medium,E00101,03-06-2026,,240,1337.49,232.27,1105.22,High,False Positive
FC000387,T00008253,C004123,Merchant Fraud,Under Investigation,High,E00089,13-02-2025,,72,2305.92,345.42,1960.5,Critical,Customer Reimbursed
FC000388,T00008260,C000418,UPI Fraud,Closed,High,E00119,22-01-2026,22-01-2026,0,222.73,0,222.73,High,False Positive
FC000389,T00008292,C002448,Suspicious Transfer,Closed,Critical,E00111,24-07-2025,02-08-2025,216,567.78,398.39,169.39,Low,Account Secured
FC000390,T00008327,C002681,International Fraud,Closed,High,E00133,07-07-2026,14-07-2026,168,570.13,301.02,269.11,Critical,Customer Reimbursed
FC000391,T00008328,C000699,Online Banking Fraud,Closed,High,E00010,19-08-2025,26-08-2025,168,1344.72,845.63,499.1,High,Confirmed Fraud
FC000392,T00008332,C001244,ATM Fraud,Closed,Critical,E00111,03-03-2025,03-03-2025,0,1016.24,0,1016.24,Low,Customer Reimbursed
FC000393,T00008337,C000245,Money Laundering,Closed,Medium,E00110,03-05-2025,04-05-2025,24,6405.32,4229.65,2175.67,Critical,Account Secured
FC000394,T00008347,C000531,Suspicious Transfer,Under Investigation,Critical,E00133,11-07-2026,,216,266.22,129.84,136.38,Medium,Account Secured
FC000395,T00008351,C002676,Money Laundering,Closed,High,E00006,05-06-2025,10-06-2025,120,1552.33,1185.01,367.32,High,Confirmed Fraud
FC000396,T00008363,C001733,ATM Fraud,Closed,Medium,E00047,13-06-2025,13-06-2025,0,2718.06,0,2718.06,High,Account Secured
FC000397,T00008372,C004295,Card Theft,Closed,Medium,E00083,02-06-2026,02-06-2026,0,308.88,0,308.88,Medium,Customer Reimbursed
FC000398,T00008399,C003553,Identity Theft,Closed,High,E00055,09-12-2025,13-12-2025,96,1533.4,884.11,649.29,Medium,Confirmed Fraud
FC000399,T00008446,C003465,Account Takeover,Escalated,High,E00134,30-05-2025,,216,3330.18,2251.97,1078.21,High,False Positive
FC000400,T00008467,C004076,Online Banking Fraud,Closed,Medium,E00079,04-06-2026,04-06-2026,0,510.81,0,510.81,Critical,Customer Reimbursed
FC000401,T00008475,C003232,Account Takeover,Closed,Critical,E00016,07-02-2025,10-02-2025,72,858.92,512.58,346.34,High,False Positive
FC000402,T00008494,C001443,Card Theft,Closed,High,E00104,15-03-2025,15-03-2025,0,1462.22,0,1462.22,High,Law Enforcement Referred
FC000403,T00008504,C000880,Merchant Fraud,Closed,Medium,E00055,11-05-2025,11-05-2025,0,3712.68,0,3712.68,High,Account Secured
FC000404,T00008520,C002637,UPI Fraud,Closed,Medium,E00095,28-07-2025,04-08-2025,168,83.75,72.09,11.66,Medium,Account Secured
FC000405,T00008534,C001167,Phishing,Closed,High,E00044,02-03-2026,09-03-2026,168,808.81,238.41,570.4,High,False Positive
FC000406,T00008537,C001958,Suspicious Transfer,Closed,Critical,E00053,06-01-2026,14-01-2026,192,336.62,234.1,102.52,Critical,Confirmed Fraud
FC000407,T00008548,C004586,Phishing,Open,High,E00100,14-11-2025,,NULL,2553.08,0,2553.08,Medium,Account Secured
FC000408,T00008559,C001311,Suspicious Transfer,Under Investigation,High,E00103,20-05-2025,,48,326.26,99.87,226.39,High,Customer Reimbursed
FC000409,T00008591,C001851,Online Banking Fraud,Closed,Medium,E00016,03-07-2025,08-07-2025,120,2462.41,688.25,1774.16,High,Customer Reimbursed
FC000410,T00008603,C002607,UPI Fraud,Closed,High,E00009,25-03-2025,25-03-2025,0,1784.58,0,1784.58,High,Account Secured
FC000411,T00008647,C001835,Merchant Fraud,Under Investigation,High,E00150,26-03-2026,,72,457.75,379.55,78.19,High,Law Enforcement Referred
FC000412,T00008686,C000443,Suspicious Transfer,Open,High,E00072,15-02-2025,,NULL,109.09,0,109.09,High,Account Secured
FC000413,T00008687,C000486,Card Theft,Closed,Critical,E00139,29-04-2026,29-04-2026,0,258.96,0,258.96,High,Law Enforcement Referred
FC000414,T00008752,C000350,ATM Fraud,Closed,High,E00056,16-07-2025,16-07-2025,0,691.19,0,691.19,High,Law Enforcement Referred
FC000415,T00008760,C000749,Online Banking Fraud,Closed,High,E00105,05-01-2026,12-01-2026,168,381.6,326.31,55.29,Medium,False Positive
FC000416,T00008776,C003883,Account Takeover,Escalated,Medium,E00138,09-02-2026,,48,561.25,430.99,130.25,Medium,False Positive
FC000417,T00008801,C004358,Phishing,Under Investigation,High,E00106,13-07-2026,,NULL,6758.1,0,6758.1,Critical,Customer Reimbursed
FC000418,T00008845,C001585,ATM Fraud,Closed,Critical,E00077,18-07-2026,19-07-2026,24,360.09,175.91,184.18,Low,Customer Reimbursed
FC000419,T00008869,C003277,Account Takeover,Closed,High,E00099,21-09-2025,25-09-2025,96,547.03,479.82,67.22,High,False Positive
FC000420,T00008891,C004738,ATM Fraud,Under Investigation,High,E00149,13-07-2026,,72,1680.32,714.52,965.8,Medium,Account Secured
FC000421,T00008927,C002766,International Fraud,Under Investigation,Medium,E00101,15-05-2025,,120,1911.52,654.32,1257.2,High,Confirmed Fraud
FC000422,T00008952,C000606,Card Theft,Open,High,E00029,07-04-2025,,48,645.11,270.57,374.54,Critical,False Positive
FC000423,T00008972,C002456,Identity Theft,Closed,Critical,E00137,16-04-2025,16-04-2025,0,1039.28,0,1039.28,Critical,Customer Reimbursed
FC000424,T00008975,C000705,Merchant Fraud,Closed,Critical,E00058,24-11-2025,24-11-2025,0,1385.58,0,1385.58,Critical,Account Secured
FC000425,T00009035,C003897,International Fraud,Closed,High,E00122,13-01-2026,16-01-2026,72,153.14,63.99,89.15,Low,Law Enforcement Referred
FC000426,T00009040,C004857,Phishing,Closed,High,E00124,04-03-2025,11-03-2025,168,330.35,35.23,295.12,Medium,Account Secured
FC000427,T00009075,C000940,Phishing,Closed,High,E00021,20-02-2026,25-02-2026,120,2119.01,248.27,1870.74,Medium,Confirmed Fraud
FC000428,T00009078,C003049,Phishing,Closed,High,E00146,02-04-2025,02-04-2025,0,7489.45,0,7489.45,Medium,Confirmed Fraud
FC000429,T00009082,C003162,UPI Fraud,Closed,High,E00056,16-02-2026,25-02-2026,216,171.07,130.46,40.61,High,False Positive
FC000430,T00009090,C003382,UPI Fraud,Closed,Critical,E00117,12-12-2025,12-12-2025,0,738.69,0,738.69,Medium,Confirmed Fraud
FC000431,T00009097,C003295,Account Takeover,Closed,Critical,E00111,12-07-2025,18-07-2025,144,1019,669.69,349.31,High,Law Enforcement Referred
FC000432,T00009109,C000451,Identity Theft,Closed,Medium,E00015,15-01-2026,21-01-2026,144,254.4,63.15,191.25,Medium,Account Secured
FC000433,T00009133,C000297,Merchant Fraud,Closed,Critical,E00092,20-01-2025,22-01-2025,48,258,87.71,170.29,Low,Confirmed Fraud
FC000434,T00009144,C002538,Card Theft,Closed,Medium,E00056,22-01-2025,27-01-2025,120,477.31,191.4,285.91,Medium,Confirmed Fraud
FC000435,T00009167,C000032,Identity Theft,Closed,High,E00022,28-03-2026,02-04-2026,120,980.44,212.02,768.42,High,Customer Reimbursed
FC000436,T00009194,C004973,Money Laundering,Closed,High,E00131,04-06-2025,09-06-2025,120,1696.14,830.35,865.79,Medium,Confirmed Fraud
FC000437,T00009236,C001981,UPI Fraud,Closed,Critical,E00024,22-09-2025,30-09-2025,192,1660.81,769.72,891.09,High,Law Enforcement Referred
FC000438,T00009248,C000367,UPI Fraud,Closed,Medium,E00021,09-07-2025,17-07-2025,192,3467.3,2164.89,1302.41,High,Account Secured
FC000439,T00009254,C003733,Identity Theft,Closed,High,E00139,07-05-2025,14-05-2025,168,225.88,129.43,96.45,High,Confirmed Fraud
FC000440,T00009261,C000077,Card Theft,Closed,Critical,E00018,19-05-2025,19-05-2025,0,32.74,17.29,15.45,Medium,False Positive
FC000441,T00009267,C004473,Suspicious Transfer,Closed,Medium,E00077,26-09-2025,03-10-2025,168,297.97,248.89,49.08,Low,Confirmed Fraud
FC000442,T00009293,C000008,Merchant Fraud,Closed,High,E00066,04-11-2025,10-11-2025,144,735.2,461.83,273.37,High,Customer Reimbursed
FC000443,T00009303,C001203,Card Theft,Under Investigation,High,E00132,04-06-2026,,120,391.44,318.7,72.74,High,Confirmed Fraud
FC000444,T00009311,C004185,Card Theft,Closed,Critical,E00065,09-06-2025,09-06-2025,0,27.64,0,27.64,High,Customer Reimbursed
FC000445,T00009315,C002397,UPI Fraud,Closed,Medium,E00037,10-03-2026,12-03-2026,48,490.14,269.87,220.27,High,Confirmed Fraud
FC000446,T00009334,C004709,Suspicious Transfer,Closed,High,E00103,22-04-2026,24-04-2026,48,891.49,262.61,628.88,High,Law Enforcement Referred
FC000447,T00009336,C004089,Suspicious Transfer,Closed,High,E00043,23-02-2026,27-02-2026,96,975.99,836.62,139.37,High,Customer Reimbursed
FC000448,T00009356,C003329,ATM Fraud,Under Investigation,High,E00042,28-05-2025,,NULL,317.45,0,317.45,High,Law Enforcement Referred
FC000449,T00009365,C003203,Online Banking Fraud,Under Investigation,Medium,E00134,01-08-2025,,144,1229.12,842.07,387.05,High,Customer Reimbursed
FC000450,T00009379,C003861,Online Banking Fraud,Closed,Critical,E00001,24-05-2026,24-05-2026,0,455.7,191.75,263.95,Medium,False Positive
FC000451,T00009387,C001465,ATM Fraud,Closed,High,E00061,25-07-2026,31-07-2026,144,927.09,759.46,167.63,High,Account Secured
FC000452,T00009408,C000207,ATM Fraud,Closed,Medium,E00116,17-05-2026,17-05-2026,0,815.63,0,815.63,Medium,Account Secured
FC000453,T00009448,C000637,UPI Fraud,Open,High,E00124,26-07-2025,,96,98.85,88.22,10.63,High,Law Enforcement Referred
FC000454,T00009461,C002607,Identity Theft,Open,High,E00111,02-09-2025,,240,1086.19,203.92,882.26,High,Law Enforcement Referred
FC000455,T00009466,C002477,Account Takeover,Closed,Medium,E00066,12-12-2025,21-12-2025,216,3118.01,975.46,2142.55,High,Customer Reimbursed
FC000456,T00009478,C000034,Suspicious Transfer,Under Investigation,High,E00003,06-12-2025,,72,1091.79,743.55,348.24,High,Law Enforcement Referred
FC000457,T00009485,C004283,Money Laundering,Closed,High,E00038,15-03-2026,21-03-2026,144,6939.53,3531.52,3408.02,Medium,Confirmed Fraud
FC000458,T00009487,C004114,UPI Fraud,Closed,High,E00107,23-06-2025,30-06-2025,168,4010.15,3394.28,615.87,High,Customer Reimbursed
FC000459,T00009498,C001002,Merchant Fraud,Under Investigation,High,E00052,01-07-2026,,24,1228.13,231.08,997.04,Critical,Account Secured
FC000460,T00009508,C003658,Account Takeover,Under Investigation,High,E00134,08-07-2026,,96,5080.98,4338.02,742.96,High,Confirmed Fraud
FC000461,T00009519,C003402,Online Banking Fraud,Closed,High,E00032,15-01-2026,15-01-2026,0,421.3,0,421.3,High,Law Enforcement Referred
FC000462,T00009527,C002701,Account Takeover,Open,High,E00133,01-02-2026,,216,284.94,147.62,137.32,High,Account Secured
FC000463,T00009556,C002543,Identity Theft,Closed,High,E00004,28-02-2025,06-03-2025,144,1922.86,1333.88,588.99,Critical,Law Enforcement Referred
FC000464,T00009588,C003217,Suspicious Transfer,Closed,Critical,E00132,21-05-2026,22-05-2026,24,636.4,194.05,442.34,High,False Positive
FC000465,T00009595,C000526,Online Banking Fraud,Closed,High,E00036,06-12-2025,06-12-2025,0,1719.39,0,1719.39,High,Confirmed Fraud
FC000466,T00009601,C002138,UPI Fraud,Closed,High,E00108,18-07-2026,25-07-2026,168,7058.4,5612.31,1446.09,Low,Customer Reimbursed
FC000467,T00009616,C003627,Identity Theft,Open,Medium,E00142,06-11-2025,,96,76.76,52.38,24.38,Medium,Account Secured
FC000468,T00009644,C000569,Phishing,Escalated,Critical,E00064,14-02-2026,,24,106.65,40.37,66.28,High,False Positive
FC000469,T00009648,C000795,Account Takeover,Open,Medium,E00129,23-03-2025,,NULL,1729.76,0,1729.76,Critical,Confirmed Fraud
FC000470,T00009650,C003531,Online Banking Fraud,Closed,Critical,E00135,18-01-2026,23-01-2026,120,1219.63,837.87,381.76,High,Customer Reimbursed
FC000471,T00009651,C000136,Online Banking Fraud,Closed,Critical,E00131,02-04-2026,02-04-2026,0,186.42,0,186.42,Critical,Confirmed Fraud
FC000472,T00009683,C003404,ATM Fraud,Closed,High,E00054,17-09-2025,17-09-2025,0,2482.25,0,2482.25,High,Account Secured
FC000473,T00009692,C003041,Card Theft,Escalated,High,E00038,07-04-2025,,216,2848.36,2022.7,825.66,Critical,Account Secured
FC000474,T00009694,C004267,Card Theft,Under Investigation,High,E00119,15-09-2025,,48,981.47,146.47,835,Low,Customer Reimbursed
FC000475,T00009728,C000890,Online Banking Fraud,Open,High,E00070,23-03-2026,,48,70.63,40.15,30.47,High,Law Enforcement Referred
FC000476,T00009738,C004460,Card Theft,Closed,High,E00107,15-04-2026,21-04-2026,144,797.05,606.51,190.54,Critical,Customer Reimbursed
FC000477,T00009744,C001546,Online Banking Fraud,Closed,High,E00012,30-05-2026,30-05-2026,0,520.84,0,520.84,Low,Confirmed Fraud
FC000478,T00009760,C003416,Account Takeover,Closed,High,E00125,30-09-2025,30-09-2025,0,1107.96,0,1107.96,High,Law Enforcement Referred
FC000479,T00009787,C002989,Card Theft,Closed,Critical,E00012,16-07-2026,23-07-2026,168,179.64,53.52,126.12,High,False Positive
FC000480,T00009813,C000343,Suspicious Transfer,Open,Medium,E00093,11-06-2025,,72,612.9,88.07,524.83,Critical,False Positive
FC000481,T00009849,C004264,UPI Fraud,Open,High,E00028,22-06-2025,,NULL,213.57,0,213.57,High,Confirmed Fraud
FC000482,T00009859,C004232,UPI Fraud,Escalated,Medium,E00001,18-11-2025,,192,185.5,98.56,86.93,Medium,False Positive
FC000483,T00009873,C004175,Phishing,Closed,Critical,E00139,02-02-2025,03-02-2025,24,55.4,10.94,44.45,High,Confirmed Fraud
FC000484,T00009877,C001641,Phishing,Closed,High,E00001,12-07-2026,18-07-2026,144,2660.9,1550.02,1110.88,High,Account Secured
FC000485,T00009898,C001483,UPI Fraud,Closed,Medium,E00075,03-05-2025,03-05-2025,0,1039.49,0,1039.49,Critical,Law Enforcement Referred
FC000486,T00009902,C003911,Merchant Fraud,Closed,Medium,E00108,03-02-2025,10-02-2025,168,286.64,245.77,40.88,Critical,Law Enforcement Referred
FC000487,T00009903,C000063,Phishing,Closed,Critical,E00139,26-04-2026,03-05-2026,168,272.69,145.75,126.95,High,Customer Reimbursed
FC000488,T00009988,C002455,Money Laundering,Under Investigation,High,E00078,17-02-2026,,NULL,405.38,0,405.38,Low,False Positive
FC000489,T00010020,C003190,Account Takeover,Closed,Critical,E00063,09-07-2025,19-07-2025,240,1154.06,867.47,286.59,Low,False Positive
FC000490,T00010023,C002665,Online Banking Fraud,Closed,High,E00129,07-01-2026,16-01-2026,216,395.88,272.2,123.69,High,Account Secured
FC000491,T00010043,C001242,Online Banking Fraud,Closed,High,E00133,30-07-2026,06-08-2026,168,2667.15,889.49,1777.66,High,Account Secured
FC000492,T00010053,C001225,Account Takeover,Closed,High,E00134,15-05-2026,23-05-2026,192,2275.49,1934.67,340.82,Low,Law Enforcement Referred
FC000493,T00010079,C003259,Merchant Fraud,Under Investigation,High,E00094,15-04-2026,,144,608.99,330.55,278.45,High,Account Secured
FC000494,T00010098,C004890,Money Laundering,Escalated,High,E00047,14-07-2026,,NULL,299.68,0,299.68,Medium,False Positive
FC000495,T00010112,C000695,Online Banking Fraud,Escalated,Medium,E00127,15-03-2025,,48,635.39,217.19,418.2,High,Law Enforcement Referred
FC000496,T00010137,C003258,Phishing,Closed,High,E00063,24-10-2025,24-10-2025,0,5854.76,0,5854.76,High,Confirmed Fraud
FC000497,T00010159,C001805,Account Takeover,Closed,High,E00079,02-01-2026,04-01-2026,48,1351.63,1056.03,295.6,Critical,Law Enforcement Referred
FC000498,T00010169,C001924,Identity Theft,Open,Critical,E00050,23-02-2025,,240,115.97,13.3,102.67,Medium,Confirmed Fraud
FC000499,T00010196,C004194,Card Theft,Closed,High,E00093,05-04-2025,07-04-2025,48,524.31,143.32,380.99,High,Law Enforcement Referred
FC000500,T00010216,C002944,Account Takeover,Closed,Medium,E00094,17-01-2025,18-01-2025,24,1212.02,318.95,893.07,High,Customer Reimbursed
FC000501,T00010237,C002165,Online Banking Fraud,Open,High,E00061,20-03-2025,,NULL,195.71,0,195.71,High,Account Secured
FC000502,T00010245,C000290,Card Theft,Under Investigation,High,E00026,16-06-2026,,120,6487.95,2833.81,3654.14,Medium,Customer Reimbursed
FC000503,T00010255,C004698,ATM Fraud,Closed,High,E00149,02-04-2025,05-04-2025,72,413.26,147.65,265.61,High,False Positive
FC000504,T00010272,C003599,Identity Theft,Open,Medium,E00016,25-03-2026,,48,2523.99,422.42,2101.57,High,Customer Reimbursed
FC000505,T00010278,C002680,Suspicious Transfer,Open,Critical,E00012,27-07-2026,,192,2203.42,1708.45,494.97,High,Confirmed Fraud
FC000506,T00010280,C002317,Merchant Fraud,Closed,Medium,E00053,18-11-2025,18-11-2025,0,1412.93,0,1412.93,Critical,Confirmed Fraud
FC000507,T00010305,C001175,Account Takeover,Closed,Critical,E00046,29-06-2026,09-07-2026,240,300.84,126.57,174.27,Low,Law Enforcement Referred
FC000508,T00010436,C003972,Suspicious Transfer,Open,High,E00072,07-05-2025,,168,2110.4,473.71,1636.69,High,Confirmed Fraud
FC000509,T00010445,C003617,Card Theft,Under Investigation,High,E00026,29-03-2026,,96,186.74,88.19,98.55,Medium,False Positive
FC000510,T00010456,C003500,Online Banking Fraud,Closed,High,E00129,22-01-2026,26-01-2026,96,852,188.51,663.49,Critical,Confirmed Fraud
FC000511,T00010490,C002355,Online Banking Fraud,Closed,High,E00140,18-07-2026,23-07-2026,120,401.39,265.87,135.52,High,Account Secured
FC000512,T00010497,C003273,Account Takeover,Closed,High,E00032,19-06-2026,27-06-2026,192,401.97,109.33,292.64,High,Confirmed Fraud
FC000513,T00010503,C001232,Merchant Fraud,Closed,Medium,E00087,28-03-2026,04-04-2026,168,621.99,110,511.99,High,Customer Reimbursed
FC000514,T00010533,C004568,International Fraud,Closed,Critical,E00138,08-04-2026,08-04-2026,0,171.06,0,171.06,Medium,Law Enforcement Referred
FC000515,T00010540,C004878,ATM Fraud,Under Investigation,High,E00043,27-06-2026,,168,1072.84,331,741.84,High,False Positive
FC000516,T00010545,C001982,Money Laundering,Under Investigation,Medium,E00023,27-01-2025,,48,24495.59,6439.81,18055.78,High,Confirmed Fraud
FC000517,T00010576,C000265,Money Laundering,Closed,Medium,E00096,24-07-2026,02-08-2026,216,8921.72,1950.78,6970.94,Medium,Law Enforcement Referred
FC000518,T00010580,C000749,Card Theft,Closed,Medium,E00013,08-01-2025,14-01-2025,144,115.75,30.91,84.84,Medium,Law Enforcement Referred
FC000519,T00010606,C001955,Account Takeover,Open,High,E00075,18-10-2025,,24,399.59,358.43,41.16,High,False Positive
FC000520,T00010624,C002871,Identity Theft,Closed,Medium,E00118,04-01-2026,11-01-2026,168,150.11,69.38,80.73,High,Account Secured
FC000521,T00010636,C002555,Card Theft,Closed,Critical,E00054,24-11-2025,29-11-2025,120,7401,5892.84,1508.16,Critical,Customer Reimbursed
FC000522,T00010644,C003979,Suspicious Transfer,Escalated,Medium,E00121,28-02-2025,,NULL,779.36,0,779.36,High,Customer Reimbursed
FC000523,T00010663,C001086,Money Laundering,Closed,Critical,E00138,22-01-2025,26-01-2025,96,760.56,682.57,77.99,Medium,Account Secured
FC000524,T00010682,C004320,Card Theft,Closed,Critical,E00032,20-05-2025,25-05-2025,120,759.77,257.12,502.65,Critical,Confirmed Fraud
FC000525,T00010770,C000219,Money Laundering,Closed,High,E00073,01-04-2026,03-04-2026,48,389.35,107.88,281.47,Critical,Law Enforcement Referred
FC000526,T00010772,C001713,Online Banking Fraud,Under Investigation,High,E00057,06-04-2026,,NULL,397.42,0,397.42,High,Confirmed Fraud
FC000527,T00010790,C003910,Card Theft,Closed,Critical,E00048,21-11-2025,29-11-2025,192,240.57,156,84.57,Medium,Customer Reimbursed
FC000528,T00010791,C000839,UPI Fraud,Escalated,Medium,E00074,19-06-2026,,96,189.5,149.34,40.16,High,Account Secured
FC000529,T00010799,C004850,Money Laundering,Open,Critical,E00086,17-12-2025,,NULL,740.46,0,740.46,Medium,Customer Reimbursed
FC000530,T00010849,C004672,Suspicious Transfer,Open,Critical,E00084,23-03-2025,,216,29.55,15.82,13.73,Critical,Customer Reimbursed
FC000531,T00010869,C002228,Money Laundering,Closed,High,E00127,16-01-2026,24-01-2026,192,646.31,558.92,87.39,High,Customer Reimbursed
FC000532,T00010903,C000414,Phishing,Closed,High,E00132,19-03-2026,25-03-2026,144,837.23,275.41,561.82,High,Customer Reimbursed
FC000533,T00010974,C004197,UPI Fraud,Closed,High,E00017,30-01-2025,01-02-2025,48,352.63,250.03,102.61,Medium,Law Enforcement Referred
FC000534,T00011028,C004516,Online Banking Fraud,Closed,High,E00019,28-02-2025,05-03-2025,120,2916.41,1504.37,1412.05,High,False Positive
FC000535,T00011035,C004283,Money Laundering,Open,Medium,E00031,26-03-2025,,72,349.36,107.17,242.19,Critical,Law Enforcement Referred
FC000536,T00011042,C002362,Online Banking Fraud,Closed,High,E00046,28-03-2026,29-03-2026,24,481.42,245.84,235.58,High,Law Enforcement Referred
FC000537,T00011050,C003151,Identity Theft,Open,High,E00113,12-04-2026,,NULL,31.31,0,31.31,High,False Positive
FC000538,T00011051,C003783,Phishing,Under Investigation,High,E00038,24-07-2026,,120,1496.68,411.1,1085.58,Medium,Customer Reimbursed
FC000539,T00011068,C000877,ATM Fraud,Closed,Critical,E00052,07-06-2025,07-06-2025,0,212.02,0,212.02,Medium,Account Secured
FC000540,T00011079,C004479,Identity Theft,Open,High,E00068,11-02-2026,,NULL,475.2,0,475.2,Low,Confirmed Fraud
FC000541,T00011082,C002260,Suspicious Transfer,Closed,High,E00026,22-03-2025,26-03-2025,96,653.24,559.66,93.58,Critical,False Positive
FC000542,T00011159,C004905,Account Takeover,Under Investigation,High,E00112,10-01-2025,,NULL,740.38,0,740.38,High,Law Enforcement Referred
FC000543,T00011184,C003400,Merchant Fraud,Closed,Critical,E00007,21-09-2025,26-09-2025,120,1031.78,643.68,388.1,Critical,Customer Reimbursed
FC000544,T00011202,C002434,Phishing,Closed,Medium,E00068,22-10-2025,25-10-2025,72,423.62,206.01,217.6,Medium,False Positive
FC000545,T00011227,C001266,Money Laundering,Open,High,E00054,28-01-2026,,168,423.51,113.64,309.87,Low,Law Enforcement Referred
FC000546,T00011253,C004013,Phishing,Open,Medium,E00088,06-04-2025,,120,171.2,41.33,129.88,High,Account Secured
FC000547,T00011254,C004339,Account Takeover,Escalated,High,E00006,08-04-2025,,24,379.06,133.66,245.4,High,Customer Reimbursed
FC000548,T00011261,C000229,ATM Fraud,Closed,High,E00015,11-02-2026,20-02-2026,216,1814.86,1322.27,492.59,High,False Positive
FC000549,T00011275,C002605,Identity Theft,Closed,High,E00140,19-04-2026,19-04-2026,0,1195.81,0,1195.81,High,Confirmed Fraud
FC000550,T00011301,C003839,Account Takeover,Closed,High,E00044,17-05-2026,19-05-2026,48,1207.51,887.27,320.24,High,Customer Reimbursed
FC000551,T00011313,C001675,International Fraud,Escalated,High,E00070,10-04-2025,,72,14950.49,1982.04,12968.45,Critical,Confirmed Fraud
FC000552,T00011358,C004839,Phishing,Open,High,E00102,15-08-2025,,48,600.53,137.87,462.66,Low,Customer Reimbursed
FC000553,T00011369,C000875,Account Takeover,Under Investigation,Critical,E00133,09-03-2025,,192,2033.28,518.37,1514.91,Medium,Law Enforcement Referred
FC000554,T00011378,C000539,Money Laundering,Escalated,High,E00052,13-03-2025,,NULL,609.47,0,609.47,Medium,False Positive
FC000555,T00011380,C002511,Identity Theft,Closed,High,E00056,20-05-2025,29-05-2025,216,6434.37,1068.8,5365.57,Medium,Account Secured
FC000556,T00011383,C003205,Suspicious Transfer,Open,High,E00049,17-10-2025,,192,1807.09,950.82,856.27,High,Account Secured
FC000557,T00011400,C002136,Suspicious Transfer,Escalated,High,E00149,08-01-2026,,24,4830.39,3229.08,1601.31,Medium,Law Enforcement Referred
FC000558,T00011423,C004720,Merchant Fraud,Closed,Critical,E00129,18-06-2026,18-06-2026,0,187.59,0,187.59,High,False Positive
FC000559,T00011455,C004915,Money Laundering,Closed,Medium,E00071,10-02-2026,14-02-2026,96,2701.17,1430.36,1270.82,Medium,Account Secured
FC000560,T00011457,C004110,Money Laundering,Closed,High,E00129,08-06-2026,15-06-2026,168,130.85,95.97,34.89,High,Confirmed Fraud
FC000561,T00011458,C001557,Card Theft,Closed,High,E00037,02-07-2026,07-07-2026,120,660.59,148.93,511.66,Low,False Positive
FC000562,T00011466,C004808,International Fraud,Open,Critical,E00132,22-03-2025,,48,397.9,187.91,209.98,High,Account Secured
FC000563,T00011490,C001085,Money Laundering,Open,High,E00031,01-02-2025,,0,128.79,27.78,101.01,High,Law Enforcement Referred
FC000564,T00011554,C002411,International Fraud,Open,High,E00142,22-08-2025,,72,612.21,365.08,247.14,High,Account Secured
FC000565,T00011612,C003196,Card Theft,Closed,High,E00025,14-09-2025,20-09-2025,144,1148.63,553.52,595.11,Medium,Customer Reimbursed
FC000566,T00011619,C001673,ATM Fraud,Closed,Medium,E00066,02-12-2025,10-12-2025,192,489.04,185.97,303.07,High,Customer Reimbursed
FC000567,T00011630,C000317,ATM Fraud,Under Investigation,High,E00064,05-11-2025,,NULL,1091.1,0,1091.1,Medium,Customer Reimbursed
FC000568,T00011646,C003843,ATM Fraud,Closed,Medium,E00047,29-06-2025,29-06-2025,0,357.71,0,357.71,High,Account Secured
FC000569,T00011655,C002070,Suspicious Transfer,Closed,High,E00055,17-05-2025,17-05-2025,0,965.13,0,965.13,Low,Account Secured
FC000570,T00011663,C001409,ATM Fraud,Under Investigation,Critical,E00081,22-07-2025,,NULL,2978.95,0,2978.95,High,False Positive
FC000571,T00011670,C004201,Online Banking Fraud,Closed,High,E00074,12-04-2025,12-04-2025,0,1273.54,0,1273.54,Medium,False Positive
FC000572,T00011687,C000596,Suspicious Transfer,Escalated,Critical,E00033,05-09-2025,,192,2615.96,510.1,2105.86,Critical,Confirmed Fraud
FC000573,T00011706,C001918,Account Takeover,Closed,High,E00143,11-11-2025,11-11-2025,0,432.76,247.25,185.51,High,Account Secured
FC000574,T00011722,C004932,Merchant Fraud,Closed,High,E00040,01-08-2026,03-08-2026,48,2532.57,1201.6,1330.98,High,Law Enforcement Referred
FC000575,T00011745,C000696,Card Theft,Under Investigation,High,E00145,18-05-2026,,24,2581.74,1930.42,651.32,Medium,Confirmed Fraud
FC000576,T00011748,C003414,Phishing,Closed,Critical,E00013,04-12-2025,05-12-2025,24,180.75,111.88,68.88,Low,Confirmed Fraud
FC000577,T00011750,C002261,Suspicious Transfer,Closed,Critical,E00052,23-05-2025,28-05-2025,120,914.49,818.28,96.21,Medium,Confirmed Fraud
FC000578,T00011754,C000033,ATM Fraud,Closed,High,E00007,12-02-2026,14-02-2026,48,184.03,75.91,108.12,High,False Positive
FC000579,T00011813,C002891,Online Banking Fraud,Escalated,High,E00031,21-08-2025,,48,845.82,502.24,343.58,Medium,Law Enforcement Referred
FC000580,T00011852,C004947,Account Takeover,Under Investigation,High,E00096,23-02-2026,,NULL,123.73,0,123.73,High,Confirmed Fraud
FC000581,T00011907,C000614,Card Theft,Closed,Medium,E00009,15-03-2026,15-03-2026,0,5053.14,0,5053.14,Medium,Confirmed Fraud
FC000582,T00011913,C000678,Identity Theft,Under Investigation,Medium,E00111,25-02-2025,,NULL,154.23,0,154.23,Low,Account Secured
FC000583,T00011916,C002277,UPI Fraud,Closed,High,E00045,06-12-2025,14-12-2025,192,1300.04,895.74,404.3,Low,Account Secured
FC000584,T00011917,C004548,Merchant Fraud,Closed,Medium,E00105,03-02-2026,09-02-2026,144,85.32,46.26,39.06,High,Confirmed Fraud
FC000585,T00011938,C001465,ATM Fraud,Closed,Critical,E00122,18-09-2025,21-09-2025,72,461.08,108.28,352.8,Medium,False Positive
FC000586,T00011949,C000094,Account Takeover,Under Investigation,High,E00011,28-02-2026,,240,622.14,461.7,160.44,Medium,Confirmed Fraud
FC000587,T00012006,C002084,Online Banking Fraud,Closed,Critical,E00126,09-02-2025,11-02-2025,48,727.22,190.08,537.14,Low,Confirmed Fraud
FC000588,T00012011,C002324,ATM Fraud,Under Investigation,Critical,E00086,06-03-2026,,168,914.75,124.94,789.81,High,Customer Reimbursed
FC000589,T00012024,C001761,UPI Fraud,Open,High,E00054,30-11-2025,,240,1881.02,1312.78,568.24,Medium,Law Enforcement Referred
FC000590,T00012034,C002794,Phishing,Closed,High,E00022,09-03-2026,17-03-2026,192,1254.79,180.89,1073.9,Medium,Law Enforcement Referred
FC000591,T00012064,C004248,Suspicious Transfer,Closed,High,E00112,18-02-2026,20-02-2026,48,319.33,42.04,277.29,Medium,Account Secured
FC000592,T00012071,C003408,Suspicious Transfer,Under Investigation,Critical,E00110,24-02-2025,,72,5315.88,4317.72,998.16,Medium,Account Secured
FC000593,T00012083,C001879,Money Laundering,Under Investigation,High,E00004,20-04-2026,,120,19349.8,16045.51,3304.29,High,Confirmed Fraud
FC000594,T00012097,C004930,Phishing,Closed,Medium,E00141,10-02-2026,11-02-2026,24,1087.81,677,410.81,High,Confirmed Fraud
FC000595,T00012178,C004256,Money Laundering,Closed,High,E00056,15-09-2025,24-09-2025,216,3192.71,1867.37,1325.34,High,Law Enforcement Referred
FC000596,T00012206,C003426,Phishing,Closed,Critical,E00027,28-12-2025,02-01-2026,120,183.63,145.13,38.5,High,False Positive
FC000597,T00012232,C000744,Account Takeover,Closed,Medium,E00087,29-09-2025,08-10-2025,216,872.65,746.67,125.98,High,Law Enforcement Referred
FC000598,T00012268,C003918,UPI Fraud,Open,High,E00123,15-01-2026,,192,1320.31,1053.9,266.41,Critical,Law Enforcement Referred
FC000599,T00012282,C004430,Account Takeover,Closed,Medium,E00018,06-01-2025,13-01-2025,168,1004.81,739.68,265.13,Critical,Law Enforcement Referred
FC000600,T00012337,C000011,Money Laundering,Closed,High,E00043,23-11-2025,02-12-2025,216,1002.44,692.75,309.69,Critical,Law Enforcement Referred
FC000601,T00012343,C002260,ATM Fraud,Under Investigation,Critical,E00045,01-06-2026,,120,834.09,336.3,497.79,High,Confirmed Fraud
FC000602,T00012353,C004425,Phishing,Closed,High,E00030,25-02-2025,25-02-2025,0,779.29,0,779.29,Medium,Law Enforcement Referred
FC000603,T00012384,C000638,Account Takeover,Closed,High,E00094,02-06-2025,11-06-2025,216,4562.63,2263.94,2298.69,High,Account Secured
FC000604,T00012392,C001181,UPI Fraud,Open,High,E00028,24-05-2025,,192,42.99,7.33,35.66,High,False Positive
FC000605,T00012413,C004816,Merchant Fraud,Closed,Medium,E00134,25-02-2026,25-02-2026,0,65.44,0,65.44,Critical,Law Enforcement Referred
FC000606,T00012428,C000384,Account Takeover,Closed,Medium,E00044,18-06-2025,26-06-2025,192,811.18,408.5,402.68,Low,Account Secured
FC000607,T00012445,C004598,Phishing,Escalated,Critical,E00087,02-08-2025,,NULL,197.58,0,197.58,Critical,False Positive
FC000608,T00012450,C004446,Phishing,Closed,High,E00105,05-03-2026,10-03-2026,120,3097.49,1864.17,1233.31,High,Confirmed Fraud
FC000609,T00012484,C004483,Card Theft,Under Investigation,Critical,E00065,01-03-2025,,192,1693.42,1455.67,237.76,High,Customer Reimbursed
FC000610,T00012490,C000160,Card Theft,Closed,High,E00034,04-02-2026,12-02-2026,192,83.83,24.64,59.19,Medium,Account Secured
FC000611,T00012505,C003128,Identity Theft,Closed,High,E00098,12-03-2025,16-03-2025,96,34.47,30.96,3.5,Critical,False Positive
FC000612,T00012512,C002409,Identity Theft,Closed,High,E00093,05-12-2025,11-12-2025,144,1608.72,553.23,1055.48,High,Law Enforcement Referred
FC000613,T00012547,C004912,UPI Fraud,Closed,Critical,E00097,06-07-2025,09-07-2025,72,470.45,380.81,89.64,Medium,False Positive
FC000614,T00012553,C002585,Card Theft,Closed,Medium,E00028,22-07-2025,22-07-2025,0,2417.03,0,2417.03,Medium,Customer Reimbursed
FC000615,T00012565,C000029,Phishing,Closed,Critical,E00104,09-08-2025,10-08-2025,24,1463.8,748.61,715.19,High,Account Secured
FC000616,T00012614,C004710,Card Theft,Closed,High,E00094,25-10-2025,04-11-2025,240,588.38,251,337.38,High,Account Secured
FC000617,T00012627,C002080,UPI Fraud,Closed,High,E00067,08-01-2026,15-01-2026,168,1297.29,723.99,573.3,High,Customer Reimbursed
FC000618,T00012633,C003092,Account Takeover,Closed,Medium,E00064,08-03-2025,10-03-2025,48,1002.09,308.93,693.17,High,Account Secured
FC000619,T00012665,C003168,Account Takeover,Closed,High,E00131,28-12-2025,29-12-2025,24,679.82,381.53,298.3,High,Customer Reimbursed
FC000620,T00012688,C003210,International Fraud,Closed,Critical,E00138,13-05-2025,15-05-2025,48,427.82,98.28,329.55,Low,Account Secured
FC000621,T00012690,C003449,Phishing,Closed,Medium,E00143,26-04-2026,29-04-2026,72,2757.6,1697.47,1060.13,High,Customer Reimbursed
FC000622,T00012697,C004808,Identity Theft,Closed,High,E00144,23-05-2025,23-05-2025,0,1494.41,0,1494.41,Low,Law Enforcement Referred
FC000623,T00012712,C000317,UPI Fraud,Open,Critical,E00006,30-06-2026,,72,855.36,509.14,346.22,Medium,Account Secured
FC000624,T00012722,C002552,Money Laundering,Closed,High,E00136,19-04-2026,25-04-2026,144,140.9,95.28,45.61,High,Account Secured
FC000625,T00012756,C004749,Merchant Fraud,Open,High,E00145,16-04-2026,,24,181.87,131.1,50.76,Critical,False Positive
FC000626,T00012758,C003589,Online Banking Fraud,Closed,Medium,E00150,17-02-2025,26-02-2025,216,80.48,33.05,47.43,High,Confirmed Fraud
FC000627,T00012782,C004594,Identity Theft,Escalated,Medium,E00078,17-06-2026,,168,6777.64,3890.28,2887.36,High,Customer Reimbursed
FC000628,T00012790,C000759,UPI Fraud,Closed,High,E00119,28-02-2025,06-03-2025,144,164.61,137.81,26.8,Low,Law Enforcement Referred
FC000629,T00012800,C004257,Card Theft,Open,Critical,E00085,16-07-2026,,72,2104.15,1525.33,578.81,Medium,Account Secured
FC000630,T00012809,C003266,Account Takeover,Closed,High,E00023,12-06-2026,13-06-2026,24,241,162.96,78.04,High,Law Enforcement Referred
FC000631,T00012817,C002031,Suspicious Transfer,Escalated,High,E00049,14-03-2025,,168,264.11,39.58,224.53,High,Account Secured
FC000632,T00012841,C000911,Suspicious Transfer,Closed,High,E00149,13-04-2026,14-04-2026,24,397.78,94.25,303.53,High,Customer Reimbursed
FC000633,T00012852,C001401,Card Theft,Closed,Medium,E00073,01-04-2026,05-04-2026,96,1715.06,1053.35,661.71,High,False Positive
FC000634,T00012889,C000390,UPI Fraud,Closed,High,E00093,08-07-2026,09-07-2026,24,390.23,282.58,107.65,Critical,Customer Reimbursed
FC000635,T00012896,C004740,Merchant Fraud,Closed,High,E00120,04-01-2026,07-01-2026,72,117.29,68.47,48.82,High,Account Secured
FC000636,T00012914,C001793,Money Laundering,Closed,Medium,E00104,04-06-2025,09-06-2025,120,71.02,11.8,59.23,Critical,Confirmed Fraud
FC000637,T00012940,C001680,Money Laundering,Closed,High,E00123,03-10-2025,03-10-2025,0,4573.11,0,4573.11,Critical,Confirmed Fraud
FC000638,T00012953,C003644,Card Theft,Closed,High,E00096,04-05-2025,10-05-2025,144,411.14,221.13,190.01,Medium,Account Secured
FC000639,T00012993,C002560,UPI Fraud,Closed,High,E00007,12-11-2025,17-11-2025,120,355.46,315.82,39.64,High,False Positive
FC000640,T00012995,C002739,Merchant Fraud,Closed,High,E00094,21-04-2026,30-04-2026,216,120.02,56.69,63.32,Critical,Account Secured
FC000641,T00013005,C001485,International Fraud,Closed,High,E00110,20-05-2025,29-05-2025,216,714.95,500.92,214.03,Medium,False Positive
FC000642,T00013029,C000021,UPI Fraud,Under Investigation,High,E00112,03-05-2025,,240,397.28,249.67,147.61,High,False Positive
FC000643,T00013031,C004103,UPI Fraud,Closed,High,E00132,11-04-2026,13-04-2026,48,127.55,52.9,74.65,Critical,Customer Reimbursed
FC000644,T00013038,C004609,Suspicious Transfer,Open,Medium,E00087,27-09-2025,,240,1200.2,866.13,334.07,Medium,Account Secured
FC000645,T00013055,C004958,Phishing,Closed,Critical,E00135,16-04-2026,24-04-2026,192,1781.12,900.29,880.83,High,Confirmed Fraud
FC000646,T00013125,C002784,Account Takeover,Closed,Critical,E00031,01-06-2025,08-06-2025,168,2306.21,1181.23,1124.98,High,False Positive
FC000647,T00013153,C001041,Phishing,Open,High,E00022,16-03-2026,,0,685.91,75.84,610.07,Critical,Confirmed Fraud
FC000648,T00013166,C003592,Card Theft,Closed,Medium,E00062,23-07-2025,23-07-2025,0,340.38,0,340.38,Medium,Confirmed Fraud
FC000649,T00013170,C001941,Account Takeover,Closed,High,E00145,20-06-2025,22-06-2025,48,1136.1,685.04,451.06,Critical,Customer Reimbursed
FC000650,T00013188,C000527,Money Laundering,Closed,High,E00135,22-09-2025,22-09-2025,0,846.84,0,846.84,Critical,Law Enforcement Referred
FC000651,T00013192,C003086,Suspicious Transfer,Open,High,E00052,02-02-2025,,NULL,1908.78,0,1908.78,Medium,Confirmed Fraud
FC000652,T00013198,C001057,Money Laundering,Closed,High,E00124,10-09-2025,18-09-2025,192,215.3,65.76,149.54,Critical,Account Secured
FC000653,T00013200,C001688,Suspicious Transfer,Closed,High,E00002,06-08-2025,06-08-2025,0,508.01,0,508.01,High,Confirmed Fraud
FC000654,T00013213,C004888,Merchant Fraud,Under Investigation,High,E00045,10-01-2026,,NULL,1265.47,0,1265.47,Medium,False Positive
FC000655,T00013227,C002459,Phishing,Under Investigation,High,E00086,02-11-2025,,120,379.5,299.98,79.52,Low,False Positive
FC000656,T00013267,C003310,Account Takeover,Closed,Critical,E00134,26-02-2026,07-03-2026,216,331.34,185.51,145.83,High,Customer Reimbursed
FC000657,T00013275,C002634,Card Theft,Closed,High,E00059,07-01-2026,14-01-2026,168,799.94,94.47,705.47,Critical,False Positive
FC000658,T00013289,C003531,Phishing,Open,High,E00139,15-05-2026,,48,531.71,77.69,454.02,High,Customer Reimbursed
FC000659,T00013339,C001746,Merchant Fraud,Under Investigation,Medium,E00126,25-09-2025,,24,1223.42,205.19,1018.23,High,Customer Reimbursed
FC000660,T00013374,C001857,International Fraud,Closed,High,E00121,27-05-2026,03-06-2026,168,913.02,138.48,774.53,High,Law Enforcement Referred
FC000661,T00013390,C003754,Money Laundering,Escalated,High,E00050,24-09-2025,,216,348.66,197.57,151.09,Low,Confirmed Fraud
FC000662,T00013408,C003365,Online Banking Fraud,Open,Critical,E00030,16-03-2025,,168,684.51,402.29,282.22,High,False Positive
FC000663,T00013435,C000142,Phishing,Closed,High,E00056,21-11-2025,27-11-2025,144,118.5,99.02,19.48,Medium,Account Secured
FC000664,T00013446,C000252,Suspicious Transfer,Closed,Critical,E00001,05-02-2025,12-02-2025,168,885.22,623.47,261.76,High,Customer Reimbursed
FC000665,T00013454,C001993,Merchant Fraud,Closed,Critical,E00148,11-03-2026,12-03-2026,24,1194.96,568.08,626.88,High,Account Secured
FC000666,T00013463,C000671,Online Banking Fraud,Under Investigation,Medium,E00133,03-11-2025,,216,1382.78,515.12,867.66,Medium,Customer Reimbursed
FC000667,T00013472,C003867,Phishing,Closed,High,E00001,14-02-2025,14-02-2025,0,177.05,0,177.05,Medium,Law Enforcement Referred
FC000668,T00013476,C000770,International Fraud,Closed,Critical,E00135,15-03-2026,15-03-2026,0,650.51,0,650.51,Low,Account Secured
FC000669,T00013509,C002248,Online Banking Fraud,Under Investigation,Critical,E00033,23-06-2026,,72,837.51,575.3,262.2,Medium,Law Enforcement Referred
FC000670,T00013523,C001833,Online Banking Fraud,Closed,Medium,E00004,07-06-2025,13-06-2025,144,1179.12,955.5,223.62,Critical,Confirmed Fraud
FC000671,T00013531,C002270,Card Theft,Open,Critical,E00140,11-06-2025,,168,2599.72,2182.44,417.29,Critical,Account Secured
FC000672,T00013553,C001714,Suspicious Transfer,Closed,Medium,E00051,02-02-2025,02-02-2025,0,1113.74,0,1113.74,High,Customer Reimbursed
FC000673,T00013558,C002897,Card Theft,Closed,Critical,E00140,16-07-2026,16-07-2026,0,970.06,0,970.06,High,False Positive
FC000674,T00013571,C002151,Online Banking Fraud,Closed,High,E00070,30-06-2025,06-07-2025,144,1371.46,222.08,1149.38,High,Confirmed Fraud
FC000675,T00013573,C000105,Account Takeover,Under Investigation,High,E00067,11-02-2026,,144,430.34,278.45,151.89,Low,Law Enforcement Referred
FC000676,T00013592,C000621,Identity Theft,Closed,High,E00022,01-03-2026,01-03-2026,0,449.95,287.37,162.58,Critical,Confirmed Fraud
FC000677,T00013614,C002688,ATM Fraud,Under Investigation,High,E00004,10-02-2026,,48,349.09,167.84,181.26,Low,Customer Reimbursed
FC000678,T00013615,C001601,Online Banking Fraud,Closed,Critical,E00080,10-05-2026,15-05-2026,120,5259.23,3477.95,1781.28,High,Account Secured
FC000679,T00013619,C000439,UPI Fraud,Under Investigation,Critical,E00033,21-10-2025,,168,7057.68,5143.78,1913.9,High,False Positive
FC000680,T00013630,C004065,Card Theft,Closed,Critical,E00008,12-04-2026,21-04-2026,216,808.16,285.06,523.11,Critical,False Positive
FC000681,T00013650,C003145,Card Theft,Escalated,High,E00138,22-03-2026,,72,172.39,109.57,62.82,Low,Account Secured
FC000682,T00013652,C000160,Online Banking Fraud,Open,High,E00039,20-06-2026,,NULL,4576.4,0,4576.4,Medium,Law Enforcement Referred
FC000683,T00013687,C004816,Phishing,Closed,Critical,E00147,16-11-2025,26-11-2025,240,1299.8,1095.57,204.23,High,Law Enforcement Referred
FC000684,T00013693,C000356,Phishing,Closed,High,E00123,24-09-2025,29-09-2025,120,238.12,131.81,106.31,Low,Law Enforcement Referred
FC000685,T00013720,C003508,Card Theft,Closed,High,E00078,29-04-2026,09-05-2026,240,2448.83,2005.78,443.05,High,Law Enforcement Referred
FC000686,T00013726,C003751,UPI Fraud,Under Investigation,Medium,E00095,08-03-2025,,120,11344.87,7425.79,3919.09,Medium,Customer Reimbursed
FC000687,T00013730,C002380,Account Takeover,Closed,Medium,E00070,12-03-2025,20-03-2025,192,109.17,83.22,25.95,Critical,Account Secured
FC000688,T00013731,C001471,Identity Theft,Closed,High,E00085,16-07-2025,20-07-2025,96,99.11,20.09,79.03,Medium,Customer Reimbursed
FC000689,T00013753,C002602,Account Takeover,Closed,High,E00061,06-01-2025,12-01-2025,144,414.64,314.41,100.24,Medium,Account Secured
FC000690,T00013756,C002575,International Fraud,Open,Critical,E00106,28-03-2025,,192,39.48,9.64,29.84,Medium,Confirmed Fraud
FC000691,T00013777,C002812,Card Theft,Open,Critical,E00021,11-03-2026,,120,889.28,649.77,239.52,Medium,Account Secured
FC000692,T00013793,C004838,International Fraud,Escalated,High,E00023,29-04-2025,,72,275.45,83.93,191.52,Medium,False Positive
FC000693,T00013796,C002375,Online Banking Fraud,Closed,Medium,E00061,27-10-2025,02-11-2025,144,927.49,743.43,184.06,Critical,Confirmed Fraud
FC000694,T00013839,C001035,Account Takeover,Closed,High,E00044,22-05-2025,26-05-2025,96,99.02,66.68,32.34,High,Law Enforcement Referred
FC000695,T00013864,C004751,Card Theft,Open,Critical,E00031,18-06-2026,,144,30.73,6.8,23.92,Medium,Account Secured
FC000696,T00013865,C002443,UPI Fraud,Closed,Critical,E00004,13-04-2026,18-04-2026,120,388.16,285.18,102.97,High,Law Enforcement Referred
FC000697,T00013898,C004073,Account Takeover,Under Investigation,High,E00015,16-07-2025,,0,25225.84,20250.67,4975.17,High,False Positive
FC000698,T00013903,C000251,Phishing,Open,Medium,E00097,27-03-2026,,144,86.04,15.44,70.6,Critical,Account Secured
FC000699,T00013907,C001455,Account Takeover,Closed,High,E00046,23-09-2025,24-09-2025,24,51.36,12.21,39.15,High,False Positive
FC000700,T00013909,C000107,UPI Fraud,Closed,High,E00092,06-03-2025,08-03-2025,48,160.07,52.85,107.22,High,Account Secured
FC000701,T00013926,C001384,International Fraud,Closed,High,E00040,12-05-2026,14-05-2026,48,1432.19,811.16,621.03,Critical,False Positive
FC000702,T00013932,C001715,UPI Fraud,Closed,Medium,E00040,08-12-2025,10-12-2025,48,699.49,343.05,356.44,Medium,Law Enforcement Referred
FC000703,T00013945,C002747,International Fraud,Closed,High,E00017,20-01-2026,22-01-2026,48,1121.82,251.52,870.3,High,Customer Reimbursed
FC000704,T00013961,C002838,International Fraud,Closed,Critical,E00116,18-09-2025,19-09-2025,24,692.47,531.44,161.03,Medium,Account Secured
FC000705,T00013966,C000247,International Fraud,Escalated,High,E00008,07-06-2025,,NULL,4932.18,0,4932.18,Medium,Law Enforcement Referred
FC000706,T00013975,C004526,Identity Theft,Open,Medium,E00089,03-07-2026,,216,1320.61,894.08,426.52,Medium,Confirmed Fraud
FC000707,T00013987,C000737,UPI Fraud,Open,High,E00080,29-12-2025,,NULL,4167.29,0,4167.29,High,False Positive
FC000708,T00014017,C001337,UPI Fraud,Closed,High,E00144,22-04-2026,25-04-2026,72,2385.04,1788.34,596.7,Medium,Law Enforcement Referred
FC000709,T00014028,C003070,Identity Theft,Closed,High,E00038,03-08-2025,11-08-2025,192,895.63,495.22,400.41,Critical,False Positive
FC000710,T00014038,C002938,Phishing,Open,High,E00003,21-02-2026,,168,811.16,137.93,673.23,Critical,Law Enforcement Referred
FC000711,T00014040,C003541,Account Takeover,Open,High,E00068,05-06-2026,,72,733.46,653.19,80.27,Medium,False Positive
FC000712,T00014092,C004098,ATM Fraud,Under Investigation,Critical,E00042,21-05-2026,,192,2663.34,1833.25,830.09,Critical,Confirmed Fraud
FC000713,T00014095,C003575,UPI Fraud,Closed,High,E00074,24-06-2026,03-07-2026,216,2819.67,458.71,2360.96,Critical,False Positive
FC000714,T00014109,C004965,UPI Fraud,Closed,High,E00037,29-01-2026,29-01-2026,0,3104.74,0,3104.74,Critical,Law Enforcement Referred
FC000715,T00014125,C003403,Account Takeover,Closed,High,E00057,05-06-2026,06-06-2026,24,155.53,95.89,59.64,High,Law Enforcement Referred
FC000716,T00014131,C003355,Merchant Fraud,Under Investigation,Medium,E00098,13-07-2026,,240,1515.73,1122.38,393.36,Critical,Confirmed Fraud
FC000717,T00014136,C001674,Phishing,Closed,Medium,E00083,16-12-2025,20-12-2025,96,914,537.3,376.69,Medium,Customer Reimbursed
FC000718,T00014161,C002101,International Fraud,Closed,High,E00076,20-01-2025,27-01-2025,168,641,466.54,174.46,Critical,Account Secured
FC000719,T00014166,C004532,ATM Fraud,Closed,Critical,E00129,27-11-2025,07-12-2025,240,3248.41,1592.89,1655.51,Medium,Account Secured
FC000720,T00014176,C001656,Online Banking Fraud,Closed,High,E00004,22-02-2026,03-03-2026,216,405.89,250.73,155.15,Critical,Confirmed Fraud
FC000721,T00014215,C001690,Phishing,Closed,High,E00033,08-01-2025,14-01-2025,144,374.14,232.45,141.69,High,False Positive
FC000722,T00014216,C002866,Phishing,Closed,High,E00140,02-01-2026,10-01-2026,192,938.13,707.54,230.59,High,Account Secured
FC000723,T00014233,C001189,Account Takeover,Open,High,E00144,14-11-2025,,NULL,688.15,0,688.15,High,Account Secured
FC000724,T00014260,C004249,ATM Fraud,Closed,High,E00059,16-05-2026,25-05-2026,216,333.55,193.14,140.41,Medium,Law Enforcement Referred
FC000725,T00014326,C004955,Merchant Fraud,Closed,Medium,E00007,15-08-2025,20-08-2025,120,335.24,252.54,82.7,Low,False Positive
FC000726,T00014338,C000669,Phishing,Closed,Critical,E00127,27-09-2025,30-09-2025,72,663.99,218.12,445.88,Medium,False Positive
FC000727,T00014345,C000142,Card Theft,Closed,High,E00007,08-04-2026,08-04-2026,0,635.31,0,635.31,Critical,Account Secured
FC000728,T00014365,C000957,Online Banking Fraud,Under Investigation,High,E00034,18-05-2026,,168,379.69,220.59,159.1,High,False Positive
FC000729,T00014382,C001421,UPI Fraud,Escalated,Critical,E00043,04-10-2025,,216,28.49,17.32,11.16,Critical,Account Secured
FC000730,T00014410,C001804,Phishing,Closed,High,E00116,07-08-2025,16-08-2025,216,64.1,7,57.1,High,Customer Reimbursed
FC000731,T00014452,C003496,Account Takeover,Under Investigation,High,E00033,02-01-2026,,96,302.13,185.1,117.03,High,Law Enforcement Referred
FC000732,T00014456,C001331,International Fraud,Open,Medium,E00055,24-07-2025,,120,561.87,391.15,170.71,High,False Positive
FC000733,T00014462,C000628,Phishing,Closed,Critical,E00015,04-11-2025,04-11-2025,0,343.86,0,343.86,High,Customer Reimbursed
FC000734,T00014493,C000198,Card Theft,Closed,High,E00058,18-03-2025,23-03-2025,120,666.21,100.28,565.93,Critical,Customer Reimbursed
FC000735,T00014543,C001630,ATM Fraud,Closed,High,E00022,07-11-2025,11-11-2025,96,169.72,129.91,39.81,High,False Positive
FC000736,T00014563,C001369,UPI Fraud,Closed,High,E00002,01-04-2026,01-04-2026,0,283.36,0,283.36,High,Confirmed Fraud
FC000737,T00014573,C003970,Merchant Fraud,Closed,High,E00027,29-06-2026,05-07-2026,144,410.19,42.08,368.12,Critical,Confirmed Fraud
FC000738,T00014577,C004664,Money Laundering,Escalated,High,E00099,27-06-2026,,24,639.99,481.41,158.58,High,Customer Reimbursed
FC000739,T00014602,C004595,Online Banking Fraud,Under Investigation,Medium,E00053,29-04-2026,,144,891.33,404.44,486.9,High,False Positive
FC000740,T00014656,C002071,Identity Theft,Closed,High,E00012,08-07-2025,14-07-2025,144,127.39,89.5,37.89,Medium,Confirmed Fraud
FC000741,T00014691,C003478,Phishing,Closed,High,E00130,06-04-2026,06-04-2026,0,2668.94,0,2668.94,Critical,Account Secured
FC000742,T00014697,C000119,Card Theft,Closed,High,E00015,01-03-2025,06-03-2025,120,1294.08,594.87,699.21,Low,Customer Reimbursed
FC000743,T00014701,C000039,ATM Fraud,Under Investigation,High,E00068,01-08-2025,,48,285.31,195.6,89.71,High,False Positive
FC000744,T00014812,C003660,Card Theft,Closed,Medium,E00150,09-03-2026,12-03-2026,72,1602.3,1336.05,266.26,High,Confirmed Fraud
FC000745,T00014816,C004368,Phishing,Closed,High,E00144,08-07-2025,16-07-2025,192,222.41,64.1,158.3,Critical,Law Enforcement Referred
FC000746,T00014819,C002079,Merchant Fraud,Closed,Medium,E00063,05-06-2026,05-06-2026,0,1459.57,226.13,1233.44,High,Confirmed Fraud
FC000747,T00014832,C001539,Phishing,Under Investigation,Medium,E00065,30-09-2025,,216,635.5,191.31,444.19,Medium,Customer Reimbursed
FC000748,T00014864,C000438,Card Theft,Open,Medium,E00145,24-01-2025,,24,232.72,74.7,158.01,High,Law Enforcement Referred
FC000749,T00014867,C004738,Merchant Fraud,Closed,Critical,E00021,09-01-2026,16-01-2026,168,4806.64,1197.68,3608.95,Critical,Customer Reimbursed
FC000750,T00014884,C002946,ATM Fraud,Closed,Critical,E00062,09-02-2025,11-02-2025,48,2674.48,1657.22,1017.25,Medium,Customer Reimbursed
FC000751,T00014892,C001735,Account Takeover,Under Investigation,High,E00059,22-08-2025,,144,777.29,516.52,260.77,Low,False Positive
FC000752,T00014963,C003379,ATM Fraud,Under Investigation,Critical,E00144,24-06-2026,,72,1307.05,938.09,368.97,Medium,False Positive
FC000753,T00014978,C003227,Phishing,Closed,High,E00033,15-04-2026,20-04-2026,120,3532.71,740.13,2792.58,High,Confirmed Fraud
FC000754,T00014998,C000653,Account Takeover,Escalated,High,E00136,22-10-2025,,240,1518.72,1322.37,196.35,High,False Positive
FC000755,T00015022,C001459,Account Takeover,Closed,Medium,E00042,09-07-2026,12-07-2026,72,7005.1,5999.05,1006.05,Medium,Customer Reimbursed
FC000756,T00015057,C000025,Card Theft,Closed,High,E00042,07-05-2025,11-05-2025,96,8081.2,3693.23,4387.97,Low,Account Secured
FC000757,T00015104,C004857,Phishing,Closed,High,E00110,03-03-2025,05-03-2025,48,106.64,21.02,85.62,High,Account Secured
FC000758,T00015142,C002311,Account Takeover,Closed,High,E00049,04-01-2025,10-01-2025,144,856.68,290.22,566.45,Critical,Confirmed Fraud
FC000759,T00015156,C002254,Online Banking Fraud,Closed,Medium,E00080,24-07-2025,30-07-2025,144,2633.92,1873.59,760.32,Low,Law Enforcement Referred
FC000760,T00015160,C001481,Suspicious Transfer,Escalated,Critical,E00090,23-06-2026,,96,3052.97,1246.75,1806.21,High,False Positive
FC000761,T00015169,C003070,Online Banking Fraud,Closed,Medium,E00117,19-02-2025,22-02-2025,72,3706.88,1849.74,1857.13,High,False Positive
FC000762,T00015173,C002203,Online Banking Fraud,Under Investigation,Critical,E00146,28-03-2025,,120,1620.41,1326.44,293.96,Critical,Account Secured
FC000763,T00015239,C002016,Suspicious Transfer,Closed,High,E00082,13-01-2026,20-01-2026,168,851.04,143.65,707.39,Critical,Confirmed Fraud
FC000764,T00015323,C003930,Phishing,Closed,High,E00118,15-01-2026,22-01-2026,168,778.09,155.97,622.13,High,Confirmed Fraud
FC000765,T00015344,C004392,Phishing,Open,High,E00033,23-05-2025,,168,8235.38,4187.55,4047.83,High,Customer Reimbursed
FC000766,T00015348,C003460,Account Takeover,Closed,High,E00023,27-03-2026,02-04-2026,144,2683.56,931.76,1751.8,High,Confirmed Fraud
FC000767,T00015367,C003445,UPI Fraud,Closed,High,E00044,11-04-2026,12-04-2026,24,2557.54,2024.24,533.3,Critical,Confirmed Fraud
FC000768,T00015373,C000529,UPI Fraud,Open,Critical,E00089,18-01-2026,,144,413.21,101.61,311.6,Low,False Positive
FC000769,T00015398,C004849,International Fraud,Closed,Medium,E00048,30-04-2025,30-04-2025,0,2510.56,0,2510.56,Medium,False Positive
FC000770,T00015406,C003896,Phishing,Closed,High,E00081,09-06-2026,16-06-2026,168,6012.34,1655.92,4356.42,High,False Positive
FC000771,T00015416,C000638,Online Banking Fraud,Closed,High,E00118,12-03-2025,12-03-2025,0,930.68,0,930.68,High,Customer Reimbursed
FC000772,T00015423,C004015,Suspicious Transfer,Closed,Critical,E00062,22-03-2026,22-03-2026,0,1661.94,0,1661.94,Medium,False Positive
FC000773,T00015439,C002953,ATM Fraud,Closed,High,E00041,13-05-2026,16-05-2026,72,1436.07,985.34,450.73,Critical,Confirmed Fraud
FC000774,T00015453,C000307,International Fraud,Under Investigation,Medium,E00088,19-12-2025,,48,1883.39,870.04,1013.34,High,Confirmed Fraud
FC000775,T00015502,C000859,Money Laundering,Closed,High,E00023,27-05-2025,27-05-2025,0,989.48,0,989.48,High,Law Enforcement Referred
FC000776,T00015525,C002361,Online Banking Fraud,Open,High,E00133,25-12-2025,,48,828.5,145.85,682.65,Low,Confirmed Fraud
FC000777,T00015572,C000200,Merchant Fraud,Closed,High,E00026,10-10-2025,19-10-2025,216,183.81,95.72,88.09,High,Law Enforcement Referred
FC000778,T00015580,C003939,Money Laundering,Closed,Medium,E00057,15-03-2026,18-03-2026,72,889.08,312.47,576.61,Low,Customer Reimbursed
FC000779,T00015641,C000903,Merchant Fraud,Open,High,E00098,05-05-2025,,24,367.62,258.45,109.17,High,Account Secured
FC000780,T00015657,C002219,Phishing,Closed,Critical,E00060,28-06-2025,29-06-2025,24,1601.42,327.75,1273.67,High,False Positive
FC000781,T00015662,C002787,Suspicious Transfer,Closed,High,E00014,09-04-2026,09-04-2026,0,1889.98,0,1889.98,High,Account Secured
FC000782,T00015677,C004420,Phishing,Closed,High,E00124,17-07-2025,22-07-2025,120,1302.95,570.31,732.64,Critical,Customer Reimbursed
FC000783,T00015685,C001489,Online Banking Fraud,Closed,High,E00087,18-04-2026,19-04-2026,24,1341.08,147.68,1193.4,Low,Customer Reimbursed
FC000784,T00015689,C000222,Money Laundering,Closed,High,E00128,24-07-2026,27-07-2026,72,1400.42,192.15,1208.27,Critical,Customer Reimbursed
FC000785,T00015696,C000518,Identity Theft,Closed,High,E00013,17-03-2026,19-03-2026,48,2179.47,668.53,1510.94,Medium,Confirmed Fraud
FC000786,T00015736,C003165,Phishing,Closed,High,E00102,10-08-2025,10-08-2025,0,3806.18,2554.69,1251.49,Medium,Confirmed Fraud
FC000787,T00015737,C002892,Money Laundering,Closed,High,E00110,24-09-2025,24-09-2025,0,245.32,0,245.32,High,Confirmed Fraud
FC000788,T00015749,C001685,International Fraud,Escalated,Critical,E00003,11-12-2025,,72,943.48,378.91,564.57,Critical,Confirmed Fraud
FC000789,T00015754,C004456,Identity Theft,Closed,High,E00009,14-07-2026,15-07-2026,24,73.37,29.55,43.82,High,Account Secured
FC000790,T00015801,C004893,Card Theft,Escalated,High,E00047,20-01-2025,,144,319.35,260.94,58.41,High,Customer Reimbursed
FC000791,T00015814,C001324,ATM Fraud,Closed,Critical,E00148,25-05-2025,27-05-2025,48,245.14,219.88,25.26,High,Law Enforcement Referred
FC000792,T00015816,C001091,Card Theft,Closed,Critical,E00002,16-06-2025,16-06-2025,0,1290.97,0,1290.97,High,Confirmed Fraud
FC000793,T00015821,C000084,ATM Fraud,Closed,High,E00119,30-01-2025,30-01-2025,0,114.1,20.94,93.16,Medium,Account Secured
FC000794,T00015880,C003252,Account Takeover,Closed,High,E00145,23-04-2025,23-04-2025,0,1255.66,0,1255.66,High,Account Secured
FC000795,T00015891,C002617,Money Laundering,Closed,High,E00021,22-04-2025,28-04-2025,144,300.58,34.66,265.92,High,Confirmed Fraud
FC000796,T00015901,C001926,Online Banking Fraud,Open,High,E00103,19-07-2026,,216,315.23,74.79,240.44,High,Customer Reimbursed
FC000797,T00015902,C001807,Card Theft,Closed,High,E00107,09-03-2026,14-03-2026,120,1152.13,538.46,613.67,High,False Positive
FC000798,T00015915,C004390,International Fraud,Closed,Medium,E00070,02-04-2026,02-04-2026,0,113.36,0,113.36,Low,False Positive
FC000799,T00015916,C002103,Suspicious Transfer,Closed,High,E00036,03-09-2025,11-09-2025,192,460.6,154.7,305.9,Critical,False Positive
FC000800,T00015919,C000550,Identity Theft,Closed,Medium,E00080,29-06-2026,05-07-2026,144,1156.45,413.61,742.84,Low,False Positive
FC000801,T00015920,C004363,Money Laundering,Closed,High,E00135,15-05-2026,25-05-2026,240,24470.75,21476.48,2994.27,Low,Account Secured
FC000802,T00015944,C003587,UPI Fraud,Open,High,E00010,02-07-2025,,NULL,1267.82,0,1267.82,High,False Positive
FC000803,T00016012,C004315,Card Theft,Under Investigation,High,E00107,27-03-2025,,144,205.63,167.59,38.04,High,False Positive
FC000804,T00016023,C001251,Suspicious Transfer,Open,Critical,E00018,31-03-2025,,168,2259.38,300.68,1958.7,High,Account Secured
FC000805,T00016025,C001577,Merchant Fraud,Closed,High,E00124,25-04-2025,29-04-2025,96,1196.56,1012.34,184.22,High,Account Secured
FC000806,T00016029,C004761,Online Banking Fraud,Closed,Critical,E00084,06-03-2025,06-03-2025,0,2866.64,0,2866.64,Critical,Confirmed Fraud
FC000807,T00016034,C002972,UPI Fraud,Under Investigation,Critical,E00142,05-09-2025,,0,702.14,495.73,206.41,Critical,Account Secured
FC000808,T00016035,C000299,Identity Theft,Closed,High,E00145,29-01-2026,02-02-2026,96,621.5,101.46,520.05,High,Account Secured
FC000809,T00016049,C003327,Phishing,Closed,High,E00066,14-08-2025,14-08-2025,0,552.84,0,552.84,Medium,False Positive
FC000810,T00016059,C003274,Suspicious Transfer,Closed,High,E00127,05-09-2025,10-09-2025,120,1830.39,1228.13,602.26,Critical,Customer Reimbursed
FC000811,T00016062,C001867,Money Laundering,Closed,Critical,E00079,16-05-2026,21-05-2026,120,3604.48,2680.37,924.11,Medium,Account Secured
FC000812,T00016132,C002611,Account Takeover,Closed,Critical,E00099,20-03-2025,20-03-2025,0,933.92,0,933.92,Critical,False Positive
FC000813,T00016163,C003999,Suspicious Transfer,Closed,Critical,E00130,10-09-2025,16-09-2025,144,274.53,225.53,49,High,Law Enforcement Referred
FC000814,T00016175,C003819,Suspicious Transfer,Closed,Critical,E00136,24-05-2026,28-05-2026,96,1621.39,168.11,1453.28,High,Law Enforcement Referred
FC000815,T00016177,C003071,International Fraud,Open,High,E00126,17-12-2025,,144,241.25,54.95,186.3,High,False Positive
FC000816,T00016199,C004466,Account Takeover,Closed,High,E00038,04-03-2026,05-03-2026,24,523.91,350.11,173.8,High,Customer Reimbursed
FC000817,T00016202,C000349,Account Takeover,Under Investigation,High,E00073,11-04-2026,,168,218.66,84.13,134.53,Medium,False Positive
FC000818,T00016212,C002196,Phishing,Closed,Critical,E00030,10-01-2025,12-01-2025,48,54.62,43.39,11.22,Low,Customer Reimbursed
FC000819,T00016243,C001966,UPI Fraud,Closed,High,E00063,14-04-2025,19-04-2025,120,461.06,142.55,318.51,High,Law Enforcement Referred
FC000820,T00016244,C000225,Merchant Fraud,Escalated,Critical,E00042,11-07-2026,,144,96.45,11.07,85.38,Low,Law Enforcement Referred
FC000821,T00016269,C004301,Account Takeover,Open,High,E00100,06-09-2025,,144,565.8,61.08,504.71,Medium,Account Secured
FC000822,T00016344,C004952,Identity Theft,Closed,High,E00065,30-04-2025,03-05-2025,72,1658.04,624.65,1033.39,Critical,Account Secured
FC000823,T00016403,C000026,Money Laundering,Closed,Medium,E00136,18-02-2025,18-02-2025,0,2595.16,0,2595.16,High,False Positive
FC000824,T00016412,C004569,Online Banking Fraud,Open,High,E00029,20-05-2025,,216,524.79,301.14,223.65,High,False Positive
FC000825,T00016425,C003416,Identity Theft,Closed,High,E00054,09-07-2026,13-07-2026,96,858.6,644.89,213.71,High,Confirmed Fraud
FC000826,T00016434,C000668,Card Theft,Closed,Medium,E00105,10-01-2026,10-01-2026,0,772.94,0,772.94,Medium,False Positive
FC000827,T00016454,C004490,Merchant Fraud,Closed,Critical,E00091,06-07-2025,06-07-2025,0,458.96,49.87,409.08,High,Customer Reimbursed
FC000828,T00016504,C002337,Card Theft,Closed,Critical,E00110,15-06-2025,15-06-2025,0,264.62,0,264.62,High,Confirmed Fraud
FC000829,T00016508,C000547,Card Theft,Open,Medium,E00127,28-05-2025,,NULL,909,0,909,High,Law Enforcement Referred
FC000830,T00016579,C003125,Account Takeover,Closed,Critical,E00135,07-09-2025,13-09-2025,144,2292.37,1479.97,812.41,Critical,Account Secured
FC000831,T00016593,C003941,Card Theft,Closed,Critical,E00127,03-05-2026,11-05-2026,192,521.43,110.47,410.96,High,Law Enforcement Referred
FC000832,T00016611,C003102,ATM Fraud,Closed,High,E00148,01-04-2025,10-04-2025,216,662.07,270.3,391.78,Medium,Customer Reimbursed
FC000833,T00016616,C000328,UPI Fraud,Open,High,E00048,18-06-2025,,72,400.34,171.84,228.51,High,Customer Reimbursed
FC000834,T00016672,C003090,Account Takeover,Under Investigation,High,E00059,24-01-2025,,NULL,416.97,0,416.97,High,Account Secured
FC000835,T00016678,C003076,Phishing,Under Investigation,High,E00117,05-06-2026,,48,1884.68,892.38,992.3,High,Customer Reimbursed
FC000836,T00016683,C001573,Phishing,Escalated,High,E00126,13-07-2025,,72,1765.87,1110.1,655.78,High,Law Enforcement Referred
FC000837,T00016727,C000475,Merchant Fraud,Closed,Critical,E00052,02-12-2025,03-12-2025,24,3368.43,1644.61,1723.82,High,Law Enforcement Referred
FC000838,T00016774,C004325,Account Takeover,Closed,Medium,E00096,10-03-2026,13-03-2026,72,124.28,43.53,80.75,High,Law Enforcement Referred
FC000839,T00016782,C004582,ATM Fraud,Open,High,E00127,13-01-2026,,144,718.94,226.42,492.52,High,Law Enforcement Referred
FC000840,T00016792,C000195,Account Takeover,Closed,High,E00024,08-05-2026,11-05-2026,72,377.1,220.29,156.81,High,False Positive
FC000841,T00016807,C000402,Merchant Fraud,Under Investigation,Medium,E00018,26-08-2025,,120,867.57,721.6,145.97,Medium,Account Secured
FC000842,T00016828,C001594,ATM Fraud,Under Investigation,High,E00108,16-08-2025,,48,87.89,25.42,62.47,High,False Positive
FC000843,T00016837,C000777,Merchant Fraud,Closed,Critical,E00014,30-05-2026,02-06-2026,72,386.14,108.92,277.23,High,Customer Reimbursed
FC000844,T00016869,C001379,Suspicious Transfer,Closed,High,E00047,05-02-2025,07-02-2025,48,154.02,19.67,134.35,Medium,False Positive
FC000845,T00016877,C004475,Phishing,Closed,Critical,E00128,14-04-2025,20-04-2025,144,484.11,244.69,239.42,Medium,Law Enforcement Referred
FC000846,T00016880,C001487,Card Theft,Closed,High,E00058,06-11-2025,09-11-2025,72,1105.33,231.6,873.74,Low,False Positive
FC000847,T00016893,C004419,Merchant Fraud,Under Investigation,High,E00139,28-06-2026,,120,54.85,38.23,16.62,Critical,False Positive
FC000848,T00016899,C004557,Phishing,Closed,Critical,E00072,03-10-2025,04-10-2025,24,2839.9,1805.04,1034.87,High,Confirmed Fraud
FC000849,T00016907,C000456,Merchant Fraud,Escalated,High,E00117,31-07-2026,,96,5479.34,2362.7,3116.63,High,Customer Reimbursed
FC000850,T00016921,C001937,Online Banking Fraud,Closed,Medium,E00036,17-03-2026,25-03-2026,192,2354.28,285.51,2068.77,Critical,Law Enforcement Referred
FC000851,T00016928,C003204,ATM Fraud,Closed,High,E00079,12-02-2025,19-02-2025,168,405.95,187.35,218.6,High,Law Enforcement Referred
FC000852,T00016934,C001716,Money Laundering,Closed,Critical,E00061,09-11-2025,09-11-2025,0,519.73,0,519.73,Low,Customer Reimbursed
FC000853,T00016935,C003167,Online Banking Fraud,Closed,High,E00023,10-02-2026,10-02-2026,0,766.61,0,766.61,High,Account Secured
FC000854,T00016938,C002349,ATM Fraud,Under Investigation,High,E00134,23-04-2025,,72,829.97,590.87,239.1,High,Law Enforcement Referred
FC000855,T00016940,C000091,Money Laundering,Closed,High,E00119,28-07-2026,28-07-2026,0,342.39,0,342.39,High,Confirmed Fraud
FC000856,T00016960,C003911,ATM Fraud,Under Investigation,Critical,E00141,22-02-2026,,168,499.33,402.76,96.56,Medium,Account Secured
FC000857,T00016990,C002735,Merchant Fraud,Closed,High,E00114,20-01-2025,27-01-2025,168,127.71,107.69,20.02,High,False Positive
FC000858,T00017009,C000795,UPI Fraud,Open,Critical,E00001,24-09-2025,,24,2135.14,273.18,1861.96,Critical,Account Secured
FC000859,T00017018,C001485,Online Banking Fraud,Open,Medium,E00080,08-06-2025,,192,739.65,248.83,490.82,Critical,Account Secured
FC000860,T00017022,C000021,Money Laundering,Closed,High,E00019,14-06-2026,19-06-2026,120,1164.88,393.09,771.79,Critical,Account Secured
FC000861,T00017030,C004525,UPI Fraud,Closed,High,E00133,04-06-2025,04-06-2025,0,1182.36,0,1182.36,High,Confirmed Fraud
FC000862,T00017044,C002231,Identity Theft,Closed,High,E00055,11-04-2025,13-04-2025,48,653.95,437.69,216.26,Critical,Customer Reimbursed
FC000863,T00017106,C003029,UPI Fraud,Closed,Medium,E00035,05-04-2026,14-04-2026,216,756.91,311.57,445.34,High,Customer Reimbursed
FC000864,T00017109,C001395,International Fraud,Under Investigation,High,E00085,04-02-2025,,72,352.84,145.89,206.95,Medium,Customer Reimbursed
FC000865,T00017146,C002588,ATM Fraud,Under Investigation,High,E00080,24-09-2025,,96,683.27,190.08,493.19,High,False Positive
FC000866,T00017160,C001038,UPI Fraud,Escalated,Medium,E00061,20-09-2025,,0,765.12,498.49,266.64,High,Confirmed Fraud
FC000867,T00017172,C000343,Money Laundering,Closed,Medium,E00076,30-01-2025,07-02-2025,192,5324.54,2167.48,3157.06,Medium,False Positive
FC000868,T00017195,C002701,UPI Fraud,Closed,Critical,E00082,05-09-2025,11-09-2025,144,1668.78,1176.19,492.59,High,Confirmed Fraud
FC000869,T00017256,C004581,Phishing,Under Investigation,High,E00033,09-02-2025,,24,3073.67,2505.15,568.52,Medium,Confirmed Fraud
FC000870,T00017261,C001266,UPI Fraud,Closed,High,E00150,14-01-2026,22-01-2026,192,2572.74,1097.4,1475.34,High,Law Enforcement Referred
FC000871,T00017271,C002418,International Fraud,Closed,Critical,E00007,31-03-2026,04-04-2026,96,99.9,37,62.9,High,Law Enforcement Referred
FC000872,T00017275,C004759,UPI Fraud,Closed,Critical,E00018,27-08-2025,27-08-2025,0,1003.87,0,1003.87,Medium,Customer Reimbursed
FC000873,T00017287,C003058,Money Laundering,Closed,High,E00015,04-07-2025,12-07-2025,192,161.29,79.68,81.61,Medium,Law Enforcement Referred
FC000874,T00017314,C003672,Money Laundering,Closed,High,E00053,19-02-2025,28-02-2025,216,1588.57,219.56,1369.01,High,False Positive
FC000875,T00017336,C001974,Identity Theft,Closed,High,E00129,29-05-2026,31-05-2026,48,2099.45,1095.66,1003.79,Critical,Account Secured
FC000876,T00017340,C000946,Phishing,Closed,High,E00027,22-08-2025,31-08-2025,216,1348.44,1186.51,161.93,Critical,Law Enforcement Referred
FC000877,T00017357,C001396,Suspicious Transfer,Under Investigation,High,E00077,25-05-2025,,24,357.87,165.63,192.24,High,Customer Reimbursed
FC000878,T00017360,C001863,Phishing,Closed,High,E00135,23-06-2025,28-06-2025,120,267.02,143.36,123.66,Low,False Positive
FC000879,T00017365,C000044,ATM Fraud,Under Investigation,High,E00035,19-05-2025,,168,49.44,22.97,26.47,Critical,False Positive
FC000880,T00017399,C003199,Phishing,Under Investigation,High,E00125,11-09-2025,,120,2978.36,300.66,2677.71,High,Customer Reimbursed
FC000881,T00017400,C000948,Identity Theft,Closed,Critical,E00104,29-12-2025,29-12-2025,0,847.76,0,847.76,High,Account Secured
FC000882,T00017411,C001124,Identity Theft,Closed,High,E00147,28-10-2025,28-10-2025,0,8534.18,0,8534.18,Medium,Confirmed Fraud
FC000883,T00017420,C000920,UPI Fraud,Closed,Medium,E00099,18-07-2025,24-07-2025,144,1212.92,284.14,928.78,Medium,Account Secured
FC000884,T00017431,C004896,Online Banking Fraud,Closed,Medium,E00094,22-08-2025,22-08-2025,0,2019.2,0,2019.2,High,Account Secured
FC000885,T00017434,C001437,Online Banking Fraud,Closed,Critical,E00094,12-09-2025,15-09-2025,72,154.34,98.77,55.58,Medium,Customer Reimbursed
FC000886,T00017446,C003145,ATM Fraud,Under Investigation,High,E00041,26-08-2025,,24,1018.22,791.77,226.45,Critical,Law Enforcement Referred
FC000887,T00017448,C001890,UPI Fraud,Under Investigation,High,E00068,07-05-2025,,48,633.03,248.72,384.31,High,Account Secured
FC000888,T00017450,C003621,Phishing,Closed,High,E00113,10-06-2025,10-06-2025,0,2214.47,0,2214.47,Medium,Account Secured
FC000889,T00017453,C002914,Card Theft,Closed,Medium,E00063,05-07-2026,09-07-2026,96,798.9,265.35,533.55,Medium,Confirmed Fraud
FC000890,T00017457,C002403,Phishing,Closed,High,E00023,20-05-2026,22-05-2026,48,2917.07,848.99,2068.09,Critical,False Positive
FC000891,T00017462,C001770,Online Banking Fraud,Closed,High,E00036,14-03-2026,16-03-2026,48,5005.78,1808.66,3197.13,Critical,Customer Reimbursed
FC000892,T00017491,C004198,Phishing,Under Investigation,Medium,E00073,16-12-2025,,NULL,915.38,0,915.38,Critical,Law Enforcement Referred
FC000893,T00017517,C002326,UPI Fraud,Closed,Critical,E00053,18-04-2026,26-04-2026,192,429.13,105.38,323.75,Medium,False Positive
FC000894,T00017527,C002590,Money Laundering,Closed,High,E00002,10-04-2026,15-04-2026,120,708.74,255.97,452.77,High,Law Enforcement Referred
FC000895,T00017536,C004967,UPI Fraud,Closed,High,E00088,06-07-2025,06-07-2025,0,710.21,0,710.21,Critical,Law Enforcement Referred
FC000896,T00017544,C004708,Account Takeover,Closed,High,E00043,28-02-2026,28-02-2026,0,36.13,0,36.13,High,Law Enforcement Referred
FC000897,T00017556,C000305,UPI Fraud,Under Investigation,Critical,E00065,23-03-2025,,96,1496.64,688.38,808.26,Medium,Account Secured
FC000898,T00017563,C000096,Merchant Fraud,Closed,Medium,E00070,14-07-2026,14-07-2026,0,527.8,0,527.8,High,False Positive
FC000899,T00017587,C001016,Suspicious Transfer,Under Investigation,High,E00131,19-07-2026,,NULL,1376.11,0,1376.11,Critical,Customer Reimbursed
FC000900,T00017618,C004843,International Fraud,Closed,High,E00091,23-02-2026,25-02-2026,48,1541.39,296.44,1244.94,High,Customer Reimbursed
FC000901,T00017641,C001673,ATM Fraud,Closed,High,E00069,25-05-2026,25-05-2026,0,214.81,0,214.81,Medium,Account Secured
FC000902,T00017659,C003155,Online Banking Fraud,Escalated,High,E00094,28-05-2025,,120,1402.41,558.76,843.65,Low,Account Secured
FC000903,T00017675,C004963,Online Banking Fraud,Under Investigation,Medium,E00002,09-12-2025,,192,778.91,292.15,486.76,High,Confirmed Fraud
FC000904,T00017702,C001516,UPI Fraud,Under Investigation,High,E00060,27-01-2025,,NULL,5183.83,0,5183.83,High,Law Enforcement Referred
FC000905,T00017710,C000881,UPI Fraud,Escalated,High,E00013,16-04-2025,,168,453.17,124.78,328.38,High,Account Secured
FC000906,T00017739,C003792,Merchant Fraud,Under Investigation,Critical,E00113,10-02-2026,,192,1012.99,910.28,102.71,High,Law Enforcement Referred
FC000907,T00017752,C002953,ATM Fraud,Open,High,E00002,05-04-2025,,NULL,155.4,0,155.4,Medium,False Positive
FC000908,T00017754,C000360,UPI Fraud,Closed,High,E00093,16-01-2025,24-01-2025,192,634.65,455.83,178.83,Medium,Confirmed Fraud
FC000909,T00017767,C003944,UPI Fraud,Closed,High,E00148,03-01-2025,03-01-2025,0,836.87,0,836.87,Medium,False Positive
FC000910,T00017777,C004693,Online Banking Fraud,Closed,High,E00003,27-04-2026,27-04-2026,0,4353.22,0,4353.22,High,Law Enforcement Referred
FC000911,T00017778,C002905,Merchant Fraud,Closed,Medium,E00004,06-01-2025,11-01-2025,120,433.67,285.53,148.14,Critical,Customer Reimbursed
FC000912,T00017782,C000657,Account Takeover,Closed,High,E00011,02-12-2025,02-12-2025,0,647.83,0,647.83,Medium,Customer Reimbursed
FC000913,T00017783,C001899,ATM Fraud,Open,Medium,E00106,05-06-2026,,120,2456.49,454.89,2001.6,Critical,Confirmed Fraud
FC000914,T00017798,C000199,UPI Fraud,Escalated,Critical,E00146,28-01-2025,,120,352.23,124.29,227.94,Critical,Account Secured
FC000915,T00017805,C004909,Card Theft,Closed,High,E00048,18-07-2026,25-07-2026,168,2039.38,816.01,1223.37,Critical,False Positive
FC000916,T00017835,C002563,Card Theft,Closed,Medium,E00059,11-01-2026,11-01-2026,0,617.49,0,617.49,High,False Positive
FC000917,T00017841,C001261,Online Banking Fraud,Closed,Medium,E00117,25-04-2025,26-04-2025,24,259.55,202.61,56.93,Medium,Customer Reimbursed
FC000918,T00017991,C002505,Online Banking Fraud,Escalated,High,E00013,02-04-2026,,0,1408.35,1116.87,291.48,High,Customer Reimbursed
FC000919,T00017993,C000833,Identity Theft,Closed,High,E00046,27-04-2025,29-04-2025,48,1591.19,172.44,1418.76,Low,Customer Reimbursed
FC000920,T00018085,C001023,Identity Theft,Closed,High,E00049,14-09-2025,20-09-2025,144,192.26,127.57,64.69,Low,Account Secured
FC000921,T00018087,C002943,Online Banking Fraud,Closed,High,E00048,28-06-2025,08-07-2025,240,513.78,398.32,115.46,Medium,Customer Reimbursed
FC000922,T00018089,C004585,Money Laundering,Closed,High,E00146,22-05-2025,23-05-2025,24,1082.68,742.57,340.11,Low,Account Secured
FC000923,T00018094,C002066,Online Banking Fraud,Closed,High,E00117,10-03-2026,10-03-2026,0,1136.13,0,1136.13,Low,Account Secured
FC000924,T00018099,C001752,Identity Theft,Closed,High,E00102,05-07-2026,14-07-2026,216,636.55,263.29,373.26,Critical,Account Secured
FC000925,T00018122,C003442,Phishing,Closed,Medium,E00116,05-04-2026,06-04-2026,24,630.01,560.46,69.55,Medium,Law Enforcement Referred
FC000926,T00018128,C000207,Card Theft,Escalated,High,E00123,02-01-2026,,168,1070.19,859.56,210.63,High,Confirmed Fraud
FC000927,T00018144,C001020,Card Theft,Closed,High,E00019,18-11-2025,28-11-2025,240,495.46,136.85,358.61,Medium,Customer Reimbursed
FC000928,T00018156,C004324,UPI Fraud,Closed,High,E00066,04-07-2025,11-07-2025,168,246.52,194.93,51.58,Low,Confirmed Fraud
FC000929,T00018171,C001730,Card Theft,Closed,Medium,E00147,14-01-2026,17-01-2026,72,2184.53,1143.84,1040.69,Critical,Account Secured
FC000930,T00018176,C004650,International Fraud,Under Investigation,Critical,E00014,18-05-2025,,72,210.21,159.5,50.7,High,False Positive
FC000931,T00018205,C003080,ATM Fraud,Closed,High,E00021,06-06-2026,06-06-2026,0,2386.37,0,2386.37,High,Confirmed Fraud
FC000932,T00018206,C002618,Identity Theft,Closed,High,E00096,18-01-2026,28-01-2026,240,154.39,124.18,30.21,Medium,Confirmed Fraud
FC000933,T00018208,C002271,Online Banking Fraud,Under Investigation,High,E00007,11-04-2025,,120,494.26,213.33,280.93,High,Account Secured
FC000934,T00018219,C003710,Card Theft,Under Investigation,High,E00020,24-03-2025,,168,1234.91,962.57,272.34,Medium,Law Enforcement Referred
FC000935,T00018273,C003870,Suspicious Transfer,Escalated,High,E00132,04-04-2025,,120,12403.14,6314.07,6089.07,Critical,Account Secured
FC000936,T00018301,C000944,Online Banking Fraud,Closed,High,E00139,27-02-2025,05-03-2025,144,481.6,202.75,278.85,Medium,Account Secured
FC000937,T00018341,C004883,Account Takeover,Under Investigation,High,E00060,23-06-2026,,192,241.45,106.42,135.03,Low,Confirmed Fraud
FC000938,T00018357,C001997,Card Theft,Escalated,High,E00029,30-10-2025,,24,715.59,121.53,594.06,Low,False Positive
FC000939,T00018359,C004163,Account Takeover,Closed,Critical,E00112,26-05-2026,26-05-2026,0,613.38,0,613.38,Critical,Confirmed Fraud
FC000940,T00018430,C001909,UPI Fraud,Closed,High,E00046,19-11-2025,19-11-2025,0,239.06,0,239.06,High,False Positive
FC000941,T00018439,C000095,Online Banking Fraud,Closed,Critical,E00107,06-12-2025,14-12-2025,192,1214.55,178.72,1035.83,Medium,Account Secured
FC000942,T00018467,C001305,Suspicious Transfer,Escalated,Critical,E00079,26-01-2026,,24,598.95,136.6,462.35,High,Confirmed Fraud
FC000943,T00018474,C003433,International Fraud,Open,Critical,E00018,25-05-2025,,48,211.65,78.05,133.6,Low,Confirmed Fraud
FC000944,T00018477,C002753,Merchant Fraud,Closed,High,E00021,18-03-2026,25-03-2026,168,433.62,168.59,265.03,Critical,Account Secured
FC000945,T00018480,C001800,Identity Theft,Closed,High,E00080,15-08-2025,15-08-2025,0,3858.87,3105.76,753.1,Medium,Confirmed Fraud
FC000946,T00018533,C002540,Identity Theft,Closed,Medium,E00005,15-07-2025,25-07-2025,240,3795.99,2674.19,1121.8,Critical,Account Secured
FC000947,T00018588,C001942,Account Takeover,Under Investigation,High,E00060,27-07-2025,,72,186.79,65.23,121.56,Low,Customer Reimbursed
FC000948,T00018605,C001799,Account Takeover,Closed,High,E00134,27-03-2025,27-03-2025,0,297.44,0,297.44,High,False Positive
FC000949,T00018654,C003639,UPI Fraud,Open,High,E00055,12-02-2025,,24,74.41,43.1,31.31,High,Confirmed Fraud
FC000950,T00018695,C001247,Merchant Fraud,Escalated,Critical,E00057,14-07-2026,,120,1329.79,319.82,1009.97,Medium,Customer Reimbursed
FC000951,T00018744,C000030,Online Banking Fraud,Open,High,E00122,10-12-2025,,144,272.56,164.62,107.95,High,Confirmed Fraud
FC000952,T00018797,C002236,Suspicious Transfer,Closed,High,E00126,12-07-2026,20-07-2026,192,5591.63,2925.75,2665.88,High,Customer Reimbursed
FC000953,T00018842,C004957,Phishing,Closed,Critical,E00129,23-06-2026,29-06-2026,144,109.09,81.53,27.56,Medium,Customer Reimbursed
FC000954,T00018903,C000193,Phishing,Under Investigation,Critical,E00085,21-07-2026,,192,92.35,58.35,34,Medium,Confirmed Fraud
FC000955,T00018911,C002434,Account Takeover,Closed,Critical,E00072,29-12-2025,29-12-2025,0,1491.97,0,1491.97,High,Confirmed Fraud
FC000956,T00018922,C003859,Account Takeover,Closed,High,E00128,17-07-2026,21-07-2026,96,1412.46,1018.81,393.65,High,False Positive
FC000957,T00018931,C001439,Card Theft,Closed,Medium,E00086,08-01-2025,18-01-2025,240,175.48,76.39,99.09,Medium,Law Enforcement Referred
FC000958,T00018935,C001226,Online Banking Fraud,Escalated,High,E00114,25-05-2026,,NULL,467.5,0,467.5,Low,Account Secured
FC000959,T00018940,C003385,UPI Fraud,Closed,High,E00016,21-08-2025,28-08-2025,168,401.13,146.42,254.72,High,Account Secured
FC000960,T00018963,C004870,Card Theft,Escalated,Critical,E00098,27-06-2025,,216,1080.45,735.03,345.42,High,Customer Reimbursed
FC000961,T00018967,C001530,Online Banking Fraud,Closed,Medium,E00041,12-12-2025,20-12-2025,192,1785.48,823.68,961.8,High,False Positive
FC000962,T00018989,C003502,Suspicious Transfer,Closed,Medium,E00019,23-12-2025,27-12-2025,96,2781.83,1089.66,1692.18,High,Confirmed Fraud
FC000963,T00019014,C001549,UPI Fraud,Closed,Medium,E00116,31-08-2025,04-09-2025,96,213.81,128.2,85.6,High,Customer Reimbursed
FC000964,T00019028,C001609,UPI Fraud,Closed,Medium,E00011,06-09-2025,12-09-2025,144,397.43,213.4,184.03,Critical,Law Enforcement Referred
FC000965,T00019057,C003041,Money Laundering,Closed,High,E00047,20-10-2025,28-10-2025,192,16117.99,13545.53,2572.46,Medium,Confirmed Fraud
FC000966,T00019116,C002980,Phishing,Open,Medium,E00065,27-10-2025,,168,939.3,322.67,616.63,Medium,Customer Reimbursed
FC000967,T00019121,C002185,Phishing,Closed,High,E00125,14-04-2026,22-04-2026,192,123.38,107.83,15.54,Critical,Customer Reimbursed
FC000968,T00019134,C003614,ATM Fraud,Closed,High,E00095,20-03-2026,23-03-2026,72,3292.99,2786.11,506.88,High,Account Secured
FC000969,T00019147,C003892,ATM Fraud,Closed,Medium,E00062,22-05-2026,27-05-2026,120,638.99,399.64,239.35,Medium,Account Secured
FC000970,T00019158,C001347,Card Theft,Under Investigation,Critical,E00048,03-02-2026,,216,843.33,306.52,536.81,Low,Law Enforcement Referred
FC000971,T00019170,C003380,ATM Fraud,Under Investigation,High,E00024,08-04-2025,,192,197.73,115.95,81.78,Critical,Law Enforcement Referred
FC000972,T00019178,C002709,Online Banking Fraud,Closed,Critical,E00006,17-03-2025,19-03-2025,48,659.28,150.64,508.64,High,Customer Reimbursed
FC000973,T00019184,C001548,Identity Theft,Closed,High,E00094,08-03-2026,12-03-2026,96,517.3,462.73,54.57,High,Law Enforcement Referred
FC000974,T00019213,C004375,ATM Fraud,Closed,Critical,E00077,01-06-2025,01-06-2025,0,7131.27,0,7131.27,High,Account Secured
FC000975,T00019367,C000733,Online Banking Fraud,Closed,Medium,E00008,25-06-2025,05-07-2025,240,1063.16,432.55,630.61,High,Law Enforcement Referred
FC000976,T00019438,C001109,Merchant Fraud,Closed,High,E00129,23-06-2025,23-06-2025,0,2734.49,0,2734.49,High,Customer Reimbursed
FC000977,T00019477,C003881,Money Laundering,Closed,Critical,E00117,13-04-2025,13-04-2025,0,682.21,0,682.21,Critical,Account Secured
FC000978,T00019479,C001829,Account Takeover,Closed,Critical,E00004,10-01-2026,10-01-2026,0,189.49,77.46,112.02,Critical,Customer Reimbursed
FC000979,T00019483,C002464,Account Takeover,Open,Medium,E00049,10-05-2026,,216,631.29,211.75,419.54,Medium,Confirmed Fraud
FC000980,T00019518,C000360,Account Takeover,Closed,Medium,E00076,09-04-2026,15-04-2026,144,1466.5,778.93,687.56,High,Customer Reimbursed
FC000981,T00019541,C001706,Suspicious Transfer,Closed,High,E00010,24-03-2025,24-03-2025,0,1712.24,0,1712.24,Critical,Customer Reimbursed
FC000982,T00019565,C003362,Phishing,Open,Medium,E00125,29-10-2025,,24,86.18,68.61,17.58,High,Law Enforcement Referred
FC000983,T00019568,C004174,Money Laundering,Closed,High,E00008,06-04-2026,09-04-2026,72,9695.4,2824.63,6870.78,Medium,False Positive
FC000984,T00019624,C001272,Phishing,Open,Critical,E00120,04-12-2025,,120,2201.67,1243.17,958.5,High,False Positive
FC000985,T00019645,C004098,Card Theft,Closed,High,E00093,17-01-2026,17-01-2026,0,757.23,0,757.23,High,Law Enforcement Referred
FC000986,T00019646,C000771,Phishing,Closed,High,E00117,20-03-2025,26-03-2025,144,109.83,28.2,81.62,Medium,False Positive
FC000987,T00019680,C002455,Merchant Fraud,Closed,High,E00009,25-04-2026,25-04-2026,0,281.56,0,281.56,Critical,Customer Reimbursed
FC000988,T00019699,C004750,Account Takeover,Closed,High,E00027,22-08-2025,23-08-2025,24,1251.51,930.5,321.01,High,Law Enforcement Referred
FC000989,T00019757,C003266,Identity Theft,Under Investigation,Medium,E00010,05-02-2026,,48,663.75,379.7,284.05,Medium,Account Secured
FC000990,T00019793,C004114,UPI Fraud,Under Investigation,Medium,E00137,09-04-2025,,NULL,234.1,0,234.1,Medium,Confirmed Fraud
FC000991,T00019800,C000369,ATM Fraud,Closed,Critical,E00145,28-11-2025,05-12-2025,168,1050.45,257,793.45,Critical,Confirmed Fraud
FC000992,T00019826,C003771,International Fraud,Closed,Critical,E00036,30-05-2025,01-06-2025,48,130.01,72.22,57.79,Medium,Account Secured
FC000993,T00019854,C002102,Suspicious Transfer,Closed,Critical,E00035,23-05-2026,30-05-2026,168,281.41,28.31,253.1,Low,Law Enforcement Referred
FC000994,T00019858,C003477,International Fraud,Closed,High,E00137,13-01-2026,16-01-2026,72,266.37,132.44,133.94,High,Confirmed Fraud
FC000995,T00019869,C003731,Phishing,Closed,Critical,E00138,26-11-2025,26-11-2025,0,29.1,0,29.1,Low,False Positive
FC000996,T00019870,C004683,Card Theft,Closed,High,E00075,25-03-2025,01-04-2025,168,4882.43,3183.48,1698.95,High,Confirmed Fraud
FC000997,T00019885,C003523,ATM Fraud,Closed,High,E00133,17-06-2026,17-06-2026,0,1025.55,0,1025.55,Critical,Customer Reimbursed
FC000998,T00019890,C001441,International Fraud,Closed,High,E00084,05-09-2025,05-09-2025,0,234.76,0,234.76,High,False Positive
FC000999,T00019917,C002893,Card Theft,Escalated,High,E00046,15-05-2026,,192,382.15,210.72,171.43,Medium,Confirmed Fraud
FC001000,T00019941,C003674,ATM Fraud,Escalated,Critical,E00082,11-06-2025,,NULL,1200.61,0,1200.61,Medium,Confirmed Fraud
